asset_id,snapshot_date,material,diameter_mm,install_year,age_years,prior_break_count,break_within_horizon,horizon_years,street,snapshot_origin,snapshot_year,exclusion_reason
79022,1985-01-01,PVCO,300.0,2013.0,-28.0,0,0,5,BELMONT AVE W,negative_T_minus_H_minus_2y,1985,snapshot_before_installation
79022,1986-01-01,PVCO,300.0,2013.0,-27.0,0,0,5,BELMONT AVE W,negative_T_minus_H_minus_1y,1986,snapshot_before_installation
79022,1987-01-01,PVCO,300.0,2013.0,-26.0,0,1,5,BELMONT AVE W,positive_T_minus_H,1987,snapshot_before_installation
73300,1987-01-11,CPP,600.0,2006.0,-19.0,0,0,5,VICTORIA ST S,negative_T_minus_H_minus_5y,1987,snapshot_before_installation
40440,1987-01-15,CI,150.0,1988.0,-1.0,0,0,5,WARREN RD,negative_T_minus_H_minus_5y,1987,snapshot_before_installation
98342,1987-01-19,PVCO,200.0,2011.0,-24.0,0,0,5,WOOLWICH ST,negative_T_minus_H_minus_5y,1987,snapshot_before_installation
134708,1987-01-21,PVC,150.0,2017.0,-30.0,0,0,5,ALICE AVE,negative_T_minus_H_minus_5y,1987,snapshot_before_installation
87330,1987-01-22,DI,300.0,1989.0,-2.0,0,0,5,HIDDEN VALLEY RD,negative_T_minus_H_minus_5y,1987,snapshot_before_installation
4710,1987-01-27,PVC,150.0,2008.0,-21.0,0,0,5,BROADMOOR AVE,negative_T_minus_H_minus_5y,1987,snapshot_before_installation
133994,1987-02-05,PVC,150.0,2017.0,-30.0,0,0,5,FOURTH AVE,negative_T_minus_H_minus_5y,1987,snapshot_before_installation
133988,1987-02-07,PVC,150.0,2017.0,-30.0,0,0,5,FOURTH AVE,negative_T_minus_H_minus_5y,1987,snapshot_before_installation
83836,1987-02-12,PVC,150.0,1995.0,-8.0,0,0,5,FAIRWAY CRES,negative_T_minus_H_minus_5y,1987,snapshot_before_installation
81074,1987-02-13,PVC,300.0,2008.0,-21.0,0,0,5,MARGARET AVE,negative_T_minus_H_minus_5y,1987,snapshot_before_installation
77126,1987-03-04,PVCO,150.0,2012.0,-25.0,0,0,5,LIBERTY AVE,negative_T_minus_H_minus_5y,1987,snapshot_before_installation
97012,1987-04-01,PVC,150.0,2013.0,-26.0,0,0,5,STIRLING AVE N,negative_T_minus_H_minus_5y,1987,snapshot_before_installation
133956,1987-04-03,PVC,150.0,2016.0,-29.0,0,0,5,DUMFRIES AVE,negative_T_minus_H_minus_5y,1987,snapshot_before_installation
87366,1987-07-06,CPP,1200.0,1989.0,-2.0,0,0,5,BLEAMS RD,negative_T_minus_H_minus_5y,1987,snapshot_before_installation
81902,1987-07-21,PVC,600.0,2008.0,-21.0,0,0,5,VICTORIA ST N,negative_T_minus_H_minus_5y,1987,snapshot_before_installation
76156,1987-07-27,PVC,300.0,2008.0,-21.0,0,0,5,BREITHAUPT ST,negative_T_minus_H_minus_5y,1987,snapshot_before_installation
83828,1987-08-06,PVC,150.0,1995.0,-8.0,0,0,5,FAIRWAY CRES,negative_T_minus_H_minus_5y,1987,snapshot_before_installation
78514,1987-09-18,PVC,150.0,2012.0,-25.0,0,0,5,PANDORA AVE N,negative_T_minus_H_minus_5y,1987,snapshot_before_installation
97148,1987-10-24,PVCO,300.0,2015.0,-28.0,0,0,5,HIGHLAND RD W,negative_T_minus_H_minus_5y,1987,snapshot_before_installation
98392,1987-12-12,PVCO,150.0,2014.0,-27.0,0,0,5,MERNER AVE,negative_T_minus_H_minus_5y,1987,snapshot_before_installation
62530,1987-12-15,PVC,150.0,1999.0,-12.0,0,0,5,BROADMOOR AVE,negative_T_minus_H_minus_5y,1987,snapshot_before_installation
80448,1987-12-19,PVC,150.0,2004.0,-17.0,0,0,5,WATERLOO ST,negative_T_minus_H_minus_5y,1987,snapshot_before_installation
81582,1988-01-01,PVC,150.0,2014.0,-26.0,0,0,5,QUEENS BLVD,negative_T_minus_H_minus_5y,1988,snapshot_before_installation
71140,1988-01-08,PVC,450.0,2004.0,-16.0,0,0,5,FISCHER HALLMAN RD,negative_T_minus_H_minus_5y,1988,snapshot_before_installation
73300,1988-01-11,CPP,600.0,2006.0,-18.0,0,0,5,VICTORIA ST S,negative_T_minus_H_minus_4y,1988,snapshot_before_installation
98342,1988-01-19,PVCO,200.0,2011.0,-23.0,0,0,5,WOOLWICH ST,negative_T_minus_H_minus_4y,1988,snapshot_before_installation
86556,1988-01-20,PVC,150.0,2010.0,-22.0,0,0,5,PLYMOUTH RD,negative_T_minus_H_minus_5y,1988,snapshot_before_installation
94754,1988-01-20,PVC,300.0,2001.0,-13.0,0,0,5,PRESTON ST,negative_T_minus_H_minus_5y,1988,snapshot_before_installation
134708,1988-01-21,PVC,150.0,2017.0,-29.0,0,0,5,ALICE AVE,negative_T_minus_H_minus_4y,1988,snapshot_before_installation
87330,1988-01-22,DI,300.0,1989.0,-1.0,0,0,5,HIDDEN VALLEY RD,negative_T_minus_H_minus_4y,1988,snapshot_before_installation
4710,1988-01-27,PVC,150.0,2008.0,-20.0,0,0,5,BROADMOOR AVE,negative_T_minus_H_minus_4y,1988,snapshot_before_installation
133994,1988-02-05,PVC,150.0,2017.0,-29.0,0,0,5,FOURTH AVE,negative_T_minus_H_minus_4y,1988,snapshot_before_installation
133988,1988-02-07,PVC,150.0,2017.0,-29.0,0,0,5,FOURTH AVE,negative_T_minus_H_minus_4y,1988,snapshot_before_installation
83836,1988-02-12,PVC,150.0,1995.0,-7.0,0,0,5,FAIRWAY CRES,negative_T_minus_H_minus_4y,1988,snapshot_before_installation
81074,1988-02-13,PVC,300.0,2008.0,-20.0,0,0,5,MARGARET AVE,negative_T_minus_H_minus_4y,1988,snapshot_before_installation
77126,1988-03-04,PVCO,150.0,2012.0,-24.0,0,0,5,LIBERTY AVE,negative_T_minus_H_minus_4y,1988,snapshot_before_installation
133734,1988-03-19,PVCO,150.0,2015.0,-27.0,0,0,5,PELTZ AVE,negative_T_minus_H_minus_5y,1988,snapshot_before_installation
76011,1988-03-31,PVC,150.0,2008.0,-20.0,0,0,5,CLARK AVE,negative_T_minus_H_minus_5y,1988,snapshot_before_installation
97012,1988-04-01,PVC,150.0,2013.0,-25.0,0,0,5,STIRLING AVE N,negative_T_minus_H_minus_4y,1988,snapshot_before_installation
133956,1988-04-03,PVC,150.0,2016.0,-28.0,0,0,5,DUMFRIES AVE,negative_T_minus_H_minus_4y,1988,snapshot_before_installation
87366,1988-07-06,CPP,1200.0,1989.0,-1.0,0,0,5,BLEAMS RD,negative_T_minus_H_minus_4y,1988,snapshot_before_installation
81902,1988-07-21,PVC,600.0,2008.0,-20.0,0,0,5,VICTORIA ST N,negative_T_minus_H_minus_4y,1988,snapshot_before_installation
76156,1988-07-27,PVC,300.0,2008.0,-20.0,0,0,5,BREITHAUPT ST,negative_T_minus_H_minus_4y,1988,snapshot_before_installation
97114,1988-07-30,PVCO,300.0,2015.0,-27.0,0,0,5,HIGHLAND RD W,negative_T_minus_H_minus_5y,1988,snapshot_before_installation
97114,1988-07-31,PVCO,300.0,2015.0,-27.0,0,0,5,HIGHLAND RD W,negative_T_minus_H_minus_5y,1988,snapshot_before_installation
83830,1988-08-04,PVC,150.0,1995.0,-7.0,0,0,5,FAIRWAY CRES,negative_T_minus_H_minus_5y,1988,snapshot_before_installation
83828,1988-08-06,PVC,150.0,1995.0,-7.0,0,0,5,FAIRWAY CRES,negative_T_minus_H_minus_4y,1988,snapshot_before_installation
28950,1988-08-11,DI,300.0,1994.0,-6.0,0,0,5,ONTARIO ST N,negative_T_minus_H_minus_5y,1988,snapshot_before_installation
58640,1988-08-11,PVC,200.0,1995.0,-7.0,0,0,5,HOMER WATSON BLVD,negative_T_minus_H_minus_5y,1988,snapshot_before_installation
77534,1988-08-28,PVC,300.0,2013.0,-25.0,0,0,5,CHARLES ST W,negative_T_minus_H_minus_5y,1988,snapshot_before_installation
78514,1988-09-18,PVC,150.0,2012.0,-24.0,0,0,5,PANDORA AVE N,negative_T_minus_H_minus_4y,1988,snapshot_before_installation
97148,1988-10-24,PVCO,300.0,2015.0,-27.0,0,0,5,HIGHLAND RD W,negative_T_minus_H_minus_4y,1988,snapshot_before_installation
61530,1988-10-30,PVC,300.0,2006.0,-18.0,0,0,5,KRUG ST,negative_T_minus_H_minus_5y,1988,snapshot_before_installation
76498,1988-11-11,HDPE,200.0,2010.0,-22.0,0,0,5,GREENBROOK DR,negative_T_minus_H_minus_5y,1988,snapshot_before_installation
68664,1988-12-03,PVC,300.0,2000.0,-12.0,0,0,5,CEDAR ST N,negative_T_minus_H_minus_5y,1988,snapshot_before_installation
98392,1988-12-12,PVCO,150.0,2014.0,-26.0,0,0,5,MERNER AVE,negative_T_minus_H_minus_4y,1988,snapshot_before_installation
62530,1988-12-15,PVC,150.0,1999.0,-11.0,0,0,5,BROADMOOR AVE,negative_T_minus_H_minus_4y,1988,snapshot_before_installation
80448,1988-12-19,PVC,150.0,2004.0,-16.0,0,0,5,WATERLOO ST,negative_T_minus_H_minus_4y,1988,snapshot_before_installation
76172,1988-12-22,PVC,150.0,2008.0,-20.0,0,0,5,GUELPH ST,negative_T_minus_H_minus_5y,1988,snapshot_before_installation
69383,1988-12-24,PVC,150.0,2008.0,-20.0,0,0,5,MADISON AVE S,negative_T_minus_H_minus_5y,1988,snapshot_before_installation
72660,1988-12-26,PVC,150.0,2005.0,-17.0,0,0,5,SPADINA RD E,negative_T_minus_H_minus_5y,1988,snapshot_before_installation
69123,1988-12-31,PVC,150.0,2009.0,-21.0,0,0,5,VANIER DR,negative_T_minus_H_minus_5y,1988,snapshot_before_installation
81582,1989-01-01,PVC,150.0,2014.0,-25.0,0,0,5,QUEENS BLVD,negative_T_minus_H_minus_4y,1989,snapshot_before_installation
65340,1989-01-03,PVC,300.0,2000.0,-11.0,0,0,5,KING ST E,negative_T_minus_H_minus_5y,1989,snapshot_before_installation
71140,1989-01-08,PVC,450.0,2004.0,-15.0,0,0,5,FISCHER HALLMAN RD,negative_T_minus_H_minus_4y,1989,snapshot_before_installation
7390,1989-01-09,PVC,150.0,2008.0,-19.0,0,0,5,CLARK AVE,negative_T_minus_H_minus_5y,1989,snapshot_before_installation
73300,1989-01-11,CPP,600.0,2006.0,-17.0,0,0,5,VICTORIA ST S,negative_T_minus_H_minus_3y,1989,snapshot_before_installation
134846,1989-01-13,PVC,150.0,2016.0,-27.0,0,0,5,MEINZINGER AVE,negative_T_minus_H_minus_5y,1989,snapshot_before_installation
4742364,1989-01-19,PE,25.0,2018.0,-29.0,0,0,5,SCHWEITZER ST,negative_T_minus_H_minus_5y,1989,snapshot_before_installation
98342,1989-01-19,PVCO,200.0,2011.0,-22.0,0,0,5,WOOLWICH ST,negative_T_minus_H_minus_3y,1989,snapshot_before_installation
86556,1989-01-20,PVC,150.0,2010.0,-21.0,0,0,5,PLYMOUTH RD,negative_T_minus_H_minus_4y,1989,snapshot_before_installation
94754,1989-01-20,PVC,300.0,2001.0,-12.0,0,0,5,PRESTON ST,negative_T_minus_H_minus_4y,1989,snapshot_before_installation
134708,1989-01-21,PVC,150.0,2017.0,-28.0,0,0,5,ALICE AVE,negative_T_minus_H_minus_3y,1989,snapshot_before_installation
4710,1989-01-27,PVC,150.0,2008.0,-19.0,0,0,5,BROADMOOR AVE,negative_T_minus_H_minus_3y,1989,snapshot_before_installation
62530,1989-02-04,PVC,150.0,1999.0,-10.0,0,0,5,BROADMOOR AVE,negative_T_minus_H_minus_5y,1989,snapshot_before_installation
76727,1989-02-04,PVC,150.0,2010.0,-21.0,0,0,5,PLYMOUTH RD,negative_T_minus_H_minus_5y,1989,snapshot_before_installation
133994,1989-02-05,PVC,150.0,2017.0,-28.0,0,0,5,FOURTH AVE,negative_T_minus_H_minus_3y,1989,snapshot_before_installation
133988,1989-02-07,PVC,150.0,2017.0,-28.0,0,0,5,FOURTH AVE,negative_T_minus_H_minus_3y,1989,snapshot_before_installation
77106,1989-02-12,PVC,150.0,2012.0,-23.0,0,0,5,GRIFFIN AVE,negative_T_minus_H_minus_5y,1989,snapshot_before_installation
83836,1989-02-12,PVC,150.0,1995.0,-6.0,0,0,5,FAIRWAY CRES,negative_T_minus_H_minus_3y,1989,snapshot_before_installation
4710,1989-02-13,PVC,150.0,2008.0,-19.0,0,0,5,BROADMOOR AVE,negative_T_minus_H_minus_5y,1989,snapshot_before_installation
81074,1989-02-13,PVC,300.0,2008.0,-19.0,0,0,5,MARGARET AVE,negative_T_minus_H_minus_3y,1989,snapshot_before_installation
136074,1989-03-02,HDPE,150.0,2017.0,-28.0,0,0,5,GUELPH ST,negative_T_minus_H_minus_5y,1989,snapshot_before_installation
77126,1989-03-04,PVCO,150.0,2012.0,-23.0,0,0,5,LIBERTY AVE,negative_T_minus_H_minus_3y,1989,snapshot_before_installation
133734,1989-03-19,PVCO,150.0,2015.0,-26.0,0,0,5,PELTZ AVE,negative_T_minus_H_minus_4y,1989,snapshot_before_installation
133420,1989-03-24,PVCO,150.0,2014.0,-25.0,0,0,5,STIRLING AVE N,negative_T_minus_H_minus_5y,1989,snapshot_before_installation
76011,1989-03-31,PVC,150.0,2008.0,-19.0,0,0,5,CLARK AVE,negative_T_minus_H_minus_4y,1989,snapshot_before_installation
97012,1989-04-01,PVC,150.0,2013.0,-24.0,0,0,5,STIRLING AVE N,negative_T_minus_H_minus_3y,1989,snapshot_before_installation
133956,1989-04-03,PVC,150.0,2016.0,-27.0,0,0,5,DUMFRIES AVE,negative_T_minus_H_minus_3y,1989,snapshot_before_installation
97354,1989-04-05,PVC,150.0,2015.0,-26.0,0,0,5,BLOOMINGDALE RD,negative_T_minus_H_minus_5y,1989,snapshot_before_installation
91264,1989-05-17,PVC,150.0,1995.0,-6.0,0,0,5,FAIRWAY CRT,negative_T_minus_H_minus_5y,1989,snapshot_before_installation
83826,1989-07-15,PVC,150.0,1995.0,-6.0,0,0,5,FAIRWAY CRES,negative_T_minus_H_minus_5y,1989,snapshot_before_installation
81902,1989-07-21,PVC,600.0,2008.0,-19.0,0,0,5,VICTORIA ST N,negative_T_minus_H_minus_3y,1989,snapshot_before_installation
69571,1989-07-26,CPP,600.0,2004.0,-15.0,0,0,5,VICTORIA ST S,negative_T_minus_H_minus_5y,1989,snapshot_before_installation
76156,1989-07-27,PVC,300.0,2008.0,-19.0,0,0,5,BREITHAUPT ST,negative_T_minus_H_minus_3y,1989,snapshot_before_installation
97114,1989-07-30,PVCO,300.0,2015.0,-26.0,0,0,5,HIGHLAND RD W,negative_T_minus_H_minus_4y,1989,snapshot_before_installation
97114,1989-07-31,PVCO,300.0,2015.0,-26.0,0,0,5,HIGHLAND RD W,negative_T_minus_H_minus_4y,1989,snapshot_before_installation
83830,1989-08-04,PVC,150.0,1995.0,-6.0,0,0,5,FAIRWAY CRES,negative_T_minus_H_minus_4y,1989,snapshot_before_installation
83828,1989-08-06,PVC,150.0,1995.0,-6.0,0,0,5,FAIRWAY CRES,negative_T_minus_H_minus_3y,1989,snapshot_before_installation
28950,1989-08-11,DI,300.0,1994.0,-5.0,0,0,5,ONTARIO ST N,negative_T_minus_H_minus_4y,1989,snapshot_before_installation
58640,1989-08-11,PVC,200.0,1995.0,-6.0,0,0,5,HOMER WATSON BLVD,negative_T_minus_H_minus_4y,1989,snapshot_before_installation
77534,1989-08-28,PVC,300.0,2013.0,-24.0,0,0,5,CHARLES ST W,negative_T_minus_H_minus_4y,1989,snapshot_before_installation
78514,1989-09-18,PVC,150.0,2012.0,-23.0,0,0,5,PANDORA AVE N,negative_T_minus_H_minus_3y,1989,snapshot_before_installation
65370,1989-10-07,PVC,300.0,2000.0,-11.0,0,0,5,KING ST E,negative_T_minus_H_minus_5y,1989,snapshot_before_installation
97148,1989-10-24,PVCO,300.0,2015.0,-26.0,0,0,5,HIGHLAND RD W,negative_T_minus_H_minus_3y,1989,snapshot_before_installation
61530,1989-10-30,PVC,300.0,2006.0,-17.0,0,0,5,KRUG ST,negative_T_minus_H_minus_4y,1989,snapshot_before_installation
76498,1989-11-11,HDPE,200.0,2010.0,-21.0,0,0,5,GREENBROOK DR,negative_T_minus_H_minus_4y,1989,snapshot_before_installation
98350,1989-11-23,PVCO,200.0,2011.0,-22.0,0,0,5,WOOLWICH ST,negative_T_minus_H_minus_5y,1989,snapshot_before_installation
68664,1989-12-03,PVC,300.0,2000.0,-11.0,0,0,5,CEDAR ST N,negative_T_minus_H_minus_4y,1989,snapshot_before_installation
98342,1989-12-04,PVCO,200.0,2011.0,-22.0,0,0,5,WOOLWICH ST,negative_T_minus_H_minus_5y,1989,snapshot_before_installation
98392,1989-12-12,PVCO,150.0,2014.0,-25.0,0,0,5,MERNER AVE,negative_T_minus_H_minus_3y,1989,snapshot_before_installation
62530,1989-12-15,PVC,150.0,1999.0,-10.0,0,0,5,BROADMOOR AVE,negative_T_minus_H_minus_3y,1989,snapshot_before_installation
80448,1989-12-19,PVC,150.0,2004.0,-15.0,0,0,5,WATERLOO ST,negative_T_minus_H_minus_3y,1989,snapshot_before_installation
76172,1989-12-22,PVC,150.0,2008.0,-19.0,0,0,5,GUELPH ST,negative_T_minus_H_minus_4y,1989,snapshot_before_installation
69383,1989-12-24,PVC,150.0,2008.0,-19.0,0,0,5,MADISON AVE S,negative_T_minus_H_minus_4y,1989,snapshot_before_installation
76156,1989-12-25,PVC,300.0,2008.0,-19.0,0,0,5,BREITHAUPT ST,negative_T_minus_H_minus_5y,1989,snapshot_before_installation
72660,1989-12-26,PVC,150.0,2005.0,-16.0,0,0,5,SPADINA RD E,negative_T_minus_H_minus_4y,1989,snapshot_before_installation
134846,1989-12-29,PVC,150.0,2016.0,-27.0,0,0,5,MEINZINGER AVE,negative_T_minus_H_minus_5y,1989,snapshot_before_installation
69123,1989-12-31,PVC,150.0,2009.0,-20.0,0,0,5,VANIER DR,negative_T_minus_H_minus_4y,1989,snapshot_before_installation
81582,1990-01-01,PVC,150.0,2014.0,-24.0,0,0,5,QUEENS BLVD,negative_T_minus_H_minus_3y,1990,snapshot_before_installation
65340,1990-01-03,PVC,300.0,2000.0,-10.0,0,0,5,KING ST E,negative_T_minus_H_minus_4y,1990,snapshot_before_installation
133140,1990-01-07,PVC,150.0,2016.0,-26.0,0,0,5,VISTA CRES,negative_T_minus_H_minus_5y,1990,snapshot_before_installation
71140,1990-01-08,PVC,450.0,2004.0,-14.0,0,0,5,FISCHER HALLMAN RD,negative_T_minus_H_minus_3y,1990,snapshot_before_installation
7390,1990-01-09,PVC,150.0,2008.0,-18.0,0,0,5,CLARK AVE,negative_T_minus_H_minus_4y,1990,snapshot_before_installation
73300,1990-01-11,CPP,600.0,2006.0,-16.0,0,0,5,VICTORIA ST S,negative_T_minus_H_minus_2y,1990,snapshot_before_installation
134846,1990-01-13,PVC,150.0,2016.0,-26.0,0,0,5,MEINZINGER AVE,negative_T_minus_H_minus_4y,1990,snapshot_before_installation
81374,1990-01-17,PVC,300.0,2008.0,-18.0,0,0,5,VICTORIA ST N,negative_T_minus_H_minus_5y,1990,snapshot_before_installation
4742364,1990-01-19,PE,25.0,2018.0,-28.0,0,0,5,SCHWEITZER ST,negative_T_minus_H_minus_4y,1990,snapshot_before_installation
98342,1990-01-19,PVCO,200.0,2011.0,-21.0,0,0,5,WOOLWICH ST,negative_T_minus_H_minus_2y,1990,snapshot_before_installation
86556,1990-01-20,PVC,150.0,2010.0,-20.0,0,0,5,PLYMOUTH RD,negative_T_minus_H_minus_3y,1990,snapshot_before_installation
94754,1990-01-20,PVC,300.0,2001.0,-11.0,0,0,5,PRESTON ST,negative_T_minus_H_minus_3y,1990,snapshot_before_installation
134708,1990-01-21,PVC,150.0,2017.0,-27.0,0,0,5,ALICE AVE,negative_T_minus_H_minus_2y,1990,snapshot_before_installation
4710,1990-01-27,PVC,150.0,2008.0,-18.0,0,0,5,BROADMOOR AVE,negative_T_minus_H_minus_2y,1990,snapshot_before_installation
83320,1990-01-28,PVC,150.0,2005.0,-15.0,0,0,5,SPADINA RD E,negative_T_minus_H_minus_5y,1990,snapshot_before_installation
133118,1990-02-02,PVC,150.0,2016.0,-26.0,0,0,5,GLENDALE RD,negative_T_minus_H_minus_5y,1990,snapshot_before_installation
69123,1990-02-02,PVC,150.0,2009.0,-19.0,0,0,5,VANIER DR,negative_T_minus_H_minus_5y,1990,snapshot_before_installation
62530,1990-02-04,PVC,150.0,1999.0,-9.0,0,0,5,BROADMOOR AVE,negative_T_minus_H_minus_4y,1990,snapshot_before_installation
76727,1990-02-04,PVC,150.0,2010.0,-20.0,0,0,5,PLYMOUTH RD,negative_T_minus_H_minus_4y,1990,snapshot_before_installation
133994,1990-02-05,PVC,150.0,2017.0,-27.0,0,0,5,FOURTH AVE,negative_T_minus_H_minus_2y,1990,snapshot_before_installation
133988,1990-02-07,PVC,150.0,2017.0,-27.0,0,0,5,FOURTH AVE,negative_T_minus_H_minus_2y,1990,snapshot_before_installation
87374,1990-02-08,PVC,150.0,2008.0,-18.0,0,0,5,CLARK AVE,negative_T_minus_H_minus_5y,1990,snapshot_before_installation
83222,1990-02-10,PVC,150.0,2008.0,-18.0,0,0,5,CLIVE RD,negative_T_minus_H_minus_5y,1990,snapshot_before_installation
77106,1990-02-12,PVC,150.0,2012.0,-22.0,0,0,5,GRIFFIN AVE,negative_T_minus_H_minus_4y,1990,snapshot_before_installation
83836,1990-02-12,PVC,150.0,1995.0,-5.0,0,0,5,FAIRWAY CRES,negative_T_minus_H_minus_2y,1990,snapshot_before_installation
4710,1990-02-13,PVC,150.0,2008.0,-18.0,0,0,5,BROADMOOR AVE,negative_T_minus_H_minus_4y,1990,snapshot_before_installation
77106,1990-02-13,PVC,150.0,2012.0,-22.0,0,0,5,GRIFFIN AVE,negative_T_minus_H_minus_5y,1990,snapshot_before_installation
81074,1990-02-13,PVC,300.0,2008.0,-18.0,0,0,5,MARGARET AVE,negative_T_minus_H_minus_2y,1990,snapshot_before_installation
76027,1990-02-14,PVC,300.0,2007.0,-17.0,0,0,5,WATER ST S,negative_T_minus_H_minus_5y,1990,snapshot_before_installation
76854,1990-02-14,PVC,150.0,2010.0,-20.0,0,0,5,PLYMOUTH RD,negative_T_minus_H_minus_5y,1990,snapshot_before_installation
136074,1990-03-02,HDPE,150.0,2017.0,-27.0,0,0,5,GUELPH ST,negative_T_minus_H_minus_4y,1990,snapshot_before_installation
77126,1990-03-04,PVCO,150.0,2012.0,-22.0,0,0,5,LIBERTY AVE,negative_T_minus_H_minus_2y,1990,snapshot_before_installation
76461,1990-03-06,PVC,150.0,2010.0,-20.0,0,0,5,DIXON ST,negative_T_minus_H_minus_5y,1990,snapshot_before_installation
133734,1990-03-19,PVCO,150.0,2015.0,-25.0,0,0,5,PELTZ AVE,negative_T_minus_H_minus_3y,1990,snapshot_before_installation
133420,1990-03-24,PVCO,150.0,2014.0,-24.0,0,0,5,STIRLING AVE N,negative_T_minus_H_minus_4y,1990,snapshot_before_installation
76011,1990-03-31,PVC,150.0,2008.0,-18.0,0,0,5,CLARK AVE,negative_T_minus_H_minus_3y,1990,snapshot_before_installation
97012,1990-04-01,PVC,150.0,2013.0,-23.0,0,0,5,STIRLING AVE N,negative_T_minus_H_minus_2y,1990,snapshot_before_installation
133956,1990-04-03,PVC,150.0,2016.0,-26.0,0,0,5,DUMFRIES AVE,negative_T_minus_H_minus_2y,1990,snapshot_before_installation
97354,1990-04-05,PVC,150.0,2015.0,-25.0,0,0,5,BLOOMINGDALE RD,negative_T_minus_H_minus_4y,1990,snapshot_before_installation
91264,1990-05-17,PVC,150.0,1995.0,-5.0,0,0,5,FAIRWAY CRT,negative_T_minus_H_minus_4y,1990,snapshot_before_installation
134498,1990-06-30,PVC,300.0,2017.0,-27.0,0,0,5,KRUG ST,negative_T_minus_H_minus_5y,1990,snapshot_before_installation
83826,1990-07-15,PVC,150.0,1995.0,-5.0,0,0,5,FAIRWAY CRES,negative_T_minus_H_minus_4y,1990,snapshot_before_installation
81902,1990-07-21,PVC,600.0,2008.0,-18.0,0,0,5,VICTORIA ST N,negative_T_minus_H_minus_2y,1990,snapshot_before_installation
69571,1990-07-26,CPP,600.0,2004.0,-14.0,0,0,5,VICTORIA ST S,negative_T_minus_H_minus_4y,1990,snapshot_before_installation
76156,1990-07-27,PVC,300.0,2008.0,-18.0,0,0,5,BREITHAUPT ST,negative_T_minus_H_minus_2y,1990,snapshot_before_installation
97114,1990-07-30,PVCO,300.0,2015.0,-25.0,0,0,5,HIGHLAND RD W,negative_T_minus_H_minus_3y,1990,snapshot_before_installation
97114,1990-07-31,PVCO,300.0,2015.0,-25.0,0,0,5,HIGHLAND RD W,negative_T_minus_H_minus_3y,1990,snapshot_before_installation
83830,1990-08-04,PVC,150.0,1995.0,-5.0,0,0,5,FAIRWAY CRES,negative_T_minus_H_minus_3y,1990,snapshot_before_installation
83828,1990-08-06,PVC,150.0,1995.0,-5.0,0,0,5,FAIRWAY CRES,negative_T_minus_H_minus_2y,1990,snapshot_before_installation
28950,1990-08-11,DI,300.0,1994.0,-4.0,0,0,5,ONTARIO ST N,negative_T_minus_H_minus_3y,1990,snapshot_before_installation
58640,1990-08-11,PVC,200.0,1995.0,-5.0,0,0,5,HOMER WATSON BLVD,negative_T_minus_H_minus_3y,1990,snapshot_before_installation
77534,1990-08-28,PVC,300.0,2013.0,-23.0,0,0,5,CHARLES ST W,negative_T_minus_H_minus_3y,1990,snapshot_before_installation
66220,1990-08-30,PVC,300.0,2001.0,-11.0,0,0,5,COLLEGE ST,negative_T_minus_H_minus_5y,1990,snapshot_before_installation
69383,1990-08-30,PVC,150.0,2008.0,-18.0,0,0,5,MADISON AVE S,negative_T_minus_H_minus_5y,1990,snapshot_before_installation
69125,1990-09-15,PVC,200.0,2008.0,-18.0,0,0,5,VANIER DR,negative_T_minus_H_minus_5y,1990,snapshot_before_installation
78514,1990-09-18,PVC,150.0,2012.0,-22.0,0,0,5,PANDORA AVE N,negative_T_minus_H_minus_2y,1990,snapshot_before_installation
66570,1990-09-21,PVC,150.0,2001.0,-11.0,0,0,5,CHURCH ST,negative_T_minus_H_minus_5y,1990,snapshot_before_installation
73200,1990-09-21,CPP,600.0,2006.0,-16.0,0,0,5,VICTORIA ST S,negative_T_minus_H_minus_5y,1990,snapshot_before_installation
65370,1990-10-07,PVC,300.0,2000.0,-10.0,0,0,5,KING ST E,negative_T_minus_H_minus_4y,1990,snapshot_before_installation
97148,1990-10-24,PVCO,300.0,2015.0,-25.0,0,0,5,HIGHLAND RD W,negative_T_minus_H_minus_2y,1990,snapshot_before_installation
61530,1990-10-30,PVC,300.0,2006.0,-16.0,0,0,5,KRUG ST,negative_T_minus_H_minus_3y,1990,snapshot_before_installation
76498,1990-11-11,HDPE,200.0,2010.0,-20.0,0,0,5,GREENBROOK DR,negative_T_minus_H_minus_3y,1990,snapshot_before_installation
98350,1990-11-23,PVCO,200.0,2011.0,-21.0,0,0,5,WOOLWICH ST,negative_T_minus_H_minus_4y,1990,snapshot_before_installation
69315,1990-11-29,PVC,300.0,2008.0,-18.0,0,0,5,WATER ST N,negative_T_minus_H_minus_5y,1990,snapshot_before_installation
68664,1990-12-03,PVC,300.0,2000.0,-10.0,0,0,5,CEDAR ST N,negative_T_minus_H_minus_3y,1990,snapshot_before_installation
98342,1990-12-04,PVCO,200.0,2011.0,-21.0,0,0,5,WOOLWICH ST,negative_T_minus_H_minus_4y,1990,snapshot_before_installation
65520,1990-12-11,PVC,50.0,2000.0,-10.0,0,0,5,WILSON AVE,negative_T_minus_H_minus_5y,1990,snapshot_before_installation
98392,1990-12-12,PVCO,150.0,2014.0,-24.0,0,0,5,MERNER AVE,negative_T_minus_H_minus_2y,1990,snapshot_before_installation
62530,1990-12-15,PVC,150.0,1999.0,-9.0,0,0,5,BROADMOOR AVE,negative_T_minus_H_minus_2y,1990,snapshot_before_installation
80448,1990-12-19,PVC,150.0,2004.0,-14.0,0,0,5,WATERLOO ST,negative_T_minus_H_minus_2y,1990,snapshot_before_installation
76172,1990-12-22,PVC,150.0,2008.0,-18.0,0,0,5,GUELPH ST,negative_T_minus_H_minus_3y,1990,snapshot_before_installation
69383,1990-12-24,PVC,150.0,2008.0,-18.0,0,0,5,MADISON AVE S,negative_T_minus_H_minus_3y,1990,snapshot_before_installation
76156,1990-12-25,PVC,300.0,2008.0,-18.0,0,0,5,BREITHAUPT ST,negative_T_minus_H_minus_4y,1990,snapshot_before_installation
72660,1990-12-26,PVC,150.0,2005.0,-15.0,0,0,5,SPADINA RD E,negative_T_minus_H_minus_3y,1990,snapshot_before_installation
28900,1990-12-28,DI,150.0,1992.0,-2.0,0,0,5,OLIVER CRT,negative_T_minus_H_minus_5y,1990,snapshot_before_installation
134846,1990-12-29,PVC,150.0,2016.0,-26.0,0,0,5,MEINZINGER AVE,negative_T_minus_H_minus_4y,1990,snapshot_before_installation
69123,1990-12-31,PVC,150.0,2009.0,-19.0,0,0,5,VANIER DR,negative_T_minus_H_minus_3y,1990,snapshot_before_installation
81582,1991-01-01,PVC,150.0,2014.0,-23.0,0,0,5,QUEENS BLVD,negative_T_minus_H_minus_2y,1991,snapshot_before_installation
65340,1991-01-03,PVC,300.0,2000.0,-9.0,0,0,5,KING ST E,negative_T_minus_H_minus_3y,1991,snapshot_before_installation
4710,1991-01-06,PVC,150.0,2008.0,-17.0,0,0,5,BROADMOOR AVE,negative_T_minus_H_minus_5y,1991,snapshot_before_installation
133140,1991-01-07,PVC,150.0,2016.0,-25.0,0,0,5,VISTA CRES,negative_T_minus_H_minus_4y,1991,snapshot_before_installation
71140,1991-01-08,PVC,450.0,2004.0,-13.0,0,0,5,FISCHER HALLMAN RD,negative_T_minus_H_minus_2y,1991,snapshot_before_installation
7390,1991-01-09,PVC,150.0,2008.0,-17.0,0,0,5,CLARK AVE,negative_T_minus_H_minus_3y,1991,snapshot_before_installation
73300,1991-01-11,CPP,600.0,2006.0,-15.0,0,0,5,VICTORIA ST S,negative_T_minus_H_minus_1y,1991,snapshot_before_installation
134846,1991-01-13,PVC,150.0,2016.0,-25.0,0,0,5,MEINZINGER AVE,negative_T_minus_H_minus_3y,1991,snapshot_before_installation
81374,1991-01-17,PVC,300.0,2008.0,-17.0,0,0,5,VICTORIA ST N,negative_T_minus_H_minus_4y,1991,snapshot_before_installation
4742364,1991-01-19,PE,25.0,2018.0,-27.0,0,0,5,SCHWEITZER ST,negative_T_minus_H_minus_3y,1991,snapshot_before_installation
98342,1991-01-19,PVCO,200.0,2011.0,-20.0,0,0,5,WOOLWICH ST,negative_T_minus_H_minus_1y,1991,snapshot_before_installation
86556,1991-01-20,PVC,150.0,2010.0,-19.0,0,0,5,PLYMOUTH RD,negative_T_minus_H_minus_2y,1991,snapshot_before_installation
94754,1991-01-20,PVC,300.0,2001.0,-10.0,0,0,5,PRESTON ST,negative_T_minus_H_minus_2y,1991,snapshot_before_installation
134708,1991-01-21,PVC,150.0,2017.0,-26.0,0,0,5,ALICE AVE,negative_T_minus_H_minus_1y,1991,snapshot_before_installation
4710,1991-01-27,PVC,150.0,2008.0,-17.0,0,0,5,BROADMOOR AVE,negative_T_minus_H_minus_1y,1991,snapshot_before_installation
76692,1991-01-27,PVC,150.0,2010.0,-19.0,0,0,5,MELROSE AVE,negative_T_minus_H_minus_5y,1991,snapshot_before_installation
83320,1991-01-28,PVC,150.0,2005.0,-14.0,0,0,5,SPADINA RD E,negative_T_minus_H_minus_4y,1991,snapshot_before_installation
69385,1991-02-01,PVC,150.0,2008.0,-17.0,0,0,5,CLIVE RD,negative_T_minus_H_minus_5y,1991,snapshot_before_installation
133118,1991-02-02,PVC,150.0,2016.0,-25.0,0,0,5,GLENDALE RD,negative_T_minus_H_minus_4y,1991,snapshot_before_installation
69123,1991-02-02,PVC,150.0,2009.0,-18.0,0,0,5,VANIER DR,negative_T_minus_H_minus_4y,1991,snapshot_before_installation
62530,1991-02-04,PVC,150.0,1999.0,-8.0,0,0,5,BROADMOOR AVE,negative_T_minus_H_minus_3y,1991,snapshot_before_installation
73200,1991-02-04,CPP,600.0,2006.0,-15.0,0,0,5,VICTORIA ST S,negative_T_minus_H_minus_5y,1991,snapshot_before_installation
76727,1991-02-04,PVC,150.0,2010.0,-19.0,0,0,5,PLYMOUTH RD,negative_T_minus_H_minus_3y,1991,snapshot_before_installation
133994,1991-02-05,PVC,150.0,2017.0,-26.0,0,0,5,FOURTH AVE,negative_T_minus_H_minus_1y,1991,snapshot_before_installation
133988,1991-02-07,PVC,150.0,2017.0,-26.0,0,0,5,FOURTH AVE,negative_T_minus_H_minus_1y,1991,snapshot_before_installation
136074,1991-02-08,HDPE,150.0,2017.0,-26.0,0,0,5,GUELPH ST,negative_T_minus_H_minus_5y,1991,snapshot_before_installation
87374,1991-02-08,PVC,150.0,2008.0,-17.0,0,0,5,CLARK AVE,negative_T_minus_H_minus_4y,1991,snapshot_before_installation
133122,1991-02-10,PVC,150.0,2016.0,-25.0,0,0,5,PANDORA AVE N,negative_T_minus_H_minus_5y,1991,snapshot_before_installation
67000,1991-02-10,PVC,150.0,2001.0,-10.0,0,0,5,MANSION ST,negative_T_minus_H_minus_5y,1991,snapshot_before_installation
83222,1991-02-10,PVC,150.0,2008.0,-17.0,0,0,5,CLIVE RD,negative_T_minus_H_minus_4y,1991,snapshot_before_installation
72650,1991-02-12,PVC,150.0,2005.0,-14.0,0,0,5,IRVIN ST,negative_T_minus_H_minus_5y,1991,snapshot_before_installation
77106,1991-02-12,PVC,150.0,2012.0,-21.0,0,0,5,GRIFFIN AVE,negative_T_minus_H_minus_3y,1991,snapshot_before_installation
83836,1991-02-12,PVC,150.0,1995.0,-4.0,0,0,5,FAIRWAY CRES,negative_T_minus_H_minus_1y,1991,snapshot_before_installation
4710,1991-02-13,PVC,150.0,2008.0,-17.0,0,0,5,BROADMOOR AVE,negative_T_minus_H_minus_3y,1991,snapshot_before_installation
77106,1991-02-13,PVC,150.0,2012.0,-21.0,0,0,5,GRIFFIN AVE,negative_T_minus_H_minus_4y,1991,snapshot_before_installation
81074,1991-02-13,PVC,300.0,2008.0,-17.0,0,0,5,MARGARET AVE,negative_T_minus_H_minus_1y,1991,snapshot_before_installation
76027,1991-02-14,PVC,300.0,2007.0,-16.0,0,0,5,WATER ST S,negative_T_minus_H_minus_4y,1991,snapshot_before_installation
76854,1991-02-14,PVC,150.0,2010.0,-19.0,0,0,5,PLYMOUTH RD,negative_T_minus_H_minus_4y,1991,snapshot_before_installation
78514,1991-02-18,PVC,150.0,2012.0,-21.0,0,0,5,PANDORA AVE N,negative_T_minus_H_minus_5y,1991,snapshot_before_installation
62240,1991-02-26,PVC,150.0,1999.0,-8.0,0,0,5,BROADVIEW AVE,negative_T_minus_H_minus_5y,1991,snapshot_before_installation
136074,1991-03-02,HDPE,150.0,2017.0,-26.0,0,0,5,GUELPH ST,negative_T_minus_H_minus_3y,1991,snapshot_before_installation
77126,1991-03-04,PVCO,150.0,2012.0,-21.0,0,0,5,LIBERTY AVE,negative_T_minus_H_minus_1y,1991,snapshot_before_installation
76461,1991-03-06,PVC,150.0,2010.0,-19.0,0,0,5,DIXON ST,negative_T_minus_H_minus_4y,1991,snapshot_before_installation
80156,1991-03-15,DI,300.0,1993.0,-2.0,0,0,5,RIVERBEND DR,negative_T_minus_H_minus_5y,1991,snapshot_before_installation
133734,1991-03-19,PVCO,150.0,2015.0,-24.0,0,0,5,PELTZ AVE,negative_T_minus_H_minus_2y,1991,snapshot_before_installation
133420,1991-03-24,PVCO,150.0,2014.0,-23.0,0,0,5,STIRLING AVE N,negative_T_minus_H_minus_3y,1991,snapshot_before_installation
76011,1991-03-31,PVC,150.0,2008.0,-17.0,0,0,5,CLARK AVE,negative_T_minus_H_minus_2y,1991,snapshot_before_installation
97012,1991-04-01,PVC,150.0,2013.0,-22.0,0,0,5,STIRLING AVE N,negative_T_minus_H_minus_1y,1991,snapshot_before_installation
133956,1991-04-03,PVC,150.0,2016.0,-25.0,0,0,5,DUMFRIES AVE,negative_T_minus_H_minus_1y,1991,snapshot_before_installation
97354,1991-04-05,PVC,150.0,2015.0,-24.0,0,0,5,BLOOMINGDALE RD,negative_T_minus_H_minus_3y,1991,snapshot_before_installation
98272,1991-05-16,PVC,600.0,2008.0,-17.0,0,0,5,VICTORIA ST N,negative_T_minus_H_minus_5y,1991,snapshot_before_installation
91264,1991-05-17,PVC,150.0,1995.0,-4.0,0,0,5,FAIRWAY CRT,negative_T_minus_H_minus_3y,1991,snapshot_before_installation
66280,1991-05-24,PVC,50.0,2001.0,-10.0,0,0,5,HERMIE PL,negative_T_minus_H_minus_5y,1991,snapshot_before_installation
134498,1991-06-30,PVC,300.0,2017.0,-26.0,0,0,5,KRUG ST,negative_T_minus_H_minus_4y,1991,snapshot_before_installation
66280,1991-07-03,PVC,50.0,2001.0,-10.0,0,0,5,HERMIE PL,negative_T_minus_H_minus_5y,1991,snapshot_before_installation
66280,1991-07-06,PVC,50.0,2001.0,-10.0,0,0,5,HERMIE PL,negative_T_minus_H_minus_5y,1991,snapshot_before_installation
76156,1991-07-11,PVC,300.0,2008.0,-17.0,0,0,5,BREITHAUPT ST,negative_T_minus_H_minus_5y,1991,snapshot_before_installation
83826,1991-07-15,PVC,150.0,1995.0,-4.0,0,0,5,FAIRWAY CRES,negative_T_minus_H_minus_3y,1991,snapshot_before_installation
81902,1991-07-21,PVC,600.0,2008.0,-17.0,0,0,5,VICTORIA ST N,negative_T_minus_H_minus_1y,1991,snapshot_before_installation
69571,1991-07-26,CPP,600.0,2004.0,-13.0,0,0,5,VICTORIA ST S,negative_T_minus_H_minus_3y,1991,snapshot_before_installation
76156,1991-07-27,PVC,300.0,2008.0,-17.0,0,0,5,BREITHAUPT ST,negative_T_minus_H_minus_1y,1991,snapshot_before_installation
86556,1991-07-29,PVC,150.0,2010.0,-19.0,0,0,5,PLYMOUTH RD,negative_T_minus_H_minus_5y,1991,snapshot_before_installation
97114,1991-07-30,PVCO,300.0,2015.0,-24.0,0,0,5,HIGHLAND RD W,negative_T_minus_H_minus_2y,1991,snapshot_before_installation
97114,1991-07-31,PVCO,300.0,2015.0,-24.0,0,0,5,HIGHLAND RD W,negative_T_minus_H_minus_2y,1991,snapshot_before_installation
83830,1991-08-04,PVC,150.0,1995.0,-4.0,0,0,5,FAIRWAY CRES,negative_T_minus_H_minus_2y,1991,snapshot_before_installation
83828,1991-08-06,PVC,150.0,1995.0,-4.0,0,0,5,FAIRWAY CRES,negative_T_minus_H_minus_1y,1991,snapshot_before_installation
133994,1991-08-11,PVC,150.0,2017.0,-26.0,0,0,5,FOURTH AVE,negative_T_minus_H_minus_5y,1991,snapshot_before_installation
28950,1991-08-11,DI,300.0,1994.0,-3.0,0,0,5,ONTARIO ST N,negative_T_minus_H_minus_2y,1991,snapshot_before_installation
58640,1991-08-11,PVC,200.0,1995.0,-4.0,0,0,5,HOMER WATSON BLVD,negative_T_minus_H_minus_2y,1991,snapshot_before_installation
77534,1991-08-28,PVC,300.0,2013.0,-22.0,0,0,5,CHARLES ST W,negative_T_minus_H_minus_2y,1991,snapshot_before_installation
97950,1991-08-28,PVC,300.0,2012.0,-21.0,0,0,5,MILL ST,negative_T_minus_H_minus_5y,1991,snapshot_before_installation
66220,1991-08-30,PVC,300.0,2001.0,-10.0,0,0,5,COLLEGE ST,negative_T_minus_H_minus_4y,1991,snapshot_before_installation
69383,1991-08-30,PVC,150.0,2008.0,-17.0,0,0,5,MADISON AVE S,negative_T_minus_H_minus_4y,1991,snapshot_before_installation
69125,1991-09-15,PVC,200.0,2008.0,-17.0,0,0,5,VANIER DR,negative_T_minus_H_minus_4y,1991,snapshot_before_installation
78514,1991-09-18,PVC,150.0,2012.0,-21.0,0,0,5,PANDORA AVE N,negative_T_minus_H_minus_1y,1991,snapshot_before_installation
66570,1991-09-21,PVC,150.0,2001.0,-10.0,0,0,5,CHURCH ST,negative_T_minus_H_minus_4y,1991,snapshot_before_installation
73200,1991-09-21,CPP,600.0,2006.0,-15.0,0,0,5,VICTORIA ST S,negative_T_minus_H_minus_4y,1991,snapshot_before_installation
76012,1991-10-01,PVC,150.0,2008.0,-17.0,0,0,5,CLARK AVE,negative_T_minus_H_minus_5y,1991,snapshot_before_installation
76461,1991-10-02,PVC,150.0,2010.0,-19.0,0,0,5,DIXON ST,negative_T_minus_H_minus_5y,1991,snapshot_before_installation
77534,1991-10-02,PVC,300.0,2013.0,-22.0,0,0,5,CHARLES ST W,negative_T_minus_H_minus_5y,1991,snapshot_before_installation
65370,1991-10-07,PVC,300.0,2000.0,-9.0,0,0,5,KING ST E,negative_T_minus_H_minus_3y,1991,snapshot_before_installation
76485,1991-10-20,HDPE,600.0,2009.0,-18.0,0,0,5,GAGE AVE,negative_T_minus_H_minus_5y,1991,snapshot_before_installation
97148,1991-10-24,PVCO,300.0,2015.0,-24.0,0,0,5,HIGHLAND RD W,negative_T_minus_H_minus_1y,1991,snapshot_before_installation
61530,1991-10-30,PVC,300.0,2006.0,-15.0,0,0,5,KRUG ST,negative_T_minus_H_minus_2y,1991,snapshot_before_installation
69124,1991-10-31,PVC,200.0,2008.0,-17.0,0,0,5,VANIER DR,negative_T_minus_H_minus_5y,1991,snapshot_before_installation
76498,1991-11-11,HDPE,200.0,2010.0,-19.0,0,0,5,GREENBROOK DR,negative_T_minus_H_minus_2y,1991,snapshot_before_installation
134836,1991-11-15,PVC,150.0,2016.0,-25.0,0,0,5,KELVIN AVE,negative_T_minus_H_minus_5y,1991,snapshot_before_installation
81084,1991-11-21,PVC,300.0,2008.0,-17.0,0,0,5,VICTORIA ST N,negative_T_minus_H_minus_5y,1991,snapshot_before_installation
98350,1991-11-23,PVCO,200.0,2011.0,-20.0,0,0,5,WOOLWICH ST,negative_T_minus_H_minus_3y,1991,snapshot_before_installation
86556,1991-11-25,PVC,150.0,2010.0,-19.0,0,0,5,PLYMOUTH RD,negative_T_minus_H_minus_5y,1991,snapshot_before_installation
69315,1991-11-29,PVC,300.0,2008.0,-17.0,0,0,5,WATER ST N,negative_T_minus_H_minus_4y,1991,snapshot_before_installation
68664,1991-12-03,PVC,300.0,2000.0,-9.0,0,0,5,CEDAR ST N,negative_T_minus_H_minus_2y,1991,snapshot_before_installation
98342,1991-12-04,PVCO,200.0,2011.0,-20.0,0,0,5,WOOLWICH ST,negative_T_minus_H_minus_3y,1991,snapshot_before_installation
65520,1991-12-11,PVC,50.0,2000.0,-9.0,0,0,5,WILSON AVE,negative_T_minus_H_minus_4y,1991,snapshot_before_installation
98392,1991-12-12,PVCO,150.0,2014.0,-23.0,0,0,5,MERNER AVE,negative_T_minus_H_minus_1y,1991,snapshot_before_installation
62530,1991-12-15,PVC,150.0,1999.0,-8.0,0,0,5,BROADMOOR AVE,negative_T_minus_H_minus_1y,1991,snapshot_before_installation
80448,1991-12-19,PVC,150.0,2004.0,-13.0,0,0,5,WATERLOO ST,negative_T_minus_H_minus_1y,1991,snapshot_before_installation
76172,1991-12-22,PVC,150.0,2008.0,-17.0,0,0,5,GUELPH ST,negative_T_minus_H_minus_2y,1991,snapshot_before_installation
69383,1991-12-24,PVC,150.0,2008.0,-17.0,0,0,5,MADISON AVE S,negative_T_minus_H_minus_2y,1991,snapshot_before_installation
76156,1991-12-25,PVC,300.0,2008.0,-17.0,0,0,5,BREITHAUPT ST,negative_T_minus_H_minus_3y,1991,snapshot_before_installation
72660,1991-12-26,PVC,150.0,2005.0,-14.0,0,0,5,SPADINA RD E,negative_T_minus_H_minus_2y,1991,snapshot_before_installation
28900,1991-12-28,DI,150.0,1992.0,-1.0,0,0,5,OLIVER CRT,negative_T_minus_H_minus_4y,1991,snapshot_before_installation
134846,1991-12-29,PVC,150.0,2016.0,-25.0,0,0,5,MEINZINGER AVE,negative_T_minus_H_minus_3y,1991,snapshot_before_installation
69123,1991-12-31,PVC,150.0,2009.0,-18.0,0,0,5,VANIER DR,negative_T_minus_H_minus_2y,1991,snapshot_before_installation
81582,1992-01-01,PVC,150.0,2014.0,-22.0,0,0,5,QUEENS BLVD,negative_T_minus_H_minus_1y,1992,snapshot_before_installation
65340,1992-01-03,PVC,300.0,2000.0,-8.0,0,0,5,KING ST E,negative_T_minus_H_minus_2y,1992,snapshot_before_installation
4710,1992-01-06,PVC,150.0,2008.0,-16.0,0,0,5,BROADMOOR AVE,negative_T_minus_H_minus_4y,1992,snapshot_before_installation
133140,1992-01-07,PVC,150.0,2016.0,-24.0,0,0,5,VISTA CRES,negative_T_minus_H_minus_3y,1992,snapshot_before_installation
71140,1992-01-08,PVC,450.0,2004.0,-12.0,0,0,5,FISCHER HALLMAN RD,negative_T_minus_H_minus_1y,1992,snapshot_before_installation
7390,1992-01-09,PVC,150.0,2008.0,-16.0,0,0,5,CLARK AVE,negative_T_minus_H_minus_2y,1992,snapshot_before_installation
73300,1992-01-11,CPP,600.0,2006.0,-14.0,0,1,5,VICTORIA ST S,positive_T_minus_H,1992,snapshot_before_installation
134846,1992-01-13,PVC,150.0,2016.0,-24.0,0,0,5,MEINZINGER AVE,negative_T_minus_H_minus_2y,1992,snapshot_before_installation
76462,1992-01-14,PVC,150.0,2010.0,-18.0,0,0,5,DIXON ST,negative_T_minus_H_minus_5y,1992,snapshot_before_installation
81374,1992-01-17,PVC,300.0,2008.0,-16.0,0,0,5,VICTORIA ST N,negative_T_minus_H_minus_3y,1992,snapshot_before_installation
4742364,1992-01-19,PE,25.0,2018.0,-26.0,0,0,5,SCHWEITZER ST,negative_T_minus_H_minus_2y,1992,snapshot_before_installation
98342,1992-01-19,PVCO,200.0,2011.0,-19.0,0,1,5,WOOLWICH ST,positive_T_minus_H,1992,snapshot_before_installation
86556,1992-01-20,PVC,150.0,2010.0,-18.0,0,0,5,PLYMOUTH RD,negative_T_minus_H_minus_1y,1992,snapshot_before_installation
94754,1992-01-20,PVC,300.0,2001.0,-9.0,0,0,5,PRESTON ST,negative_T_minus_H_minus_1y,1992,snapshot_before_installation
134708,1992-01-21,PVC,150.0,2017.0,-25.0,0,1,5,ALICE AVE,positive_T_minus_H,1992,snapshot_before_installation
4710,1992-01-27,PVC,150.0,2008.0,-16.0,0,1,5,BROADMOOR AVE,positive_T_minus_H,1992,snapshot_before_installation
76692,1992-01-27,PVC,150.0,2010.0,-18.0,0,0,5,MELROSE AVE,negative_T_minus_H_minus_4y,1992,snapshot_before_installation
83320,1992-01-28,PVC,150.0,2005.0,-13.0,0,0,5,SPADINA RD E,negative_T_minus_H_minus_3y,1992,snapshot_before_installation
69385,1992-02-01,PVC,150.0,2008.0,-16.0,0,0,5,CLIVE RD,negative_T_minus_H_minus_4y,1992,snapshot_before_installation
133118,1992-02-02,PVC,150.0,2016.0,-24.0,0,0,5,GLENDALE RD,negative_T_minus_H_minus_3y,1992,snapshot_before_installation
69123,1992-02-02,PVC,150.0,2009.0,-17.0,0,0,5,VANIER DR,negative_T_minus_H_minus_3y,1992,snapshot_before_installation
62530,1992-02-04,PVC,150.0,1999.0,-7.0,0,0,5,BROADMOOR AVE,negative_T_minus_H_minus_2y,1992,snapshot_before_installation
73200,1992-02-04,CPP,600.0,2006.0,-14.0,0,0,5,VICTORIA ST S,negative_T_minus_H_minus_4y,1992,snapshot_before_installation
76727,1992-02-04,PVC,150.0,2010.0,-18.0,0,0,5,PLYMOUTH RD,negative_T_minus_H_minus_2y,1992,snapshot_before_installation
133994,1992-02-05,PVC,150.0,2017.0,-25.0,0,1,5,FOURTH AVE,positive_T_minus_H,1992,snapshot_before_installation
133988,1992-02-07,PVC,150.0,2017.0,-25.0,0,1,5,FOURTH AVE,positive_T_minus_H,1992,snapshot_before_installation
136074,1992-02-08,HDPE,150.0,2017.0,-25.0,0,0,5,GUELPH ST,negative_T_minus_H_minus_4y,1992,snapshot_before_installation
87374,1992-02-08,PVC,150.0,2008.0,-16.0,0,0,5,CLARK AVE,negative_T_minus_H_minus_3y,1992,snapshot_before_installation
133122,1992-02-10,PVC,150.0,2016.0,-24.0,0,0,5,PANDORA AVE N,negative_T_minus_H_minus_4y,1992,snapshot_before_installation
67000,1992-02-10,PVC,150.0,2001.0,-9.0,0,0,5,MANSION ST,negative_T_minus_H_minus_4y,1992,snapshot_before_installation
83222,1992-02-10,PVC,150.0,2008.0,-16.0,0,0,5,CLIVE RD,negative_T_minus_H_minus_3y,1992,snapshot_before_installation
72650,1992-02-12,PVC,150.0,2005.0,-13.0,0,0,5,IRVIN ST,negative_T_minus_H_minus_4y,1992,snapshot_before_installation
77106,1992-02-12,PVC,150.0,2012.0,-20.0,0,0,5,GRIFFIN AVE,negative_T_minus_H_minus_2y,1992,snapshot_before_installation
83836,1992-02-12,PVC,150.0,1995.0,-3.0,0,1,5,FAIRWAY CRES,positive_T_minus_H,1992,snapshot_before_installation
77106,1992-02-13,PVC,150.0,2012.0,-20.0,0,0,5,GRIFFIN AVE,negative_T_minus_H_minus_3y,1992,snapshot_before_installation
81074,1992-02-13,PVC,300.0,2008.0,-16.0,0,1,5,MARGARET AVE,positive_T_minus_H,1992,snapshot_before_installation
76027,1992-02-14,PVC,300.0,2007.0,-15.0,0,0,5,WATER ST S,negative_T_minus_H_minus_3y,1992,snapshot_before_installation
76854,1992-02-14,PVC,150.0,2010.0,-18.0,0,0,5,PLYMOUTH RD,negative_T_minus_H_minus_3y,1992,snapshot_before_installation
78514,1992-02-18,PVC,150.0,2012.0,-20.0,0,0,5,PANDORA AVE N,negative_T_minus_H_minus_4y,1992,snapshot_before_installation
62240,1992-02-26,PVC,150.0,1999.0,-7.0,0,0,5,BROADVIEW AVE,negative_T_minus_H_minus_4y,1992,snapshot_before_installation
136074,1992-03-02,HDPE,150.0,2017.0,-25.0,0,0,5,GUELPH ST,negative_T_minus_H_minus_2y,1992,snapshot_before_installation
77126,1992-03-04,PVCO,150.0,2012.0,-20.0,0,1,5,LIBERTY AVE,positive_T_minus_H,1992,snapshot_before_installation
76461,1992-03-06,PVC,150.0,2010.0,-18.0,0,0,5,DIXON ST,negative_T_minus_H_minus_3y,1992,snapshot_before_installation
80156,1992-03-15,DI,300.0,1993.0,-1.0,0,0,5,RIVERBEND DR,negative_T_minus_H_minus_4y,1992,snapshot_before_installation
133734,1992-03-19,PVCO,150.0,2015.0,-23.0,0,0,5,PELTZ AVE,negative_T_minus_H_minus_1y,1992,snapshot_before_installation
133420,1992-03-24,PVCO,150.0,2014.0,-22.0,0,0,5,STIRLING AVE N,negative_T_minus_H_minus_2y,1992,snapshot_before_installation
76011,1992-03-31,PVC,150.0,2008.0,-16.0,0,0,5,CLARK AVE,negative_T_minus_H_minus_1y,1992,snapshot_before_installation
97012,1992-04-01,PVC,150.0,2013.0,-21.0,0,1,5,STIRLING AVE N,positive_T_minus_H,1992,snapshot_before_installation
133956,1992-04-03,PVC,150.0,2016.0,-24.0,0,1,5,DUMFRIES AVE,positive_T_minus_H,1992,snapshot_before_installation
97354,1992-04-05,PVC,150.0,2015.0,-23.0,0,0,5,BLOOMINGDALE RD,negative_T_minus_H_minus_2y,1992,snapshot_before_installation
69178,1992-05-14,PVC,300.0,2008.0,-16.0,0,0,5,VICTORIA ST N,negative_T_minus_H_minus_5y,1992,snapshot_before_installation
134842,1992-05-16,PVC,150.0,2016.0,-24.0,0,0,5,DONLEY ST,negative_T_minus_H_minus_5y,1992,snapshot_before_installation
76470,1992-05-16,PVC,150.0,2010.0,-18.0,0,0,5,DIXON ST,negative_T_minus_H_minus_5y,1992,snapshot_before_installation
98272,1992-05-16,PVC,600.0,2008.0,-16.0,0,0,5,VICTORIA ST N,negative_T_minus_H_minus_4y,1992,snapshot_before_installation
91264,1992-05-17,PVC,150.0,1995.0,-3.0,0,0,5,FAIRWAY CRT,negative_T_minus_H_minus_2y,1992,snapshot_before_installation
69510,1992-05-22,PVC,300.0,2003.0,-11.0,0,0,5,WEBER ST W,negative_T_minus_H_minus_5y,1992,snapshot_before_installation
66280,1992-05-24,PVC,50.0,2001.0,-9.0,0,0,5,HERMIE PL,negative_T_minus_H_minus_4y,1992,snapshot_before_installation
76741,1992-05-30,PVC,300.0,2010.0,-18.0,0,0,5,MT HOPE ST,negative_T_minus_H_minus_5y,1992,snapshot_before_installation
76742,1992-06-03,PVC,300.0,2010.0,-18.0,0,0,5,MT HOPE ST,negative_T_minus_H_minus_5y,1992,snapshot_before_installation
134498,1992-06-30,PVC,300.0,2017.0,-25.0,0,0,5,KRUG ST,negative_T_minus_H_minus_3y,1992,snapshot_before_installation
66280,1992-07-03,PVC,50.0,2001.0,-9.0,0,0,5,HERMIE PL,negative_T_minus_H_minus_4y,1992,snapshot_before_installation
66280,1992-07-06,PVC,50.0,2001.0,-9.0,0,0,5,HERMIE PL,negative_T_minus_H_minus_4y,1992,snapshot_before_installation
76156,1992-07-11,PVC,300.0,2008.0,-16.0,0,0,5,BREITHAUPT ST,negative_T_minus_H_minus_4y,1992,snapshot_before_installation
83826,1992-07-15,PVC,150.0,1995.0,-3.0,0,0,5,FAIRWAY CRES,negative_T_minus_H_minus_2y,1992,snapshot_before_installation
81902,1992-07-21,PVC,600.0,2008.0,-16.0,0,1,5,VICTORIA ST N,positive_T_minus_H,1992,snapshot_before_installation
76734,1992-07-23,PVC,300.0,2010.0,-18.0,0,0,5,PARK ST,negative_T_minus_H_minus_5y,1992,snapshot_before_installation
76590,1992-07-25,PVC,200.0,2010.0,-18.0,0,0,5,OAK ST,negative_T_minus_H_minus_5y,1992,snapshot_before_installation
69571,1992-07-26,CPP,600.0,2004.0,-12.0,0,0,5,VICTORIA ST S,negative_T_minus_H_minus_2y,1992,snapshot_before_installation
76156,1992-07-27,PVC,300.0,2008.0,-16.0,0,1,5,BREITHAUPT ST,positive_T_minus_H,1992,snapshot_before_installation
86556,1992-07-29,PVC,150.0,2010.0,-18.0,0,0,5,PLYMOUTH RD,negative_T_minus_H_minus_4y,1992,snapshot_before_installation
97114,1992-07-30,PVCO,300.0,2015.0,-23.0,0,0,5,HIGHLAND RD W,negative_T_minus_H_minus_1y,1992,snapshot_before_installation
97114,1992-07-31,PVCO,300.0,2015.0,-23.0,0,0,5,HIGHLAND RD W,negative_T_minus_H_minus_1y,1992,snapshot_before_installation
135042,1992-08-03,PVC,150.0,2018.0,-26.0,0,0,5,METZLOFF DR,negative_T_minus_H_minus_5y,1992,snapshot_before_installation
83830,1992-08-04,PVC,150.0,1995.0,-3.0,0,0,5,FAIRWAY CRES,negative_T_minus_H_minus_1y,1992,snapshot_before_installation
83828,1992-08-06,PVC,150.0,1995.0,-3.0,0,1,5,FAIRWAY CRES,positive_T_minus_H,1992,snapshot_before_installation
28950,1992-08-11,DI,300.0,1994.0,-2.0,0,0,5,ONTARIO ST N,negative_T_minus_H_minus_1y,1992,snapshot_before_installation
58640,1992-08-11,PVC,200.0,1995.0,-3.0,0,0,5,HOMER WATSON BLVD,negative_T_minus_H_minus_1y,1992,snapshot_before_installation
77534,1992-08-28,PVC,300.0,2013.0,-21.0,0,0,5,CHARLES ST W,negative_T_minus_H_minus_1y,1992,snapshot_before_installation
97950,1992-08-28,PVC,300.0,2012.0,-20.0,0,0,5,MILL ST,negative_T_minus_H_minus_4y,1992,snapshot_before_installation
66220,1992-08-30,PVC,300.0,2001.0,-9.0,0,0,5,COLLEGE ST,negative_T_minus_H_minus_3y,1992,snapshot_before_installation
69383,1992-08-30,PVC,150.0,2008.0,-16.0,0,0,5,MADISON AVE S,negative_T_minus_H_minus_3y,1992,snapshot_before_installation
69125,1992-09-15,PVC,200.0,2008.0,-16.0,0,0,5,VANIER DR,negative_T_minus_H_minus_3y,1992,snapshot_before_installation
78514,1992-09-18,PVC,150.0,2012.0,-20.0,0,1,5,PANDORA AVE N,positive_T_minus_H,1992,snapshot_before_installation
66570,1992-09-21,PVC,150.0,2001.0,-9.0,0,0,5,CHURCH ST,negative_T_minus_H_minus_3y,1992,snapshot_before_installation
73200,1992-09-21,CPP,600.0,2006.0,-14.0,0,0,5,VICTORIA ST S,negative_T_minus_H_minus_3y,1992,snapshot_before_installation
76012,1992-10-01,PVC,150.0,2008.0,-16.0,0,0,5,CLARK AVE,negative_T_minus_H_minus_4y,1992,snapshot_before_installation
76461,1992-10-02,PVC,150.0,2010.0,-18.0,0,0,5,DIXON ST,negative_T_minus_H_minus_4y,1992,snapshot_before_installation
77534,1992-10-02,PVC,300.0,2013.0,-21.0,0,0,5,CHARLES ST W,negative_T_minus_H_minus_4y,1992,snapshot_before_installation
65370,1992-10-07,PVC,300.0,2000.0,-8.0,0,0,5,KING ST E,negative_T_minus_H_minus_2y,1992,snapshot_before_installation
81796,1992-10-17,CPP,600.0,2004.0,-12.0,0,0,5,VICTORIA ST S,negative_T_minus_H_minus_5y,1992,snapshot_before_installation
76485,1992-10-20,HDPE,600.0,2009.0,-17.0,0,0,5,GAGE AVE,negative_T_minus_H_minus_4y,1992,snapshot_before_installation
97148,1992-10-24,PVCO,300.0,2015.0,-23.0,0,1,5,HIGHLAND RD W,positive_T_minus_H,1992,snapshot_before_installation
59400,1992-10-25,DI,150.0,1996.0,-4.0,0,0,5,WHITNEY PL,negative_T_minus_H_minus_5y,1992,snapshot_before_installation
61530,1992-10-30,PVC,300.0,2006.0,-14.0,0,0,5,KRUG ST,negative_T_minus_H_minus_1y,1992,snapshot_before_installation
66930,1992-10-30,PVC,150.0,2001.0,-9.0,0,0,5,GORDON AVE,negative_T_minus_H_minus_5y,1992,snapshot_before_installation
69124,1992-10-31,PVC,200.0,2008.0,-16.0,0,0,5,VANIER DR,negative_T_minus_H_minus_4y,1992,snapshot_before_installation
7390,1992-11-06,PVC,150.0,2008.0,-16.0,0,0,5,CLARK AVE,negative_T_minus_H_minus_5y,1992,snapshot_before_installation
76498,1992-11-11,HDPE,200.0,2010.0,-18.0,0,0,5,GREENBROOK DR,negative_T_minus_H_minus_1y,1992,snapshot_before_installation
134836,1992-11-15,PVC,150.0,2016.0,-24.0,0,0,5,KELVIN AVE,negative_T_minus_H_minus_4y,1992,snapshot_before_installation
81084,1992-11-21,PVC,300.0,2008.0,-16.0,0,0,5,VICTORIA ST N,negative_T_minus_H_minus_4y,1992,snapshot_before_installation
135042,1992-11-23,PVC,150.0,2018.0,-26.0,0,0,5,METZLOFF DR,negative_T_minus_H_minus_5y,1992,snapshot_before_installation
98350,1992-11-23,PVCO,200.0,2011.0,-19.0,0,0,5,WOOLWICH ST,negative_T_minus_H_minus_2y,1992,snapshot_before_installation
86556,1992-11-25,PVC,150.0,2010.0,-18.0,0,0,5,PLYMOUTH RD,negative_T_minus_H_minus_4y,1992,snapshot_before_installation
80284,1992-11-26,PVC,150.0,2011.0,-19.0,0,0,5,KENT AVE,negative_T_minus_H_minus_5y,1992,snapshot_before_installation
69315,1992-11-29,PVC,300.0,2008.0,-16.0,0,0,5,WATER ST N,negative_T_minus_H_minus_3y,1992,snapshot_before_installation
76497,1992-11-30,HDPE,200.0,2010.0,-18.0,0,0,5,GREENBROOK DR,negative_T_minus_H_minus_5y,1992,snapshot_before_installation
134694,1992-12-02,PVC,150.0,2017.0,-25.0,0,0,5,KARN ST,negative_T_minus_H_minus_5y,1992,snapshot_before_installation
68664,1992-12-03,PVC,300.0,2000.0,-8.0,0,0,5,CEDAR ST N,negative_T_minus_H_minus_1y,1992,snapshot_before_installation
97196,1992-12-03,PVC,300.0,2015.0,-23.0,0,0,5,UNION ST,negative_T_minus_H_minus_5y,1992,snapshot_before_installation
65520,1992-12-11,PVC,50.0,2000.0,-8.0,0,0,5,WILSON AVE,negative_T_minus_H_minus_3y,1992,snapshot_before_installation
76470,1992-12-12,PVC,150.0,2010.0,-18.0,0,0,5,DIXON ST,negative_T_minus_H_minus_5y,1992,snapshot_before_installation
98392,1992-12-12,PVCO,150.0,2014.0,-22.0,0,1,5,MERNER AVE,positive_T_minus_H,1992,snapshot_before_installation
76470,1992-12-13,PVC,150.0,2010.0,-18.0,0,0,5,DIXON ST,negative_T_minus_H_minus_5y,1992,snapshot_before_installation
62530,1992-12-15,PVC,150.0,1999.0,-7.0,0,1,5,BROADMOOR AVE,positive_T_minus_H,1992,snapshot_before_installation
133120,1992-12-19,PVC,150.0,2016.0,-24.0,0,0,5,PANDORA AVE N,negative_T_minus_H_minus_5y,1992,snapshot_before_installation
7400,1992-12-19,PVC,150.0,2008.0,-16.0,0,0,5,CLARK AVE,negative_T_minus_H_minus_5y,1992,snapshot_before_installation
80448,1992-12-19,PVC,150.0,2004.0,-12.0,0,1,5,WATERLOO ST,positive_T_minus_H,1992,snapshot_before_installation
76172,1992-12-22,PVC,150.0,2008.0,-16.0,0,0,5,GUELPH ST,negative_T_minus_H_minus_1y,1992,snapshot_before_installation
133118,1992-12-23,PVC,150.0,2016.0,-24.0,0,0,5,GLENDALE RD,negative_T_minus_H_minus_5y,1992,snapshot_before_installation
69383,1992-12-24,PVC,150.0,2008.0,-16.0,0,0,5,MADISON AVE S,negative_T_minus_H_minus_1y,1992,snapshot_before_installation
97074,1992-12-24,PVC,150.0,2013.0,-21.0,0,0,5,STIRLING AVE N,negative_T_minus_H_minus_5y,1992,snapshot_before_installation
72660,1992-12-26,PVC,150.0,2005.0,-13.0,0,0,5,SPADINA RD E,negative_T_minus_H_minus_1y,1992,snapshot_before_installation
134846,1992-12-29,PVC,150.0,2016.0,-24.0,0,0,5,MEINZINGER AVE,negative_T_minus_H_minus_2y,1992,snapshot_before_installation
69123,1992-12-31,PVC,150.0,2009.0,-17.0,0,0,5,VANIER DR,negative_T_minus_H_minus_1y,1992,snapshot_before_installation
81582,1993-01-01,PVC,150.0,2014.0,-21.0,0,1,5,QUEENS BLVD,positive_T_minus_H,1993,snapshot_before_installation
65340,1993-01-03,PVC,300.0,2000.0,-7.0,0,0,5,KING ST E,negative_T_minus_H_minus_1y,1993,snapshot_before_installation
133140,1993-01-07,PVC,150.0,2016.0,-23.0,0,0,5,VISTA CRES,negative_T_minus_H_minus_2y,1993,snapshot_before_installation
71140,1993-01-08,PVC,450.0,2004.0,-11.0,0,1,5,FISCHER HALLMAN RD,positive_T_minus_H,1993,snapshot_before_installation
7390,1993-01-09,PVC,150.0,2008.0,-15.0,0,0,5,CLARK AVE,negative_T_minus_H_minus_1y,1993,snapshot_before_installation
134846,1993-01-13,PVC,150.0,2016.0,-23.0,0,0,5,MEINZINGER AVE,negative_T_minus_H_minus_1y,1993,snapshot_before_installation
76462,1993-01-14,PVC,150.0,2010.0,-17.0,0,0,5,DIXON ST,negative_T_minus_H_minus_4y,1993,snapshot_before_installation
134846,1993-01-16,PVC,150.0,2016.0,-23.0,0,0,5,MEINZINGER AVE,negative_T_minus_H_minus_5y,1993,snapshot_before_installation
81374,1993-01-17,PVC,300.0,2008.0,-15.0,0,0,5,VICTORIA ST N,negative_T_minus_H_minus_2y,1993,snapshot_before_installation
4742364,1993-01-19,PE,25.0,2018.0,-25.0,0,0,5,SCHWEITZER ST,negative_T_minus_H_minus_1y,1993,snapshot_before_installation
86556,1993-01-20,PVC,150.0,2010.0,-17.0,0,1,5,PLYMOUTH RD,positive_T_minus_H,1993,snapshot_before_installation
86558,1993-01-20,PVC,150.0,2010.0,-17.0,0,0,5,PLYMOUTH RD,negative_T_minus_H_minus_5y,1993,snapshot_before_installation
94754,1993-01-20,PVC,300.0,2001.0,-8.0,0,1,5,PRESTON ST,positive_T_minus_H,1993,snapshot_before_installation
78180,1993-01-22,PVC,150.0,2015.0,-22.0,0,0,5,COURTLAND AVE E,negative_T_minus_H_minus_5y,1993,snapshot_before_installation
77534,1993-01-23,PVC,300.0,2013.0,-20.0,0,0,5,CHARLES ST W,negative_T_minus_H_minus_5y,1993,snapshot_before_installation
97190,1993-01-26,PVC,300.0,2015.0,-22.0,0,0,5,UNION ST,negative_T_minus_H_minus_5y,1993,snapshot_before_installation
76692,1993-01-27,PVC,150.0,2010.0,-17.0,0,0,5,MELROSE AVE,negative_T_minus_H_minus_3y,1993,snapshot_before_installation
83320,1993-01-28,PVC,150.0,2005.0,-12.0,0,0,5,SPADINA RD E,negative_T_minus_H_minus_2y,1993,snapshot_before_installation
77106,1993-01-30,PVC,150.0,2012.0,-19.0,0,0,5,GRIFFIN AVE,negative_T_minus_H_minus_5y,1993,snapshot_before_installation
134920,1993-02-01,PVCO,300.0,2017.0,-24.0,0,0,5,KEHL ST,negative_T_minus_H_minus_5y,1993,snapshot_before_installation
69385,1993-02-01,PVC,150.0,2008.0,-15.0,0,0,5,CLIVE RD,negative_T_minus_H_minus_3y,1993,snapshot_before_installation
133118,1993-02-02,PVC,150.0,2016.0,-23.0,0,0,5,GLENDALE RD,negative_T_minus_H_minus_2y,1993,snapshot_before_installation
69123,1993-02-02,PVC,150.0,2009.0,-16.0,0,0,5,VANIER DR,negative_T_minus_H_minus_2y,1993,snapshot_before_installation
73200,1993-02-04,CPP,600.0,2006.0,-13.0,0,0,5,VICTORIA ST S,negative_T_minus_H_minus_3y,1993,snapshot_before_installation
76727,1993-02-04,PVC,150.0,2010.0,-17.0,0,0,5,PLYMOUTH RD,negative_T_minus_H_minus_1y,1993,snapshot_before_installation
136074,1993-02-08,HDPE,150.0,2017.0,-24.0,0,0,5,GUELPH ST,negative_T_minus_H_minus_3y,1993,snapshot_before_installation
87374,1993-02-08,PVC,150.0,2008.0,-15.0,0,0,5,CLARK AVE,negative_T_minus_H_minus_2y,1993,snapshot_before_installation
133122,1993-02-10,PVC,150.0,2016.0,-23.0,0,0,5,PANDORA AVE N,negative_T_minus_H_minus_3y,1993,snapshot_before_installation
67000,1993-02-10,PVC,150.0,2001.0,-8.0,0,0,5,MANSION ST,negative_T_minus_H_minus_3y,1993,snapshot_before_installation
69385,1993-02-10,PVC,150.0,2008.0,-15.0,0,0,5,CLIVE RD,negative_T_minus_H_minus_5y,1993,snapshot_before_installation
76062,1993-02-10,PVC,150.0,2009.0,-16.0,0,0,5,WOODSIDE AVE,negative_T_minus_H_minus_5y,1993,snapshot_before_installation
83222,1993-02-10,PVC,150.0,2008.0,-15.0,0,0,5,CLIVE RD,negative_T_minus_H_minus_2y,1993,snapshot_before_installation
72650,1993-02-12,PVC,150.0,2005.0,-12.0,0,0,5,IRVIN ST,negative_T_minus_H_minus_3y,1993,snapshot_before_installation
77106,1993-02-12,PVC,150.0,2012.0,-19.0,0,0,5,GRIFFIN AVE,negative_T_minus_H_minus_1y,1993,snapshot_before_installation
77106,1993-02-13,PVC,150.0,2012.0,-19.0,0,0,5,GRIFFIN AVE,negative_T_minus_H_minus_2y,1993,snapshot_before_installation
76027,1993-02-14,PVC,300.0,2007.0,-14.0,0,0,5,WATER ST S,negative_T_minus_H_minus_2y,1993,snapshot_before_installation
76854,1993-02-14,PVC,150.0,2010.0,-17.0,0,0,5,PLYMOUTH RD,negative_T_minus_H_minus_2y,1993,snapshot_before_installation
83826,1993-02-15,PVC,150.0,1995.0,-2.0,0,0,5,FAIRWAY CRES,negative_T_minus_H_minus_5y,1993,snapshot_before_installation
7390,1993-02-17,PVC,150.0,2008.0,-15.0,0,0,5,CLARK AVE,negative_T_minus_H_minus_5y,1993,snapshot_before_installation
76688,1993-02-18,PVC,150.0,2010.0,-17.0,0,0,5,MELROSE AVE,negative_T_minus_H_minus_5y,1993,snapshot_before_installation
135880,1993-02-25,PVCO,300.0,2017.0,-24.0,0,0,5,BELMONT AVE W,negative_T_minus_H_minus_5y,1993,snapshot_before_installation
133122,1993-02-26,PVC,150.0,2016.0,-23.0,0,0,5,PANDORA AVE N,negative_T_minus_H_minus_5y,1993,snapshot_before_installation
62240,1993-02-26,PVC,150.0,1999.0,-6.0,0,0,5,BROADVIEW AVE,negative_T_minus_H_minus_3y,1993,snapshot_before_installation
69125,1993-02-26,PVC,200.0,2008.0,-15.0,0,0,5,VANIER DR,negative_T_minus_H_minus_5y,1993,snapshot_before_installation
76011,1993-02-27,PVC,150.0,2008.0,-15.0,0,0,5,CLARK AVE,negative_T_minus_H_minus_5y,1993,snapshot_before_installation
69124,1993-02-28,PVC,200.0,2008.0,-15.0,0,0,5,VANIER DR,negative_T_minus_H_minus_5y,1993,snapshot_before_installation
136074,1993-03-02,HDPE,150.0,2017.0,-24.0,0,0,5,GUELPH ST,negative_T_minus_H_minus_1y,1993,snapshot_before_installation
69385,1993-03-02,PVC,150.0,2008.0,-15.0,0,0,5,CLIVE RD,negative_T_minus_H_minus_5y,1993,snapshot_before_installation
76690,1993-03-03,PVC,150.0,2010.0,-17.0,0,0,5,MELROSE AVE,negative_T_minus_H_minus_5y,1993,snapshot_before_installation
76461,1993-03-06,PVC,150.0,2010.0,-17.0,0,0,5,DIXON ST,negative_T_minus_H_minus_2y,1993,snapshot_before_installation
133118,1993-03-10,PVC,150.0,2016.0,-23.0,0,0,5,GLENDALE RD,negative_T_minus_H_minus_5y,1993,snapshot_before_installation
77106,1993-03-12,PVC,150.0,2012.0,-19.0,0,0,5,GRIFFIN AVE,negative_T_minus_H_minus_5y,1993,snapshot_before_installation
133420,1993-03-14,PVCO,150.0,2014.0,-21.0,0,0,5,STIRLING AVE N,negative_T_minus_H_minus_5y,1993,snapshot_before_installation
133734,1993-03-19,PVCO,150.0,2015.0,-22.0,0,1,5,PELTZ AVE,positive_T_minus_H,1993,snapshot_before_installation
133420,1993-03-24,PVCO,150.0,2014.0,-21.0,0,0,5,STIRLING AVE N,negative_T_minus_H_minus_1y,1993,snapshot_before_installation
76011,1993-03-31,PVC,150.0,2008.0,-15.0,0,1,5,CLARK AVE,positive_T_minus_H,1993,snapshot_before_installation
97354,1993-04-05,PVC,150.0,2015.0,-22.0,0,0,5,BLOOMINGDALE RD,negative_T_minus_H_minus_1y,1993,snapshot_before_installation
62030,1993-04-17,PVC,300.0,1999.0,-6.0,0,0,5,WEBER ST E,negative_T_minus_H_minus_5y,1993,snapshot_before_installation
69178,1993-05-14,PVC,300.0,2008.0,-15.0,0,0,5,VICTORIA ST N,negative_T_minus_H_minus_4y,1993,snapshot_before_installation
134842,1993-05-16,PVC,150.0,2016.0,-23.0,0,0,5,DONLEY ST,negative_T_minus_H_minus_4y,1993,snapshot_before_installation
76470,1993-05-16,PVC,150.0,2010.0,-17.0,0,0,5,DIXON ST,negative_T_minus_H_minus_4y,1993,snapshot_before_installation
98272,1993-05-16,PVC,600.0,2008.0,-15.0,0,0,5,VICTORIA ST N,negative_T_minus_H_minus_3y,1993,snapshot_before_installation
91264,1993-05-17,PVC,150.0,1995.0,-2.0,0,0,5,FAIRWAY CRT,negative_T_minus_H_minus_1y,1993,snapshot_before_installation
69510,1993-05-22,PVC,300.0,2003.0,-10.0,0,0,5,WEBER ST W,negative_T_minus_H_minus_4y,1993,snapshot_before_installation
69530,1993-05-22,PVC,300.0,2003.0,-10.0,0,0,5,WEBER ST W,negative_T_minus_H_minus_5y,1993,snapshot_before_installation
66280,1993-05-24,PVC,50.0,2001.0,-8.0,0,0,5,HERMIE PL,negative_T_minus_H_minus_3y,1993,snapshot_before_installation
76741,1993-05-30,PVC,300.0,2010.0,-17.0,0,0,5,MT HOPE ST,negative_T_minus_H_minus_4y,1993,snapshot_before_installation
76742,1993-06-03,PVC,300.0,2010.0,-17.0,0,0,5,MT HOPE ST,negative_T_minus_H_minus_4y,1993,snapshot_before_installation
134498,1993-06-30,PVC,300.0,2017.0,-24.0,0,0,5,KRUG ST,negative_T_minus_H_minus_2y,1993,snapshot_before_installation
66280,1993-07-03,PVC,50.0,2001.0,-8.0,0,0,5,HERMIE PL,negative_T_minus_H_minus_3y,1993,snapshot_before_installation
66280,1993-07-06,PVC,50.0,2001.0,-8.0,0,0,5,HERMIE PL,negative_T_minus_H_minus_3y,1993,snapshot_before_installation
76454,1993-07-12,PVC,300.0,2010.0,-17.0,0,0,5,HILDA PL,negative_T_minus_H_minus_5y,1993,snapshot_before_installation
83826,1993-07-15,PVC,150.0,1995.0,-2.0,0,0,5,FAIRWAY CRES,negative_T_minus_H_minus_1y,1993,snapshot_before_installation
76734,1993-07-23,PVC,300.0,2010.0,-17.0,0,0,5,PARK ST,negative_T_minus_H_minus_4y,1993,snapshot_before_installation
76590,1993-07-25,PVC,200.0,2010.0,-17.0,0,0,5,OAK ST,negative_T_minus_H_minus_4y,1993,snapshot_before_installation
69571,1993-07-26,CPP,600.0,2004.0,-11.0,0,0,5,VICTORIA ST S,negative_T_minus_H_minus_1y,1993,snapshot_before_installation
97114,1993-07-30,PVCO,300.0,2015.0,-22.0,0,1,5,HIGHLAND RD W,positive_T_minus_H,1993,snapshot_before_installation
97114,1993-07-31,PVCO,300.0,2015.0,-22.0,0,1,5,HIGHLAND RD W,positive_T_minus_H,1993,snapshot_before_installation
135042,1993-08-03,PVC,150.0,2018.0,-25.0,0,0,5,METZLOFF DR,negative_T_minus_H_minus_4y,1993,snapshot_before_installation
83830,1993-08-04,PVC,150.0,1995.0,-2.0,0,1,5,FAIRWAY CRES,positive_T_minus_H,1993,snapshot_before_installation
28950,1993-08-11,DI,300.0,1994.0,-1.0,0,1,5,ONTARIO ST N,positive_T_minus_H,1993,snapshot_before_installation
58640,1993-08-11,PVC,200.0,1995.0,-2.0,0,1,5,HOMER WATSON BLVD,positive_T_minus_H,1993,snapshot_before_installation
77534,1993-08-28,PVC,300.0,2013.0,-20.0,0,1,5,CHARLES ST W,positive_T_minus_H,1993,snapshot_before_installation
97950,1993-08-28,PVC,300.0,2012.0,-19.0,0,0,5,MILL ST,negative_T_minus_H_minus_3y,1993,snapshot_before_installation
66220,1993-08-30,PVC,300.0,2001.0,-8.0,0,0,5,COLLEGE ST,negative_T_minus_H_minus_2y,1993,snapshot_before_installation
69383,1993-08-30,PVC,150.0,2008.0,-15.0,0,0,5,MADISON AVE S,negative_T_minus_H_minus_2y,1993,snapshot_before_installation
96958,1993-09-14,PVC,450.0,2014.0,-21.0,0,0,5,GLASGOW ST,negative_T_minus_H_minus_5y,1993,snapshot_before_installation
69125,1993-09-15,PVC,200.0,2008.0,-15.0,0,0,5,VANIER DR,negative_T_minus_H_minus_2y,1993,snapshot_before_installation
66570,1993-09-21,PVC,150.0,2001.0,-8.0,0,0,5,CHURCH ST,negative_T_minus_H_minus_2y,1993,snapshot_before_installation
73200,1993-09-21,CPP,600.0,2006.0,-13.0,0,0,5,VICTORIA ST S,negative_T_minus_H_minus_2y,1993,snapshot_before_installation
79000,1993-09-22,PVCO,300.0,2013.0,-20.0,0,0,5,GLASGOW ST,negative_T_minus_H_minus_5y,1993,snapshot_before_installation
76012,1993-10-01,PVC,150.0,2008.0,-15.0,0,0,5,CLARK AVE,negative_T_minus_H_minus_3y,1993,snapshot_before_installation
76461,1993-10-02,PVC,150.0,2010.0,-17.0,0,0,5,DIXON ST,negative_T_minus_H_minus_3y,1993,snapshot_before_installation
65370,1993-10-07,PVC,300.0,2000.0,-7.0,0,0,5,KING ST E,negative_T_minus_H_minus_1y,1993,snapshot_before_installation
81796,1993-10-17,CPP,600.0,2004.0,-11.0,0,0,5,VICTORIA ST S,negative_T_minus_H_minus_4y,1993,snapshot_before_installation
76485,1993-10-20,HDPE,600.0,2009.0,-16.0,0,0,5,GAGE AVE,negative_T_minus_H_minus_3y,1993,snapshot_before_installation
59400,1993-10-25,DI,150.0,1996.0,-3.0,0,0,5,WHITNEY PL,negative_T_minus_H_minus_4y,1993,snapshot_before_installation
61530,1993-10-30,PVC,300.0,2006.0,-13.0,0,1,5,KRUG ST,positive_T_minus_H,1993,snapshot_before_installation
66930,1993-10-30,PVC,150.0,2001.0,-8.0,0,0,5,GORDON AVE,negative_T_minus_H_minus_4y,1993,snapshot_before_installation
69124,1993-10-31,PVC,200.0,2008.0,-15.0,0,0,5,VANIER DR,negative_T_minus_H_minus_3y,1993,snapshot_before_installation
7390,1993-11-06,PVC,150.0,2008.0,-15.0,0,0,5,CLARK AVE,negative_T_minus_H_minus_4y,1993,snapshot_before_installation
76498,1993-11-11,HDPE,200.0,2010.0,-17.0,0,1,5,GREENBROOK DR,positive_T_minus_H,1993,snapshot_before_installation
134836,1993-11-15,PVC,150.0,2016.0,-23.0,0,0,5,KELVIN AVE,negative_T_minus_H_minus_3y,1993,snapshot_before_installation
81084,1993-11-21,PVC,300.0,2008.0,-15.0,0,0,5,VICTORIA ST N,negative_T_minus_H_minus_3y,1993,snapshot_before_installation
133148,1993-11-23,PVC,150.0,2016.0,-23.0,0,0,5,LAKESIDE DR,negative_T_minus_H_minus_5y,1993,snapshot_before_installation
135042,1993-11-23,PVC,150.0,2018.0,-25.0,0,0,5,METZLOFF DR,negative_T_minus_H_minus_4y,1993,snapshot_before_installation
98350,1993-11-23,PVCO,200.0,2011.0,-18.0,0,0,5,WOOLWICH ST,negative_T_minus_H_minus_1y,1993,snapshot_before_installation
80284,1993-11-26,PVC,150.0,2011.0,-18.0,0,0,5,KENT AVE,negative_T_minus_H_minus_4y,1993,snapshot_before_installation
69315,1993-11-29,PVC,300.0,2008.0,-15.0,0,0,5,WATER ST N,negative_T_minus_H_minus_2y,1993,snapshot_before_installation
76497,1993-11-30,HDPE,200.0,2010.0,-17.0,0,0,5,GREENBROOK DR,negative_T_minus_H_minus_4y,1993,snapshot_before_installation
134694,1993-12-02,PVC,150.0,2017.0,-24.0,0,0,5,KARN ST,negative_T_minus_H_minus_4y,1993,snapshot_before_installation
68664,1993-12-03,PVC,300.0,2000.0,-7.0,0,1,5,CEDAR ST N,positive_T_minus_H,1993,snapshot_before_installation
97196,1993-12-03,PVC,300.0,2015.0,-22.0,0,0,5,UNION ST,negative_T_minus_H_minus_4y,1993,snapshot_before_installation
134942,1993-12-08,PVC,150.0,2018.0,-25.0,0,0,5,GUELPH ST,negative_T_minus_H_minus_5y,1993,snapshot_before_installation
65520,1993-12-11,PVC,50.0,2000.0,-7.0,0,0,5,WILSON AVE,negative_T_minus_H_minus_2y,1993,snapshot_before_installation
76470,1993-12-12,PVC,150.0,2010.0,-17.0,0,0,5,DIXON ST,negative_T_minus_H_minus_4y,1993,snapshot_before_installation
76470,1993-12-13,PVC,150.0,2010.0,-17.0,0,0,5,DIXON ST,negative_T_minus_H_minus_4y,1993,snapshot_before_installation
133120,1993-12-19,PVC,150.0,2016.0,-23.0,0,0,5,PANDORA AVE N,negative_T_minus_H_minus_4y,1993,snapshot_before_installation
7400,1993-12-19,PVC,150.0,2008.0,-15.0,0,0,5,CLARK AVE,negative_T_minus_H_minus_4y,1993,snapshot_before_installation
76172,1993-12-22,PVC,150.0,2008.0,-15.0,0,1,5,GUELPH ST,positive_T_minus_H,1993,snapshot_before_installation
133118,1993-12-23,PVC,150.0,2016.0,-23.0,0,0,5,GLENDALE RD,negative_T_minus_H_minus_4y,1993,snapshot_before_installation
134694,1993-12-24,PVC,150.0,2017.0,-24.0,0,0,5,KARN ST,negative_T_minus_H_minus_5y,1993,snapshot_before_installation
69383,1993-12-24,PVC,150.0,2008.0,-15.0,0,1,5,MADISON AVE S,positive_T_minus_H,1993,snapshot_before_installation
97074,1993-12-24,PVC,150.0,2013.0,-20.0,0,0,5,STIRLING AVE N,negative_T_minus_H_minus_4y,1993,snapshot_before_installation
72660,1993-12-26,PVC,150.0,2005.0,-12.0,0,1,5,SPADINA RD E,positive_T_minus_H,1993,snapshot_before_installation
134846,1993-12-29,PVC,150.0,2016.0,-23.0,0,0,5,MEINZINGER AVE,negative_T_minus_H_minus_1y,1993,snapshot_before_installation
69123,1993-12-31,PVC,150.0,2009.0,-16.0,0,1,5,VANIER DR,positive_T_minus_H,1993,snapshot_before_installation
65340,1994-01-03,PVC,300.0,2000.0,-6.0,0,1,5,KING ST E,positive_T_minus_H,1994,snapshot_before_installation
133140,1994-01-07,PVC,150.0,2016.0,-22.0,0,0,5,VISTA CRES,negative_T_minus_H_minus_1y,1994,snapshot_before_installation
7390,1994-01-09,PVC,150.0,2008.0,-14.0,0,1,5,CLARK AVE,positive_T_minus_H,1994,snapshot_before_installation
134846,1994-01-13,PVC,150.0,2016.0,-22.0,0,1,5,MEINZINGER AVE,positive_T_minus_H,1994,snapshot_before_installation
86546,1994-01-13,PVC,200.0,2008.0,-14.0,0,0,5,VANIER DR,negative_T_minus_H_minus_5y,1994,snapshot_before_installation
76462,1994-01-14,PVC,150.0,2010.0,-16.0,0,0,5,DIXON ST,negative_T_minus_H_minus_3y,1994,snapshot_before_installation
81374,1994-01-17,PVC,300.0,2008.0,-14.0,0,0,5,VICTORIA ST N,negative_T_minus_H_minus_1y,1994,snapshot_before_installation
4742364,1994-01-19,PE,25.0,2018.0,-24.0,0,1,5,SCHWEITZER ST,positive_T_minus_H,1994,snapshot_before_installation
98328,1994-01-19,PVCO,150.0,2016.0,-22.0,0,0,5,RUSSEL ST,negative_T_minus_H_minus_5y,1994,snapshot_before_installation
86558,1994-01-20,PVC,150.0,2010.0,-16.0,0,0,5,PLYMOUTH RD,negative_T_minus_H_minus_4y,1994,snapshot_before_installation
78180,1994-01-22,PVC,150.0,2015.0,-21.0,0,0,5,COURTLAND AVE E,negative_T_minus_H_minus_4y,1994,snapshot_before_installation
97190,1994-01-26,PVC,300.0,2015.0,-21.0,0,0,5,UNION ST,negative_T_minus_H_minus_4y,1994,snapshot_before_installation
76692,1994-01-27,PVC,150.0,2010.0,-16.0,0,0,5,MELROSE AVE,negative_T_minus_H_minus_2y,1994,snapshot_before_installation
83320,1994-01-28,PVC,150.0,2005.0,-11.0,0,0,5,SPADINA RD E,negative_T_minus_H_minus_1y,1994,snapshot_before_installation
77106,1994-01-30,PVC,150.0,2012.0,-18.0,0,0,5,GRIFFIN AVE,negative_T_minus_H_minus_4y,1994,snapshot_before_installation
134920,1994-02-01,PVCO,300.0,2017.0,-23.0,0,0,5,KEHL ST,negative_T_minus_H_minus_4y,1994,snapshot_before_installation
69385,1994-02-01,PVC,150.0,2008.0,-14.0,0,0,5,CLIVE RD,negative_T_minus_H_minus_2y,1994,snapshot_before_installation
7400,1994-02-01,PVC,150.0,2008.0,-14.0,0,0,5,CLARK AVE,negative_T_minus_H_minus_5y,1994,snapshot_before_installation
133118,1994-02-02,PVC,150.0,2016.0,-22.0,0,0,5,GLENDALE RD,negative_T_minus_H_minus_1y,1994,snapshot_before_installation
76470,1994-02-02,PVC,150.0,2010.0,-16.0,0,0,5,DIXON ST,negative_T_minus_H_minus_5y,1994,snapshot_before_installation
62530,1994-02-04,PVC,150.0,1999.0,-5.0,0,1,5,BROADMOOR AVE,positive_T_minus_H,1994,snapshot_before_installation
73200,1994-02-04,CPP,600.0,2006.0,-12.0,0,0,5,VICTORIA ST S,negative_T_minus_H_minus_2y,1994,snapshot_before_installation
76727,1994-02-04,PVC,150.0,2010.0,-16.0,0,1,5,PLYMOUTH RD,positive_T_minus_H,1994,snapshot_before_installation
83222,1994-02-06,PVC,150.0,2008.0,-14.0,0,0,5,CLIVE RD,negative_T_minus_H_minus_5y,1994,snapshot_before_installation
136074,1994-02-08,HDPE,150.0,2017.0,-23.0,0,0,5,GUELPH ST,negative_T_minus_H_minus_2y,1994,snapshot_before_installation
139634,1994-02-08,PVC,300.0,2018.0,-24.0,0,0,5,BRAMM ST,negative_T_minus_H_minus_5y,1994,snapshot_before_installation
87374,1994-02-08,PVC,150.0,2008.0,-14.0,0,0,5,CLARK AVE,negative_T_minus_H_minus_1y,1994,snapshot_before_installation
133122,1994-02-10,PVC,150.0,2016.0,-22.0,0,0,5,PANDORA AVE N,negative_T_minus_H_minus_2y,1994,snapshot_before_installation
67000,1994-02-10,PVC,150.0,2001.0,-7.0,0,0,5,MANSION ST,negative_T_minus_H_minus_2y,1994,snapshot_before_installation
69385,1994-02-10,PVC,150.0,2008.0,-14.0,0,0,5,CLIVE RD,negative_T_minus_H_minus_4y,1994,snapshot_before_installation
76062,1994-02-10,PVC,150.0,2009.0,-15.0,0,0,5,WOODSIDE AVE,negative_T_minus_H_minus_4y,1994,snapshot_before_installation
83222,1994-02-10,PVC,150.0,2008.0,-14.0,0,0,5,CLIVE RD,negative_T_minus_H_minus_1y,1994,snapshot_before_installation
72650,1994-02-12,PVC,150.0,2005.0,-11.0,0,0,5,IRVIN ST,negative_T_minus_H_minus_2y,1994,snapshot_before_installation
77106,1994-02-12,PVC,150.0,2012.0,-18.0,0,1,5,GRIFFIN AVE,positive_T_minus_H,1994,snapshot_before_installation
4710,1994-02-13,PVC,150.0,2008.0,-14.0,0,1,5,BROADMOOR AVE,positive_T_minus_H,1994,snapshot_before_installation
76027,1994-02-14,PVC,300.0,2007.0,-13.0,0,0,5,WATER ST S,negative_T_minus_H_minus_1y,1994,snapshot_before_installation
76854,1994-02-14,PVC,150.0,2010.0,-16.0,0,0,5,PLYMOUTH RD,negative_T_minus_H_minus_1y,1994,snapshot_before_installation
83826,1994-02-15,PVC,150.0,1995.0,-1.0,0,0,5,FAIRWAY CRES,negative_T_minus_H_minus_4y,1994,snapshot_before_installation
76688,1994-02-18,PVC,150.0,2010.0,-16.0,0,0,5,MELROSE AVE,negative_T_minus_H_minus_4y,1994,snapshot_before_installation
135880,1994-02-25,PVCO,300.0,2017.0,-23.0,0,0,5,BELMONT AVE W,negative_T_minus_H_minus_4y,1994,snapshot_before_installation
133122,1994-02-26,PVC,150.0,2016.0,-22.0,0,0,5,PANDORA AVE N,negative_T_minus_H_minus_4y,1994,snapshot_before_installation
62240,1994-02-26,PVC,150.0,1999.0,-5.0,0,0,5,BROADVIEW AVE,negative_T_minus_H_minus_2y,1994,snapshot_before_installation
69125,1994-02-26,PVC,200.0,2008.0,-14.0,0,0,5,VANIER DR,negative_T_minus_H_minus_4y,1994,snapshot_before_installation
69124,1994-02-28,PVC,200.0,2008.0,-14.0,0,0,5,VANIER DR,negative_T_minus_H_minus_4y,1994,snapshot_before_installation
136074,1994-03-02,HDPE,150.0,2017.0,-23.0,0,1,5,GUELPH ST,positive_T_minus_H,1994,snapshot_before_installation
69385,1994-03-02,PVC,150.0,2008.0,-14.0,0,0,5,CLIVE RD,negative_T_minus_H_minus_4y,1994,snapshot_before_installation
76690,1994-03-03,PVC,150.0,2010.0,-16.0,0,0,5,MELROSE AVE,negative_T_minus_H_minus_4y,1994,snapshot_before_installation
76461,1994-03-06,PVC,150.0,2010.0,-16.0,0,0,5,DIXON ST,negative_T_minus_H_minus_1y,1994,snapshot_before_installation
133118,1994-03-10,PVC,150.0,2016.0,-22.0,0,0,5,GLENDALE RD,negative_T_minus_H_minus_4y,1994,snapshot_before_installation
133420,1994-03-14,PVCO,150.0,2014.0,-20.0,0,0,5,STIRLING AVE N,negative_T_minus_H_minus_4y,1994,snapshot_before_installation
133420,1994-03-24,PVCO,150.0,2014.0,-20.0,0,1,5,STIRLING AVE N,positive_T_minus_H,1994,snapshot_before_installation
97354,1994-04-05,PVC,150.0,2015.0,-21.0,0,1,5,BLOOMINGDALE RD,positive_T_minus_H,1994,snapshot_before_installation
62030,1994-04-17,PVC,300.0,1999.0,-5.0,0,0,5,WEBER ST E,negative_T_minus_H_minus_4y,1994,snapshot_before_installation
69178,1994-05-14,PVC,300.0,2008.0,-14.0,0,0,5,VICTORIA ST N,negative_T_minus_H_minus_3y,1994,snapshot_before_installation
134842,1994-05-16,PVC,150.0,2016.0,-22.0,0,0,5,DONLEY ST,negative_T_minus_H_minus_3y,1994,snapshot_before_installation
76470,1994-05-16,PVC,150.0,2010.0,-16.0,0,0,5,DIXON ST,negative_T_minus_H_minus_3y,1994,snapshot_before_installation
98272,1994-05-16,PVC,600.0,2008.0,-14.0,0,0,5,VICTORIA ST N,negative_T_minus_H_minus_2y,1994,snapshot_before_installation
91264,1994-05-17,PVC,150.0,1995.0,-1.0,0,1,5,FAIRWAY CRT,positive_T_minus_H,1994,snapshot_before_installation
69510,1994-05-22,PVC,300.0,2003.0,-9.0,0,0,5,WEBER ST W,negative_T_minus_H_minus_3y,1994,snapshot_before_installation
69530,1994-05-22,PVC,300.0,2003.0,-9.0,0,0,5,WEBER ST W,negative_T_minus_H_minus_4y,1994,snapshot_before_installation
66280,1994-05-24,PVC,50.0,2001.0,-7.0,0,0,5,HERMIE PL,negative_T_minus_H_minus_2y,1994,snapshot_before_installation
76741,1994-05-30,PVC,300.0,2010.0,-16.0,0,0,5,MT HOPE ST,negative_T_minus_H_minus_3y,1994,snapshot_before_installation
76742,1994-06-03,PVC,300.0,2010.0,-16.0,0,0,5,MT HOPE ST,negative_T_minus_H_minus_3y,1994,snapshot_before_installation
88946,1994-06-18,PVC,200.0,2010.0,-16.0,0,0,5,PARK ST,negative_T_minus_H_minus_5y,1994,snapshot_before_installation
134498,1994-06-30,PVC,300.0,2017.0,-23.0,0,0,5,KRUG ST,negative_T_minus_H_minus_1y,1994,snapshot_before_installation
66280,1994-07-03,PVC,50.0,2001.0,-7.0,0,0,5,HERMIE PL,negative_T_minus_H_minus_2y,1994,snapshot_before_installation
66280,1994-07-06,PVC,50.0,2001.0,-7.0,0,0,5,HERMIE PL,negative_T_minus_H_minus_2y,1994,snapshot_before_installation
76454,1994-07-12,PVC,300.0,2010.0,-16.0,0,0,5,HILDA PL,negative_T_minus_H_minus_4y,1994,snapshot_before_installation
83826,1994-07-15,PVC,150.0,1995.0,-1.0,0,1,5,FAIRWAY CRES,positive_T_minus_H,1994,snapshot_before_installation
76734,1994-07-23,PVC,300.0,2010.0,-16.0,0,0,5,PARK ST,negative_T_minus_H_minus_3y,1994,snapshot_before_installation
76590,1994-07-25,PVC,200.0,2010.0,-16.0,0,0,5,OAK ST,negative_T_minus_H_minus_3y,1994,snapshot_before_installation
69571,1994-07-26,CPP,600.0,2004.0,-10.0,0,1,5,VICTORIA ST S,positive_T_minus_H,1994,snapshot_before_installation
135042,1994-08-03,PVC,150.0,2018.0,-24.0,0,0,5,METZLOFF DR,negative_T_minus_H_minus_3y,1994,snapshot_before_installation
86588,1994-08-17,PVC,150.0,2010.0,-16.0,0,0,5,MICHAEL ST,negative_T_minus_H_minus_5y,1994,snapshot_before_installation
97950,1994-08-28,PVC,300.0,2012.0,-18.0,0,0,5,MILL ST,negative_T_minus_H_minus_2y,1994,snapshot_before_installation
66220,1994-08-30,PVC,300.0,2001.0,-7.0,0,0,5,COLLEGE ST,negative_T_minus_H_minus_1y,1994,snapshot_before_installation
96958,1994-09-14,PVC,450.0,2014.0,-20.0,0,0,5,GLASGOW ST,negative_T_minus_H_minus_4y,1994,snapshot_before_installation
69125,1994-09-15,PVC,200.0,2008.0,-14.0,0,0,5,VANIER DR,negative_T_minus_H_minus_1y,1994,snapshot_before_installation
66570,1994-09-21,PVC,150.0,2001.0,-7.0,0,0,5,CHURCH ST,negative_T_minus_H_minus_1y,1994,snapshot_before_installation
73200,1994-09-21,CPP,600.0,2006.0,-12.0,0,0,5,VICTORIA ST S,negative_T_minus_H_minus_1y,1994,snapshot_before_installation
79000,1994-09-22,PVCO,300.0,2013.0,-19.0,0,0,5,GLASGOW ST,negative_T_minus_H_minus_4y,1994,snapshot_before_installation
76012,1994-10-01,PVC,150.0,2008.0,-14.0,0,0,5,CLARK AVE,negative_T_minus_H_minus_2y,1994,snapshot_before_installation
76461,1994-10-02,PVC,150.0,2010.0,-16.0,0,0,5,DIXON ST,negative_T_minus_H_minus_2y,1994,snapshot_before_installation
65370,1994-10-07,PVC,300.0,2000.0,-6.0,0,1,5,KING ST E,positive_T_minus_H,1994,snapshot_before_installation
81796,1994-10-17,CPP,600.0,2004.0,-10.0,0,0,5,VICTORIA ST S,negative_T_minus_H_minus_3y,1994,snapshot_before_installation
76485,1994-10-20,HDPE,600.0,2009.0,-15.0,0,0,5,GAGE AVE,negative_T_minus_H_minus_2y,1994,snapshot_before_installation
59400,1994-10-25,DI,150.0,1996.0,-2.0,0,0,5,WHITNEY PL,negative_T_minus_H_minus_3y,1994,snapshot_before_installation
66930,1994-10-30,PVC,150.0,2001.0,-7.0,0,0,5,GORDON AVE,negative_T_minus_H_minus_3y,1994,snapshot_before_installation
69124,1994-10-31,PVC,200.0,2008.0,-14.0,0,0,5,VANIER DR,negative_T_minus_H_minus_2y,1994,snapshot_before_installation
97188,1994-11-07,PVC,300.0,2015.0,-21.0,0,0,5,MAPLE AVE,negative_T_minus_H_minus_5y,1994,snapshot_before_installation
134836,1994-11-15,PVC,150.0,2016.0,-22.0,0,0,5,KELVIN AVE,negative_T_minus_H_minus_2y,1994,snapshot_before_installation
81084,1994-11-21,PVC,300.0,2008.0,-14.0,0,0,5,VICTORIA ST N,negative_T_minus_H_minus_2y,1994,snapshot_before_installation
133148,1994-11-23,PVC,150.0,2016.0,-22.0,0,0,5,LAKESIDE DR,negative_T_minus_H_minus_4y,1994,snapshot_before_installation
135042,1994-11-23,PVC,150.0,2018.0,-24.0,0,0,5,METZLOFF DR,negative_T_minus_H_minus_3y,1994,snapshot_before_installation
98350,1994-11-23,PVCO,200.0,2011.0,-17.0,0,1,5,WOOLWICH ST,positive_T_minus_H,1994,snapshot_before_installation
80284,1994-11-26,PVC,150.0,2011.0,-17.0,0,0,5,KENT AVE,negative_T_minus_H_minus_3y,1994,snapshot_before_installation
69315,1994-11-29,PVC,300.0,2008.0,-14.0,0,0,5,WATER ST N,negative_T_minus_H_minus_1y,1994,snapshot_before_installation
76497,1994-11-30,HDPE,200.0,2010.0,-16.0,0,0,5,GREENBROOK DR,negative_T_minus_H_minus_3y,1994,snapshot_before_installation
134694,1994-12-02,PVC,150.0,2017.0,-23.0,0,0,5,KARN ST,negative_T_minus_H_minus_3y,1994,snapshot_before_installation
97196,1994-12-03,PVC,300.0,2015.0,-21.0,0,0,5,UNION ST,negative_T_minus_H_minus_3y,1994,snapshot_before_installation
98342,1994-12-04,PVCO,200.0,2011.0,-17.0,0,1,5,WOOLWICH ST,positive_T_minus_H,1994,snapshot_before_installation
134942,1994-12-08,PVC,150.0,2018.0,-24.0,0,0,5,GUELPH ST,negative_T_minus_H_minus_4y,1994,snapshot_before_installation
65520,1994-12-11,PVC,50.0,2000.0,-6.0,0,0,5,WILSON AVE,negative_T_minus_H_minus_1y,1994,snapshot_before_installation
76470,1994-12-12,PVC,150.0,2010.0,-16.0,0,0,5,DIXON ST,negative_T_minus_H_minus_3y,1994,snapshot_before_installation
76470,1994-12-13,PVC,150.0,2010.0,-16.0,0,0,5,DIXON ST,negative_T_minus_H_minus_3y,1994,snapshot_before_installation
76462,1994-12-17,PVC,150.0,2010.0,-16.0,0,0,5,DIXON ST,negative_T_minus_H_minus_5y,1994,snapshot_before_installation
133120,1994-12-19,PVC,150.0,2016.0,-22.0,0,0,5,PANDORA AVE N,negative_T_minus_H_minus_3y,1994,snapshot_before_installation
7400,1994-12-19,PVC,150.0,2008.0,-14.0,0,0,5,CLARK AVE,negative_T_minus_H_minus_3y,1994,snapshot_before_installation
76420,1994-12-19,PVC,150.0,2009.0,-15.0,0,0,5,BISMARK AVE,negative_T_minus_H_minus_5y,1994,snapshot_before_installation
82512,1994-12-19,PVC,300.0,2013.0,-19.0,0,0,5,QUEEN ST S,negative_T_minus_H_minus_5y,1994,snapshot_before_installation
133118,1994-12-23,PVC,150.0,2016.0,-22.0,0,0,5,GLENDALE RD,negative_T_minus_H_minus_3y,1994,snapshot_before_installation
134694,1994-12-24,PVC,150.0,2017.0,-23.0,0,0,5,KARN ST,negative_T_minus_H_minus_4y,1994,snapshot_before_installation
77368,1994-12-24,PVCO,150.0,2011.0,-17.0,0,0,5,SPADINA RD E,negative_T_minus_H_minus_5y,1994,snapshot_before_installation
97074,1994-12-24,PVC,150.0,2013.0,-19.0,0,0,5,STIRLING AVE N,negative_T_minus_H_minus_3y,1994,snapshot_before_installation
76156,1994-12-25,PVC,300.0,2008.0,-14.0,0,1,5,BREITHAUPT ST,positive_T_minus_H,1994,snapshot_before_installation
134846,1994-12-29,PVC,150.0,2016.0,-22.0,0,1,5,MEINZINGER AVE,positive_T_minus_H,1994,snapshot_before_installation
97124,1994-12-30,PVCO,300.0,2015.0,-21.0,0,0,5,HIGHLAND RD W,negative_T_minus_H_minus_5y,1994,snapshot_before_installation
133140,1995-01-07,PVC,150.0,2016.0,-21.0,0,1,5,VISTA CRES,positive_T_minus_H,1995,snapshot_before_installation
86546,1995-01-13,PVC,200.0,2008.0,-13.0,0,0,5,VANIER DR,negative_T_minus_H_minus_4y,1995,snapshot_before_installation
76462,1995-01-14,PVC,150.0,2010.0,-15.0,0,0,5,DIXON ST,negative_T_minus_H_minus_2y,1995,snapshot_before_installation
81374,1995-01-17,PVC,300.0,2008.0,-13.0,0,1,5,VICTORIA ST N,positive_T_minus_H,1995,snapshot_before_installation
98328,1995-01-19,PVCO,150.0,2016.0,-21.0,0,0,5,RUSSEL ST,negative_T_minus_H_minus_4y,1995,snapshot_before_installation
86558,1995-01-20,PVC,150.0,2010.0,-15.0,0,0,5,PLYMOUTH RD,negative_T_minus_H_minus_3y,1995,snapshot_before_installation
78180,1995-01-22,PVC,150.0,2015.0,-20.0,0,0,5,COURTLAND AVE E,negative_T_minus_H_minus_3y,1995,snapshot_before_installation
97190,1995-01-26,PVC,300.0,2015.0,-20.0,0,0,5,UNION ST,negative_T_minus_H_minus_3y,1995,snapshot_before_installation
76692,1995-01-27,PVC,150.0,2010.0,-15.0,0,0,5,MELROSE AVE,negative_T_minus_H_minus_1y,1995,snapshot_before_installation
83320,1995-01-28,PVC,150.0,2005.0,-10.0,0,1,5,SPADINA RD E,positive_T_minus_H,1995,snapshot_before_installation
133156,1995-01-29,PVC,150.0,2016.0,-21.0,0,0,5,LAKESIDE DR,negative_T_minus_H_minus_5y,1995,snapshot_before_installation
72730,1995-01-29,PVC,150.0,2005.0,-10.0,0,0,5,RUBY ST,negative_T_minus_H_minus_5y,1995,snapshot_before_installation
76686,1995-01-29,PVC,150.0,2010.0,-15.0,0,0,5,MELROSE AVE,negative_T_minus_H_minus_5y,1995,snapshot_before_installation
135920,1995-01-30,PVCO,150.0,2017.0,-22.0,0,0,5,EDGEWOOD DR,negative_T_minus_H_minus_5y,1995,snapshot_before_installation
134920,1995-02-01,PVCO,300.0,2017.0,-22.0,0,0,5,KEHL ST,negative_T_minus_H_minus_3y,1995,snapshot_before_installation
69385,1995-02-01,PVC,150.0,2008.0,-13.0,0,0,5,CLIVE RD,negative_T_minus_H_minus_1y,1995,snapshot_before_installation
7400,1995-02-01,PVC,150.0,2008.0,-13.0,0,0,5,CLARK AVE,negative_T_minus_H_minus_4y,1995,snapshot_before_installation
133118,1995-02-02,PVC,150.0,2016.0,-21.0,0,1,5,GLENDALE RD,positive_T_minus_H,1995,snapshot_before_installation
69123,1995-02-02,PVC,150.0,2009.0,-14.0,0,1,5,VANIER DR,positive_T_minus_H,1995,snapshot_before_installation
76470,1995-02-02,PVC,150.0,2010.0,-15.0,0,0,5,DIXON ST,negative_T_minus_H_minus_4y,1995,snapshot_before_installation
73200,1995-02-04,CPP,600.0,2006.0,-11.0,0,0,5,VICTORIA ST S,negative_T_minus_H_minus_1y,1995,snapshot_before_installation
83222,1995-02-06,PVC,150.0,2008.0,-13.0,0,0,5,CLIVE RD,negative_T_minus_H_minus_4y,1995,snapshot_before_installation
139634,1995-02-08,PVC,300.0,2018.0,-23.0,0,0,5,BRAMM ST,negative_T_minus_H_minus_4y,1995,snapshot_before_installation
87374,1995-02-08,PVC,150.0,2008.0,-13.0,0,1,5,CLARK AVE,positive_T_minus_H,1995,snapshot_before_installation
133122,1995-02-10,PVC,150.0,2016.0,-21.0,0,0,5,PANDORA AVE N,negative_T_minus_H_minus_1y,1995,snapshot_before_installation
67000,1995-02-10,PVC,150.0,2001.0,-6.0,0,0,5,MANSION ST,negative_T_minus_H_minus_1y,1995,snapshot_before_installation
69385,1995-02-10,PVC,150.0,2008.0,-13.0,0,0,5,CLIVE RD,negative_T_minus_H_minus_3y,1995,snapshot_before_installation
73850,1995-02-10,PVC,300.0,2006.0,-11.0,0,0,5,MADISON AVE N,negative_T_minus_H_minus_5y,1995,snapshot_before_installation
76062,1995-02-10,PVC,150.0,2009.0,-14.0,0,0,5,WOODSIDE AVE,negative_T_minus_H_minus_3y,1995,snapshot_before_installation
83222,1995-02-10,PVC,150.0,2008.0,-13.0,0,1,5,CLIVE RD,positive_T_minus_H,1995,snapshot_before_installation
72650,1995-02-12,PVC,150.0,2005.0,-10.0,0,0,5,IRVIN ST,negative_T_minus_H_minus_1y,1995,snapshot_before_installation
77106,1995-02-13,PVC,150.0,2012.0,-17.0,0,1,5,GRIFFIN AVE,positive_T_minus_H,1995,snapshot_before_installation
76027,1995-02-14,PVC,300.0,2007.0,-12.0,0,1,5,WATER ST S,positive_T_minus_H,1995,snapshot_before_installation
76854,1995-02-14,PVC,150.0,2010.0,-15.0,0,1,5,PLYMOUTH RD,positive_T_minus_H,1995,snapshot_before_installation
82512,1995-02-17,PVC,300.0,2013.0,-18.0,0,0,5,QUEEN ST S,negative_T_minus_H_minus_5y,1995,snapshot_before_installation
76688,1995-02-18,PVC,150.0,2010.0,-15.0,0,0,5,MELROSE AVE,negative_T_minus_H_minus_3y,1995,snapshot_before_installation
133708,1995-02-20,PVC,200.0,2015.0,-20.0,0,0,5,SIEBERT AVE,negative_T_minus_H_minus_5y,1995,snapshot_before_installation
98394,1995-02-22,PVCO,150.0,2014.0,-19.0,0,0,5,LYDIA ST,negative_T_minus_H_minus_5y,1995,snapshot_before_installation
135880,1995-02-25,PVCO,300.0,2017.0,-22.0,0,0,5,BELMONT AVE W,negative_T_minus_H_minus_3y,1995,snapshot_before_installation
133122,1995-02-26,PVC,150.0,2016.0,-21.0,0,0,5,PANDORA AVE N,negative_T_minus_H_minus_3y,1995,snapshot_before_installation
62240,1995-02-26,PVC,150.0,1999.0,-4.0,0,0,5,BROADVIEW AVE,negative_T_minus_H_minus_1y,1995,snapshot_before_installation
69125,1995-02-26,PVC,200.0,2008.0,-13.0,0,0,5,VANIER DR,negative_T_minus_H_minus_3y,1995,snapshot_before_installation
69124,1995-02-28,PVC,200.0,2008.0,-13.0,0,0,5,VANIER DR,negative_T_minus_H_minus_3y,1995,snapshot_before_installation
76688,1995-03-01,PVC,150.0,2010.0,-15.0,0,0,5,MELROSE AVE,negative_T_minus_H_minus_5y,1995,snapshot_before_installation
69385,1995-03-02,PVC,150.0,2008.0,-13.0,0,0,5,CLIVE RD,negative_T_minus_H_minus_3y,1995,snapshot_before_installation
76690,1995-03-03,PVC,150.0,2010.0,-15.0,0,0,5,MELROSE AVE,negative_T_minus_H_minus_3y,1995,snapshot_before_installation
76461,1995-03-06,PVC,150.0,2010.0,-15.0,0,1,5,DIXON ST,positive_T_minus_H,1995,snapshot_before_installation
77192,1995-03-06,PVC,150.0,2011.0,-16.0,0,0,5,ELLIS AVE,negative_T_minus_H_minus_5y,1995,snapshot_before_installation
76690,1995-03-07,PVC,150.0,2010.0,-15.0,0,0,5,MELROSE AVE,negative_T_minus_H_minus_5y,1995,snapshot_before_installation
98274,1995-03-14,PVC,150.0,2016.0,-21.0,0,0,5,DUCHESS AVE,negative_T_minus_H_minus_5y,1995,snapshot_before_installation
62030,1995-04-17,PVC,300.0,1999.0,-4.0,0,0,5,WEBER ST E,negative_T_minus_H_minus_3y,1995,snapshot_before_installation
76151,1995-05-09,PVC,300.0,2009.0,-14.0,0,0,5,BREITHAUPT ST,negative_T_minus_H_minus_5y,1995,snapshot_before_installation
69178,1995-05-14,PVC,300.0,2008.0,-13.0,0,0,5,VICTORIA ST N,negative_T_minus_H_minus_2y,1995,snapshot_before_installation
134842,1995-05-16,PVC,150.0,2016.0,-21.0,0,0,5,DONLEY ST,negative_T_minus_H_minus_2y,1995,snapshot_before_installation
68811,1995-05-16,PVC,600.0,2008.0,-13.0,0,0,5,VICTORIA ST N,negative_T_minus_H_minus_5y,1995,snapshot_before_installation
76470,1995-05-16,PVC,150.0,2010.0,-15.0,0,0,5,DIXON ST,negative_T_minus_H_minus_2y,1995,snapshot_before_installation
98272,1995-05-16,PVC,600.0,2008.0,-13.0,0,0,5,VICTORIA ST N,negative_T_minus_H_minus_1y,1995,snapshot_before_installation
69510,1995-05-22,PVC,300.0,2003.0,-8.0,0,0,5,WEBER ST W,negative_T_minus_H_minus_2y,1995,snapshot_before_installation
69530,1995-05-22,PVC,300.0,2003.0,-8.0,0,0,5,WEBER ST W,negative_T_minus_H_minus_3y,1995,snapshot_before_installation
66280,1995-05-24,PVC,50.0,2001.0,-6.0,0,0,5,HERMIE PL,negative_T_minus_H_minus_1y,1995,snapshot_before_installation
76741,1995-05-30,PVC,300.0,2010.0,-15.0,0,0,5,MT HOPE ST,negative_T_minus_H_minus_2y,1995,snapshot_before_installation
76742,1995-06-03,PVC,300.0,2010.0,-15.0,0,0,5,MT HOPE ST,negative_T_minus_H_minus_2y,1995,snapshot_before_installation
88946,1995-06-18,PVC,200.0,2010.0,-15.0,0,0,5,PARK ST,negative_T_minus_H_minus_4y,1995,snapshot_before_installation
134498,1995-06-30,PVC,300.0,2017.0,-22.0,0,1,5,KRUG ST,positive_T_minus_H,1995,snapshot_before_installation
66280,1995-07-03,PVC,50.0,2001.0,-6.0,0,0,5,HERMIE PL,negative_T_minus_H_minus_1y,1995,snapshot_before_installation
66280,1995-07-06,PVC,50.0,2001.0,-6.0,0,0,5,HERMIE PL,negative_T_minus_H_minus_1y,1995,snapshot_before_installation
76454,1995-07-12,PVC,300.0,2010.0,-15.0,0,0,5,HILDA PL,negative_T_minus_H_minus_3y,1995,snapshot_before_installation
134842,1995-07-20,PVC,150.0,2016.0,-21.0,0,0,5,DONLEY ST,negative_T_minus_H_minus_5y,1995,snapshot_before_installation
76734,1995-07-23,PVC,300.0,2010.0,-15.0,0,0,5,PARK ST,negative_T_minus_H_minus_2y,1995,snapshot_before_installation
76590,1995-07-25,PVC,200.0,2010.0,-15.0,0,0,5,OAK ST,negative_T_minus_H_minus_2y,1995,snapshot_before_installation
135042,1995-08-03,PVC,150.0,2018.0,-23.0,0,0,5,METZLOFF DR,negative_T_minus_H_minus_2y,1995,snapshot_before_installation
97276,1995-08-16,PVC,150.0,2015.0,-20.0,0,0,5,BRIDGE ST E,negative_T_minus_H_minus_5y,1995,snapshot_before_installation
86588,1995-08-17,PVC,150.0,2010.0,-15.0,0,0,5,MICHAEL ST,negative_T_minus_H_minus_4y,1995,snapshot_before_installation
97950,1995-08-28,PVC,300.0,2012.0,-17.0,0,0,5,MILL ST,negative_T_minus_H_minus_1y,1995,snapshot_before_installation
66220,1995-08-30,PVC,300.0,2001.0,-6.0,0,1,5,COLLEGE ST,positive_T_minus_H,1995,snapshot_before_installation
69383,1995-08-30,PVC,150.0,2008.0,-13.0,0,1,5,MADISON AVE S,positive_T_minus_H,1995,snapshot_before_installation
76485,1995-09-02,HDPE,600.0,2009.0,-14.0,0,0,5,GAGE AVE,negative_T_minus_H_minus_5y,1995,snapshot_before_installation
96958,1995-09-14,PVC,450.0,2014.0,-19.0,0,0,5,GLASGOW ST,negative_T_minus_H_minus_3y,1995,snapshot_before_installation
69125,1995-09-15,PVC,200.0,2008.0,-13.0,0,1,5,VANIER DR,positive_T_minus_H,1995,snapshot_before_installation
66570,1995-09-21,PVC,150.0,2001.0,-6.0,0,1,5,CHURCH ST,positive_T_minus_H,1995,snapshot_before_installation
73200,1995-09-21,CPP,600.0,2006.0,-11.0,0,1,5,VICTORIA ST S,positive_T_minus_H,1995,snapshot_before_installation
79000,1995-09-22,PVCO,300.0,2013.0,-18.0,0,0,5,GLASGOW ST,negative_T_minus_H_minus_3y,1995,snapshot_before_installation
76012,1995-10-01,PVC,150.0,2008.0,-13.0,0,0,5,CLARK AVE,negative_T_minus_H_minus_1y,1995,snapshot_before_installation
81796,1995-10-17,CPP,600.0,2004.0,-9.0,0,0,5,VICTORIA ST S,negative_T_minus_H_minus_2y,1995,snapshot_before_installation
76485,1995-10-20,HDPE,600.0,2009.0,-14.0,0,0,5,GAGE AVE,negative_T_minus_H_minus_1y,1995,snapshot_before_installation
59400,1995-10-25,DI,150.0,1996.0,-1.0,0,0,5,WHITNEY PL,negative_T_minus_H_minus_2y,1995,snapshot_before_installation
66930,1995-10-30,PVC,150.0,2001.0,-6.0,0,0,5,GORDON AVE,negative_T_minus_H_minus_2y,1995,snapshot_before_installation
69124,1995-10-31,PVC,200.0,2008.0,-13.0,0,0,5,VANIER DR,negative_T_minus_H_minus_1y,1995,snapshot_before_installation
97188,1995-11-07,PVC,300.0,2015.0,-20.0,0,0,5,MAPLE AVE,negative_T_minus_H_minus_4y,1995,snapshot_before_installation
134836,1995-11-15,PVC,150.0,2016.0,-21.0,0,0,5,KELVIN AVE,negative_T_minus_H_minus_1y,1995,snapshot_before_installation
81084,1995-11-21,PVC,300.0,2008.0,-13.0,0,0,5,VICTORIA ST N,negative_T_minus_H_minus_1y,1995,snapshot_before_installation
133148,1995-11-23,PVC,150.0,2016.0,-21.0,0,0,5,LAKESIDE DR,negative_T_minus_H_minus_3y,1995,snapshot_before_installation
135042,1995-11-23,PVC,150.0,2018.0,-23.0,0,0,5,METZLOFF DR,negative_T_minus_H_minus_2y,1995,snapshot_before_installation
80284,1995-11-26,PVC,150.0,2011.0,-16.0,0,0,5,KENT AVE,negative_T_minus_H_minus_2y,1995,snapshot_before_installation
69315,1995-11-29,PVC,300.0,2008.0,-13.0,0,1,5,WATER ST N,positive_T_minus_H,1995,snapshot_before_installation
76497,1995-11-30,HDPE,200.0,2010.0,-15.0,0,0,5,GREENBROOK DR,negative_T_minus_H_minus_2y,1995,snapshot_before_installation
76066,1995-12-01,PVC,150.0,2009.0,-14.0,0,0,5,SCHNEIDER AVE,negative_T_minus_H_minus_5y,1995,snapshot_before_installation
134694,1995-12-02,PVC,150.0,2017.0,-22.0,0,0,5,KARN ST,negative_T_minus_H_minus_2y,1995,snapshot_before_installation
97196,1995-12-03,PVC,300.0,2015.0,-20.0,0,0,5,UNION ST,negative_T_minus_H_minus_2y,1995,snapshot_before_installation
134942,1995-12-08,PVC,150.0,2018.0,-23.0,0,0,5,GUELPH ST,negative_T_minus_H_minus_3y,1995,snapshot_before_installation
135644,1995-12-11,PVC,150.0,2018.0,-23.0,0,0,5,BOND ST,negative_T_minus_H_minus_5y,1995,snapshot_before_installation
65520,1995-12-11,PVC,50.0,2000.0,-5.0,0,1,5,WILSON AVE,positive_T_minus_H,1995,snapshot_before_installation
76470,1995-12-12,PVC,150.0,2010.0,-15.0,0,0,5,DIXON ST,negative_T_minus_H_minus_2y,1995,snapshot_before_installation
135600,1995-12-13,PVC,150.0,2018.0,-23.0,0,0,5,SHANTZ LANE,negative_T_minus_H_minus_5y,1995,snapshot_before_installation
76470,1995-12-13,PVC,150.0,2010.0,-15.0,0,0,5,DIXON ST,negative_T_minus_H_minus_2y,1995,snapshot_before_installation
76462,1995-12-17,PVC,150.0,2010.0,-15.0,0,0,5,DIXON ST,negative_T_minus_H_minus_4y,1995,snapshot_before_installation
133120,1995-12-19,PVC,150.0,2016.0,-21.0,0,0,5,PANDORA AVE N,negative_T_minus_H_minus_2y,1995,snapshot_before_installation
133202,1995-12-19,PVCB,450.0,2017.0,-22.0,0,0,5,MANITOU DR,negative_T_minus_H_minus_5y,1995,snapshot_before_installation
7400,1995-12-19,PVC,150.0,2008.0,-13.0,0,0,5,CLARK AVE,negative_T_minus_H_minus_2y,1995,snapshot_before_installation
76420,1995-12-19,PVC,150.0,2009.0,-14.0,0,0,5,BISMARK AVE,negative_T_minus_H_minus_4y,1995,snapshot_before_installation
82512,1995-12-19,PVC,300.0,2013.0,-18.0,0,0,5,QUEEN ST S,negative_T_minus_H_minus_4y,1995,snapshot_before_installation
134694,1995-12-24,PVC,150.0,2017.0,-22.0,0,0,5,KARN ST,negative_T_minus_H_minus_3y,1995,snapshot_before_installation
77368,1995-12-24,PVCO,150.0,2011.0,-16.0,0,0,5,SPADINA RD E,negative_T_minus_H_minus_4y,1995,snapshot_before_installation
97074,1995-12-24,PVC,150.0,2013.0,-18.0,0,0,5,STIRLING AVE N,negative_T_minus_H_minus_2y,1995,snapshot_before_installation
98344,1995-12-26,PVCO,200.0,2011.0,-16.0,0,0,5,WOOLWICH ST,negative_T_minus_H_minus_5y,1995,snapshot_before_installation
133934,1995-12-29,PVCO,300.0,2015.0,-20.0,0,0,5,SIMEON ST,negative_T_minus_H_minus_5y,1995,snapshot_before_installation
77368,1995-12-29,PVCO,150.0,2011.0,-16.0,0,0,5,SPADINA RD E,negative_T_minus_H_minus_5y,1995,snapshot_before_installation
97124,1995-12-30,PVCO,300.0,2015.0,-20.0,0,0,5,HIGHLAND RD W,negative_T_minus_H_minus_4y,1995,snapshot_before_installation
4710,1996-01-06,PVC,150.0,2008.0,-12.0,0,1,5,BROADMOOR AVE,positive_T_minus_H,1996,snapshot_before_installation
86546,1996-01-13,PVC,200.0,2008.0,-12.0,0,0,5,VANIER DR,negative_T_minus_H_minus_3y,1996,snapshot_before_installation
76462,1996-01-14,PVC,150.0,2010.0,-14.0,0,0,5,DIXON ST,negative_T_minus_H_minus_1y,1996,snapshot_before_installation
98328,1996-01-19,PVCO,150.0,2016.0,-20.0,0,0,5,RUSSEL ST,negative_T_minus_H_minus_3y,1996,snapshot_before_installation
86558,1996-01-20,PVC,150.0,2010.0,-14.0,0,0,5,PLYMOUTH RD,negative_T_minus_H_minus_2y,1996,snapshot_before_installation
78180,1996-01-22,PVC,150.0,2015.0,-19.0,0,0,5,COURTLAND AVE E,negative_T_minus_H_minus_2y,1996,snapshot_before_installation
97190,1996-01-26,PVC,300.0,2015.0,-19.0,0,0,5,UNION ST,negative_T_minus_H_minus_2y,1996,snapshot_before_installation
76692,1996-01-27,PVC,150.0,2010.0,-14.0,0,1,5,MELROSE AVE,positive_T_minus_H,1996,snapshot_before_installation
133156,1996-01-29,PVC,150.0,2016.0,-20.0,0,0,5,LAKESIDE DR,negative_T_minus_H_minus_4y,1996,snapshot_before_installation
72730,1996-01-29,PVC,150.0,2005.0,-9.0,0,0,5,RUBY ST,negative_T_minus_H_minus_4y,1996,snapshot_before_installation
76686,1996-01-29,PVC,150.0,2010.0,-14.0,0,0,5,MELROSE AVE,negative_T_minus_H_minus_4y,1996,snapshot_before_installation
133982,1996-01-30,PVC,150.0,2017.0,-21.0,0,0,5,FOURTH AVE,negative_T_minus_H_minus_5y,1996,snapshot_before_installation
135920,1996-01-30,PVCO,150.0,2017.0,-21.0,0,0,5,EDGEWOOD DR,negative_T_minus_H_minus_4y,1996,snapshot_before_installation
134920,1996-02-01,PVCO,300.0,2017.0,-21.0,0,0,5,KEHL ST,negative_T_minus_H_minus_2y,1996,snapshot_before_installation
69385,1996-02-01,PVC,150.0,2008.0,-12.0,0,1,5,CLIVE RD,positive_T_minus_H,1996,snapshot_before_installation
7400,1996-02-01,PVC,150.0,2008.0,-12.0,0,0,5,CLARK AVE,negative_T_minus_H_minus_3y,1996,snapshot_before_installation
76470,1996-02-02,PVC,150.0,2010.0,-14.0,0,0,5,DIXON ST,negative_T_minus_H_minus_3y,1996,snapshot_before_installation
73200,1996-02-04,CPP,600.0,2006.0,-10.0,0,1,5,VICTORIA ST S,positive_T_minus_H,1996,snapshot_before_installation
136074,1996-02-08,HDPE,150.0,2017.0,-21.0,0,1,5,GUELPH ST,positive_T_minus_H,1996,snapshot_before_installation
139634,1996-02-08,PVC,300.0,2018.0,-22.0,0,0,5,BRAMM ST,negative_T_minus_H_minus_3y,1996,snapshot_before_installation
133122,1996-02-10,PVC,150.0,2016.0,-20.0,0,1,5,PANDORA AVE N,positive_T_minus_H,1996,snapshot_before_installation
67000,1996-02-10,PVC,150.0,2001.0,-5.0,0,1,5,MANSION ST,positive_T_minus_H,1996,snapshot_before_installation
73850,1996-02-10,PVC,300.0,2006.0,-10.0,0,0,5,MADISON AVE N,negative_T_minus_H_minus_4y,1996,snapshot_before_installation
76062,1996-02-10,PVC,150.0,2009.0,-13.0,0,0,5,WOODSIDE AVE,negative_T_minus_H_minus_2y,1996,snapshot_before_installation
72650,1996-02-12,PVC,150.0,2005.0,-9.0,0,1,5,IRVIN ST,positive_T_minus_H,1996,snapshot_before_installation
82512,1996-02-17,PVC,300.0,2013.0,-17.0,0,0,5,QUEEN ST S,negative_T_minus_H_minus_4y,1996,snapshot_before_installation
76688,1996-02-18,PVC,150.0,2010.0,-14.0,0,0,5,MELROSE AVE,negative_T_minus_H_minus_2y,1996,snapshot_before_installation
78514,1996-02-18,PVC,150.0,2012.0,-16.0,0,1,5,PANDORA AVE N,positive_T_minus_H,1996,snapshot_before_installation
133708,1996-02-20,PVC,200.0,2015.0,-19.0,0,0,5,SIEBERT AVE,negative_T_minus_H_minus_4y,1996,snapshot_before_installation
98394,1996-02-22,PVCO,150.0,2014.0,-18.0,0,0,5,LYDIA ST,negative_T_minus_H_minus_4y,1996,snapshot_before_installation
135880,1996-02-25,PVCO,300.0,2017.0,-21.0,0,0,5,BELMONT AVE W,negative_T_minus_H_minus_2y,1996,snapshot_before_installation
62240,1996-02-26,PVC,150.0,1999.0,-3.0,0,1,5,BROADVIEW AVE,positive_T_minus_H,1996,snapshot_before_installation
69124,1996-02-28,PVC,200.0,2008.0,-12.0,0,0,5,VANIER DR,negative_T_minus_H_minus_2y,1996,snapshot_before_installation
76688,1996-03-01,PVC,150.0,2010.0,-14.0,0,0,5,MELROSE AVE,negative_T_minus_H_minus_4y,1996,snapshot_before_installation
76690,1996-03-03,PVC,150.0,2010.0,-14.0,0,0,5,MELROSE AVE,negative_T_minus_H_minus_2y,1996,snapshot_before_installation
77192,1996-03-06,PVC,150.0,2011.0,-15.0,0,0,5,ELLIS AVE,negative_T_minus_H_minus_4y,1996,snapshot_before_installation
76690,1996-03-07,PVC,150.0,2010.0,-14.0,0,0,5,MELROSE AVE,negative_T_minus_H_minus_4y,1996,snapshot_before_installation
98274,1996-03-14,PVC,150.0,2016.0,-20.0,0,0,5,DUCHESS AVE,negative_T_minus_H_minus_4y,1996,snapshot_before_installation
62030,1996-04-17,PVC,300.0,1999.0,-3.0,0,0,5,WEBER ST E,negative_T_minus_H_minus_2y,1996,snapshot_before_installation
76151,1996-05-09,PVC,300.0,2009.0,-13.0,0,0,5,BREITHAUPT ST,negative_T_minus_H_minus_4y,1996,snapshot_before_installation
69178,1996-05-14,PVC,300.0,2008.0,-12.0,0,0,5,VICTORIA ST N,negative_T_minus_H_minus_1y,1996,snapshot_before_installation
134842,1996-05-16,PVC,150.0,2016.0,-20.0,0,0,5,DONLEY ST,negative_T_minus_H_minus_1y,1996,snapshot_before_installation
68811,1996-05-16,PVC,600.0,2008.0,-12.0,0,0,5,VICTORIA ST N,negative_T_minus_H_minus_4y,1996,snapshot_before_installation
76470,1996-05-16,PVC,150.0,2010.0,-14.0,0,0,5,DIXON ST,negative_T_minus_H_minus_1y,1996,snapshot_before_installation
98272,1996-05-16,PVC,600.0,2008.0,-12.0,0,1,5,VICTORIA ST N,positive_T_minus_H,1996,snapshot_before_installation
69510,1996-05-22,PVC,300.0,2003.0,-7.0,0,0,5,WEBER ST W,negative_T_minus_H_minus_1y,1996,snapshot_before_installation
69530,1996-05-22,PVC,300.0,2003.0,-7.0,0,0,5,WEBER ST W,negative_T_minus_H_minus_2y,1996,snapshot_before_installation
66280,1996-05-24,PVC,50.0,2001.0,-5.0,0,1,5,HERMIE PL,positive_T_minus_H,1996,snapshot_before_installation
76741,1996-05-30,PVC,300.0,2010.0,-14.0,0,0,5,MT HOPE ST,negative_T_minus_H_minus_1y,1996,snapshot_before_installation
76742,1996-06-03,PVC,300.0,2010.0,-14.0,0,0,5,MT HOPE ST,negative_T_minus_H_minus_1y,1996,snapshot_before_installation
136122,1996-06-16,PVCO,150.0,2017.0,-21.0,0,0,5,BINSCARTH RD,negative_T_minus_H_minus_5y,1996,snapshot_before_installation
88946,1996-06-18,PVC,200.0,2010.0,-14.0,0,0,5,PARK ST,negative_T_minus_H_minus_3y,1996,snapshot_before_installation
66280,1996-07-03,PVC,50.0,2001.0,-5.0,0,1,5,HERMIE PL,positive_T_minus_H,1996,snapshot_before_installation
77368,1996-07-03,PVCO,150.0,2011.0,-15.0,0,0,5,SPADINA RD E,negative_T_minus_H_minus_5y,1996,snapshot_before_installation
66280,1996-07-06,PVC,50.0,2001.0,-5.0,0,1,5,HERMIE PL,positive_T_minus_H,1996,snapshot_before_installation
76156,1996-07-11,PVC,300.0,2008.0,-12.0,0,1,5,BREITHAUPT ST,positive_T_minus_H,1996,snapshot_before_installation
76454,1996-07-12,PVC,300.0,2010.0,-14.0,0,0,5,HILDA PL,negative_T_minus_H_minus_2y,1996,snapshot_before_installation
134842,1996-07-20,PVC,150.0,2016.0,-20.0,0,0,5,DONLEY ST,negative_T_minus_H_minus_4y,1996,snapshot_before_installation
76734,1996-07-23,PVC,300.0,2010.0,-14.0,0,0,5,PARK ST,negative_T_minus_H_minus_1y,1996,snapshot_before_installation
76590,1996-07-25,PVC,200.0,2010.0,-14.0,0,0,5,OAK ST,negative_T_minus_H_minus_1y,1996,snapshot_before_installation
86556,1996-07-29,PVC,150.0,2010.0,-14.0,0,1,5,PLYMOUTH RD,positive_T_minus_H,1996,snapshot_before_installation
135042,1996-08-03,PVC,150.0,2018.0,-22.0,0,0,5,METZLOFF DR,negative_T_minus_H_minus_1y,1996,snapshot_before_installation
133994,1996-08-11,PVC,150.0,2017.0,-21.0,0,1,5,FOURTH AVE,positive_T_minus_H,1996,snapshot_before_installation
97276,1996-08-16,PVC,150.0,2015.0,-19.0,0,0,5,BRIDGE ST E,negative_T_minus_H_minus_4y,1996,snapshot_before_installation
86588,1996-08-17,PVC,150.0,2010.0,-14.0,0,0,5,MICHAEL ST,negative_T_minus_H_minus_3y,1996,snapshot_before_installation
97950,1996-08-28,PVC,300.0,2012.0,-16.0,0,1,5,MILL ST,positive_T_minus_H,1996,snapshot_before_installation
76485,1996-09-02,HDPE,600.0,2009.0,-13.0,0,0,5,GAGE AVE,negative_T_minus_H_minus_4y,1996,snapshot_before_installation
96958,1996-09-14,PVC,450.0,2014.0,-18.0,0,0,5,GLASGOW ST,negative_T_minus_H_minus_2y,1996,snapshot_before_installation
79000,1996-09-22,PVCO,300.0,2013.0,-17.0,0,0,5,GLASGOW ST,negative_T_minus_H_minus_2y,1996,snapshot_before_installation
76012,1996-10-01,PVC,150.0,2008.0,-12.0,0,1,5,CLARK AVE,positive_T_minus_H,1996,snapshot_before_installation
76461,1996-10-02,PVC,150.0,2010.0,-14.0,0,1,5,DIXON ST,positive_T_minus_H,1996,snapshot_before_installation
77534,1996-10-02,PVC,300.0,2013.0,-17.0,0,1,5,CHARLES ST W,positive_T_minus_H,1996,snapshot_before_installation
81796,1996-10-17,CPP,600.0,2004.0,-8.0,0,0,5,VICTORIA ST S,negative_T_minus_H_minus_1y,1996,snapshot_before_installation
98196,1996-10-17,HDPE,150.0,2016.0,-20.0,0,0,5,CHERRY ST,negative_T_minus_H_minus_5y,1996,snapshot_before_installation
76485,1996-10-20,HDPE,600.0,2009.0,-13.0,0,1,5,GAGE AVE,positive_T_minus_H,1996,snapshot_before_installation
76497,1996-10-26,HDPE,200.0,2010.0,-14.0,0,0,5,GREENBROOK DR,negative_T_minus_H_minus_5y,1996,snapshot_before_installation
4659302,1996-10-30,PVC,25.0,2012.0,-16.0,0,0,5,BLEAMS RD,negative_T_minus_H_minus_5y,1996,snapshot_before_installation
66930,1996-10-30,PVC,150.0,2001.0,-5.0,0,0,5,GORDON AVE,negative_T_minus_H_minus_1y,1996,snapshot_before_installation
69124,1996-10-31,PVC,200.0,2008.0,-12.0,0,1,5,VANIER DR,positive_T_minus_H,1996,snapshot_before_installation
97188,1996-11-07,PVC,300.0,2015.0,-19.0,0,0,5,MAPLE AVE,negative_T_minus_H_minus_3y,1996,snapshot_before_installation
134836,1996-11-15,PVC,150.0,2016.0,-20.0,0,1,5,KELVIN AVE,positive_T_minus_H,1996,snapshot_before_installation
81084,1996-11-21,PVC,300.0,2008.0,-12.0,0,1,5,VICTORIA ST N,positive_T_minus_H,1996,snapshot_before_installation
133148,1996-11-23,PVC,150.0,2016.0,-20.0,0,0,5,LAKESIDE DR,negative_T_minus_H_minus_2y,1996,snapshot_before_installation
135042,1996-11-23,PVC,150.0,2018.0,-22.0,0,0,5,METZLOFF DR,negative_T_minus_H_minus_1y,1996,snapshot_before_installation
68711,1996-11-25,PVC,150.0,2009.0,-13.0,0,0,5,FISCHER HALLMAN RD,negative_T_minus_H_minus_5y,1996,snapshot_before_installation
86556,1996-11-25,PVC,150.0,2010.0,-14.0,0,1,5,PLYMOUTH RD,positive_T_minus_H,1996,snapshot_before_installation
80284,1996-11-26,PVC,150.0,2011.0,-15.0,0,0,5,KENT AVE,negative_T_minus_H_minus_1y,1996,snapshot_before_installation
97276,1996-11-27,PVC,150.0,2015.0,-19.0,0,0,5,BRIDGE ST E,negative_T_minus_H_minus_5y,1996,snapshot_before_installation
76497,1996-11-30,HDPE,200.0,2010.0,-14.0,0,0,5,GREENBROOK DR,negative_T_minus_H_minus_1y,1996,snapshot_before_installation
76066,1996-12-01,PVC,150.0,2009.0,-13.0,0,0,5,SCHNEIDER AVE,negative_T_minus_H_minus_4y,1996,snapshot_before_installation
134694,1996-12-02,PVC,150.0,2017.0,-21.0,0,0,5,KARN ST,negative_T_minus_H_minus_1y,1996,snapshot_before_installation
97196,1996-12-03,PVC,300.0,2015.0,-19.0,0,0,5,UNION ST,negative_T_minus_H_minus_1y,1996,snapshot_before_installation
4127031,1996-12-04,XXX,25.0,2003.0,-7.0,0,0,5,SCHUELLER ST,negative_T_minus_H_minus_5y,1996,snapshot_before_installation
134942,1996-12-08,PVC,150.0,2018.0,-22.0,0,0,5,GUELPH ST,negative_T_minus_H_minus_2y,1996,snapshot_before_installation
135644,1996-12-11,PVC,150.0,2018.0,-22.0,0,0,5,BOND ST,negative_T_minus_H_minus_4y,1996,snapshot_before_installation
76470,1996-12-12,PVC,150.0,2010.0,-14.0,0,0,5,DIXON ST,negative_T_minus_H_minus_1y,1996,snapshot_before_installation
135600,1996-12-13,PVC,150.0,2018.0,-22.0,0,0,5,SHANTZ LANE,negative_T_minus_H_minus_4y,1996,snapshot_before_installation
76470,1996-12-13,PVC,150.0,2010.0,-14.0,0,0,5,DIXON ST,negative_T_minus_H_minus_1y,1996,snapshot_before_installation
76462,1996-12-17,PVC,150.0,2010.0,-14.0,0,0,5,DIXON ST,negative_T_minus_H_minus_3y,1996,snapshot_before_installation
133120,1996-12-19,PVC,150.0,2016.0,-20.0,0,0,5,PANDORA AVE N,negative_T_minus_H_minus_1y,1996,snapshot_before_installation
133202,1996-12-19,PVCB,450.0,2017.0,-21.0,0,0,5,MANITOU DR,negative_T_minus_H_minus_4y,1996,snapshot_before_installation
7400,1996-12-19,PVC,150.0,2008.0,-12.0,0,0,5,CLARK AVE,negative_T_minus_H_minus_1y,1996,snapshot_before_installation
76420,1996-12-19,PVC,150.0,2009.0,-13.0,0,0,5,BISMARK AVE,negative_T_minus_H_minus_3y,1996,snapshot_before_installation
82512,1996-12-19,PVC,300.0,2013.0,-17.0,0,0,5,QUEEN ST S,negative_T_minus_H_minus_3y,1996,snapshot_before_installation
134694,1996-12-24,PVC,150.0,2017.0,-21.0,0,0,5,KARN ST,negative_T_minus_H_minus_2y,1996,snapshot_before_installation
77368,1996-12-24,PVCO,150.0,2011.0,-15.0,0,0,5,SPADINA RD E,negative_T_minus_H_minus_3y,1996,snapshot_before_installation
97074,1996-12-24,PVC,150.0,2013.0,-17.0,0,0,5,STIRLING AVE N,negative_T_minus_H_minus_1y,1996,snapshot_before_installation
98344,1996-12-26,PVCO,200.0,2011.0,-15.0,0,0,5,WOOLWICH ST,negative_T_minus_H_minus_4y,1996,snapshot_before_installation
133934,1996-12-29,PVCO,300.0,2015.0,-19.0,0,0,5,SIMEON ST,negative_T_minus_H_minus_4y,1996,snapshot_before_installation
77368,1996-12-29,PVCO,150.0,2011.0,-15.0,0,0,5,SPADINA RD E,negative_T_minus_H_minus_4y,1996,snapshot_before_installation
97124,1996-12-30,PVCO,300.0,2015.0,-19.0,0,0,5,HIGHLAND RD W,negative_T_minus_H_minus_3y,1996,snapshot_before_installation
86546,1997-01-13,PVC,200.0,2008.0,-11.0,0,0,5,VANIER DR,negative_T_minus_H_minus_2y,1997,snapshot_before_installation
76462,1997-01-14,PVC,150.0,2010.0,-13.0,0,1,5,DIXON ST,positive_T_minus_H,1997,snapshot_before_installation
98328,1997-01-19,PVCO,150.0,2016.0,-19.0,0,0,5,RUSSEL ST,negative_T_minus_H_minus_2y,1997,snapshot_before_installation
86558,1997-01-20,PVC,150.0,2010.0,-13.0,0,0,5,PLYMOUTH RD,negative_T_minus_H_minus_1y,1997,snapshot_before_installation
78180,1997-01-22,PVC,150.0,2015.0,-18.0,0,0,5,COURTLAND AVE E,negative_T_minus_H_minus_1y,1997,snapshot_before_installation
96852,1997-01-24,PVCO,150.0,2015.0,-18.0,0,0,5,KENNEDY AVE,negative_T_minus_H_minus_5y,1997,snapshot_before_installation
97190,1997-01-26,PVC,300.0,2015.0,-18.0,0,0,5,UNION ST,negative_T_minus_H_minus_1y,1997,snapshot_before_installation
135042,1997-01-28,PVC,150.0,2018.0,-21.0,0,0,5,METZLOFF DR,negative_T_minus_H_minus_5y,1997,snapshot_before_installation
133156,1997-01-29,PVC,150.0,2016.0,-19.0,0,0,5,LAKESIDE DR,negative_T_minus_H_minus_3y,1997,snapshot_before_installation
72730,1997-01-29,PVC,150.0,2005.0,-8.0,0,0,5,RUBY ST,negative_T_minus_H_minus_3y,1997,snapshot_before_installation
76686,1997-01-29,PVC,150.0,2010.0,-13.0,0,0,5,MELROSE AVE,negative_T_minus_H_minus_3y,1997,snapshot_before_installation
133982,1997-01-30,PVC,150.0,2017.0,-20.0,0,0,5,FOURTH AVE,negative_T_minus_H_minus_4y,1997,snapshot_before_installation
135920,1997-01-30,PVCO,150.0,2017.0,-20.0,0,0,5,EDGEWOOD DR,negative_T_minus_H_minus_3y,1997,snapshot_before_installation
134920,1997-02-01,PVCO,300.0,2017.0,-20.0,0,0,5,KEHL ST,negative_T_minus_H_minus_1y,1997,snapshot_before_installation
7400,1997-02-01,PVC,150.0,2008.0,-11.0,0,0,5,CLARK AVE,negative_T_minus_H_minus_2y,1997,snapshot_before_installation
76470,1997-02-02,PVC,150.0,2010.0,-13.0,0,0,5,DIXON ST,negative_T_minus_H_minus_2y,1997,snapshot_before_installation
68711,1997-02-03,PVC,150.0,2009.0,-12.0,0,0,5,FISCHER HALLMAN RD,negative_T_minus_H_minus_5y,1997,snapshot_before_installation
139634,1997-02-08,PVC,300.0,2018.0,-21.0,0,0,5,BRAMM ST,negative_T_minus_H_minus_2y,1997,snapshot_before_installation
73850,1997-02-10,PVC,300.0,2006.0,-9.0,0,0,5,MADISON AVE N,negative_T_minus_H_minus_3y,1997,snapshot_before_installation
76062,1997-02-10,PVC,150.0,2009.0,-12.0,0,0,5,WOODSIDE AVE,negative_T_minus_H_minus_1y,1997,snapshot_before_installation
82512,1997-02-17,PVC,300.0,2013.0,-16.0,0,0,5,QUEEN ST S,negative_T_minus_H_minus_3y,1997,snapshot_before_installation
76688,1997-02-18,PVC,150.0,2010.0,-13.0,0,0,5,MELROSE AVE,negative_T_minus_H_minus_1y,1997,snapshot_before_installation
86546,1997-02-19,PVC,200.0,2008.0,-11.0,0,0,5,VANIER DR,negative_T_minus_H_minus_5y,1997,snapshot_before_installation
133708,1997-02-20,PVC,200.0,2015.0,-18.0,0,0,5,SIEBERT AVE,negative_T_minus_H_minus_3y,1997,snapshot_before_installation
134842,1997-02-22,PVC,150.0,2016.0,-19.0,0,0,5,DONLEY ST,negative_T_minus_H_minus_5y,1997,snapshot_before_installation
88100,1997-02-22,PVC,150.0,2010.0,-13.0,0,0,5,DIXON ST,negative_T_minus_H_minus_5y,1997,snapshot_before_installation
98394,1997-02-22,PVCO,150.0,2014.0,-17.0,0,0,5,LYDIA ST,negative_T_minus_H_minus_3y,1997,snapshot_before_installation
134842,1997-02-24,PVC,150.0,2016.0,-19.0,0,0,5,DONLEY ST,negative_T_minus_H_minus_5y,1997,snapshot_before_installation
135880,1997-02-25,PVCO,300.0,2017.0,-20.0,0,0,5,BELMONT AVE W,negative_T_minus_H_minus_1y,1997,snapshot_before_installation
76688,1997-03-01,PVC,150.0,2010.0,-13.0,0,0,5,MELROSE AVE,negative_T_minus_H_minus_3y,1997,snapshot_before_installation
76690,1997-03-03,PVC,150.0,2010.0,-13.0,0,0,5,MELROSE AVE,negative_T_minus_H_minus_1y,1997,snapshot_before_installation
7400,1997-03-06,PVC,150.0,2008.0,-11.0,0,0,5,CLARK AVE,negative_T_minus_H_minus_5y,1997,snapshot_before_installation
77192,1997-03-06,PVC,150.0,2011.0,-14.0,0,0,5,ELLIS AVE,negative_T_minus_H_minus_3y,1997,snapshot_before_installation
76690,1997-03-07,PVC,150.0,2010.0,-13.0,0,0,5,MELROSE AVE,negative_T_minus_H_minus_3y,1997,snapshot_before_installation
98274,1997-03-14,PVC,150.0,2016.0,-19.0,0,0,5,DUCHESS AVE,negative_T_minus_H_minus_3y,1997,snapshot_before_installation
74880,1997-03-18,PVC,150.0,2006.0,-9.0,0,0,5,SHELDON AVE N,negative_T_minus_H_minus_5y,1997,snapshot_before_installation
76690,1997-03-18,PVC,150.0,2010.0,-13.0,0,0,5,MELROSE AVE,negative_T_minus_H_minus_5y,1997,snapshot_before_installation
74880,1997-03-28,PVC,150.0,2006.0,-9.0,0,0,5,SHELDON AVE N,negative_T_minus_H_minus_5y,1997,snapshot_before_installation
77994,1997-04-12,PVC,150.0,2015.0,-18.0,0,0,5,COURTLAND AVE E,negative_T_minus_H_minus_5y,1997,snapshot_before_installation
62030,1997-04-17,PVC,300.0,1999.0,-2.0,0,0,5,WEBER ST E,negative_T_minus_H_minus_1y,1997,snapshot_before_installation
85956,1997-04-27,PVC,450.0,2002.0,-5.0,0,0,5,BLEAMS RD,negative_T_minus_H_minus_5y,1997,snapshot_before_installation
76151,1997-05-09,PVC,300.0,2009.0,-12.0,0,0,5,BREITHAUPT ST,negative_T_minus_H_minus_3y,1997,snapshot_before_installation
69178,1997-05-14,PVC,300.0,2008.0,-11.0,0,1,5,VICTORIA ST N,positive_T_minus_H,1997,snapshot_before_installation
134842,1997-05-16,PVC,150.0,2016.0,-19.0,0,1,5,DONLEY ST,positive_T_minus_H,1997,snapshot_before_installation
68811,1997-05-16,PVC,600.0,2008.0,-11.0,0,0,5,VICTORIA ST N,negative_T_minus_H_minus_3y,1997,snapshot_before_installation
76470,1997-05-16,PVC,150.0,2010.0,-13.0,0,1,5,DIXON ST,positive_T_minus_H,1997,snapshot_before_installation
69510,1997-05-22,PVC,300.0,2003.0,-6.0,0,1,5,WEBER ST W,positive_T_minus_H,1997,snapshot_before_installation
69530,1997-05-22,PVC,300.0,2003.0,-6.0,0,0,5,WEBER ST W,negative_T_minus_H_minus_1y,1997,snapshot_before_installation
76741,1997-05-30,PVC,300.0,2010.0,-13.0,0,1,5,MT HOPE ST,positive_T_minus_H,1997,snapshot_before_installation
76742,1997-06-03,PVC,300.0,2010.0,-13.0,0,1,5,MT HOPE ST,positive_T_minus_H,1997,snapshot_before_installation
136122,1997-06-16,PVCO,150.0,2017.0,-20.0,0,0,5,BINSCARTH RD,negative_T_minus_H_minus_4y,1997,snapshot_before_installation
88946,1997-06-18,PVC,200.0,2010.0,-13.0,0,0,5,PARK ST,negative_T_minus_H_minus_2y,1997,snapshot_before_installation
134906,1997-06-19,PVCO,200.0,2017.0,-20.0,0,0,5,KEHL ST,negative_T_minus_H_minus_5y,1997,snapshot_before_installation
77126,1997-07-03,PVCO,150.0,2012.0,-15.0,1,0,5,LIBERTY AVE,negative_T_minus_H_minus_4y,1997,snapshot_before_installation
77368,1997-07-03,PVCO,150.0,2011.0,-14.0,0,0,5,SPADINA RD E,negative_T_minus_H_minus_4y,1997,snapshot_before_installation
76454,1997-07-12,PVC,300.0,2010.0,-13.0,0,0,5,HILDA PL,negative_T_minus_H_minus_1y,1997,snapshot_before_installation
97172,1997-07-16,PVC,300.0,2015.0,-18.0,0,0,5,SEREDA RD,negative_T_minus_H_minus_5y,1997,snapshot_before_installation
76734,1997-07-23,PVC,300.0,2010.0,-13.0,0,1,5,PARK ST,positive_T_minus_H,1997,snapshot_before_installation
76590,1997-07-25,PVC,200.0,2010.0,-13.0,0,1,5,OAK ST,positive_T_minus_H,1997,snapshot_before_installation
136102,1997-08-02,PVCO,150.0,2017.0,-20.0,0,0,5,GLEN RD,negative_T_minus_H_minus_5y,1997,snapshot_before_installation
135042,1997-08-03,PVC,150.0,2018.0,-21.0,0,1,5,METZLOFF DR,positive_T_minus_H,1997,snapshot_before_installation
97276,1997-08-16,PVC,150.0,2015.0,-18.0,0,0,5,BRIDGE ST E,negative_T_minus_H_minus_3y,1997,snapshot_before_installation
86588,1997-08-17,PVC,150.0,2010.0,-13.0,0,0,5,MICHAEL ST,negative_T_minus_H_minus_2y,1997,snapshot_before_installation
96958,1997-09-14,PVC,450.0,2014.0,-17.0,0,0,5,GLASGOW ST,negative_T_minus_H_minus_1y,1997,snapshot_before_installation
79000,1997-09-22,PVCO,300.0,2013.0,-16.0,0,0,5,GLASGOW ST,negative_T_minus_H_minus_1y,1997,snapshot_before_installation
81796,1997-10-17,CPP,600.0,2004.0,-7.0,0,1,5,VICTORIA ST S,positive_T_minus_H,1997,snapshot_before_installation
98196,1997-10-17,HDPE,150.0,2016.0,-19.0,0,0,5,CHERRY ST,negative_T_minus_H_minus_4y,1997,snapshot_before_installation
76497,1997-10-26,HDPE,200.0,2010.0,-13.0,0,0,5,GREENBROOK DR,negative_T_minus_H_minus_4y,1997,snapshot_before_installation
4659302,1997-10-30,PVC,25.0,2012.0,-15.0,0,0,5,BLEAMS RD,negative_T_minus_H_minus_4y,1997,snapshot_before_installation
66930,1997-10-30,PVC,150.0,2001.0,-4.0,0,1,5,GORDON AVE,positive_T_minus_H,1997,snapshot_before_installation
7390,1997-11-06,PVC,150.0,2008.0,-11.0,0,1,5,CLARK AVE,positive_T_minus_H,1997,snapshot_before_installation
97188,1997-11-07,PVC,300.0,2015.0,-18.0,0,0,5,MAPLE AVE,negative_T_minus_H_minus_2y,1997,snapshot_before_installation
135636,1997-11-08,PVC,150.0,2018.0,-21.0,0,0,5,BOND ST,negative_T_minus_H_minus_5y,1997,snapshot_before_installation
133148,1997-11-23,PVC,150.0,2016.0,-19.0,0,0,5,LAKESIDE DR,negative_T_minus_H_minus_1y,1997,snapshot_before_installation
135042,1997-11-23,PVC,150.0,2018.0,-21.0,0,1,5,METZLOFF DR,positive_T_minus_H,1997,snapshot_before_installation
68711,1997-11-25,PVC,150.0,2009.0,-12.0,0,0,5,FISCHER HALLMAN RD,negative_T_minus_H_minus_4y,1997,snapshot_before_installation
80284,1997-11-26,PVC,150.0,2011.0,-14.0,0,1,5,KENT AVE,positive_T_minus_H,1997,snapshot_before_installation
97276,1997-11-27,PVC,150.0,2015.0,-18.0,0,0,5,BRIDGE ST E,negative_T_minus_H_minus_4y,1997,snapshot_before_installation
76497,1997-11-30,HDPE,200.0,2010.0,-13.0,0,1,5,GREENBROOK DR,positive_T_minus_H,1997,snapshot_before_installation
76066,1997-12-01,PVC,150.0,2009.0,-12.0,0,0,5,SCHNEIDER AVE,negative_T_minus_H_minus_3y,1997,snapshot_before_installation
134694,1997-12-02,PVC,150.0,2017.0,-20.0,0,1,5,KARN ST,positive_T_minus_H,1997,snapshot_before_installation
97196,1997-12-03,PVC,300.0,2015.0,-18.0,0,1,5,UNION ST,positive_T_minus_H,1997,snapshot_before_installation
4127031,1997-12-04,XXX,25.0,2003.0,-6.0,0,0,5,SCHUELLER ST,negative_T_minus_H_minus_4y,1997,snapshot_before_installation
134942,1997-12-08,PVC,150.0,2018.0,-21.0,0,0,5,GUELPH ST,negative_T_minus_H_minus_1y,1997,snapshot_before_installation
135644,1997-12-11,PVC,150.0,2018.0,-21.0,0,0,5,BOND ST,negative_T_minus_H_minus_3y,1997,snapshot_before_installation
76470,1997-12-12,PVC,150.0,2010.0,-13.0,0,1,5,DIXON ST,positive_T_minus_H,1997,snapshot_before_installation
135600,1997-12-13,PVC,150.0,2018.0,-21.0,0,0,5,SHANTZ LANE,negative_T_minus_H_minus_3y,1997,snapshot_before_installation
76470,1997-12-13,PVC,150.0,2010.0,-13.0,0,1,5,DIXON ST,positive_T_minus_H,1997,snapshot_before_installation
133120,1997-12-19,PVC,150.0,2016.0,-19.0,0,1,5,PANDORA AVE N,positive_T_minus_H,1997,snapshot_before_installation
133202,1997-12-19,PVCB,450.0,2017.0,-20.0,0,0,5,MANITOU DR,negative_T_minus_H_minus_3y,1997,snapshot_before_installation
7400,1997-12-19,PVC,150.0,2008.0,-11.0,0,1,5,CLARK AVE,positive_T_minus_H,1997,snapshot_before_installation
76420,1997-12-19,PVC,150.0,2009.0,-12.0,0,0,5,BISMARK AVE,negative_T_minus_H_minus_2y,1997,snapshot_before_installation
82512,1997-12-19,PVC,300.0,2013.0,-16.0,0,0,5,QUEEN ST S,negative_T_minus_H_minus_2y,1997,snapshot_before_installation
133118,1997-12-23,PVC,150.0,2016.0,-19.0,0,1,5,GLENDALE RD,positive_T_minus_H,1997,snapshot_before_installation
77368,1997-12-24,PVCO,150.0,2011.0,-14.0,0,0,5,SPADINA RD E,negative_T_minus_H_minus_2y,1997,snapshot_before_installation
97074,1997-12-24,PVC,150.0,2013.0,-16.0,0,1,5,STIRLING AVE N,positive_T_minus_H,1997,snapshot_before_installation
98344,1997-12-26,PVCO,200.0,2011.0,-14.0,0,0,5,WOOLWICH ST,negative_T_minus_H_minus_3y,1997,snapshot_before_installation
133934,1997-12-29,PVCO,300.0,2015.0,-18.0,0,0,5,SIMEON ST,negative_T_minus_H_minus_3y,1997,snapshot_before_installation
77368,1997-12-29,PVCO,150.0,2011.0,-14.0,0,0,5,SPADINA RD E,negative_T_minus_H_minus_3y,1997,snapshot_before_installation
97124,1997-12-30,PVCO,300.0,2015.0,-18.0,0,0,5,HIGHLAND RD W,negative_T_minus_H_minus_2y,1997,snapshot_before_installation
133994,1998-01-03,PVC,150.0,2017.0,-19.0,1,1,5,FOURTH AVE,positive_T_minus_H,1998,snapshot_before_installation
86558,1998-01-10,PVC,150.0,2010.0,-12.0,0,0,5,PLYMOUTH RD,negative_T_minus_H_minus_5y,1998,snapshot_before_installation
86546,1998-01-13,PVC,200.0,2008.0,-10.0,0,0,5,VANIER DR,negative_T_minus_H_minus_1y,1998,snapshot_before_installation
134846,1998-01-16,PVC,150.0,2016.0,-18.0,0,1,5,MEINZINGER AVE,positive_T_minus_H,1998,snapshot_before_installation
98328,1998-01-19,PVCO,150.0,2016.0,-18.0,0,0,5,RUSSEL ST,negative_T_minus_H_minus_1y,1998,snapshot_before_installation
86558,1998-01-20,PVC,150.0,2010.0,-12.0,0,1,5,PLYMOUTH RD,positive_T_minus_H,1998,snapshot_before_installation
78180,1998-01-22,PVC,150.0,2015.0,-17.0,0,1,5,COURTLAND AVE E,positive_T_minus_H,1998,snapshot_before_installation
77126,1998-01-23,PVCO,150.0,2012.0,-14.0,1,0,5,LIBERTY AVE,negative_T_minus_H_minus_1y,1998,snapshot_before_installation
77534,1998-01-23,PVC,300.0,2013.0,-15.0,0,1,5,CHARLES ST W,positive_T_minus_H,1998,snapshot_before_installation
133994,1998-01-24,PVC,150.0,2017.0,-19.0,1,1,5,FOURTH AVE,positive_T_minus_H,1998,snapshot_before_installation
96852,1998-01-24,PVCO,150.0,2015.0,-17.0,0,0,5,KENNEDY AVE,negative_T_minus_H_minus_4y,1998,snapshot_before_installation
97190,1998-01-26,PVC,300.0,2015.0,-17.0,0,1,5,UNION ST,positive_T_minus_H,1998,snapshot_before_installation
133988,1998-01-27,PVC,150.0,2017.0,-19.0,1,0,5,FOURTH AVE,negative_T_minus_H_minus_1y,1998,snapshot_before_installation
133156,1998-01-29,PVC,150.0,2016.0,-18.0,0,0,5,LAKESIDE DR,negative_T_minus_H_minus_2y,1998,snapshot_before_installation
72730,1998-01-29,PVC,150.0,2005.0,-7.0,0,0,5,RUBY ST,negative_T_minus_H_minus_2y,1998,snapshot_before_installation
76686,1998-01-29,PVC,150.0,2010.0,-12.0,0,0,5,MELROSE AVE,negative_T_minus_H_minus_2y,1998,snapshot_before_installation
133982,1998-01-30,PVC,150.0,2017.0,-19.0,0,0,5,FOURTH AVE,negative_T_minus_H_minus_3y,1998,snapshot_before_installation
135920,1998-01-30,PVCO,150.0,2017.0,-19.0,0,0,5,EDGEWOOD DR,negative_T_minus_H_minus_2y,1998,snapshot_before_installation
77106,1998-01-30,PVC,150.0,2012.0,-14.0,0,1,5,GRIFFIN AVE,positive_T_minus_H,1998,snapshot_before_installation
134920,1998-02-01,PVCO,300.0,2017.0,-19.0,0,1,5,KEHL ST,positive_T_minus_H,1998,snapshot_before_installation
68711,1998-02-03,PVC,150.0,2009.0,-11.0,0,0,5,FISCHER HALLMAN RD,negative_T_minus_H_minus_4y,1998,snapshot_before_installation
87566,1998-02-03,PVC,300.0,2000.0,-2.0,0,0,5,KING ST E,negative_T_minus_H_minus_5y,1998,snapshot_before_installation
139634,1998-02-08,PVC,300.0,2018.0,-20.0,0,0,5,BRAMM ST,negative_T_minus_H_minus_1y,1998,snapshot_before_installation
69385,1998-02-10,PVC,150.0,2008.0,-10.0,0,1,5,CLIVE RD,positive_T_minus_H,1998,snapshot_before_installation
73850,1998-02-10,PVC,300.0,2006.0,-8.0,0,0,5,MADISON AVE N,negative_T_minus_H_minus_2y,1998,snapshot_before_installation
76062,1998-02-10,PVC,150.0,2009.0,-11.0,0,1,5,WOODSIDE AVE,positive_T_minus_H,1998,snapshot_before_installation
77416,1998-02-15,PVC,150.0,2011.0,-13.0,0,0,5,LINWOOD AVE,negative_T_minus_H_minus_5y,1998,snapshot_before_installation
7390,1998-02-17,PVC,150.0,2008.0,-10.0,0,1,5,CLARK AVE,positive_T_minus_H,1998,snapshot_before_installation
82512,1998-02-17,PVC,300.0,2013.0,-15.0,0,0,5,QUEEN ST S,negative_T_minus_H_minus_2y,1998,snapshot_before_installation
76688,1998-02-18,PVC,150.0,2010.0,-12.0,0,1,5,MELROSE AVE,positive_T_minus_H,1998,snapshot_before_installation
86546,1998-02-19,PVC,200.0,2008.0,-10.0,0,0,5,VANIER DR,negative_T_minus_H_minus_4y,1998,snapshot_before_installation
133708,1998-02-20,PVC,200.0,2015.0,-17.0,0,0,5,SIEBERT AVE,negative_T_minus_H_minus_2y,1998,snapshot_before_installation
88100,1998-02-22,PVC,150.0,2010.0,-12.0,0,0,5,DIXON ST,negative_T_minus_H_minus_4y,1998,snapshot_before_installation
98394,1998-02-22,PVCO,150.0,2014.0,-16.0,0,0,5,LYDIA ST,negative_T_minus_H_minus_2y,1998,snapshot_before_installation
135880,1998-02-25,PVCO,300.0,2017.0,-19.0,0,1,5,BELMONT AVE W,positive_T_minus_H,1998,snapshot_before_installation
98392,1998-02-25,PVCO,150.0,2014.0,-16.0,1,1,5,MERNER AVE,positive_T_minus_H,1998,snapshot_before_installation
133122,1998-02-26,PVC,150.0,2016.0,-18.0,0,1,5,PANDORA AVE N,positive_T_minus_H,1998,snapshot_before_installation
69125,1998-02-26,PVC,200.0,2008.0,-10.0,0,1,5,VANIER DR,positive_T_minus_H,1998,snapshot_before_installation
76011,1998-02-27,PVC,150.0,2008.0,-10.0,0,1,5,CLARK AVE,positive_T_minus_H,1998,snapshot_before_installation
69124,1998-02-28,PVC,200.0,2008.0,-10.0,0,1,5,VANIER DR,positive_T_minus_H,1998,snapshot_before_installation
69385,1998-03-02,PVC,150.0,2008.0,-10.0,0,1,5,CLIVE RD,positive_T_minus_H,1998,snapshot_before_installation
76690,1998-03-03,PVC,150.0,2010.0,-12.0,0,1,5,MELROSE AVE,positive_T_minus_H,1998,snapshot_before_installation
77192,1998-03-06,PVC,150.0,2011.0,-13.0,0,0,5,ELLIS AVE,negative_T_minus_H_minus_2y,1998,snapshot_before_installation
133118,1998-03-10,PVC,150.0,2016.0,-18.0,0,1,5,GLENDALE RD,positive_T_minus_H,1998,snapshot_before_installation
77106,1998-03-12,PVC,150.0,2012.0,-14.0,0,1,5,GRIFFIN AVE,positive_T_minus_H,1998,snapshot_before_installation
133420,1998-03-14,PVCO,150.0,2014.0,-16.0,0,1,5,STIRLING AVE N,positive_T_minus_H,1998,snapshot_before_installation
98274,1998-03-14,PVC,150.0,2016.0,-18.0,0,0,5,DUCHESS AVE,negative_T_minus_H_minus_2y,1998,snapshot_before_installation
74880,1998-03-18,PVC,150.0,2006.0,-8.0,0,0,5,SHELDON AVE N,negative_T_minus_H_minus_4y,1998,snapshot_before_installation
74880,1998-03-28,PVC,150.0,2006.0,-8.0,0,0,5,SHELDON AVE N,negative_T_minus_H_minus_4y,1998,snapshot_before_installation
8490,1998-04-03,DI,300.0,2015.0,-17.0,0,0,5,COURTLAND AVE E,negative_T_minus_H_minus_5y,1998,snapshot_before_installation
77994,1998-04-12,PVC,150.0,2015.0,-17.0,0,0,5,COURTLAND AVE E,negative_T_minus_H_minus_4y,1998,snapshot_before_installation
62030,1998-04-17,PVC,300.0,1999.0,-1.0,0,1,5,WEBER ST E,positive_T_minus_H,1998,snapshot_before_installation
85956,1998-04-27,PVC,450.0,2002.0,-4.0,0,0,5,BLEAMS RD,negative_T_minus_H_minus_4y,1998,snapshot_before_installation
76151,1998-05-09,PVC,300.0,2009.0,-11.0,0,0,5,BREITHAUPT ST,negative_T_minus_H_minus_2y,1998,snapshot_before_installation
68811,1998-05-16,PVC,600.0,2008.0,-10.0,0,0,5,VICTORIA ST N,negative_T_minus_H_minus_2y,1998,snapshot_before_installation
69530,1998-05-22,PVC,300.0,2003.0,-5.0,0,1,5,WEBER ST W,positive_T_minus_H,1998,snapshot_before_installation
136122,1998-06-16,PVCO,150.0,2017.0,-19.0,0,0,5,BINSCARTH RD,negative_T_minus_H_minus_3y,1998,snapshot_before_installation
88946,1998-06-18,PVC,200.0,2010.0,-12.0,0,0,5,PARK ST,negative_T_minus_H_minus_1y,1998,snapshot_before_installation
134906,1998-06-19,PVCO,200.0,2017.0,-19.0,0,0,5,KEHL ST,negative_T_minus_H_minus_4y,1998,snapshot_before_installation
77126,1998-07-03,PVCO,150.0,2012.0,-14.0,1,0,5,LIBERTY AVE,negative_T_minus_H_minus_3y,1998,snapshot_before_installation
77368,1998-07-03,PVCO,150.0,2011.0,-13.0,0,0,5,SPADINA RD E,negative_T_minus_H_minus_3y,1998,snapshot_before_installation
76454,1998-07-12,PVC,300.0,2010.0,-12.0,0,1,5,HILDA PL,positive_T_minus_H,1998,snapshot_before_installation
97172,1998-07-16,PVC,300.0,2015.0,-17.0,0,0,5,SEREDA RD,negative_T_minus_H_minus_4y,1998,snapshot_before_installation
136102,1998-08-02,PVCO,150.0,2017.0,-19.0,0,0,5,GLEN RD,negative_T_minus_H_minus_4y,1998,snapshot_before_installation
97276,1998-08-16,PVC,150.0,2015.0,-17.0,0,0,5,BRIDGE ST E,negative_T_minus_H_minus_2y,1998,snapshot_before_installation
86588,1998-08-17,PVC,150.0,2010.0,-12.0,0,0,5,MICHAEL ST,negative_T_minus_H_minus_1y,1998,snapshot_before_installation
96958,1998-09-14,PVC,450.0,2014.0,-16.0,0,1,5,GLASGOW ST,positive_T_minus_H,1998,snapshot_before_installation
79000,1998-09-22,PVCO,300.0,2013.0,-15.0,0,1,5,GLASGOW ST,positive_T_minus_H,1998,snapshot_before_installation
98196,1998-10-17,HDPE,150.0,2016.0,-18.0,0,0,5,CHERRY ST,negative_T_minus_H_minus_3y,1998,snapshot_before_installation
4659302,1998-10-30,PVC,25.0,2012.0,-14.0,0,0,5,BLEAMS RD,negative_T_minus_H_minus_3y,1998,snapshot_before_installation
97188,1998-11-07,PVC,300.0,2015.0,-17.0,0,0,5,MAPLE AVE,negative_T_minus_H_minus_1y,1998,snapshot_before_installation
135636,1998-11-08,PVC,150.0,2018.0,-20.0,0,0,5,BOND ST,negative_T_minus_H_minus_4y,1998,snapshot_before_installation
133148,1998-11-23,PVC,150.0,2016.0,-18.0,0,1,5,LAKESIDE DR,positive_T_minus_H,1998,snapshot_before_installation
76498,1998-11-24,HDPE,200.0,2010.0,-12.0,1,0,5,GREENBROOK DR,negative_T_minus_H_minus_5y,1998,snapshot_before_installation
68711,1998-11-25,PVC,150.0,2009.0,-11.0,0,0,5,FISCHER HALLMAN RD,negative_T_minus_H_minus_3y,1998,snapshot_before_installation
97276,1998-11-27,PVC,150.0,2015.0,-17.0,0,0,5,BRIDGE ST E,negative_T_minus_H_minus_3y,1998,snapshot_before_installation
135596,1998-12-01,PVC,150.0,2018.0,-20.0,0,0,5,SHANTZ LANE,negative_T_minus_H_minus_5y,1998,snapshot_before_installation
135600,1998-12-01,PVC,150.0,2018.0,-20.0,0,0,5,SHANTZ LANE,negative_T_minus_H_minus_5y,1998,snapshot_before_installation
76066,1998-12-01,PVC,150.0,2009.0,-11.0,0,0,5,SCHNEIDER AVE,negative_T_minus_H_minus_2y,1998,snapshot_before_installation
4127031,1998-12-04,XXX,25.0,2003.0,-5.0,0,0,5,SCHUELLER ST,negative_T_minus_H_minus_3y,1998,snapshot_before_installation
134942,1998-12-08,PVC,150.0,2018.0,-20.0,0,1,5,GUELPH ST,positive_T_minus_H,1998,snapshot_before_installation
135644,1998-12-11,PVC,150.0,2018.0,-20.0,0,0,5,BOND ST,negative_T_minus_H_minus_2y,1998,snapshot_before_installation
135600,1998-12-13,PVC,150.0,2018.0,-20.0,0,0,5,SHANTZ LANE,negative_T_minus_H_minus_2y,1998,snapshot_before_installation
133202,1998-12-19,PVCB,450.0,2017.0,-19.0,0,0,5,MANITOU DR,negative_T_minus_H_minus_2y,1998,snapshot_before_installation
76420,1998-12-19,PVC,150.0,2009.0,-11.0,0,0,5,BISMARK AVE,negative_T_minus_H_minus_1y,1998,snapshot_before_installation
82512,1998-12-19,PVC,300.0,2013.0,-15.0,0,0,5,QUEEN ST S,negative_T_minus_H_minus_1y,1998,snapshot_before_installation
134694,1998-12-24,PVC,150.0,2017.0,-19.0,0,1,5,KARN ST,positive_T_minus_H,1998,snapshot_before_installation
77368,1998-12-24,PVCO,150.0,2011.0,-13.0,0,0,5,SPADINA RD E,negative_T_minus_H_minus_1y,1998,snapshot_before_installation
98344,1998-12-26,PVCO,200.0,2011.0,-13.0,0,0,5,WOOLWICH ST,negative_T_minus_H_minus_2y,1998,snapshot_before_installation
133934,1998-12-29,PVCO,300.0,2015.0,-17.0,0,0,5,SIMEON ST,negative_T_minus_H_minus_2y,1998,snapshot_before_installation
77368,1998-12-29,PVCO,150.0,2011.0,-13.0,0,0,5,SPADINA RD E,negative_T_minus_H_minus_2y,1998,snapshot_before_installation
97124,1998-12-30,PVCO,300.0,2015.0,-17.0,0,0,5,HIGHLAND RD W,negative_T_minus_H_minus_1y,1998,snapshot_before_installation
135596,1999-01-05,PVC,150.0,2018.0,-19.0,0,0,5,SHANTZ LANE,negative_T_minus_H_minus_5y,1999,snapshot_before_installation
135596,1999-01-07,PVC,150.0,2018.0,-19.0,0,0,5,SHANTZ LANE,negative_T_minus_H_minus_5y,1999,snapshot_before_installation
76172,1999-01-10,PVC,150.0,2008.0,-9.0,1,0,5,GUELPH ST,negative_T_minus_H_minus_3y,1999,snapshot_before_installation
86546,1999-01-13,PVC,200.0,2008.0,-9.0,0,1,5,VANIER DR,positive_T_minus_H,1999,snapshot_before_installation
134586,1999-01-14,PVC,150.0,2017.0,-18.0,0,0,5,GUELPH ST,negative_T_minus_H_minus_5y,1999,snapshot_before_installation
98328,1999-01-19,PVCO,150.0,2016.0,-17.0,0,1,5,RUSSEL ST,positive_T_minus_H,1999,snapshot_before_installation
76686,1999-01-22,PVC,150.0,2010.0,-11.0,0,0,5,MELROSE AVE,negative_T_minus_H_minus_5y,1999,snapshot_before_installation
77126,1999-01-23,PVCO,150.0,2012.0,-13.0,1,1,5,LIBERTY AVE,positive_T_minus_H,1999,snapshot_before_installation
96852,1999-01-24,PVCO,150.0,2015.0,-16.0,0,0,5,KENNEDY AVE,negative_T_minus_H_minus_3y,1999,snapshot_before_installation
135086,1999-01-26,PVC,150.0,2018.0,-19.0,0,0,5,DIEPPE AVE,negative_T_minus_H_minus_5y,1999,snapshot_before_installation
133988,1999-01-27,PVC,150.0,2017.0,-18.0,1,1,5,FOURTH AVE,positive_T_minus_H,1999,snapshot_before_installation
133156,1999-01-29,PVC,150.0,2016.0,-17.0,0,0,5,LAKESIDE DR,negative_T_minus_H_minus_1y,1999,snapshot_before_installation
72730,1999-01-29,PVC,150.0,2005.0,-6.0,0,0,5,RUBY ST,negative_T_minus_H_minus_1y,1999,snapshot_before_installation
76686,1999-01-29,PVC,150.0,2010.0,-11.0,0,0,5,MELROSE AVE,negative_T_minus_H_minus_1y,1999,snapshot_before_installation
133982,1999-01-30,PVC,150.0,2017.0,-18.0,0,0,5,FOURTH AVE,negative_T_minus_H_minus_2y,1999,snapshot_before_installation
135920,1999-01-30,PVCO,150.0,2017.0,-18.0,0,0,5,EDGEWOOD DR,negative_T_minus_H_minus_1y,1999,snapshot_before_installation
7400,1999-02-01,PVC,150.0,2008.0,-9.0,0,1,5,CLARK AVE,positive_T_minus_H,1999,snapshot_before_installation
76470,1999-02-02,PVC,150.0,2010.0,-11.0,0,1,5,DIXON ST,positive_T_minus_H,1999,snapshot_before_installation
68711,1999-02-03,PVC,150.0,2009.0,-10.0,0,0,5,FISCHER HALLMAN RD,negative_T_minus_H_minus_3y,1999,snapshot_before_installation
87566,1999-02-03,PVC,300.0,2000.0,-1.0,0,0,5,KING ST E,negative_T_minus_H_minus_4y,1999,snapshot_before_installation
83222,1999-02-06,PVC,150.0,2008.0,-9.0,0,1,5,CLIVE RD,positive_T_minus_H,1999,snapshot_before_installation
139634,1999-02-08,PVC,300.0,2018.0,-19.0,0,1,5,BRAMM ST,positive_T_minus_H,1999,snapshot_before_installation
76011,1999-02-08,PVC,150.0,2008.0,-9.0,1,1,5,CLARK AVE,positive_T_minus_H,1999,snapshot_before_installation
73850,1999-02-10,PVC,300.0,2006.0,-7.0,0,0,5,MADISON AVE N,negative_T_minus_H_minus_1y,1999,snapshot_before_installation
77416,1999-02-15,PVC,150.0,2011.0,-12.0,0,0,5,LINWOOD AVE,negative_T_minus_H_minus_4y,1999,snapshot_before_installation
82512,1999-02-17,PVC,300.0,2013.0,-14.0,0,0,5,QUEEN ST S,negative_T_minus_H_minus_1y,1999,snapshot_before_installation
133708,1999-02-20,PVC,200.0,2015.0,-16.0,0,0,5,SIEBERT AVE,negative_T_minus_H_minus_1y,1999,snapshot_before_installation
88100,1999-02-22,PVC,150.0,2010.0,-11.0,0,0,5,DIXON ST,negative_T_minus_H_minus_3y,1999,snapshot_before_installation
98394,1999-02-22,PVCO,150.0,2014.0,-15.0,0,0,5,LYDIA ST,negative_T_minus_H_minus_1y,1999,snapshot_before_installation
77192,1999-03-06,PVC,150.0,2011.0,-12.0,0,0,5,ELLIS AVE,negative_T_minus_H_minus_1y,1999,snapshot_before_installation
134706,1999-03-10,PVC,150.0,2017.0,-18.0,0,0,5,ALICE AVE,negative_T_minus_H_minus_5y,1999,snapshot_before_installation
76727,1999-03-13,PVC,150.0,2010.0,-11.0,1,0,5,PLYMOUTH RD,negative_T_minus_H_minus_1y,1999,snapshot_before_installation
76727,1999-03-14,PVC,150.0,2010.0,-11.0,1,0,5,PLYMOUTH RD,negative_T_minus_H_minus_3y,1999,snapshot_before_installation
98274,1999-03-14,PVC,150.0,2016.0,-17.0,0,0,5,DUCHESS AVE,negative_T_minus_H_minus_1y,1999,snapshot_before_installation
74880,1999-03-18,PVC,150.0,2006.0,-7.0,0,0,5,SHELDON AVE N,negative_T_minus_H_minus_3y,1999,snapshot_before_installation
74880,1999-03-28,PVC,150.0,2006.0,-7.0,0,0,5,SHELDON AVE N,negative_T_minus_H_minus_3y,1999,snapshot_before_installation
8490,1999-04-03,DI,300.0,2015.0,-16.0,0,0,5,COURTLAND AVE E,negative_T_minus_H_minus_4y,1999,snapshot_before_installation
77994,1999-04-12,PVC,150.0,2015.0,-16.0,0,0,5,COURTLAND AVE E,negative_T_minus_H_minus_3y,1999,snapshot_before_installation
85956,1999-04-27,PVC,450.0,2002.0,-3.0,0,0,5,BLEAMS RD,negative_T_minus_H_minus_3y,1999,snapshot_before_installation
76151,1999-05-09,PVC,300.0,2009.0,-10.0,0,0,5,BREITHAUPT ST,negative_T_minus_H_minus_1y,1999,snapshot_before_installation
68811,1999-05-16,PVC,600.0,2008.0,-9.0,0,0,5,VICTORIA ST N,negative_T_minus_H_minus_1y,1999,snapshot_before_installation
97114,1999-05-29,PVCO,300.0,2015.0,-16.0,2,0,5,HIGHLAND RD W,negative_T_minus_H_minus_3y,1999,snapshot_before_installation
136122,1999-06-16,PVCO,150.0,2017.0,-18.0,0,0,5,BINSCARTH RD,negative_T_minus_H_minus_2y,1999,snapshot_before_installation
88946,1999-06-18,PVC,200.0,2010.0,-11.0,0,1,5,PARK ST,positive_T_minus_H,1999,snapshot_before_installation
134906,1999-06-19,PVCO,200.0,2017.0,-18.0,0,0,5,KEHL ST,negative_T_minus_H_minus_3y,1999,snapshot_before_installation
77368,1999-07-03,PVCO,150.0,2011.0,-12.0,0,0,5,SPADINA RD E,negative_T_minus_H_minus_2y,1999,snapshot_before_installation
97172,1999-07-16,PVC,300.0,2015.0,-16.0,0,0,5,SEREDA RD,negative_T_minus_H_minus_3y,1999,snapshot_before_installation
136102,1999-08-02,PVCO,150.0,2017.0,-18.0,0,0,5,GLEN RD,negative_T_minus_H_minus_3y,1999,snapshot_before_installation
97276,1999-08-16,PVC,150.0,2015.0,-16.0,0,0,5,BRIDGE ST E,negative_T_minus_H_minus_1y,1999,snapshot_before_installation
86588,1999-08-17,PVC,150.0,2010.0,-11.0,0,1,5,MICHAEL ST,positive_T_minus_H,1999,snapshot_before_installation
97472,1999-08-28,PVCO,300.0,2014.0,-15.0,0,0,5,WEBER ST W,negative_T_minus_H_minus_5y,1999,snapshot_before_installation
98196,1999-10-17,HDPE,150.0,2016.0,-17.0,0,0,5,CHERRY ST,negative_T_minus_H_minus_2y,1999,snapshot_before_installation
4736474,1999-10-27,PVC,300.0,2017.0,-18.0,0,0,5,GLASGOW ST,negative_T_minus_H_minus_5y,1999,snapshot_before_installation
4659302,1999-10-30,PVC,25.0,2012.0,-13.0,0,0,5,BLEAMS RD,negative_T_minus_H_minus_2y,1999,snapshot_before_installation
97188,1999-11-07,PVC,300.0,2015.0,-16.0,0,1,5,MAPLE AVE,positive_T_minus_H,1999,snapshot_before_installation
135636,1999-11-08,PVC,150.0,2018.0,-19.0,0,0,5,BOND ST,negative_T_minus_H_minus_3y,1999,snapshot_before_installation
80986,1999-11-10,PVC,150.0,2010.0,-11.0,0,0,5,WELLINGTON ST N,negative_T_minus_H_minus_5y,1999,snapshot_before_installation
76498,1999-11-24,HDPE,200.0,2010.0,-11.0,1,0,5,GREENBROOK DR,negative_T_minus_H_minus_4y,1999,snapshot_before_installation
68711,1999-11-25,PVC,150.0,2009.0,-10.0,0,0,5,FISCHER HALLMAN RD,negative_T_minus_H_minus_2y,1999,snapshot_before_installation
97276,1999-11-27,PVC,150.0,2015.0,-16.0,0,0,5,BRIDGE ST E,negative_T_minus_H_minus_2y,1999,snapshot_before_installation
135596,1999-12-01,PVC,150.0,2018.0,-19.0,0,0,5,SHANTZ LANE,negative_T_minus_H_minus_4y,1999,snapshot_before_installation
135600,1999-12-01,PVC,150.0,2018.0,-19.0,0,0,5,SHANTZ LANE,negative_T_minus_H_minus_4y,1999,snapshot_before_installation
76066,1999-12-01,PVC,150.0,2009.0,-10.0,0,0,5,SCHNEIDER AVE,negative_T_minus_H_minus_1y,1999,snapshot_before_installation
4127031,1999-12-04,XXX,25.0,2003.0,-4.0,0,0,5,SCHUELLER ST,negative_T_minus_H_minus_2y,1999,snapshot_before_installation
135644,1999-12-11,PVC,150.0,2018.0,-19.0,0,0,5,BOND ST,negative_T_minus_H_minus_1y,1999,snapshot_before_installation
135600,1999-12-13,PVC,150.0,2018.0,-19.0,0,0,5,SHANTZ LANE,negative_T_minus_H_minus_1y,1999,snapshot_before_installation
76462,1999-12-17,PVC,150.0,2010.0,-11.0,0,1,5,DIXON ST,positive_T_minus_H,1999,snapshot_before_installation
133202,1999-12-19,PVCB,450.0,2017.0,-18.0,0,0,5,MANITOU DR,negative_T_minus_H_minus_1y,1999,snapshot_before_installation
76420,1999-12-19,PVC,150.0,2009.0,-10.0,0,1,5,BISMARK AVE,positive_T_minus_H,1999,snapshot_before_installation
82512,1999-12-19,PVC,300.0,2013.0,-14.0,0,1,5,QUEEN ST S,positive_T_minus_H,1999,snapshot_before_installation
77368,1999-12-24,PVCO,150.0,2011.0,-12.0,0,1,5,SPADINA RD E,positive_T_minus_H,1999,snapshot_before_installation
98344,1999-12-26,PVCO,200.0,2011.0,-12.0,0,0,5,WOOLWICH ST,negative_T_minus_H_minus_1y,1999,snapshot_before_installation
133934,1999-12-29,PVCO,300.0,2015.0,-16.0,0,0,5,SIMEON ST,negative_T_minus_H_minus_1y,1999,snapshot_before_installation
97124,1999-12-30,PVCO,300.0,2015.0,-16.0,0,1,5,HIGHLAND RD W,positive_T_minus_H,1999,snapshot_before_installation
135596,2000-01-05,PVC,150.0,2018.0,-18.0,0,0,5,SHANTZ LANE,negative_T_minus_H_minus_4y,2000,snapshot_before_installation
135596,2000-01-07,PVC,150.0,2018.0,-18.0,0,0,5,SHANTZ LANE,negative_T_minus_H_minus_4y,2000,snapshot_before_installation
133140,2000-01-08,PVC,150.0,2016.0,-16.0,1,0,5,VISTA CRES,negative_T_minus_H_minus_3y,2000,snapshot_before_installation
68140,2000-01-08,HDPE,300.0,2002.0,-2.0,0,0,5,HIGHLAND RD W,negative_T_minus_H_minus_5y,2000,snapshot_before_installation
76172,2000-01-10,PVC,150.0,2008.0,-8.0,1,0,5,GUELPH ST,negative_T_minus_H_minus_2y,2000,snapshot_before_installation
134586,2000-01-14,PVC,150.0,2017.0,-17.0,0,0,5,GUELPH ST,negative_T_minus_H_minus_4y,2000,snapshot_before_installation
78990,2000-01-19,PVCO,300.0,2013.0,-13.0,0,0,5,BELMONT AVE W,negative_T_minus_H_minus_5y,2000,snapshot_before_installation
76686,2000-01-22,PVC,150.0,2010.0,-10.0,0,0,5,MELROSE AVE,negative_T_minus_H_minus_4y,2000,snapshot_before_installation
133694,2000-01-24,PVC,150.0,2015.0,-15.0,0,0,5,SIEBERT AVE,negative_T_minus_H_minus_5y,2000,snapshot_before_installation
133992,2000-01-24,PVC,150.0,2017.0,-17.0,0,0,5,FOURTH AVE,negative_T_minus_H_minus_5y,2000,snapshot_before_installation
96852,2000-01-24,PVCO,150.0,2015.0,-15.0,0,0,5,KENNEDY AVE,negative_T_minus_H_minus_2y,2000,snapshot_before_installation
135086,2000-01-26,PVC,150.0,2018.0,-18.0,0,0,5,DIEPPE AVE,negative_T_minus_H_minus_4y,2000,snapshot_before_installation
133156,2000-01-29,PVC,150.0,2016.0,-16.0,0,1,5,LAKESIDE DR,positive_T_minus_H,2000,snapshot_before_installation
72730,2000-01-29,PVC,150.0,2005.0,-5.0,0,1,5,RUBY ST,positive_T_minus_H,2000,snapshot_before_installation
76686,2000-01-29,PVC,150.0,2010.0,-10.0,0,1,5,MELROSE AVE,positive_T_minus_H,2000,snapshot_before_installation
133982,2000-01-30,PVC,150.0,2017.0,-17.0,0,0,5,FOURTH AVE,negative_T_minus_H_minus_1y,2000,snapshot_before_installation
135920,2000-01-30,PVCO,150.0,2017.0,-17.0,0,1,5,EDGEWOOD DR,positive_T_minus_H,2000,snapshot_before_installation
68711,2000-02-03,PVC,150.0,2009.0,-9.0,0,0,5,FISCHER HALLMAN RD,negative_T_minus_H_minus_2y,2000,snapshot_before_installation
72500,2000-02-05,PVC,200.0,2005.0,-5.0,0,0,5,DOON VALLEY DR,negative_T_minus_H_minus_5y,2000,snapshot_before_installation
73850,2000-02-10,PVC,300.0,2006.0,-6.0,0,1,5,MADISON AVE N,positive_T_minus_H,2000,snapshot_before_installation
77416,2000-02-15,PVC,150.0,2011.0,-11.0,0,0,5,LINWOOD AVE,negative_T_minus_H_minus_3y,2000,snapshot_before_installation
82512,2000-02-17,PVC,300.0,2013.0,-13.0,0,1,5,QUEEN ST S,positive_T_minus_H,2000,snapshot_before_installation
133708,2000-02-20,PVC,200.0,2015.0,-15.0,0,1,5,SIEBERT AVE,positive_T_minus_H,2000,snapshot_before_installation
133140,2000-02-22,PVC,150.0,2016.0,-16.0,1,0,5,VISTA CRES,negative_T_minus_H_minus_4y,2000,snapshot_before_installation
88100,2000-02-22,PVC,150.0,2010.0,-10.0,0,0,5,DIXON ST,negative_T_minus_H_minus_2y,2000,snapshot_before_installation
98394,2000-02-22,PVCO,150.0,2014.0,-14.0,0,1,5,LYDIA ST,positive_T_minus_H,2000,snapshot_before_installation
76688,2000-03-01,PVC,150.0,2010.0,-10.0,0,1,5,MELROSE AVE,positive_T_minus_H,2000,snapshot_before_installation
77192,2000-03-06,PVC,150.0,2011.0,-11.0,0,1,5,ELLIS AVE,positive_T_minus_H,2000,snapshot_before_installation
76690,2000-03-07,PVC,150.0,2010.0,-10.0,0,1,5,MELROSE AVE,positive_T_minus_H,2000,snapshot_before_installation
134706,2000-03-10,PVC,150.0,2017.0,-17.0,0,0,5,ALICE AVE,negative_T_minus_H_minus_4y,2000,snapshot_before_installation
76727,2000-03-13,PVC,150.0,2010.0,-10.0,1,1,5,PLYMOUTH RD,positive_T_minus_H,2000,snapshot_before_installation
76854,2000-03-13,PVC,150.0,2010.0,-10.0,1,1,5,PLYMOUTH RD,positive_T_minus_H,2000,snapshot_before_installation
98274,2000-03-14,PVC,150.0,2016.0,-16.0,0,1,5,DUCHESS AVE,positive_T_minus_H,2000,snapshot_before_installation
74880,2000-03-18,PVC,150.0,2006.0,-6.0,0,0,5,SHELDON AVE N,negative_T_minus_H_minus_2y,2000,snapshot_before_installation
96944,2000-03-22,PVCO,200.0,2014.0,-14.0,0,0,5,GLASGOW ST,negative_T_minus_H_minus_5y,2000,snapshot_before_installation
74880,2000-03-28,PVC,150.0,2006.0,-6.0,0,0,5,SHELDON AVE N,negative_T_minus_H_minus_2y,2000,snapshot_before_installation
133140,2000-03-29,PVC,150.0,2016.0,-16.0,1,1,5,VISTA CRES,positive_T_minus_H,2000,snapshot_before_installation
8490,2000-04-03,DI,300.0,2015.0,-15.0,0,0,5,COURTLAND AVE E,negative_T_minus_H_minus_3y,2000,snapshot_before_installation
77994,2000-04-12,PVC,150.0,2015.0,-15.0,0,0,5,COURTLAND AVE E,negative_T_minus_H_minus_2y,2000,snapshot_before_installation
85956,2000-04-27,PVC,450.0,2002.0,-2.0,0,0,5,BLEAMS RD,negative_T_minus_H_minus_2y,2000,snapshot_before_installation
76586,2000-04-28,PVC,200.0,2010.0,-10.0,0,0,5,LINDEN AVE,negative_T_minus_H_minus_5y,2000,snapshot_before_installation
76586,2000-04-29,PVC,200.0,2010.0,-10.0,0,0,5,LINDEN AVE,negative_T_minus_H_minus_5y,2000,snapshot_before_installation
76151,2000-05-09,PVC,300.0,2009.0,-9.0,0,1,5,BREITHAUPT ST,positive_T_minus_H,2000,snapshot_before_installation
68811,2000-05-16,PVC,600.0,2008.0,-8.0,0,1,5,VICTORIA ST N,positive_T_minus_H,2000,snapshot_before_installation
97114,2000-05-29,PVCO,300.0,2015.0,-15.0,2,0,5,HIGHLAND RD W,negative_T_minus_H_minus_2y,2000,snapshot_before_installation
136122,2000-06-16,PVCO,150.0,2017.0,-17.0,0,0,5,BINSCARTH RD,negative_T_minus_H_minus_1y,2000,snapshot_before_installation
134906,2000-06-19,PVCO,200.0,2017.0,-17.0,0,0,5,KEHL ST,negative_T_minus_H_minus_2y,2000,snapshot_before_installation
136122,2000-07-12,PVCO,150.0,2017.0,-17.0,0,0,5,BINSCARTH RD,negative_T_minus_H_minus_5y,2000,snapshot_before_installation
97172,2000-07-16,PVC,300.0,2015.0,-15.0,0,0,5,SEREDA RD,negative_T_minus_H_minus_2y,2000,snapshot_before_installation
134842,2000-07-20,PVC,150.0,2016.0,-16.0,0,1,5,DONLEY ST,positive_T_minus_H,2000,snapshot_before_installation
136102,2000-08-02,PVCO,150.0,2017.0,-17.0,0,0,5,GLEN RD,negative_T_minus_H_minus_2y,2000,snapshot_before_installation
4646730,2000-08-04,PVC,150.0,2002.0,-2.0,0,0,5,KING ST W,negative_T_minus_H_minus_5y,2000,snapshot_before_installation
97276,2000-08-16,PVC,150.0,2015.0,-15.0,0,1,5,BRIDGE ST E,positive_T_minus_H,2000,snapshot_before_installation
97472,2000-08-28,PVCO,300.0,2014.0,-14.0,0,0,5,WEBER ST W,negative_T_minus_H_minus_4y,2000,snapshot_before_installation
76485,2000-09-02,HDPE,600.0,2009.0,-9.0,0,1,5,GAGE AVE,positive_T_minus_H,2000,snapshot_before_installation
98196,2000-10-17,HDPE,150.0,2016.0,-16.0,0,0,5,CHERRY ST,negative_T_minus_H_minus_1y,2000,snapshot_before_installation
136120,2000-10-19,PVCO,150.0,2017.0,-17.0,0,0,5,PLEASANT AVE,negative_T_minus_H_minus_5y,2000,snapshot_before_installation
136120,2000-10-24,PVCO,150.0,2017.0,-17.0,0,0,5,PLEASANT AVE,negative_T_minus_H_minus_5y,2000,snapshot_before_installation
4736474,2000-10-27,PVC,300.0,2017.0,-17.0,0,0,5,GLASGOW ST,negative_T_minus_H_minus_4y,2000,snapshot_before_installation
4659302,2000-10-30,PVC,25.0,2012.0,-12.0,0,0,5,BLEAMS RD,negative_T_minus_H_minus_1y,2000,snapshot_before_installation
135636,2000-11-08,PVC,150.0,2018.0,-18.0,0,0,5,BOND ST,negative_T_minus_H_minus_2y,2000,snapshot_before_installation
80986,2000-11-10,PVC,150.0,2010.0,-10.0,0,0,5,WELLINGTON ST N,negative_T_minus_H_minus_4y,2000,snapshot_before_installation
76498,2000-11-24,HDPE,200.0,2010.0,-10.0,1,0,5,GREENBROOK DR,negative_T_minus_H_minus_3y,2000,snapshot_before_installation
68711,2000-11-25,PVC,150.0,2009.0,-9.0,0,0,5,FISCHER HALLMAN RD,negative_T_minus_H_minus_1y,2000,snapshot_before_installation
135596,2000-12-01,PVC,150.0,2018.0,-18.0,0,0,5,SHANTZ LANE,negative_T_minus_H_minus_3y,2000,snapshot_before_installation
135600,2000-12-01,PVC,150.0,2018.0,-18.0,0,0,5,SHANTZ LANE,negative_T_minus_H_minus_3y,2000,snapshot_before_installation
76066,2000-12-01,PVC,150.0,2009.0,-9.0,0,1,5,SCHNEIDER AVE,positive_T_minus_H,2000,snapshot_before_installation
4127031,2000-12-04,XXX,25.0,2003.0,-3.0,0,0,5,SCHUELLER ST,negative_T_minus_H_minus_1y,2000,snapshot_before_installation
135644,2000-12-11,PVC,150.0,2018.0,-18.0,0,1,5,BOND ST,positive_T_minus_H,2000,snapshot_before_installation
135600,2000-12-13,PVC,150.0,2018.0,-18.0,0,1,5,SHANTZ LANE,positive_T_minus_H,2000,snapshot_before_installation
97278,2000-12-17,PVC,150.0,2014.0,-14.0,0,0,5,BRIDGE ST E,negative_T_minus_H_minus_5y,2000,snapshot_before_installation
133202,2000-12-19,PVCB,450.0,2017.0,-17.0,0,1,5,MANITOU DR,positive_T_minus_H,2000,snapshot_before_installation
133994,2000-12-19,PVC,150.0,2017.0,-17.0,1,1,5,FOURTH AVE,positive_T_minus_H,2000,snapshot_before_installation
134504,2000-12-19,PVC,300.0,2017.0,-17.0,0,0,5,KRUG ST,negative_T_minus_H_minus_5y,2000,snapshot_before_installation
97148,2000-12-24,PVCO,300.0,2015.0,-15.0,1,0,5,HIGHLAND RD W,negative_T_minus_H_minus_5y,2000,snapshot_before_installation
98344,2000-12-26,PVCO,200.0,2011.0,-11.0,0,1,5,WOOLWICH ST,positive_T_minus_H,2000,snapshot_before_installation
133934,2000-12-29,PVCO,300.0,2015.0,-15.0,0,1,5,SIMEON ST,positive_T_minus_H,2000,snapshot_before_installation
77368,2000-12-29,PVCO,150.0,2011.0,-11.0,0,1,5,SPADINA RD E,positive_T_minus_H,2000,snapshot_before_installation
135596,2001-01-05,PVC,150.0,2018.0,-17.0,0,0,5,SHANTZ LANE,negative_T_minus_H_minus_3y,2001,snapshot_before_installation
135596,2001-01-07,PVC,150.0,2018.0,-17.0,0,0,5,SHANTZ LANE,negative_T_minus_H_minus_3y,2001,snapshot_before_installation
68140,2001-01-08,HDPE,300.0,2002.0,-1.0,0,0,5,HIGHLAND RD W,negative_T_minus_H_minus_4y,2001,snapshot_before_installation
76172,2001-01-10,PVC,150.0,2008.0,-7.0,1,0,5,GUELPH ST,negative_T_minus_H_minus_1y,2001,snapshot_before_installation
133694,2001-01-11,PVC,150.0,2015.0,-14.0,0,0,5,SIEBERT AVE,negative_T_minus_H_minus_5y,2001,snapshot_before_installation
98278,2001-01-13,PVC,150.0,2016.0,-15.0,0,0,5,MARINA RD,negative_T_minus_H_minus_5y,2001,snapshot_before_installation
134586,2001-01-14,PVC,150.0,2017.0,-16.0,0,0,5,GUELPH ST,negative_T_minus_H_minus_3y,2001,snapshot_before_installation
78990,2001-01-19,PVCO,300.0,2013.0,-12.0,0,0,5,BELMONT AVE W,negative_T_minus_H_minus_4y,2001,snapshot_before_installation
133694,2001-01-24,PVC,150.0,2015.0,-14.0,0,0,5,SIEBERT AVE,negative_T_minus_H_minus_4y,2001,snapshot_before_installation
133992,2001-01-24,PVC,150.0,2017.0,-16.0,0,0,5,FOURTH AVE,negative_T_minus_H_minus_4y,2001,snapshot_before_installation
134700,2001-01-24,PVC,150.0,2017.0,-16.0,0,0,5,KARN ST,negative_T_minus_H_minus_5y,2001,snapshot_before_installation
96852,2001-01-24,PVCO,150.0,2015.0,-14.0,0,0,5,KENNEDY AVE,negative_T_minus_H_minus_1y,2001,snapshot_before_installation
135086,2001-01-26,PVC,150.0,2018.0,-17.0,0,0,5,DIEPPE AVE,negative_T_minus_H_minus_3y,2001,snapshot_before_installation
133136,2001-01-30,PVC,150.0,2016.0,-15.0,0,0,5,LAKESIDE DR,negative_T_minus_H_minus_5y,2001,snapshot_before_installation
133982,2001-01-30,PVC,150.0,2017.0,-16.0,0,1,5,FOURTH AVE,positive_T_minus_H,2001,snapshot_before_installation
68711,2001-02-03,PVC,150.0,2009.0,-8.0,0,0,5,FISCHER HALLMAN RD,negative_T_minus_H_minus_1y,2001,snapshot_before_installation
72500,2001-02-05,PVC,200.0,2005.0,-4.0,0,0,5,DOON VALLEY DR,negative_T_minus_H_minus_4y,2001,snapshot_before_installation
97080,2001-02-10,PVC,150.0,2013.0,-12.0,0,0,5,STIRLING AVE N,negative_T_minus_H_minus_5y,2001,snapshot_before_installation
136122,2001-02-15,PVCO,150.0,2017.0,-16.0,0,0,5,BINSCARTH RD,negative_T_minus_H_minus_5y,2001,snapshot_before_installation
69383,2001-02-15,PVC,150.0,2008.0,-7.0,2,0,5,MADISON AVE S,negative_T_minus_H_minus_1y,2001,snapshot_before_installation
77416,2001-02-15,PVC,150.0,2011.0,-10.0,0,0,5,LINWOOD AVE,negative_T_minus_H_minus_2y,2001,snapshot_before_installation
79054,2001-02-22,HDPE,300.0,2012.0,-11.0,0,0,5,HAYWARD AVE,negative_T_minus_H_minus_5y,2001,snapshot_before_installation
88100,2001-02-22,PVC,150.0,2010.0,-9.0,0,0,5,DIXON ST,negative_T_minus_H_minus_1y,2001,snapshot_before_installation
134706,2001-03-10,PVC,150.0,2017.0,-16.0,0,0,5,ALICE AVE,negative_T_minus_H_minus_3y,2001,snapshot_before_installation
74880,2001-03-18,PVC,150.0,2006.0,-5.0,0,0,5,SHELDON AVE N,negative_T_minus_H_minus_1y,2001,snapshot_before_installation
96944,2001-03-22,PVCO,200.0,2014.0,-13.0,0,0,5,GLASGOW ST,negative_T_minus_H_minus_4y,2001,snapshot_before_installation
74880,2001-03-28,PVC,150.0,2006.0,-5.0,0,0,5,SHELDON AVE N,negative_T_minus_H_minus_1y,2001,snapshot_before_installation
8490,2001-04-03,DI,300.0,2015.0,-14.0,0,0,5,COURTLAND AVE E,negative_T_minus_H_minus_2y,2001,snapshot_before_installation
77994,2001-04-12,PVC,150.0,2015.0,-14.0,0,0,5,COURTLAND AVE E,negative_T_minus_H_minus_1y,2001,snapshot_before_installation
85956,2001-04-27,PVC,450.0,2002.0,-1.0,0,0,5,BLEAMS RD,negative_T_minus_H_minus_1y,2001,snapshot_before_installation
76586,2001-04-28,PVC,200.0,2010.0,-9.0,0,0,5,LINDEN AVE,negative_T_minus_H_minus_4y,2001,snapshot_before_installation
76586,2001-04-29,PVC,200.0,2010.0,-9.0,0,0,5,LINDEN AVE,negative_T_minus_H_minus_4y,2001,snapshot_before_installation
97114,2001-05-29,PVCO,300.0,2015.0,-14.0,2,0,5,HIGHLAND RD W,negative_T_minus_H_minus_1y,2001,snapshot_before_installation
136122,2001-06-16,PVCO,150.0,2017.0,-16.0,0,1,5,BINSCARTH RD,positive_T_minus_H,2001,snapshot_before_installation
134906,2001-06-19,PVCO,200.0,2017.0,-16.0,0,0,5,KEHL ST,negative_T_minus_H_minus_1y,2001,snapshot_before_installation
77126,2001-07-03,PVCO,150.0,2012.0,-11.0,1,1,5,LIBERTY AVE,positive_T_minus_H,2001,snapshot_before_installation
77368,2001-07-03,PVCO,150.0,2011.0,-10.0,0,1,5,SPADINA RD E,positive_T_minus_H,2001,snapshot_before_installation
97172,2001-07-16,PVC,300.0,2015.0,-14.0,0,0,5,SEREDA RD,negative_T_minus_H_minus_1y,2001,snapshot_before_installation
69383,2001-07-31,PVC,150.0,2008.0,-7.0,2,0,5,MADISON AVE S,negative_T_minus_H_minus_3y,2001,snapshot_before_installation
136102,2001-08-02,PVCO,150.0,2017.0,-16.0,0,0,5,GLEN RD,negative_T_minus_H_minus_1y,2001,snapshot_before_installation
4646730,2001-08-04,PVC,150.0,2002.0,-1.0,0,0,5,KING ST W,negative_T_minus_H_minus_4y,2001,snapshot_before_installation
97472,2001-08-28,PVCO,300.0,2014.0,-13.0,0,0,5,WEBER ST W,negative_T_minus_H_minus_3y,2001,snapshot_before_installation
98196,2001-10-17,HDPE,150.0,2016.0,-15.0,0,1,5,CHERRY ST,positive_T_minus_H,2001,snapshot_before_installation
136120,2001-10-19,PVCO,150.0,2017.0,-16.0,0,0,5,PLEASANT AVE,negative_T_minus_H_minus_4y,2001,snapshot_before_installation
136120,2001-10-24,PVCO,150.0,2017.0,-16.0,0,0,5,PLEASANT AVE,negative_T_minus_H_minus_4y,2001,snapshot_before_installation
76497,2001-10-26,HDPE,200.0,2010.0,-9.0,0,1,5,GREENBROOK DR,positive_T_minus_H,2001,snapshot_before_installation
4736474,2001-10-27,PVC,300.0,2017.0,-16.0,0,0,5,GLASGOW ST,negative_T_minus_H_minus_3y,2001,snapshot_before_installation
4659302,2001-10-30,PVC,25.0,2012.0,-11.0,0,1,5,BLEAMS RD,positive_T_minus_H,2001,snapshot_before_installation
135636,2001-11-08,PVC,150.0,2018.0,-17.0,0,0,5,BOND ST,negative_T_minus_H_minus_1y,2001,snapshot_before_installation
80986,2001-11-10,PVC,150.0,2010.0,-9.0,0,0,5,WELLINGTON ST N,negative_T_minus_H_minus_3y,2001,snapshot_before_installation
76498,2001-11-24,HDPE,200.0,2010.0,-9.0,1,0,5,GREENBROOK DR,negative_T_minus_H_minus_2y,2001,snapshot_before_installation
68711,2001-11-25,PVC,150.0,2009.0,-8.0,0,1,5,FISCHER HALLMAN RD,positive_T_minus_H,2001,snapshot_before_installation
97276,2001-11-27,PVC,150.0,2015.0,-14.0,0,1,5,BRIDGE ST E,positive_T_minus_H,2001,snapshot_before_installation
135596,2001-12-01,PVC,150.0,2018.0,-17.0,0,0,5,SHANTZ LANE,negative_T_minus_H_minus_2y,2001,snapshot_before_installation
4127031,2001-12-04,XXX,25.0,2003.0,-2.0,0,1,5,SCHUELLER ST,positive_T_minus_H,2001,snapshot_before_installation
133136,2001-12-10,PVC,150.0,2016.0,-15.0,0,0,5,LAKESIDE DR,negative_T_minus_H_minus_5y,2001,snapshot_before_installation
135084,2001-12-15,PVC,150.0,2018.0,-17.0,0,0,5,HETT AVE,negative_T_minus_H_minus_5y,2001,snapshot_before_installation
136126,2001-12-15,PVCO,150.0,2017.0,-16.0,0,0,5,GLEN RD,negative_T_minus_H_minus_5y,2001,snapshot_before_installation
78018,2001-12-15,PVC,150.0,2011.0,-10.0,0,0,5,COURTLAND AVE E,negative_T_minus_H_minus_5y,2001,snapshot_before_installation
78024,2001-12-15,PVC,150.0,2011.0,-10.0,0,0,5,COURTLAND AVE E,negative_T_minus_H_minus_5y,2001,snapshot_before_installation
81580,2001-12-15,PVC,150.0,2014.0,-13.0,0,0,5,REX DR,negative_T_minus_H_minus_5y,2001,snapshot_before_installation
82202,2001-12-15,CI,150.0,2005.0,-4.0,0,0,5,HIGHLAND RD E,negative_T_minus_H_minus_5y,2001,snapshot_before_installation
82324,2001-12-15,PVC,150.0,2014.0,-13.0,0,0,5,QUEENS BLVD,negative_T_minus_H_minus_5y,2001,snapshot_before_installation
97938,2001-12-15,PVC,300.0,2012.0,-11.0,0,0,5,STIRLING AVE S,negative_T_minus_H_minus_5y,2001,snapshot_before_installation
97980,2001-12-15,PVC,300.0,2012.0,-11.0,0,0,5,MILL ST,negative_T_minus_H_minus_5y,2001,snapshot_before_installation
97984,2001-12-15,PVC,150.0,2016.0,-15.0,0,0,5,LANSDOWNE BLVD,negative_T_minus_H_minus_5y,2001,snapshot_before_installation
98008,2001-12-15,PVC,300.0,2012.0,-11.0,0,0,5,MILL ST,negative_T_minus_H_minus_5y,2001,snapshot_before_installation
97278,2001-12-17,PVC,150.0,2014.0,-13.0,0,0,5,BRIDGE ST E,negative_T_minus_H_minus_4y,2001,snapshot_before_installation
134504,2001-12-19,PVC,300.0,2017.0,-16.0,0,0,5,KRUG ST,negative_T_minus_H_minus_4y,2001,snapshot_before_installation
97148,2001-12-24,PVCO,300.0,2015.0,-14.0,1,0,5,HIGHLAND RD W,negative_T_minus_H_minus_4y,2001,snapshot_before_installation
135596,2002-01-05,PVC,150.0,2018.0,-16.0,0,0,5,SHANTZ LANE,negative_T_minus_H_minus_2y,2002,snapshot_before_installation
135596,2002-01-07,PVC,150.0,2018.0,-16.0,0,0,5,SHANTZ LANE,negative_T_minus_H_minus_2y,2002,snapshot_before_installation
76172,2002-01-10,PVC,150.0,2008.0,-6.0,1,1,5,GUELPH ST,positive_T_minus_H,2002,snapshot_before_installation
133694,2002-01-11,PVC,150.0,2015.0,-13.0,0,0,5,SIEBERT AVE,negative_T_minus_H_minus_4y,2002,snapshot_before_installation
98278,2002-01-13,PVC,150.0,2016.0,-14.0,0,0,5,MARINA RD,negative_T_minus_H_minus_4y,2002,snapshot_before_installation
134586,2002-01-14,PVC,150.0,2017.0,-15.0,0,0,5,GUELPH ST,negative_T_minus_H_minus_2y,2002,snapshot_before_installation
78990,2002-01-19,PVCO,300.0,2013.0,-11.0,0,0,5,BELMONT AVE W,negative_T_minus_H_minus_3y,2002,snapshot_before_installation
133694,2002-01-24,PVC,150.0,2015.0,-13.0,0,0,5,SIEBERT AVE,negative_T_minus_H_minus_3y,2002,snapshot_before_installation
133992,2002-01-24,PVC,150.0,2017.0,-15.0,0,0,5,FOURTH AVE,negative_T_minus_H_minus_3y,2002,snapshot_before_installation
134700,2002-01-24,PVC,150.0,2017.0,-15.0,0,0,5,KARN ST,negative_T_minus_H_minus_4y,2002,snapshot_before_installation
96852,2002-01-24,PVCO,150.0,2015.0,-13.0,0,1,5,KENNEDY AVE,positive_T_minus_H,2002,snapshot_before_installation
135086,2002-01-26,PVC,150.0,2018.0,-16.0,0,0,5,DIEPPE AVE,negative_T_minus_H_minus_2y,2002,snapshot_before_installation
135042,2002-01-28,PVC,150.0,2018.0,-16.0,0,1,5,METZLOFF DR,positive_T_minus_H,2002,snapshot_before_installation
76686,2002-01-29,PVC,150.0,2010.0,-8.0,0,1,5,MELROSE AVE,positive_T_minus_H,2002,snapshot_before_installation
86556,2002-01-29,PVC,150.0,2010.0,-8.0,3,1,5,PLYMOUTH RD,positive_T_minus_H,2002,snapshot_before_installation
133136,2002-01-30,PVC,150.0,2016.0,-14.0,0,0,5,LAKESIDE DR,negative_T_minus_H_minus_4y,2002,snapshot_before_installation
68711,2002-02-03,PVC,150.0,2009.0,-7.0,0,1,5,FISCHER HALLMAN RD,positive_T_minus_H,2002,snapshot_before_installation
72500,2002-02-05,PVC,200.0,2005.0,-3.0,0,0,5,DOON VALLEY DR,negative_T_minus_H_minus_3y,2002,snapshot_before_installation
97080,2002-02-10,PVC,150.0,2013.0,-11.0,0,0,5,STIRLING AVE N,negative_T_minus_H_minus_4y,2002,snapshot_before_installation
69383,2002-02-15,PVC,150.0,2008.0,-6.0,2,1,5,MADISON AVE S,positive_T_minus_H,2002,snapshot_before_installation
77416,2002-02-15,PVC,150.0,2011.0,-9.0,0,0,5,LINWOOD AVE,negative_T_minus_H_minus_1y,2002,snapshot_before_installation
86546,2002-02-19,PVC,200.0,2008.0,-6.0,0,1,5,VANIER DR,positive_T_minus_H,2002,snapshot_before_installation
97080,2002-02-20,PVC,150.0,2013.0,-11.0,0,0,5,STIRLING AVE N,negative_T_minus_H_minus_5y,2002,snapshot_before_installation
134842,2002-02-22,PVC,150.0,2016.0,-14.0,0,1,5,DONLEY ST,positive_T_minus_H,2002,snapshot_before_installation
79054,2002-02-22,HDPE,300.0,2012.0,-10.0,0,0,5,HAYWARD AVE,negative_T_minus_H_minus_4y,2002,snapshot_before_installation
88100,2002-02-22,PVC,150.0,2010.0,-8.0,0,1,5,DIXON ST,positive_T_minus_H,2002,snapshot_before_installation
134842,2002-02-24,PVC,150.0,2016.0,-14.0,0,1,5,DONLEY ST,positive_T_minus_H,2002,snapshot_before_installation
98392,2002-02-27,PVCO,150.0,2014.0,-12.0,1,1,5,MERNER AVE,positive_T_minus_H,2002,snapshot_before_installation
7400,2002-03-06,PVC,150.0,2008.0,-6.0,0,1,5,CLARK AVE,positive_T_minus_H,2002,snapshot_before_installation
134706,2002-03-10,PVC,150.0,2017.0,-15.0,0,0,5,ALICE AVE,negative_T_minus_H_minus_2y,2002,snapshot_before_installation
76727,2002-03-14,PVC,150.0,2010.0,-8.0,1,1,5,PLYMOUTH RD,positive_T_minus_H,2002,snapshot_before_installation
74880,2002-03-18,PVC,150.0,2006.0,-4.0,0,1,5,SHELDON AVE N,positive_T_minus_H,2002,snapshot_before_installation
76690,2002-03-18,PVC,150.0,2010.0,-8.0,0,1,5,MELROSE AVE,positive_T_minus_H,2002,snapshot_before_installation
96944,2002-03-22,PVCO,200.0,2014.0,-12.0,0,0,5,GLASGOW ST,negative_T_minus_H_minus_3y,2002,snapshot_before_installation
74880,2002-03-28,PVC,150.0,2006.0,-4.0,0,1,5,SHELDON AVE N,positive_T_minus_H,2002,snapshot_before_installation
8490,2002-04-03,DI,300.0,2015.0,-13.0,0,0,5,COURTLAND AVE E,negative_T_minus_H_minus_1y,2002,snapshot_before_installation
77994,2002-04-12,PVC,150.0,2015.0,-13.0,0,1,5,COURTLAND AVE E,positive_T_minus_H,2002,snapshot_before_installation
76586,2002-04-28,PVC,200.0,2010.0,-8.0,0,0,5,LINDEN AVE,negative_T_minus_H_minus_3y,2002,snapshot_before_installation
76586,2002-04-29,PVC,200.0,2010.0,-8.0,0,0,5,LINDEN AVE,negative_T_minus_H_minus_3y,2002,snapshot_before_installation
97114,2002-05-29,PVCO,300.0,2015.0,-13.0,2,1,5,HIGHLAND RD W,positive_T_minus_H,2002,snapshot_before_installation
134906,2002-06-19,PVCO,200.0,2017.0,-15.0,0,1,5,KEHL ST,positive_T_minus_H,2002,snapshot_before_installation
97172,2002-07-16,PVC,300.0,2015.0,-13.0,0,1,5,SEREDA RD,positive_T_minus_H,2002,snapshot_before_installation
136102,2002-08-02,PVCO,150.0,2017.0,-15.0,0,1,5,GLEN RD,positive_T_minus_H,2002,snapshot_before_installation
97472,2002-08-28,PVCO,300.0,2014.0,-12.0,0,0,5,WEBER ST W,negative_T_minus_H_minus_2y,2002,snapshot_before_installation
136120,2002-10-19,PVCO,150.0,2017.0,-15.0,0,0,5,PLEASANT AVE,negative_T_minus_H_minus_3y,2002,snapshot_before_installation
136120,2002-10-24,PVCO,150.0,2017.0,-15.0,0,0,5,PLEASANT AVE,negative_T_minus_H_minus_3y,2002,snapshot_before_installation
4736474,2002-10-27,PVC,300.0,2017.0,-15.0,0,0,5,GLASGOW ST,negative_T_minus_H_minus_2y,2002,snapshot_before_installation
135636,2002-11-08,PVC,150.0,2018.0,-16.0,0,1,5,BOND ST,positive_T_minus_H,2002,snapshot_before_installation
80986,2002-11-10,PVC,150.0,2010.0,-8.0,0,0,5,WELLINGTON ST N,negative_T_minus_H_minus_2y,2002,snapshot_before_installation
76498,2002-11-24,HDPE,200.0,2010.0,-8.0,1,0,5,GREENBROOK DR,negative_T_minus_H_minus_1y,2002,snapshot_before_installation
135596,2002-12-01,PVC,150.0,2018.0,-16.0,0,0,5,SHANTZ LANE,negative_T_minus_H_minus_1y,2002,snapshot_before_installation
133136,2002-12-10,PVC,150.0,2016.0,-14.0,0,0,5,LAKESIDE DR,negative_T_minus_H_minus_4y,2002,snapshot_before_installation
135084,2002-12-15,PVC,150.0,2018.0,-16.0,0,0,5,HETT AVE,negative_T_minus_H_minus_4y,2002,snapshot_before_installation
136126,2002-12-15,PVCO,150.0,2017.0,-15.0,0,0,5,GLEN RD,negative_T_minus_H_minus_4y,2002,snapshot_before_installation
78018,2002-12-15,PVC,150.0,2011.0,-9.0,0,0,5,COURTLAND AVE E,negative_T_minus_H_minus_4y,2002,snapshot_before_installation
78024,2002-12-15,PVC,150.0,2011.0,-9.0,0,0,5,COURTLAND AVE E,negative_T_minus_H_minus_4y,2002,snapshot_before_installation
81580,2002-12-15,PVC,150.0,2014.0,-12.0,0,0,5,REX DR,negative_T_minus_H_minus_4y,2002,snapshot_before_installation
82202,2002-12-15,CI,150.0,2005.0,-3.0,0,0,5,HIGHLAND RD E,negative_T_minus_H_minus_4y,2002,snapshot_before_installation
82324,2002-12-15,PVC,150.0,2014.0,-12.0,0,0,5,QUEENS BLVD,negative_T_minus_H_minus_4y,2002,snapshot_before_installation
97196,2002-12-15,PVC,300.0,2015.0,-13.0,1,0,5,UNION ST,negative_T_minus_H_minus_4y,2002,snapshot_before_installation
97938,2002-12-15,PVC,300.0,2012.0,-10.0,0,0,5,STIRLING AVE S,negative_T_minus_H_minus_4y,2002,snapshot_before_installation
97980,2002-12-15,PVC,300.0,2012.0,-10.0,0,0,5,MILL ST,negative_T_minus_H_minus_4y,2002,snapshot_before_installation
97984,2002-12-15,PVC,150.0,2016.0,-14.0,0,0,5,LANSDOWNE BLVD,negative_T_minus_H_minus_4y,2002,snapshot_before_installation
98008,2002-12-15,PVC,300.0,2012.0,-10.0,0,0,5,MILL ST,negative_T_minus_H_minus_4y,2002,snapshot_before_installation
97278,2002-12-17,PVC,150.0,2014.0,-12.0,0,0,5,BRIDGE ST E,negative_T_minus_H_minus_3y,2002,snapshot_before_installation
134504,2002-12-19,PVC,300.0,2017.0,-15.0,0,0,5,KRUG ST,negative_T_minus_H_minus_3y,2002,snapshot_before_installation
97148,2002-12-24,PVCO,300.0,2015.0,-13.0,1,0,5,HIGHLAND RD W,negative_T_minus_H_minus_3y,2002,snapshot_before_installation
133134,2003-01-05,PVC,150.0,2016.0,-13.0,0,0,5,VISTA CRES,negative_T_minus_H_minus_5y,2003,snapshot_before_installation
135596,2003-01-05,PVC,150.0,2018.0,-15.0,0,0,5,SHANTZ LANE,negative_T_minus_H_minus_1y,2003,snapshot_before_installation
135596,2003-01-07,PVC,150.0,2018.0,-15.0,0,0,5,SHANTZ LANE,negative_T_minus_H_minus_1y,2003,snapshot_before_installation
133140,2003-01-08,PVC,150.0,2016.0,-13.0,1,1,5,VISTA CRES,positive_T_minus_H,2003,snapshot_before_installation
86558,2003-01-10,PVC,150.0,2010.0,-7.0,0,1,5,PLYMOUTH RD,positive_T_minus_H,2003,snapshot_before_installation
133694,2003-01-11,PVC,150.0,2015.0,-12.0,0,0,5,SIEBERT AVE,negative_T_minus_H_minus_3y,2003,snapshot_before_installation
98278,2003-01-13,PVC,150.0,2016.0,-13.0,0,0,5,MARINA RD,negative_T_minus_H_minus_3y,2003,snapshot_before_installation
134586,2003-01-14,PVC,150.0,2017.0,-14.0,0,0,5,GUELPH ST,negative_T_minus_H_minus_1y,2003,snapshot_before_installation
134842,2003-01-14,PVC,150.0,2016.0,-13.0,1,1,5,DONLEY ST,positive_T_minus_H,2003,snapshot_before_installation
78990,2003-01-19,PVCO,300.0,2013.0,-10.0,0,0,5,BELMONT AVE W,negative_T_minus_H_minus_2y,2003,snapshot_before_installation
133694,2003-01-24,PVC,150.0,2015.0,-12.0,0,0,5,SIEBERT AVE,negative_T_minus_H_minus_2y,2003,snapshot_before_installation
133992,2003-01-24,PVC,150.0,2017.0,-14.0,0,0,5,FOURTH AVE,negative_T_minus_H_minus_2y,2003,snapshot_before_installation
134700,2003-01-24,PVC,150.0,2017.0,-14.0,0,0,5,KARN ST,negative_T_minus_H_minus_3y,2003,snapshot_before_installation
135086,2003-01-26,PVC,150.0,2018.0,-15.0,0,0,5,DIEPPE AVE,negative_T_minus_H_minus_1y,2003,snapshot_before_installation
133136,2003-01-30,PVC,150.0,2016.0,-13.0,0,0,5,LAKESIDE DR,negative_T_minus_H_minus_3y,2003,snapshot_before_installation
72500,2003-02-05,PVC,200.0,2005.0,-2.0,0,0,5,DOON VALLEY DR,negative_T_minus_H_minus_2y,2003,snapshot_before_installation
97080,2003-02-10,PVC,150.0,2013.0,-10.0,0,0,5,STIRLING AVE N,negative_T_minus_H_minus_3y,2003,snapshot_before_installation
134836,2003-02-13,PVC,150.0,2016.0,-13.0,1,0,5,KELVIN AVE,negative_T_minus_H_minus_5y,2003,snapshot_before_installation
77416,2003-02-15,PVC,150.0,2011.0,-8.0,0,1,5,LINWOOD AVE,positive_T_minus_H,2003,snapshot_before_installation
97080,2003-02-20,PVC,150.0,2013.0,-10.0,0,0,5,STIRLING AVE N,negative_T_minus_H_minus_4y,2003,snapshot_before_installation
79054,2003-02-22,HDPE,300.0,2012.0,-9.0,0,0,5,HAYWARD AVE,negative_T_minus_H_minus_3y,2003,snapshot_before_installation
76688,2003-02-24,PVC,150.0,2010.0,-7.0,1,1,5,MELROSE AVE,positive_T_minus_H,2003,snapshot_before_installation
133122,2003-03-01,PVC,150.0,2016.0,-13.0,2,1,5,PANDORA AVE N,positive_T_minus_H,2003,snapshot_before_installation
134846,2003-03-05,PVC,150.0,2016.0,-13.0,3,0,5,MEINZINGER AVE,negative_T_minus_H_minus_3y,2003,snapshot_before_installation
134706,2003-03-10,PVC,150.0,2017.0,-14.0,0,0,5,ALICE AVE,negative_T_minus_H_minus_1y,2003,snapshot_before_installation
134836,2003-03-11,PVC,150.0,2016.0,-13.0,1,0,5,KELVIN AVE,negative_T_minus_H_minus_5y,2003,snapshot_before_installation
83222,2003-03-22,PVC,150.0,2008.0,-5.0,1,1,5,CLIVE RD,positive_T_minus_H,2003,snapshot_before_installation
96944,2003-03-22,PVCO,200.0,2014.0,-11.0,0,0,5,GLASGOW ST,negative_T_minus_H_minus_2y,2003,snapshot_before_installation
8490,2003-04-03,DI,300.0,2015.0,-12.0,0,1,5,COURTLAND AVE E,positive_T_minus_H,2003,snapshot_before_installation
76586,2003-04-28,PVC,200.0,2010.0,-7.0,0,0,5,LINDEN AVE,negative_T_minus_H_minus_2y,2003,snapshot_before_installation
76586,2003-04-29,PVC,200.0,2010.0,-7.0,0,0,5,LINDEN AVE,negative_T_minus_H_minus_2y,2003,snapshot_before_installation
78180,2003-05-27,PVC,150.0,2015.0,-12.0,1,0,5,COURTLAND AVE E,negative_T_minus_H_minus_1y,2003,snapshot_before_installation
78180,2003-05-30,PVC,150.0,2015.0,-12.0,1,0,5,COURTLAND AVE E,negative_T_minus_H_minus_2y,2003,snapshot_before_installation
133118,2003-08-04,PVC,150.0,2016.0,-13.0,3,0,5,GLENDALE RD,negative_T_minus_H_minus_2y,2003,snapshot_before_installation
97472,2003-08-28,PVCO,300.0,2014.0,-11.0,0,0,5,WEBER ST W,negative_T_minus_H_minus_1y,2003,snapshot_before_installation
134846,2003-10-10,PVC,150.0,2016.0,-13.0,3,0,5,MEINZINGER AVE,negative_T_minus_H_minus_5y,2003,snapshot_before_installation
136120,2003-10-19,PVCO,150.0,2017.0,-14.0,0,0,5,PLEASANT AVE,negative_T_minus_H_minus_2y,2003,snapshot_before_installation
136120,2003-10-24,PVCO,150.0,2017.0,-14.0,0,0,5,PLEASANT AVE,negative_T_minus_H_minus_2y,2003,snapshot_before_installation
4736474,2003-10-27,PVC,300.0,2017.0,-14.0,0,0,5,GLASGOW ST,negative_T_minus_H_minus_1y,2003,snapshot_before_installation
80986,2003-11-10,PVC,150.0,2010.0,-7.0,0,0,5,WELLINGTON ST N,negative_T_minus_H_minus_1y,2003,snapshot_before_installation
133204,2003-11-20,PVCB,450.0,2017.0,-14.0,0,0,5,MANITOU DR,negative_T_minus_H_minus_5y,2003,snapshot_before_installation
97278,2003-11-23,PVC,150.0,2014.0,-11.0,0,0,5,BRIDGE ST E,negative_T_minus_H_minus_5y,2003,snapshot_before_installation
76498,2003-11-24,HDPE,200.0,2010.0,-7.0,1,1,5,GREENBROOK DR,positive_T_minus_H,2003,snapshot_before_installation
133140,2003-12-01,PVC,150.0,2016.0,-13.0,1,1,5,VISTA CRES,positive_T_minus_H,2003,snapshot_before_installation
133994,2003-12-01,PVC,150.0,2017.0,-14.0,4,1,5,FOURTH AVE,positive_T_minus_H,2003,snapshot_before_installation
135596,2003-12-01,PVC,150.0,2018.0,-15.0,0,1,5,SHANTZ LANE,positive_T_minus_H,2003,snapshot_before_installation
135600,2003-12-01,PVC,150.0,2018.0,-15.0,0,1,5,SHANTZ LANE,positive_T_minus_H,2003,snapshot_before_installation
133136,2003-12-10,PVC,150.0,2016.0,-13.0,0,0,5,LAKESIDE DR,negative_T_minus_H_minus_3y,2003,snapshot_before_installation
97182,2003-12-10,PVC,150.0,2015.0,-12.0,0,0,5,UNION ST,negative_T_minus_H_minus_5y,2003,snapshot_before_installation
135084,2003-12-15,PVC,150.0,2018.0,-15.0,0,0,5,HETT AVE,negative_T_minus_H_minus_3y,2003,snapshot_before_installation
136126,2003-12-15,PVCO,150.0,2017.0,-14.0,0,0,5,GLEN RD,negative_T_minus_H_minus_3y,2003,snapshot_before_installation
78018,2003-12-15,PVC,150.0,2011.0,-8.0,0,0,5,COURTLAND AVE E,negative_T_minus_H_minus_3y,2003,snapshot_before_installation
78024,2003-12-15,PVC,150.0,2011.0,-8.0,0,0,5,COURTLAND AVE E,negative_T_minus_H_minus_3y,2003,snapshot_before_installation
79000,2003-12-15,PVCO,300.0,2013.0,-10.0,1,0,5,GLASGOW ST,negative_T_minus_H_minus_3y,2003,snapshot_before_installation
81580,2003-12-15,PVC,150.0,2014.0,-11.0,0,0,5,REX DR,negative_T_minus_H_minus_3y,2003,snapshot_before_installation
82202,2003-12-15,CI,150.0,2005.0,-2.0,0,0,5,HIGHLAND RD E,negative_T_minus_H_minus_3y,2003,snapshot_before_installation
82324,2003-12-15,PVC,150.0,2014.0,-11.0,0,0,5,QUEENS BLVD,negative_T_minus_H_minus_3y,2003,snapshot_before_installation
97196,2003-12-15,PVC,300.0,2015.0,-12.0,1,0,5,UNION ST,negative_T_minus_H_minus_3y,2003,snapshot_before_installation
97938,2003-12-15,PVC,300.0,2012.0,-9.0,0,0,5,STIRLING AVE S,negative_T_minus_H_minus_3y,2003,snapshot_before_installation
97980,2003-12-15,PVC,300.0,2012.0,-9.0,0,0,5,MILL ST,negative_T_minus_H_minus_3y,2003,snapshot_before_installation
97984,2003-12-15,PVC,150.0,2016.0,-13.0,0,0,5,LANSDOWNE BLVD,negative_T_minus_H_minus_3y,2003,snapshot_before_installation
98008,2003-12-15,PVC,300.0,2012.0,-9.0,0,0,5,MILL ST,negative_T_minus_H_minus_3y,2003,snapshot_before_installation
97278,2003-12-17,PVC,150.0,2014.0,-11.0,0,0,5,BRIDGE ST E,negative_T_minus_H_minus_2y,2003,snapshot_before_installation
134504,2003-12-19,PVC,300.0,2017.0,-14.0,0,0,5,KRUG ST,negative_T_minus_H_minus_2y,2003,snapshot_before_installation
97148,2003-12-24,PVCO,300.0,2015.0,-12.0,1,0,5,HIGHLAND RD W,negative_T_minus_H_minus_2y,2003,snapshot_before_installation
136126,2003-12-30,PVCO,150.0,2017.0,-14.0,0,0,5,GLEN RD,negative_T_minus_H_minus_5y,2003,snapshot_before_installation
133134,2004-01-05,PVC,150.0,2016.0,-12.0,0,0,5,VISTA CRES,negative_T_minus_H_minus_4y,2004,snapshot_before_installation
135596,2004-01-05,PVC,150.0,2018.0,-14.0,0,1,5,SHANTZ LANE,positive_T_minus_H,2004,snapshot_before_installation
135596,2004-01-07,PVC,150.0,2018.0,-14.0,0,1,5,SHANTZ LANE,positive_T_minus_H,2004,snapshot_before_installation
133694,2004-01-11,PVC,150.0,2015.0,-11.0,0,0,5,SIEBERT AVE,negative_T_minus_H_minus_2y,2004,snapshot_before_installation
98278,2004-01-13,PVC,150.0,2016.0,-12.0,0,0,5,MARINA RD,negative_T_minus_H_minus_2y,2004,snapshot_before_installation
134586,2004-01-14,PVC,150.0,2017.0,-13.0,0,1,5,GUELPH ST,positive_T_minus_H,2004,snapshot_before_installation
78990,2004-01-19,PVCO,300.0,2013.0,-9.0,0,0,5,BELMONT AVE W,negative_T_minus_H_minus_1y,2004,snapshot_before_installation
76686,2004-01-22,PVC,150.0,2010.0,-6.0,0,1,5,MELROSE AVE,positive_T_minus_H,2004,snapshot_before_installation
133694,2004-01-24,PVC,150.0,2015.0,-11.0,0,0,5,SIEBERT AVE,negative_T_minus_H_minus_1y,2004,snapshot_before_installation
133992,2004-01-24,PVC,150.0,2017.0,-13.0,0,0,5,FOURTH AVE,negative_T_minus_H_minus_1y,2004,snapshot_before_installation
134700,2004-01-24,PVC,150.0,2017.0,-13.0,0,0,5,KARN ST,negative_T_minus_H_minus_2y,2004,snapshot_before_installation
134942,2004-01-25,PVC,150.0,2018.0,-14.0,1,0,5,GUELPH ST,negative_T_minus_H_minus_2y,2004,snapshot_before_installation
135086,2004-01-26,PVC,150.0,2018.0,-14.0,0,1,5,DIEPPE AVE,positive_T_minus_H,2004,snapshot_before_installation
133136,2004-01-30,PVC,150.0,2016.0,-12.0,0,0,5,LAKESIDE DR,negative_T_minus_H_minus_2y,2004,snapshot_before_installation
96914,2004-02-02,PVC,450.0,2014.0,-10.0,0,0,5,GLASGOW ST,negative_T_minus_H_minus_5y,2004,snapshot_before_installation
72500,2004-02-05,PVC,200.0,2005.0,-1.0,0,0,5,DOON VALLEY DR,negative_T_minus_H_minus_1y,2004,snapshot_before_installation
97080,2004-02-10,PVC,150.0,2013.0,-9.0,0,0,5,STIRLING AVE N,negative_T_minus_H_minus_2y,2004,snapshot_before_installation
134836,2004-02-13,PVC,150.0,2016.0,-12.0,1,0,5,KELVIN AVE,negative_T_minus_H_minus_4y,2004,snapshot_before_installation
97080,2004-02-20,PVC,150.0,2013.0,-9.0,0,0,5,STIRLING AVE N,negative_T_minus_H_minus_3y,2004,snapshot_before_installation
133140,2004-02-22,PVC,150.0,2016.0,-12.0,1,1,5,VISTA CRES,positive_T_minus_H,2004,snapshot_before_installation
79054,2004-02-22,HDPE,300.0,2012.0,-8.0,0,0,5,HAYWARD AVE,negative_T_minus_H_minus_2y,2004,snapshot_before_installation
97312,2004-02-25,PVC,150.0,2015.0,-11.0,0,0,5,BRIDGE ST E,negative_T_minus_H_minus_5y,2004,snapshot_before_installation
134846,2004-03-05,PVC,150.0,2016.0,-12.0,3,0,5,MEINZINGER AVE,negative_T_minus_H_minus_2y,2004,snapshot_before_installation
134706,2004-03-10,PVC,150.0,2017.0,-13.0,0,1,5,ALICE AVE,positive_T_minus_H,2004,snapshot_before_installation
134836,2004-03-11,PVC,150.0,2016.0,-12.0,1,0,5,KELVIN AVE,negative_T_minus_H_minus_4y,2004,snapshot_before_installation
135058,2004-03-17,PVC,150.0,2016.0,-12.0,0,0,5,CRESCENT ST,negative_T_minus_H_minus_5y,2004,snapshot_before_installation
96944,2004-03-22,PVCO,200.0,2014.0,-10.0,0,0,5,GLASGOW ST,negative_T_minus_H_minus_1y,2004,snapshot_before_installation
76586,2004-04-28,PVC,200.0,2010.0,-6.0,0,0,5,LINDEN AVE,negative_T_minus_H_minus_1y,2004,snapshot_before_installation
76586,2004-04-29,PVC,200.0,2010.0,-6.0,0,0,5,LINDEN AVE,negative_T_minus_H_minus_1y,2004,snapshot_before_installation
78180,2004-05-27,PVC,150.0,2015.0,-11.0,1,1,5,COURTLAND AVE E,positive_T_minus_H,2004,snapshot_before_installation
69383,2004-07-31,PVC,150.0,2008.0,-4.0,2,1,5,MADISON AVE S,positive_T_minus_H,2004,snapshot_before_installation
133118,2004-08-04,PVC,150.0,2016.0,-12.0,3,0,5,GLENDALE RD,negative_T_minus_H_minus_1y,2004,snapshot_before_installation
97472,2004-08-28,PVCO,300.0,2014.0,-10.0,0,1,5,WEBER ST W,positive_T_minus_H,2004,snapshot_before_installation
134846,2004-10-10,PVC,150.0,2016.0,-12.0,3,0,5,MEINZINGER AVE,negative_T_minus_H_minus_4y,2004,snapshot_before_installation
136120,2004-10-19,PVCO,150.0,2017.0,-13.0,0,0,5,PLEASANT AVE,negative_T_minus_H_minus_1y,2004,snapshot_before_installation
136120,2004-10-24,PVCO,150.0,2017.0,-13.0,0,0,5,PLEASANT AVE,negative_T_minus_H_minus_1y,2004,snapshot_before_installation
4736474,2004-10-27,PVC,300.0,2017.0,-13.0,0,1,5,GLASGOW ST,positive_T_minus_H,2004,snapshot_before_installation
80986,2004-11-10,PVC,150.0,2010.0,-6.0,0,1,5,WELLINGTON ST N,positive_T_minus_H,2004,snapshot_before_installation
133204,2004-11-20,PVCB,450.0,2017.0,-13.0,0,0,5,MANITOU DR,negative_T_minus_H_minus_4y,2004,snapshot_before_installation
97278,2004-11-23,PVC,150.0,2014.0,-10.0,0,0,5,BRIDGE ST E,negative_T_minus_H_minus_4y,2004,snapshot_before_installation
134694,2004-12-02,PVC,150.0,2017.0,-13.0,2,0,5,KARN ST,negative_T_minus_H_minus_4y,2004,snapshot_before_installation
133136,2004-12-10,PVC,150.0,2016.0,-12.0,0,0,5,LAKESIDE DR,negative_T_minus_H_minus_2y,2004,snapshot_before_installation
97182,2004-12-10,PVC,150.0,2015.0,-11.0,0,0,5,UNION ST,negative_T_minus_H_minus_4y,2004,snapshot_before_installation
135084,2004-12-15,PVC,150.0,2018.0,-14.0,0,0,5,HETT AVE,negative_T_minus_H_minus_2y,2004,snapshot_before_installation
136126,2004-12-15,PVCO,150.0,2017.0,-13.0,0,0,5,GLEN RD,negative_T_minus_H_minus_2y,2004,snapshot_before_installation
78018,2004-12-15,PVC,150.0,2011.0,-7.0,0,0,5,COURTLAND AVE E,negative_T_minus_H_minus_2y,2004,snapshot_before_installation
78024,2004-12-15,PVC,150.0,2011.0,-7.0,0,0,5,COURTLAND AVE E,negative_T_minus_H_minus_2y,2004,snapshot_before_installation
79000,2004-12-15,PVCO,300.0,2013.0,-9.0,1,0,5,GLASGOW ST,negative_T_minus_H_minus_2y,2004,snapshot_before_installation
81580,2004-12-15,PVC,150.0,2014.0,-10.0,0,0,5,REX DR,negative_T_minus_H_minus_2y,2004,snapshot_before_installation
82202,2004-12-15,CI,150.0,2005.0,-1.0,0,0,5,HIGHLAND RD E,negative_T_minus_H_minus_2y,2004,snapshot_before_installation
82324,2004-12-15,PVC,150.0,2014.0,-10.0,0,0,5,QUEENS BLVD,negative_T_minus_H_minus_2y,2004,snapshot_before_installation
97196,2004-12-15,PVC,300.0,2015.0,-11.0,1,0,5,UNION ST,negative_T_minus_H_minus_2y,2004,snapshot_before_installation
97938,2004-12-15,PVC,300.0,2012.0,-8.0,0,0,5,STIRLING AVE S,negative_T_minus_H_minus_2y,2004,snapshot_before_installation
97980,2004-12-15,PVC,300.0,2012.0,-8.0,0,0,5,MILL ST,negative_T_minus_H_minus_2y,2004,snapshot_before_installation
97984,2004-12-15,PVC,150.0,2016.0,-12.0,0,0,5,LANSDOWNE BLVD,negative_T_minus_H_minus_2y,2004,snapshot_before_installation
98008,2004-12-15,PVC,300.0,2012.0,-8.0,0,0,5,MILL ST,negative_T_minus_H_minus_2y,2004,snapshot_before_installation
97278,2004-12-17,PVC,150.0,2014.0,-10.0,0,0,5,BRIDGE ST E,negative_T_minus_H_minus_1y,2004,snapshot_before_installation
134504,2004-12-19,PVC,300.0,2017.0,-13.0,0,0,5,KRUG ST,negative_T_minus_H_minus_1y,2004,snapshot_before_installation
97148,2004-12-24,PVCO,300.0,2015.0,-11.0,1,0,5,HIGHLAND RD W,negative_T_minus_H_minus_1y,2004,snapshot_before_installation
136126,2004-12-30,PVCO,150.0,2017.0,-13.0,0,0,5,GLEN RD,negative_T_minus_H_minus_4y,2004,snapshot_before_installation
97190,2005-01-04,PVC,300.0,2015.0,-10.0,1,0,5,UNION ST,negative_T_minus_H_minus_5y,2005,snapshot_before_installation
133134,2005-01-05,PVC,150.0,2016.0,-11.0,0,0,5,VISTA CRES,negative_T_minus_H_minus_3y,2005,snapshot_before_installation
133694,2005-01-11,PVC,150.0,2015.0,-10.0,0,0,5,SIEBERT AVE,negative_T_minus_H_minus_1y,2005,snapshot_before_installation
98278,2005-01-13,PVC,150.0,2016.0,-11.0,0,0,5,MARINA RD,negative_T_minus_H_minus_1y,2005,snapshot_before_installation
78990,2005-01-19,PVCO,300.0,2013.0,-8.0,0,1,5,BELMONT AVE W,positive_T_minus_H,2005,snapshot_before_installation
133694,2005-01-24,PVC,150.0,2015.0,-10.0,0,1,5,SIEBERT AVE,positive_T_minus_H,2005,snapshot_before_installation
133992,2005-01-24,PVC,150.0,2017.0,-12.0,0,1,5,FOURTH AVE,positive_T_minus_H,2005,snapshot_before_installation
134700,2005-01-24,PVC,150.0,2017.0,-12.0,0,0,5,KARN ST,negative_T_minus_H_minus_1y,2005,snapshot_before_installation
134942,2005-01-25,PVC,150.0,2018.0,-13.0,1,0,5,GUELPH ST,negative_T_minus_H_minus_1y,2005,snapshot_before_installation
133136,2005-01-30,PVC,150.0,2016.0,-11.0,0,0,5,LAKESIDE DR,negative_T_minus_H_minus_1y,2005,snapshot_before_installation
96914,2005-02-02,PVC,450.0,2014.0,-9.0,0,0,5,GLASGOW ST,negative_T_minus_H_minus_4y,2005,snapshot_before_installation
97080,2005-02-10,PVC,150.0,2013.0,-8.0,0,0,5,STIRLING AVE N,negative_T_minus_H_minus_1y,2005,snapshot_before_installation
134836,2005-02-13,PVC,150.0,2016.0,-11.0,1,0,5,KELVIN AVE,negative_T_minus_H_minus_3y,2005,snapshot_before_installation
135094,2005-02-16,PVC,150.0,2018.0,-13.0,0,0,5,ST VINCENT ST,negative_T_minus_H_minus_5y,2005,snapshot_before_installation
97080,2005-02-20,PVC,150.0,2013.0,-8.0,0,0,5,STIRLING AVE N,negative_T_minus_H_minus_2y,2005,snapshot_before_installation
79054,2005-02-22,HDPE,300.0,2012.0,-7.0,0,0,5,HAYWARD AVE,negative_T_minus_H_minus_1y,2005,snapshot_before_installation
98420,2005-02-23,PVCO,150.0,2014.0,-9.0,0,0,5,MERNER AVE,negative_T_minus_H_minus_5y,2005,snapshot_before_installation
97312,2005-02-25,PVC,150.0,2015.0,-10.0,0,0,5,BRIDGE ST E,negative_T_minus_H_minus_4y,2005,snapshot_before_installation
133956,2005-02-26,PVC,150.0,2016.0,-11.0,1,0,5,DUMFRIES AVE,negative_T_minus_H_minus_5y,2005,snapshot_before_installation
98420,2005-02-27,PVCO,150.0,2014.0,-9.0,0,0,5,MERNER AVE,negative_T_minus_H_minus_5y,2005,snapshot_before_installation
134846,2005-03-05,PVC,150.0,2016.0,-11.0,3,0,5,MEINZINGER AVE,negative_T_minus_H_minus_1y,2005,snapshot_before_installation
133118,2005-03-07,PVC,150.0,2016.0,-11.0,3,0,5,GLENDALE RD,negative_T_minus_H_minus_5y,2005,snapshot_before_installation
134836,2005-03-11,PVC,150.0,2016.0,-11.0,1,0,5,KELVIN AVE,negative_T_minus_H_minus_3y,2005,snapshot_before_installation
134920,2005-03-12,PVCO,300.0,2017.0,-12.0,1,0,5,KEHL ST,negative_T_minus_H_minus_5y,2005,snapshot_before_installation
81288,2005-03-14,DI,300.0,2016.0,-11.0,0,0,5,SHIRLEY AVE,negative_T_minus_H_minus_5y,2005,snapshot_before_installation
135058,2005-03-17,PVC,150.0,2016.0,-11.0,0,0,5,CRESCENT ST,negative_T_minus_H_minus_4y,2005,snapshot_before_installation
96944,2005-03-22,PVCO,200.0,2014.0,-9.0,0,1,5,GLASGOW ST,positive_T_minus_H,2005,snapshot_before_installation
134402,2005-04-23,PVC,300.0,2016.0,-11.0,0,0,5,BREITHAUPT ST,negative_T_minus_H_minus_5y,2005,snapshot_before_installation
97132,2005-04-23,PVCO,300.0,2015.0,-10.0,0,0,5,HIGHLAND RD W,negative_T_minus_H_minus_5y,2005,snapshot_before_installation
76586,2005-04-28,PVC,200.0,2010.0,-5.0,0,1,5,LINDEN AVE,positive_T_minus_H,2005,snapshot_before_installation
76586,2005-04-29,PVC,200.0,2010.0,-5.0,0,1,5,LINDEN AVE,positive_T_minus_H,2005,snapshot_before_installation
78180,2005-05-30,PVC,150.0,2015.0,-10.0,1,1,5,COURTLAND AVE E,positive_T_minus_H,2005,snapshot_before_installation
136122,2005-07-12,PVCO,150.0,2017.0,-12.0,0,1,5,BINSCARTH RD,positive_T_minus_H,2005,snapshot_before_installation
81288,2005-07-23,DI,300.0,2016.0,-11.0,0,0,5,SHIRLEY AVE,negative_T_minus_H_minus_5y,2005,snapshot_before_installation
133118,2005-08-04,PVC,150.0,2016.0,-11.0,3,1,5,GLENDALE RD,positive_T_minus_H,2005,snapshot_before_installation
134134,2005-09-06,PVC,300.0,2014.0,-9.0,0,0,5,ONTARIO ST S,negative_T_minus_H_minus_5y,2005,snapshot_before_installation
134846,2005-10-10,PVC,150.0,2016.0,-11.0,3,0,5,MEINZINGER AVE,negative_T_minus_H_minus_3y,2005,snapshot_before_installation
136120,2005-10-19,PVCO,150.0,2017.0,-12.0,0,1,5,PLEASANT AVE,positive_T_minus_H,2005,snapshot_before_installation
136120,2005-10-24,PVCO,150.0,2017.0,-12.0,0,1,5,PLEASANT AVE,positive_T_minus_H,2005,snapshot_before_installation
133204,2005-11-20,PVCB,450.0,2017.0,-12.0,0,0,5,MANITOU DR,negative_T_minus_H_minus_3y,2005,snapshot_before_installation
97278,2005-11-23,PVC,150.0,2014.0,-9.0,0,0,5,BRIDGE ST E,negative_T_minus_H_minus_3y,2005,snapshot_before_installation
134694,2005-11-30,PVC,150.0,2017.0,-12.0,2,0,5,KARN ST,negative_T_minus_H_minus_5y,2005,snapshot_before_installation
134694,2005-12-02,PVC,150.0,2017.0,-12.0,2,0,5,KARN ST,negative_T_minus_H_minus_3y,2005,snapshot_before_installation
133136,2005-12-10,PVC,150.0,2016.0,-11.0,0,0,5,LAKESIDE DR,negative_T_minus_H_minus_1y,2005,snapshot_before_installation
97182,2005-12-10,PVC,150.0,2015.0,-10.0,0,0,5,UNION ST,negative_T_minus_H_minus_3y,2005,snapshot_before_installation
135084,2005-12-15,PVC,150.0,2018.0,-13.0,0,0,5,HETT AVE,negative_T_minus_H_minus_1y,2005,snapshot_before_installation
136126,2005-12-15,PVCO,150.0,2017.0,-12.0,0,0,5,GLEN RD,negative_T_minus_H_minus_1y,2005,snapshot_before_installation
78018,2005-12-15,PVC,150.0,2011.0,-6.0,0,0,5,COURTLAND AVE E,negative_T_minus_H_minus_1y,2005,snapshot_before_installation
78024,2005-12-15,PVC,150.0,2011.0,-6.0,0,0,5,COURTLAND AVE E,negative_T_minus_H_minus_1y,2005,snapshot_before_installation
79000,2005-12-15,PVCO,300.0,2013.0,-8.0,1,0,5,GLASGOW ST,negative_T_minus_H_minus_1y,2005,snapshot_before_installation
81580,2005-12-15,PVC,150.0,2014.0,-9.0,0,0,5,REX DR,negative_T_minus_H_minus_1y,2005,snapshot_before_installation
82324,2005-12-15,PVC,150.0,2014.0,-9.0,0,0,5,QUEENS BLVD,negative_T_minus_H_minus_1y,2005,snapshot_before_installation
97196,2005-12-15,PVC,300.0,2015.0,-10.0,1,0,5,UNION ST,negative_T_minus_H_minus_1y,2005,snapshot_before_installation
97938,2005-12-15,PVC,300.0,2012.0,-7.0,0,0,5,STIRLING AVE S,negative_T_minus_H_minus_1y,2005,snapshot_before_installation
97980,2005-12-15,PVC,300.0,2012.0,-7.0,0,0,5,MILL ST,negative_T_minus_H_minus_1y,2005,snapshot_before_installation
97984,2005-12-15,PVC,150.0,2016.0,-11.0,0,0,5,LANSDOWNE BLVD,negative_T_minus_H_minus_1y,2005,snapshot_before_installation
98008,2005-12-15,PVC,300.0,2012.0,-7.0,0,0,5,MILL ST,negative_T_minus_H_minus_1y,2005,snapshot_before_installation
97278,2005-12-17,PVC,150.0,2014.0,-9.0,0,1,5,BRIDGE ST E,positive_T_minus_H,2005,snapshot_before_installation
134504,2005-12-19,PVC,300.0,2017.0,-12.0,0,1,5,KRUG ST,positive_T_minus_H,2005,snapshot_before_installation
97148,2005-12-24,PVCO,300.0,2015.0,-10.0,1,1,5,HIGHLAND RD W,positive_T_minus_H,2005,snapshot_before_installation
134842,2005-12-25,PVC,150.0,2016.0,-11.0,2,1,5,DONLEY ST,positive_T_minus_H,2005,snapshot_before_installation
97272,2005-12-29,PVC,150.0,2009.0,-4.0,0,0,5,BRIDGE ST E,negative_T_minus_H_minus_5y,2005,snapshot_before_installation
136126,2005-12-30,PVCO,150.0,2017.0,-12.0,0,0,5,GLEN RD,negative_T_minus_H_minus_3y,2005,snapshot_before_installation
134920,2006-01-04,PVCO,300.0,2017.0,-11.0,1,0,5,KEHL ST,negative_T_minus_H_minus_5y,2006,snapshot_before_installation
97190,2006-01-04,PVC,300.0,2015.0,-9.0,1,0,5,UNION ST,negative_T_minus_H_minus_4y,2006,snapshot_before_installation
133134,2006-01-05,PVC,150.0,2016.0,-10.0,0,0,5,VISTA CRES,negative_T_minus_H_minus_2y,2006,snapshot_before_installation
133694,2006-01-11,PVC,150.0,2015.0,-9.0,0,1,5,SIEBERT AVE,positive_T_minus_H,2006,snapshot_before_installation
98278,2006-01-13,PVC,150.0,2016.0,-10.0,0,1,5,MARINA RD,positive_T_minus_H,2006,snapshot_before_installation
134700,2006-01-24,PVC,150.0,2017.0,-11.0,0,1,5,KARN ST,positive_T_minus_H,2006,snapshot_before_installation
134942,2006-01-25,PVC,150.0,2018.0,-12.0,1,1,5,GUELPH ST,positive_T_minus_H,2006,snapshot_before_installation
133136,2006-01-30,PVC,150.0,2016.0,-10.0,0,1,5,LAKESIDE DR,positive_T_minus_H,2006,snapshot_before_installation
96914,2006-02-02,PVC,450.0,2014.0,-8.0,0,0,5,GLASGOW ST,negative_T_minus_H_minus_3y,2006,snapshot_before_installation
97080,2006-02-10,PVC,150.0,2013.0,-7.0,0,1,5,STIRLING AVE N,positive_T_minus_H,2006,snapshot_before_installation
134836,2006-02-13,PVC,150.0,2016.0,-10.0,1,0,5,KELVIN AVE,negative_T_minus_H_minus_2y,2006,snapshot_before_installation
136122,2006-02-15,PVCO,150.0,2017.0,-11.0,0,1,5,BINSCARTH RD,positive_T_minus_H,2006,snapshot_before_installation
135094,2006-02-16,PVC,150.0,2018.0,-12.0,0,0,5,ST VINCENT ST,negative_T_minus_H_minus_4y,2006,snapshot_before_installation
133122,2006-02-20,PVC,150.0,2016.0,-10.0,2,1,5,PANDORA AVE N,positive_T_minus_H,2006,snapshot_before_installation
133122,2006-02-21,PVC,150.0,2016.0,-10.0,2,1,5,PANDORA AVE N,positive_T_minus_H,2006,snapshot_before_installation
79054,2006-02-22,HDPE,300.0,2012.0,-6.0,0,1,5,HAYWARD AVE,positive_T_minus_H,2006,snapshot_before_installation
98420,2006-02-23,PVCO,150.0,2014.0,-8.0,0,0,5,MERNER AVE,negative_T_minus_H_minus_4y,2006,snapshot_before_installation
97312,2006-02-25,PVC,150.0,2015.0,-9.0,0,0,5,BRIDGE ST E,negative_T_minus_H_minus_3y,2006,snapshot_before_installation
133956,2006-02-26,PVC,150.0,2016.0,-10.0,1,0,5,DUMFRIES AVE,negative_T_minus_H_minus_4y,2006,snapshot_before_installation
98420,2006-02-27,PVCO,150.0,2014.0,-8.0,0,0,5,MERNER AVE,negative_T_minus_H_minus_4y,2006,snapshot_before_installation
134846,2006-03-05,PVC,150.0,2016.0,-10.0,3,1,5,MEINZINGER AVE,positive_T_minus_H,2006,snapshot_before_installation
134836,2006-03-11,PVC,150.0,2016.0,-10.0,1,0,5,KELVIN AVE,negative_T_minus_H_minus_2y,2006,snapshot_before_installation
134920,2006-03-12,PVCO,300.0,2017.0,-11.0,1,0,5,KEHL ST,negative_T_minus_H_minus_4y,2006,snapshot_before_installation
81288,2006-03-14,DI,300.0,2016.0,-10.0,0,0,5,SHIRLEY AVE,negative_T_minus_H_minus_4y,2006,snapshot_before_installation
135058,2006-03-17,PVC,150.0,2016.0,-10.0,0,0,5,CRESCENT ST,negative_T_minus_H_minus_3y,2006,snapshot_before_installation
134402,2006-04-23,PVC,300.0,2016.0,-10.0,0,0,5,BREITHAUPT ST,negative_T_minus_H_minus_4y,2006,snapshot_before_installation
97132,2006-04-23,PVCO,300.0,2015.0,-9.0,0,0,5,HIGHLAND RD W,negative_T_minus_H_minus_4y,2006,snapshot_before_installation
78180,2006-05-30,PVC,150.0,2015.0,-9.0,1,1,5,COURTLAND AVE E,positive_T_minus_H,2006,snapshot_before_installation
81288,2006-07-23,DI,300.0,2016.0,-10.0,0,0,5,SHIRLEY AVE,negative_T_minus_H_minus_4y,2006,snapshot_before_installation
134134,2006-09-06,PVC,300.0,2014.0,-8.0,0,0,5,ONTARIO ST S,negative_T_minus_H_minus_4y,2006,snapshot_before_installation
133204,2006-11-20,PVCB,450.0,2017.0,-11.0,0,0,5,MANITOU DR,negative_T_minus_H_minus_2y,2006,snapshot_before_installation
134694,2006-11-30,PVC,150.0,2017.0,-11.0,2,0,5,KARN ST,negative_T_minus_H_minus_4y,2006,snapshot_before_installation
134694,2006-12-02,PVC,150.0,2017.0,-11.0,2,0,5,KARN ST,negative_T_minus_H_minus_2y,2006,snapshot_before_installation
133136,2006-12-10,PVC,150.0,2016.0,-10.0,0,1,5,LAKESIDE DR,positive_T_minus_H,2006,snapshot_before_installation
97182,2006-12-10,PVC,150.0,2015.0,-9.0,0,0,5,UNION ST,negative_T_minus_H_minus_2y,2006,snapshot_before_installation
135084,2006-12-15,PVC,150.0,2018.0,-12.0,0,1,5,HETT AVE,positive_T_minus_H,2006,snapshot_before_installation
136126,2006-12-15,PVCO,150.0,2017.0,-11.0,0,1,5,GLEN RD,positive_T_minus_H,2006,snapshot_before_installation
78018,2006-12-15,PVC,150.0,2011.0,-5.0,0,1,5,COURTLAND AVE E,positive_T_minus_H,2006,snapshot_before_installation
78024,2006-12-15,PVC,150.0,2011.0,-5.0,0,1,5,COURTLAND AVE E,positive_T_minus_H,2006,snapshot_before_installation
79000,2006-12-15,PVCO,300.0,2013.0,-7.0,1,1,5,GLASGOW ST,positive_T_minus_H,2006,snapshot_before_installation
81580,2006-12-15,PVC,150.0,2014.0,-8.0,0,1,5,REX DR,positive_T_minus_H,2006,snapshot_before_installation
82324,2006-12-15,PVC,150.0,2014.0,-8.0,0,1,5,QUEENS BLVD,positive_T_minus_H,2006,snapshot_before_installation
97196,2006-12-15,PVC,300.0,2015.0,-9.0,1,1,5,UNION ST,positive_T_minus_H,2006,snapshot_before_installation
97938,2006-12-15,PVC,300.0,2012.0,-6.0,0,1,5,STIRLING AVE S,positive_T_minus_H,2006,snapshot_before_installation
97980,2006-12-15,PVC,300.0,2012.0,-6.0,0,1,5,MILL ST,positive_T_minus_H,2006,snapshot_before_installation
97984,2006-12-15,PVC,150.0,2016.0,-10.0,0,1,5,LANSDOWNE BLVD,positive_T_minus_H,2006,snapshot_before_installation
98008,2006-12-15,PVC,300.0,2012.0,-6.0,0,1,5,MILL ST,positive_T_minus_H,2006,snapshot_before_installation
134920,2006-12-25,PVCO,300.0,2017.0,-11.0,1,0,5,KEHL ST,negative_T_minus_H_minus_5y,2006,snapshot_before_installation
97272,2006-12-29,PVC,150.0,2009.0,-3.0,0,0,5,BRIDGE ST E,negative_T_minus_H_minus_4y,2006,snapshot_before_installation
134920,2007-01-04,PVCO,300.0,2017.0,-10.0,1,0,5,KEHL ST,negative_T_minus_H_minus_4y,2007,snapshot_before_installation
97190,2007-01-04,PVC,300.0,2015.0,-8.0,1,0,5,UNION ST,negative_T_minus_H_minus_3y,2007,snapshot_before_installation
133134,2007-01-05,PVC,150.0,2016.0,-9.0,0,0,5,VISTA CRES,negative_T_minus_H_minus_1y,2007,snapshot_before_installation
96914,2007-02-02,PVC,450.0,2014.0,-7.0,0,0,5,GLASGOW ST,negative_T_minus_H_minus_2y,2007,snapshot_before_installation
134836,2007-02-13,PVC,150.0,2016.0,-9.0,1,0,5,KELVIN AVE,negative_T_minus_H_minus_1y,2007,snapshot_before_installation
135094,2007-02-16,PVC,150.0,2018.0,-11.0,0,0,5,ST VINCENT ST,negative_T_minus_H_minus_3y,2007,snapshot_before_installation
97080,2007-02-20,PVC,150.0,2013.0,-6.0,0,1,5,STIRLING AVE N,positive_T_minus_H,2007,snapshot_before_installation
135042,2007-02-23,PVC,150.0,2018.0,-11.0,3,0,5,METZLOFF DR,negative_T_minus_H_minus_2y,2007,snapshot_before_installation
98420,2007-02-23,PVCO,150.0,2014.0,-7.0,0,0,5,MERNER AVE,negative_T_minus_H_minus_3y,2007,snapshot_before_installation
97312,2007-02-25,PVC,150.0,2015.0,-8.0,0,0,5,BRIDGE ST E,negative_T_minus_H_minus_2y,2007,snapshot_before_installation
133956,2007-02-26,PVC,150.0,2016.0,-9.0,1,0,5,DUMFRIES AVE,negative_T_minus_H_minus_3y,2007,snapshot_before_installation
98420,2007-02-27,PVCO,150.0,2014.0,-7.0,0,0,5,MERNER AVE,negative_T_minus_H_minus_3y,2007,snapshot_before_installation
134836,2007-03-11,PVC,150.0,2016.0,-9.0,1,0,5,KELVIN AVE,negative_T_minus_H_minus_1y,2007,snapshot_before_installation
134920,2007-03-12,PVCO,300.0,2017.0,-10.0,1,0,5,KEHL ST,negative_T_minus_H_minus_3y,2007,snapshot_before_installation
81288,2007-03-14,DI,300.0,2016.0,-9.0,0,0,5,SHIRLEY AVE,negative_T_minus_H_minus_3y,2007,snapshot_before_installation
135058,2007-03-17,PVC,150.0,2016.0,-9.0,0,0,5,CRESCENT ST,negative_T_minus_H_minus_2y,2007,snapshot_before_installation
134402,2007-04-23,PVC,300.0,2016.0,-9.0,0,0,5,BREITHAUPT ST,negative_T_minus_H_minus_3y,2007,snapshot_before_installation
97132,2007-04-23,PVCO,300.0,2015.0,-8.0,0,0,5,HIGHLAND RD W,negative_T_minus_H_minus_3y,2007,snapshot_before_installation
134502,2007-06-17,PVC,300.0,2017.0,-10.0,0,0,5,MELROSE AVE,negative_T_minus_H_minus_5y,2007,snapshot_before_installation
81288,2007-06-28,DI,300.0,2016.0,-9.0,0,0,5,SHIRLEY AVE,negative_T_minus_H_minus_5y,2007,snapshot_before_installation
81288,2007-07-23,DI,300.0,2016.0,-9.0,0,0,5,SHIRLEY AVE,negative_T_minus_H_minus_3y,2007,snapshot_before_installation
135902,2007-07-24,PVCO,150.0,2017.0,-10.0,0,0,5,BURN PL,negative_T_minus_H_minus_5y,2007,snapshot_before_installation
134134,2007-09-06,PVC,300.0,2014.0,-7.0,0,0,5,ONTARIO ST S,negative_T_minus_H_minus_3y,2007,snapshot_before_installation
133204,2007-11-20,PVCB,450.0,2017.0,-10.0,0,0,5,MANITOU DR,negative_T_minus_H_minus_1y,2007,snapshot_before_installation
135600,2007-11-27,PVC,150.0,2018.0,-11.0,1,1,5,SHANTZ LANE,positive_T_minus_H,2007,snapshot_before_installation
134694,2007-11-30,PVC,150.0,2017.0,-10.0,2,0,5,KARN ST,negative_T_minus_H_minus_3y,2007,snapshot_before_installation
134694,2007-12-02,PVC,150.0,2017.0,-10.0,2,0,5,KARN ST,negative_T_minus_H_minus_1y,2007,snapshot_before_installation
97182,2007-12-10,PVC,150.0,2015.0,-8.0,0,0,5,UNION ST,negative_T_minus_H_minus_1y,2007,snapshot_before_installation
134920,2007-12-25,PVCO,300.0,2017.0,-10.0,1,0,5,KEHL ST,negative_T_minus_H_minus_4y,2007,snapshot_before_installation
135042,2007-12-25,PVC,150.0,2018.0,-11.0,3,0,5,METZLOFF DR,negative_T_minus_H_minus_1y,2007,snapshot_before_installation
97272,2007-12-29,PVC,150.0,2009.0,-2.0,0,0,5,BRIDGE ST E,negative_T_minus_H_minus_3y,2007,snapshot_before_installation
134920,2008-01-04,PVCO,300.0,2017.0,-9.0,1,0,5,KEHL ST,negative_T_minus_H_minus_3y,2008,snapshot_before_installation
97190,2008-01-04,PVC,300.0,2015.0,-7.0,1,0,5,UNION ST,negative_T_minus_H_minus_2y,2008,snapshot_before_installation
133134,2008-01-05,PVC,150.0,2016.0,-8.0,0,1,5,VISTA CRES,positive_T_minus_H,2008,snapshot_before_installation
96914,2008-02-02,PVC,450.0,2014.0,-6.0,0,0,5,GLASGOW ST,negative_T_minus_H_minus_1y,2008,snapshot_before_installation
134836,2008-02-13,PVC,150.0,2016.0,-8.0,1,1,5,KELVIN AVE,positive_T_minus_H,2008,snapshot_before_installation
135094,2008-02-16,PVC,150.0,2018.0,-10.0,0,0,5,ST VINCENT ST,negative_T_minus_H_minus_2y,2008,snapshot_before_installation
98392,2008-02-20,PVCO,150.0,2014.0,-6.0,3,1,5,MERNER AVE,positive_T_minus_H,2008,snapshot_before_installation
135042,2008-02-23,PVC,150.0,2018.0,-10.0,3,0,5,METZLOFF DR,negative_T_minus_H_minus_1y,2008,snapshot_before_installation
98420,2008-02-23,PVCO,150.0,2014.0,-6.0,0,0,5,MERNER AVE,negative_T_minus_H_minus_2y,2008,snapshot_before_installation
97312,2008-02-25,PVC,150.0,2015.0,-7.0,0,0,5,BRIDGE ST E,negative_T_minus_H_minus_1y,2008,snapshot_before_installation
133956,2008-02-26,PVC,150.0,2016.0,-8.0,1,0,5,DUMFRIES AVE,negative_T_minus_H_minus_2y,2008,snapshot_before_installation
98420,2008-02-27,PVCO,150.0,2014.0,-6.0,0,0,5,MERNER AVE,negative_T_minus_H_minus_2y,2008,snapshot_before_installation
134836,2008-03-11,PVC,150.0,2016.0,-8.0,1,1,5,KELVIN AVE,positive_T_minus_H,2008,snapshot_before_installation
134920,2008-03-12,PVCO,300.0,2017.0,-9.0,1,0,5,KEHL ST,negative_T_minus_H_minus_2y,2008,snapshot_before_installation
81288,2008-03-14,DI,300.0,2016.0,-8.0,0,0,5,SHIRLEY AVE,negative_T_minus_H_minus_2y,2008,snapshot_before_installation
135058,2008-03-17,PVC,150.0,2016.0,-8.0,0,0,5,CRESCENT ST,negative_T_minus_H_minus_1y,2008,snapshot_before_installation
134402,2008-04-23,PVC,300.0,2016.0,-8.0,0,0,5,BREITHAUPT ST,negative_T_minus_H_minus_2y,2008,snapshot_before_installation
97132,2008-04-23,PVCO,300.0,2015.0,-7.0,0,0,5,HIGHLAND RD W,negative_T_minus_H_minus_2y,2008,snapshot_before_installation
134502,2008-06-17,PVC,300.0,2017.0,-9.0,0,0,5,MELROSE AVE,negative_T_minus_H_minus_4y,2008,snapshot_before_installation
81288,2008-06-28,DI,300.0,2016.0,-8.0,0,0,5,SHIRLEY AVE,negative_T_minus_H_minus_4y,2008,snapshot_before_installation
81288,2008-07-23,DI,300.0,2016.0,-8.0,0,0,5,SHIRLEY AVE,negative_T_minus_H_minus_2y,2008,snapshot_before_installation
135902,2008-07-24,PVCO,150.0,2017.0,-9.0,0,0,5,BURN PL,negative_T_minus_H_minus_4y,2008,snapshot_before_installation
134134,2008-09-06,PVC,300.0,2014.0,-6.0,0,0,5,ONTARIO ST S,negative_T_minus_H_minus_2y,2008,snapshot_before_installation
134846,2008-10-10,PVC,150.0,2016.0,-8.0,3,1,5,MEINZINGER AVE,positive_T_minus_H,2008,snapshot_before_installation
133204,2008-11-20,PVCB,450.0,2017.0,-9.0,0,1,5,MANITOU DR,positive_T_minus_H,2008,snapshot_before_installation
97278,2008-11-23,PVC,150.0,2014.0,-6.0,0,1,5,BRIDGE ST E,positive_T_minus_H,2008,snapshot_before_installation
134694,2008-11-30,PVC,150.0,2017.0,-9.0,2,0,5,KARN ST,negative_T_minus_H_minus_2y,2008,snapshot_before_installation
134694,2008-12-02,PVC,150.0,2017.0,-9.0,2,1,5,KARN ST,positive_T_minus_H,2008,snapshot_before_installation
97182,2008-12-10,PVC,150.0,2015.0,-7.0,0,1,5,UNION ST,positive_T_minus_H,2008,snapshot_before_installation
135600,2008-12-13,PVC,150.0,2018.0,-10.0,2,1,5,SHANTZ LANE,positive_T_minus_H,2008,snapshot_before_installation
134920,2008-12-25,PVCO,300.0,2017.0,-9.0,1,0,5,KEHL ST,negative_T_minus_H_minus_3y,2008,snapshot_before_installation
135042,2008-12-25,PVC,150.0,2018.0,-10.0,3,1,5,METZLOFF DR,positive_T_minus_H,2008,snapshot_before_installation
97272,2008-12-29,PVC,150.0,2009.0,-1.0,0,0,5,BRIDGE ST E,negative_T_minus_H_minus_2y,2008,snapshot_before_installation
136126,2008-12-30,PVCO,150.0,2017.0,-9.0,0,1,5,GLEN RD,positive_T_minus_H,2008,snapshot_before_installation
134920,2009-01-04,PVCO,300.0,2017.0,-8.0,1,0,5,KEHL ST,negative_T_minus_H_minus_2y,2009,snapshot_before_installation
97190,2009-01-04,PVC,300.0,2015.0,-6.0,1,0,5,UNION ST,negative_T_minus_H_minus_1y,2009,snapshot_before_installation
135600,2009-01-07,PVC,150.0,2018.0,-9.0,2,1,5,SHANTZ LANE,positive_T_minus_H,2009,snapshot_before_installation
96914,2009-02-02,PVC,450.0,2014.0,-5.0,0,1,5,GLASGOW ST,positive_T_minus_H,2009,snapshot_before_installation
135094,2009-02-16,PVC,150.0,2018.0,-9.0,0,0,5,ST VINCENT ST,negative_T_minus_H_minus_1y,2009,snapshot_before_installation
133122,2009-02-18,PVC,150.0,2016.0,-7.0,3,1,5,PANDORA AVE N,positive_T_minus_H,2009,snapshot_before_installation
135042,2009-02-23,PVC,150.0,2018.0,-9.0,3,1,5,METZLOFF DR,positive_T_minus_H,2009,snapshot_before_installation
98420,2009-02-23,PVCO,150.0,2014.0,-5.0,0,0,5,MERNER AVE,negative_T_minus_H_minus_1y,2009,snapshot_before_installation
97312,2009-02-25,PVC,150.0,2015.0,-6.0,0,1,5,BRIDGE ST E,positive_T_minus_H,2009,snapshot_before_installation
133956,2009-02-26,PVC,150.0,2016.0,-7.0,1,0,5,DUMFRIES AVE,negative_T_minus_H_minus_1y,2009,snapshot_before_installation
98420,2009-02-27,PVCO,150.0,2014.0,-5.0,0,0,5,MERNER AVE,negative_T_minus_H_minus_1y,2009,snapshot_before_installation
134920,2009-03-12,PVCO,300.0,2017.0,-8.0,1,0,5,KEHL ST,negative_T_minus_H_minus_1y,2009,snapshot_before_installation
135086,2009-03-14,PVC,150.0,2018.0,-9.0,1,0,5,DIEPPE AVE,negative_T_minus_H_minus_1y,2009,snapshot_before_installation
81288,2009-03-14,DI,300.0,2016.0,-7.0,0,0,5,SHIRLEY AVE,negative_T_minus_H_minus_1y,2009,snapshot_before_installation
133994,2009-03-15,PVC,150.0,2017.0,-8.0,6,0,5,FOURTH AVE,negative_T_minus_H_minus_1y,2009,snapshot_before_installation
135058,2009-03-17,PVC,150.0,2016.0,-7.0,0,1,5,CRESCENT ST,positive_T_minus_H,2009,snapshot_before_installation
134402,2009-04-23,PVC,300.0,2016.0,-7.0,0,0,5,BREITHAUPT ST,negative_T_minus_H_minus_1y,2009,snapshot_before_installation
97132,2009-04-23,PVCO,300.0,2015.0,-6.0,0,0,5,HIGHLAND RD W,negative_T_minus_H_minus_1y,2009,snapshot_before_installation
88718,2009-04-27,PVC,600.0,2010.0,-1.0,0,0,5,VICTORIA ST S,negative_T_minus_H_minus_5y,2009,snapshot_before_installation
136122,2009-05-21,PVCO,150.0,2017.0,-8.0,1,1,5,BINSCARTH RD,positive_T_minus_H,2009,snapshot_before_installation
136122,2009-05-22,PVCO,150.0,2017.0,-8.0,1,1,5,BINSCARTH RD,positive_T_minus_H,2009,snapshot_before_installation
134502,2009-06-17,PVC,300.0,2017.0,-8.0,0,0,5,MELROSE AVE,negative_T_minus_H_minus_3y,2009,snapshot_before_installation
81288,2009-06-28,DI,300.0,2016.0,-7.0,0,0,5,SHIRLEY AVE,negative_T_minus_H_minus_3y,2009,snapshot_before_installation
81288,2009-07-23,DI,300.0,2016.0,-7.0,0,0,5,SHIRLEY AVE,negative_T_minus_H_minus_1y,2009,snapshot_before_installation
135902,2009-07-24,PVCO,150.0,2017.0,-8.0,0,0,5,BURN PL,negative_T_minus_H_minus_3y,2009,snapshot_before_installation
134134,2009-09-06,PVC,300.0,2014.0,-5.0,0,0,5,ONTARIO ST S,negative_T_minus_H_minus_1y,2009,snapshot_before_installation
134920,2009-12-25,PVCO,300.0,2017.0,-8.0,1,0,5,KEHL ST,negative_T_minus_H_minus_2y,2009,snapshot_before_installation
134920,2010-01-04,PVCO,300.0,2017.0,-7.0,1,0,5,KEHL ST,negative_T_minus_H_minus_1y,2010,snapshot_before_installation
97190,2010-01-04,PVC,300.0,2015.0,-5.0,1,1,5,UNION ST,positive_T_minus_H,2010,snapshot_before_installation
135094,2010-02-16,PVC,150.0,2018.0,-8.0,0,1,5,ST VINCENT ST,positive_T_minus_H,2010,snapshot_before_installation
98420,2010-02-23,PVCO,150.0,2014.0,-4.0,0,1,5,MERNER AVE,positive_T_minus_H,2010,snapshot_before_installation
133956,2010-02-26,PVC,150.0,2016.0,-6.0,1,1,5,DUMFRIES AVE,positive_T_minus_H,2010,snapshot_before_installation
98420,2010-02-27,PVCO,150.0,2014.0,-4.0,0,1,5,MERNER AVE,positive_T_minus_H,2010,snapshot_before_installation
133118,2010-03-07,PVC,150.0,2016.0,-6.0,3,1,5,GLENDALE RD,positive_T_minus_H,2010,snapshot_before_installation
134920,2010-03-12,PVCO,300.0,2017.0,-7.0,1,1,5,KEHL ST,positive_T_minus_H,2010,snapshot_before_installation
135086,2010-03-14,PVC,150.0,2018.0,-8.0,1,1,5,DIEPPE AVE,positive_T_minus_H,2010,snapshot_before_installation
81288,2010-03-14,DI,300.0,2016.0,-6.0,0,1,5,SHIRLEY AVE,positive_T_minus_H,2010,snapshot_before_installation
133994,2010-03-15,PVC,150.0,2017.0,-7.0,6,1,5,FOURTH AVE,positive_T_minus_H,2010,snapshot_before_installation
134402,2010-04-23,PVC,300.0,2016.0,-6.0,0,1,5,BREITHAUPT ST,positive_T_minus_H,2010,snapshot_before_installation
97132,2010-04-23,PVCO,300.0,2015.0,-5.0,0,1,5,HIGHLAND RD W,positive_T_minus_H,2010,snapshot_before_installation
133122,2010-05-19,PVC,150.0,2016.0,-6.0,3,1,5,PANDORA AVE N,positive_T_minus_H,2010,snapshot_before_installation
134502,2010-06-17,PVC,300.0,2017.0,-7.0,0,0,5,MELROSE AVE,negative_T_minus_H_minus_2y,2010,snapshot_before_installation
81288,2010-07-23,DI,300.0,2016.0,-6.0,0,1,5,SHIRLEY AVE,positive_T_minus_H,2010,snapshot_before_installation
135902,2010-07-24,PVCO,150.0,2017.0,-7.0,0,0,5,BURN PL,negative_T_minus_H_minus_2y,2010,snapshot_before_installation
134134,2010-09-06,PVC,300.0,2014.0,-4.0,0,1,5,ONTARIO ST S,positive_T_minus_H,2010,snapshot_before_installation
98096,2010-09-14,PVC,450.0,2017.0,-7.0,0,0,5,LANCASTER ST W,negative_T_minus_H_minus_5y,2010,snapshot_before_installation
134694,2010-11-30,PVC,150.0,2017.0,-7.0,2,1,5,KARN ST,positive_T_minus_H,2010,snapshot_before_installation
134920,2011-01-04,PVCO,300.0,2017.0,-6.0,1,1,5,KEHL ST,positive_T_minus_H,2011,snapshot_before_installation
135862,2011-02-22,PVCO,200.0,2017.0,-6.0,0,0,5,BELMONT AVE W,negative_T_minus_H_minus_5y,2011,snapshot_before_installation
133122,2011-03-11,PVC,150.0,2016.0,-5.0,5,1,5,PANDORA AVE N,positive_T_minus_H,2011,snapshot_before_installation
134502,2011-06-17,PVC,300.0,2017.0,-6.0,0,0,5,MELROSE AVE,negative_T_minus_H_minus_1y,2011,snapshot_before_installation
135902,2011-07-24,PVCO,150.0,2017.0,-6.0,0,0,5,BURN PL,negative_T_minus_H_minus_1y,2011,snapshot_before_installation
98096,2011-09-14,PVC,450.0,2017.0,-6.0,0,0,5,LANCASTER ST W,negative_T_minus_H_minus_4y,2011,snapshot_before_installation
134920,2011-12-25,PVCO,300.0,2017.0,-6.0,1,1,5,KEHL ST,positive_T_minus_H,2011,snapshot_before_installation
135600,2011-12-26,PVC,150.0,2018.0,-7.0,2,1,5,SHANTZ LANE,positive_T_minus_H,2011,snapshot_before_installation
77534,2012-01-21,PVC,300.0,2013.0,-1.0,3,0,5,CHARLES ST W,negative_T_minus_H_minus_5y,2012,snapshot_before_installation
135862,2012-02-22,PVCO,200.0,2017.0,-5.0,0,0,5,BELMONT AVE W,negative_T_minus_H_minus_4y,2012,snapshot_before_installation
134502,2012-06-17,PVC,300.0,2017.0,-5.0,0,1,5,MELROSE AVE,positive_T_minus_H,2012,snapshot_before_installation
81288,2012-06-28,DI,300.0,2016.0,-4.0,0,1,5,SHIRLEY AVE,positive_T_minus_H,2012,snapshot_before_installation
135902,2012-07-24,PVCO,150.0,2017.0,-5.0,0,1,5,BURN PL,positive_T_minus_H,2012,snapshot_before_installation
98096,2012-09-14,PVC,450.0,2017.0,-5.0,0,0,5,LANCASTER ST W,negative_T_minus_H_minus_3y,2012,snapshot_before_installation
135862,2013-02-22,PVCO,200.0,2017.0,-4.0,0,0,5,BELMONT AVE W,negative_T_minus_H_minus_3y,2013,snapshot_before_installation
98096,2013-09-14,PVC,450.0,2017.0,-4.0,0,0,5,LANCASTER ST W,negative_T_minus_H_minus_2y,2013,snapshot_before_installation
135862,2014-02-22,PVCO,200.0,2017.0,-3.0,0,0,5,BELMONT AVE W,negative_T_minus_H_minus_2y,2014,snapshot_before_installation
98096,2014-09-14,PVC,450.0,2017.0,-3.0,0,0,5,LANCASTER ST W,negative_T_minus_H_minus_1y,2014,snapshot_before_installation
135862,2015-02-22,PVCO,200.0,2017.0,-2.0,0,0,5,BELMONT AVE W,negative_T_minus_H_minus_1y,2015,snapshot_before_installation
98096,2015-09-14,PVC,450.0,2017.0,-2.0,0,1,5,LANCASTER ST W,positive_T_minus_H,2015,snapshot_before_installation
135862,2016-02-22,PVCO,200.0,2017.0,-1.0,0,1,5,BELMONT AVE W,positive_T_minus_H,2016,snapshot_before_installation
