asset_id,snapshot_date,material,diameter_mm,install_year,age_years,prior_break_count,break_within_horizon,horizon_years,street,snapshot_origin
19660,1985-01-01,CI,150.0,1956.0,29.0,0,0,5,HOFFMAN ST,negative_T_minus_H_minus_5y
64610,1985-01-01,PVC,150.0,1970.0,15.0,0,0,5,INGLESIDE DR,negative_T_minus_H_minus_1y
19660,1986-01-01,CI,150.0,1956.0,30.0,0,0,5,HOFFMAN ST,negative_T_minus_H_minus_4y
64610,1986-01-01,PVC,150.0,1970.0,16.0,0,1,5,INGLESIDE DR,positive_T_minus_H
96228,1986-01-01,CI,150.0,1963.0,23.0,0,0,5,HUGO CRES,negative_T_minus_H_minus_5y
19660,1987-01-01,CI,150.0,1956.0,31.0,0,0,5,HOFFMAN ST,negative_T_minus_H_minus_3y
29860,1987-01-01,CI,150.0,1964.0,23.0,0,0,5,OWEN AVE,negative_T_minus_H_minus_5y
33540,1987-01-01,CI,150.0,1959.0,28.0,0,0,5,ROSS AVE,negative_T_minus_H_minus_5y
96228,1987-01-01,CI,150.0,1963.0,24.0,0,0,5,HUGO CRES,negative_T_minus_H_minus_4y
31890,1987-01-02,CI,150.0,1966.0,21.0,0,0,5,QUEENSTON DR,negative_T_minus_H_minus_5y
37550,1987-01-05,CI,150.0,1965.0,22.0,0,0,5,TECUMSEH CRES,negative_T_minus_H_minus_5y
20260,1987-01-07,CI,150.0,1967.0,20.0,0,0,5,INDIAN RD,negative_T_minus_H_minus_5y
17380,1987-01-09,CI,150.0,1953.0,34.0,0,0,5,GREENFIELD AVE,negative_T_minus_H_minus_5y
41030,1987-01-13,CI,150.0,1952.0,35.0,0,0,5,WEBER ST E,negative_T_minus_H_minus_5y
7190,1987-01-13,CI,150.0,1964.0,23.0,0,0,5,CHRISTINE CRES,negative_T_minus_H_minus_5y
21430,1987-01-14,CI,250.0,1889.0,98.0,0,0,5,KING ST W,negative_T_minus_H_minus_5y
85016,1987-01-15,CI,150.0,1967.0,20.0,0,0,5,THALER AVE,negative_T_minus_H_minus_5y
290,1987-01-19,CI,150.0,1958.0,29.0,1,0,5,ABERDEEN RD,negative_T_minus_H_minus_5y
27560,1987-01-25,CI,150.0,1958.0,29.0,0,0,5,MUNROE ST,negative_T_minus_H_minus_5y
24610,1987-01-27,CI,150.0,1958.0,29.0,0,0,5,LYNDHURST DR,negative_T_minus_H_minus_5y
41030,1987-01-27,CI,150.0,1952.0,35.0,0,0,5,WEBER ST E,negative_T_minus_H_minus_5y
41040,1987-01-27,DI,300.0,1965.0,22.0,0,0,5,WEBER ST E,negative_T_minus_H_minus_5y
9590,1987-01-29,CI,150.0,1958.0,29.0,0,0,5,DOON RD,negative_T_minus_H_minus_5y
14020,1987-02-05,DI,100.0,1958.0,29.0,0,0,5,FARMBROOK PL,negative_T_minus_H_minus_5y
85100,1987-02-05,DI,150.0,1965.0,22.0,0,0,5,STRATHCONA CRES,negative_T_minus_H_minus_5y
20620,1987-02-10,CI,150.0,1951.0,36.0,0,0,5,JOHNSTON ST,negative_T_minus_H_minus_5y
32170,1987-02-12,CI,150.0,1963.0,24.0,0,0,5,RENNIE DR,negative_T_minus_H_minus_5y
14830,1987-02-15,CI,200.0,1962.0,25.0,0,0,5,FOREST HILL DR,negative_T_minus_H_minus_5y
35140,1987-02-21,CI,150.0,1953.0,34.0,0,0,5,SIXTH AVE,negative_T_minus_H_minus_5y
76519,1987-03-01,CI,150.0,1968.0,19.0,0,0,5,HALIFAX DR,negative_T_minus_H_minus_5y
7970,1987-03-08,CI,150.0,1966.0,21.0,0,0,5,CONWAY DR,negative_T_minus_H_minus_5y
23480,1987-03-10,CI,150.0,1948.0,39.0,0,0,5,LANG CRES,negative_T_minus_H_minus_5y
76519,1987-03-20,CI,150.0,1968.0,19.0,0,0,5,HALIFAX DR,negative_T_minus_H_minus_5y
7160,1987-03-27,DI,150.0,1968.0,19.0,0,0,5,CHOPIN DR,negative_T_minus_H_minus_5y
32160,1987-03-28,CI,150.0,1963.0,24.0,0,0,5,RENNIE DR,negative_T_minus_H_minus_5y
18210,1987-04-09,CI,200.0,1967.0,20.0,0,0,5,HAYWARD AVE,negative_T_minus_H_minus_5y
76747,1987-04-09,CI,150.0,1940.0,47.0,0,0,5,STIRLING AVE S,negative_T_minus_H_minus_5y
14950,1987-04-15,CI,150.0,1958.0,29.0,0,0,5,FOREST HILL DR,negative_T_minus_H_minus_5y
82752,1987-04-15,CI,300.0,1964.0,23.0,0,0,5,GAGE AVE,negative_T_minus_H_minus_5y
8860,1987-04-18,DI,150.0,1969.0,18.0,0,0,5,DALEGROVE DR,negative_T_minus_H_minus_5y
4430,1987-05-05,DI,150.0,1952.0,35.0,0,0,5,BRICK ST,negative_T_minus_H_minus_5y
7150,1987-06-09,DI,150.0,1968.0,19.0,0,0,5,CHOPIN DR,negative_T_minus_H_minus_5y
86012,1987-06-10,DI,150.0,1970.0,17.0,0,0,5,GLEN PARK CRES,negative_T_minus_H_minus_5y
34900,1987-06-17,CI,150.0,1960.0,27.0,0,0,5,SHIRLEY AVE,negative_T_minus_H_minus_5y
24390,1987-06-26,CI,150.0,1948.0,39.0,0,0,5,LANG CRES,negative_T_minus_H_minus_5y
82752,1987-06-27,CI,300.0,1964.0,23.0,0,0,5,GAGE AVE,negative_T_minus_H_minus_5y
2500,1987-06-28,DI,300.0,1970.0,17.0,0,0,5,CHARLES ST E,negative_T_minus_H_minus_5y
31100,1987-07-02,CI,150.0,1964.0,23.0,0,0,5,PRINCE ST,negative_T_minus_H_minus_5y
20670,1987-07-11,CI,200.0,1965.0,22.0,0,0,5,JOSEPH ST,negative_T_minus_H_minus_5y
32170,1987-09-05,CI,150.0,1963.0,24.0,0,0,5,RENNIE DR,negative_T_minus_H_minus_5y
8860,1987-09-07,DI,150.0,1969.0,18.0,0,0,5,DALEGROVE DR,negative_T_minus_H_minus_5y
8430,1987-09-11,DI,300.0,1970.0,17.0,0,0,5,COURTLAND AVE E,negative_T_minus_H_minus_5y
33760,1987-10-18,CI,150.0,1963.0,24.0,0,0,5,RUSKVIEW RD,negative_T_minus_H_minus_5y
17170,1987-10-19,CI,200.0,1964.0,23.0,0,0,5,GREENBROOK DR,negative_T_minus_H_minus_5y
5040,1987-10-21,CI,150.0,1958.0,29.0,0,0,5,BURBANK RD,negative_T_minus_H_minus_5y
31170,1987-10-31,CI,150.0,1954.0,33.0,0,0,5,PROSPECT AVE,negative_T_minus_H_minus_5y
42050,1987-11-04,CI,150.0,1959.0,28.0,0,0,5,WESTGATE WALK,negative_T_minus_H_minus_5y
24240,1987-11-05,CI,150.0,1965.0,22.0,0,0,5,LORRAINE AVE,negative_T_minus_H_minus_5y
20440,1987-11-06,CI,150.0,1966.0,21.0,0,0,5,INWOOD DR,negative_T_minus_H_minus_5y
43570,1987-11-14,CI,200.0,1954.0,33.0,0,0,5,WILSON AVE,negative_T_minus_H_minus_5y
20470,1987-11-16,CI,150.0,1955.0,32.0,0,0,5,ISLINGTON AVE,negative_T_minus_H_minus_5y
19620,1987-11-17,CI,150.0,1936.0,51.0,0,0,5,HOFFMAN ST,negative_T_minus_H_minus_5y
3640,1987-11-17,CI,150.0,1956.0,31.0,0,0,5,BLUERIDGE AVE,negative_T_minus_H_minus_5y
29630,1987-11-26,CI,150.0,1923.0,64.0,0,0,5,OTTAWA ST S,negative_T_minus_H_minus_5y
5510,1987-11-26,CI,150.0,1967.0,20.0,0,0,5,CARNABY CRES,negative_T_minus_H_minus_5y
4000,1987-11-28,CI,150.0,1965.0,22.0,0,0,5,BRADLEY DR,negative_T_minus_H_minus_5y
7300,1987-11-30,CI,150.0,1956.0,31.0,0,0,5,CLAREMONT AVE,negative_T_minus_H_minus_5y
19740,1987-12-04,CI,150.0,1967.0,20.0,0,0,5,HOLBORN DR,negative_T_minus_H_minus_5y
32320,1987-12-09,CI,150.0,1960.0,27.0,0,0,5,RIPPLEWOOD CRES,negative_T_minus_H_minus_5y
33760,1987-12-10,CI,150.0,1963.0,24.0,0,0,5,RUSKVIEW RD,negative_T_minus_H_minus_5y
34860,1987-12-10,CI,150.0,1954.0,33.0,0,0,5,SHERWOOD AVE,negative_T_minus_H_minus_5y
18700,1987-12-12,CI,150.0,1960.0,27.0,0,0,5,HICKSON DR,negative_T_minus_H_minus_5y
290,1987-12-12,CI,150.0,1958.0,29.0,1,0,5,ABERDEEN RD,negative_T_minus_H_minus_5y
5190,1987-12-14,CI,150.0,1962.0,25.0,0,0,5,CAIT AVE,negative_T_minus_H_minus_5y
36510,1987-12-16,CI,150.0,1962.0,25.0,0,0,5,STONYBROOK DR,negative_T_minus_H_minus_5y
30980,1987-12-23,CI,150.0,1962.0,25.0,0,0,5,PLAZA CRT,negative_T_minus_H_minus_5y
79964,1987-12-23,CI,150.0,1948.0,39.0,0,0,5,LANG CRES,negative_T_minus_H_minus_5y
32090,1987-12-31,CI,150.0,1962.0,25.0,0,0,5,RANDERSON AVE,negative_T_minus_H_minus_5y
19660,1988-01-01,CI,150.0,1956.0,32.0,0,0,5,HOFFMAN ST,negative_T_minus_H_minus_2y
29860,1988-01-01,CI,150.0,1964.0,24.0,0,0,5,OWEN AVE,negative_T_minus_H_minus_4y
33540,1988-01-01,CI,150.0,1959.0,29.0,0,0,5,ROSS AVE,negative_T_minus_H_minus_4y
96228,1988-01-01,CI,150.0,1963.0,25.0,0,0,5,HUGO CRES,negative_T_minus_H_minus_3y
31890,1988-01-02,CI,150.0,1966.0,22.0,0,0,5,QUEENSTON DR,negative_T_minus_H_minus_4y
14850,1988-01-05,CI,200.0,1962.0,26.0,0,0,5,FOREST HILL DR,negative_T_minus_H_minus_5y
37550,1988-01-05,CI,150.0,1965.0,23.0,0,0,5,TECUMSEH CRES,negative_T_minus_H_minus_4y
39010,1988-01-05,CI,200.0,1959.0,29.0,0,0,5,VANIER DR,negative_T_minus_H_minus_5y
20260,1988-01-07,CI,150.0,1967.0,21.0,0,0,5,INDIAN RD,negative_T_minus_H_minus_4y
17380,1988-01-09,CI,150.0,1953.0,35.0,0,0,5,GREENFIELD AVE,negative_T_minus_H_minus_4y
20030,1988-01-09,CI,150.0,1963.0,25.0,0,0,5,HUGO CRES,negative_T_minus_H_minus_5y
41030,1988-01-13,CI,150.0,1952.0,36.0,0,0,5,WEBER ST E,negative_T_minus_H_minus_4y
7190,1988-01-13,CI,150.0,1964.0,24.0,0,0,5,CHRISTINE CRES,negative_T_minus_H_minus_4y
92920,1988-01-13,CI,150.0,1955.0,33.0,0,0,5,DONALD ST,negative_T_minus_H_minus_5y
21430,1988-01-14,CI,250.0,1889.0,99.0,0,0,5,KING ST W,negative_T_minus_H_minus_4y
40440,1988-01-15,CI,150.0,1988.0,0.0,0,0,5,WARREN RD,negative_T_minus_H_minus_4y
85016,1988-01-15,CI,150.0,1967.0,21.0,0,0,5,THALER AVE,negative_T_minus_H_minus_4y
24390,1988-01-18,CI,150.0,1948.0,40.0,0,0,5,LANG CRES,negative_T_minus_H_minus_5y
41030,1988-01-18,CI,150.0,1952.0,36.0,0,0,5,WEBER ST E,negative_T_minus_H_minus_5y
290,1988-01-19,CI,150.0,1958.0,30.0,1,0,5,ABERDEEN RD,negative_T_minus_H_minus_4y
7940,1988-01-20,DI,150.0,1966.0,22.0,0,0,5,CONWAY DR,negative_T_minus_H_minus_5y
89516,1988-01-22,CI,150.0,1966.0,22.0,0,0,5,CONWAY DR,negative_T_minus_H_minus_5y
38490,1988-01-23,CI,150.0,1966.0,22.0,0,0,5,TUPPER CRES,negative_T_minus_H_minus_5y
92202,1988-01-23,CI,150.0,1967.0,21.0,0,0,5,GAY CRES,negative_T_minus_H_minus_5y
32160,1988-01-24,CI,150.0,1963.0,25.0,0,0,5,RENNIE DR,negative_T_minus_H_minus_5y
27560,1988-01-25,CI,150.0,1958.0,30.0,0,0,5,MUNROE ST,negative_T_minus_H_minus_4y
24610,1988-01-27,CI,150.0,1958.0,30.0,0,0,5,LYNDHURST DR,negative_T_minus_H_minus_4y
41030,1988-01-27,CI,150.0,1952.0,36.0,0,0,5,WEBER ST E,negative_T_minus_H_minus_4y
41040,1988-01-27,DI,300.0,1965.0,23.0,0,0,5,WEBER ST E,negative_T_minus_H_minus_4y
9590,1988-01-29,CI,150.0,1958.0,30.0,0,0,5,DOON RD,negative_T_minus_H_minus_4y
14020,1988-02-05,DI,100.0,1958.0,30.0,0,0,5,FARMBROOK PL,negative_T_minus_H_minus_4y
85100,1988-02-05,DI,150.0,1965.0,23.0,0,0,5,STRATHCONA CRES,negative_T_minus_H_minus_4y
20620,1988-02-10,CI,150.0,1951.0,37.0,0,0,5,JOHNSTON ST,negative_T_minus_H_minus_4y
32170,1988-02-12,CI,150.0,1963.0,25.0,0,0,5,RENNIE DR,negative_T_minus_H_minus_4y
26970,1988-02-14,CI,200.0,1965.0,23.0,0,0,5,MONTCALM DR,negative_T_minus_H_minus_5y
6940,1988-02-14,CI,150.0,1960.0,28.0,0,0,5,CHARLOTTE CRES,negative_T_minus_H_minus_5y
14830,1988-02-15,CI,200.0,1962.0,26.0,0,0,5,FOREST HILL DR,negative_T_minus_H_minus_4y
4430,1988-02-15,DI,150.0,1952.0,36.0,0,0,5,BRICK ST,negative_T_minus_H_minus_5y
18000,1988-02-19,CI,200.0,1967.0,21.0,0,0,5,HANSON AVE,negative_T_minus_H_minus_5y
4430,1988-02-20,DI,150.0,1952.0,36.0,0,0,5,BRICK ST,negative_T_minus_H_minus_5y
35140,1988-02-21,CI,150.0,1953.0,35.0,0,0,5,SIXTH AVE,negative_T_minus_H_minus_4y
5110,1988-02-22,CI,100.0,1955.0,33.0,0,0,5,BURN PL,negative_T_minus_H_minus_5y
15330,1988-02-25,CI,300.0,1963.0,25.0,0,0,5,FRANKLIN ST N,negative_T_minus_H_minus_5y
76519,1988-03-01,CI,150.0,1968.0,20.0,0,0,5,HALIFAX DR,negative_T_minus_H_minus_4y
29110,1988-03-02,CI,100.0,1955.0,33.0,0,0,5,ORCHARD PARK CRES,negative_T_minus_H_minus_5y
7970,1988-03-08,CI,150.0,1966.0,22.0,0,0,5,CONWAY DR,negative_T_minus_H_minus_4y
20260,1988-03-10,CI,150.0,1967.0,21.0,0,0,5,INDIAN RD,negative_T_minus_H_minus_5y
23480,1988-03-10,CI,150.0,1948.0,40.0,0,0,5,LANG CRES,negative_T_minus_H_minus_4y
34220,1988-03-17,CI,150.0,1963.0,25.0,0,0,5,SECORD AVE,negative_T_minus_H_minus_5y
8940,1988-03-19,CI,150.0,1964.0,24.0,0,0,5,DANIEL AVE,negative_T_minus_H_minus_5y
20090,1988-03-20,CI,150.0,1966.0,22.0,0,0,5,HUNTLEY CRES,negative_T_minus_H_minus_5y
76519,1988-03-20,CI,150.0,1968.0,20.0,0,0,5,HALIFAX DR,negative_T_minus_H_minus_4y
17800,1988-03-24,CI,150.0,1966.0,22.0,0,0,5,HALIFAX DR,negative_T_minus_H_minus_5y
6940,1988-03-26,CI,150.0,1960.0,28.0,0,0,5,CHARLOTTE CRES,negative_T_minus_H_minus_5y
7160,1988-03-27,DI,150.0,1968.0,20.0,0,0,5,CHOPIN DR,negative_T_minus_H_minus_4y
32160,1988-03-28,CI,150.0,1963.0,25.0,0,0,5,RENNIE DR,negative_T_minus_H_minus_4y
5610,1988-03-28,DI,200.0,1966.0,22.0,0,0,5,CARSON DR,negative_T_minus_H_minus_5y
5610,1988-03-31,DI,200.0,1966.0,22.0,0,0,5,CARSON DR,negative_T_minus_H_minus_5y
18210,1988-04-09,CI,200.0,1967.0,21.0,0,0,5,HAYWARD AVE,negative_T_minus_H_minus_4y
76747,1988-04-09,CI,150.0,1940.0,48.0,0,0,5,STIRLING AVE S,negative_T_minus_H_minus_4y
14950,1988-04-15,CI,150.0,1958.0,30.0,0,0,5,FOREST HILL DR,negative_T_minus_H_minus_4y
82752,1988-04-15,CI,300.0,1964.0,24.0,0,0,5,GAGE AVE,negative_T_minus_H_minus_4y
8860,1988-04-18,DI,150.0,1969.0,19.0,0,0,5,DALEGROVE DR,negative_T_minus_H_minus_4y
42160,1988-05-05,DI,300.0,1973.0,15.0,0,0,5,WESTHEIGHTS DR,negative_T_minus_H_minus_5y
4430,1988-05-05,DI,150.0,1952.0,36.0,0,0,5,BRICK ST,negative_T_minus_H_minus_4y
18310,1988-05-10,DI,300.0,1969.0,19.0,0,0,5,HAZELGLEN DR,negative_T_minus_H_minus_5y
76729,1988-05-12,DI,150.0,1967.0,21.0,0,0,5,HAYWARD AVE,negative_T_minus_H_minus_5y
84006,1988-05-12,DI,150.0,1967.0,21.0,0,0,5,HAYWARD AVE,negative_T_minus_H_minus_5y
7150,1988-06-09,DI,150.0,1968.0,20.0,0,0,5,CHOPIN DR,negative_T_minus_H_minus_4y
86012,1988-06-10,DI,150.0,1970.0,18.0,0,0,5,GLEN PARK CRES,negative_T_minus_H_minus_4y
34900,1988-06-17,CI,150.0,1960.0,28.0,0,0,5,SHIRLEY AVE,negative_T_minus_H_minus_4y
24390,1988-06-26,CI,150.0,1948.0,40.0,0,0,5,LANG CRES,negative_T_minus_H_minus_4y
82752,1988-06-27,CI,300.0,1964.0,24.0,0,0,5,GAGE AVE,negative_T_minus_H_minus_4y
2500,1988-06-28,DI,300.0,1970.0,18.0,0,0,5,CHARLES ST E,negative_T_minus_H_minus_4y
21040,1988-06-29,CI,150.0,1958.0,30.0,0,0,5,KENNETH AVE,negative_T_minus_H_minus_5y
31100,1988-07-02,CI,150.0,1964.0,24.0,0,0,5,PRINCE ST,negative_T_minus_H_minus_4y
23370,1988-07-07,CI,150.0,1923.0,65.0,0,0,5,LANCASTER ST W,negative_T_minus_H_minus_5y
33050,1988-07-07,CI,300.0,1935.0,53.0,0,0,5,ROCKWAY DR,negative_T_minus_H_minus_5y
20670,1988-07-11,CI,200.0,1965.0,23.0,0,0,5,JOSEPH ST,negative_T_minus_H_minus_4y
4104575,1988-08-11,XXX,25.0,1974.0,14.0,0,0,5,WESTHEIGHTS DR,negative_T_minus_H_minus_5y
90576,1988-08-11,DI,150.0,1970.0,18.0,0,0,5,GLEN AVON CRES,negative_T_minus_H_minus_5y
90576,1988-08-13,DI,150.0,1970.0,18.0,0,0,5,GLEN AVON CRES,negative_T_minus_H_minus_5y
20330,1988-08-23,DI,150.0,1969.0,19.0,0,0,5,INGLESIDE DR,negative_T_minus_H_minus_5y
8860,1988-08-26,DI,150.0,1969.0,19.0,0,0,5,DALEGROVE DR,negative_T_minus_H_minus_5y
26210,1988-09-04,DI,150.0,1969.0,19.0,0,0,5,MEADOWBROOK DR,negative_T_minus_H_minus_5y
32170,1988-09-05,CI,150.0,1963.0,25.0,0,0,5,RENNIE DR,negative_T_minus_H_minus_4y
20330,1988-09-07,DI,150.0,1969.0,19.0,0,0,5,INGLESIDE DR,negative_T_minus_H_minus_5y
8860,1988-09-07,DI,150.0,1969.0,19.0,0,0,5,DALEGROVE DR,negative_T_minus_H_minus_4y
30530,1988-09-10,DI,150.0,1971.0,17.0,0,0,5,PEPPERWOOD CRES,negative_T_minus_H_minus_5y
8430,1988-09-11,DI,300.0,1970.0,18.0,0,0,5,COURTLAND AVE E,negative_T_minus_H_minus_4y
33660,1988-09-18,DI,200.0,1973.0,15.0,0,0,5,ROYAL ORCHARD DR,negative_T_minus_H_minus_5y
33760,1988-10-18,CI,150.0,1963.0,25.0,0,0,5,RUSKVIEW RD,negative_T_minus_H_minus_4y
17170,1988-10-19,CI,200.0,1964.0,24.0,0,0,5,GREENBROOK DR,negative_T_minus_H_minus_4y
35270,1988-10-19,CI,150.0,1958.0,30.0,0,0,5,SOUTHMOOR DR,negative_T_minus_H_minus_5y
5040,1988-10-21,CI,150.0,1958.0,30.0,0,0,5,BURBANK RD,negative_T_minus_H_minus_4y
61670,1988-10-23,PVC,150.0,1970.0,18.0,0,0,5,INGLESIDE DR,negative_T_minus_H_minus_5y
35030,1988-10-25,CI,150.0,1967.0,21.0,0,0,5,SILVERSPRING CRES,negative_T_minus_H_minus_5y
5510,1988-10-25,CI,150.0,1967.0,21.0,0,0,5,CARNABY CRES,negative_T_minus_H_minus_5y
93272,1988-10-27,DI,200.0,1959.0,29.0,0,0,5,HANSON AVE,negative_T_minus_H_minus_5y
31170,1988-10-31,CI,150.0,1954.0,34.0,0,0,5,PROSPECT AVE,negative_T_minus_H_minus_4y
93516,1988-11-01,CI,150.0,1974.0,14.0,0,0,5,UPLANDS DR,negative_T_minus_H_minus_5y
42050,1988-11-04,CI,150.0,1959.0,29.0,0,0,5,WESTGATE WALK,negative_T_minus_H_minus_4y
17230,1988-11-05,CI,200.0,1957.0,31.0,0,0,5,GREENBROOK DR,negative_T_minus_H_minus_5y
24240,1988-11-05,CI,150.0,1965.0,23.0,0,0,5,LORRAINE AVE,negative_T_minus_H_minus_4y
20440,1988-11-06,CI,150.0,1966.0,22.0,0,0,5,INWOOD DR,negative_T_minus_H_minus_4y
3770,1988-11-08,CI,150.0,1967.0,21.0,0,0,5,BONNYLYN DR,negative_T_minus_H_minus_5y
41690,1988-11-11,CI,300.0,1929.0,59.0,0,0,5,WELLINGTON ST N,negative_T_minus_H_minus_5y
37530,1988-11-12,CI,150.0,1951.0,37.0,0,0,5,TAMROTH CLOSE,negative_T_minus_H_minus_5y
35030,1988-11-13,CI,150.0,1967.0,21.0,0,0,5,SILVERSPRING CRES,negative_T_minus_H_minus_5y
43570,1988-11-14,CI,200.0,1954.0,34.0,0,0,5,WILSON AVE,negative_T_minus_H_minus_4y
20470,1988-11-16,CI,150.0,1955.0,33.0,0,0,5,ISLINGTON AVE,negative_T_minus_H_minus_4y
36520,1988-11-16,CI,150.0,1962.0,26.0,0,0,5,STONYBROOK DR,negative_T_minus_H_minus_5y
19620,1988-11-17,CI,150.0,1936.0,52.0,0,0,5,HOFFMAN ST,negative_T_minus_H_minus_4y
3640,1988-11-17,CI,150.0,1956.0,32.0,0,0,5,BLUERIDGE AVE,negative_T_minus_H_minus_4y
32160,1988-11-18,CI,150.0,1963.0,25.0,0,0,5,RENNIE DR,negative_T_minus_H_minus_5y
270,1988-11-20,CI,150.0,1958.0,30.0,0,0,5,ABERDEEN RD,negative_T_minus_H_minus_5y
33750,1988-11-20,CI,150.0,1963.0,25.0,0,0,5,RUSKVIEW RD,negative_T_minus_H_minus_5y
14780,1988-11-23,DI,200.0,1964.0,24.0,0,0,5,FOREST HILL DR,negative_T_minus_H_minus_5y
42530,1988-11-23,CI,150.0,1959.0,29.0,0,0,5,WESTMOUNT RD E,negative_T_minus_H_minus_5y
57990,1988-11-25,CI,150.0,1959.0,29.0,0,0,5,EVERGREEN CRES,negative_T_minus_H_minus_5y
29630,1988-11-26,CI,150.0,1923.0,65.0,0,0,5,OTTAWA ST S,negative_T_minus_H_minus_4y
5510,1988-11-26,CI,150.0,1967.0,21.0,0,0,5,CARNABY CRES,negative_T_minus_H_minus_4y
19660,1988-11-27,CI,150.0,1956.0,32.0,0,0,5,HOFFMAN ST,negative_T_minus_H_minus_5y
64130,1988-11-27,CI,150.0,1966.0,22.0,0,0,5,INVERNESS DR,negative_T_minus_H_minus_5y
4000,1988-11-28,CI,150.0,1965.0,23.0,0,0,5,BRADLEY DR,negative_T_minus_H_minus_4y
7300,1988-11-30,CI,150.0,1956.0,32.0,0,0,5,CLAREMONT AVE,negative_T_minus_H_minus_4y
19740,1988-12-04,CI,150.0,1967.0,21.0,0,0,5,HOLBORN DR,negative_T_minus_H_minus_4y
85432,1988-12-04,CI,150.0,1971.0,17.0,0,0,5,BROOKSIDE CRES,negative_T_minus_H_minus_5y
32320,1988-12-09,CI,150.0,1960.0,28.0,0,0,5,RIPPLEWOOD CRES,negative_T_minus_H_minus_4y
33760,1988-12-10,CI,150.0,1963.0,25.0,0,0,5,RUSKVIEW RD,negative_T_minus_H_minus_4y
34860,1988-12-10,CI,150.0,1954.0,34.0,0,0,5,SHERWOOD AVE,negative_T_minus_H_minus_4y
18700,1988-12-12,CI,150.0,1960.0,28.0,0,0,5,HICKSON DR,negative_T_minus_H_minus_4y
290,1988-12-12,CI,150.0,1958.0,30.0,1,0,5,ABERDEEN RD,negative_T_minus_H_minus_4y
5190,1988-12-14,CI,150.0,1962.0,26.0,0,0,5,CAIT AVE,negative_T_minus_H_minus_4y
5720,1988-12-15,CI,150.0,1960.0,28.0,0,0,5,CARWOOD AVE,negative_T_minus_H_minus_5y
17290,1988-12-16,CI,300.0,1957.0,31.0,0,0,5,GREENBROOK DR,negative_T_minus_H_minus_5y
36510,1988-12-16,CI,150.0,1962.0,26.0,0,0,5,STONYBROOK DR,negative_T_minus_H_minus_4y
21870,1988-12-18,CI,100.0,1937.0,51.0,0,0,5,KING ST E,negative_T_minus_H_minus_5y
36540,1988-12-18,CI,150.0,1958.0,30.0,0,0,5,STONYBROOK DR,negative_T_minus_H_minus_5y
92028,1988-12-18,CI,150.0,1957.0,31.0,0,0,5,CORNELL AVE,negative_T_minus_H_minus_5y
133896,1988-12-21,DI,150.0,1979.0,9.0,0,0,5,HILLCREST LANE,negative_T_minus_H_minus_5y
40740,1988-12-21,CI,150.0,1966.0,22.0,0,0,5,WAYNE DR,negative_T_minus_H_minus_5y
26950,1988-12-23,DI,200.0,1965.0,23.0,0,0,5,MONTCALM DR,negative_T_minus_H_minus_5y
29200,1988-12-23,CI,150.0,1952.0,36.0,0,0,5,OTTAWA ST N,negative_T_minus_H_minus_5y
30980,1988-12-23,CI,150.0,1962.0,26.0,0,0,5,PLAZA CRT,negative_T_minus_H_minus_4y
79964,1988-12-23,CI,150.0,1948.0,40.0,0,0,5,LANG CRES,negative_T_minus_H_minus_4y
1330,1988-12-24,CI,200.0,1961.0,27.0,0,0,5,AVON RD,negative_T_minus_H_minus_5y
3990,1988-12-24,CI,150.0,1965.0,23.0,0,0,5,BRADLEY DR,negative_T_minus_H_minus_5y
19090,1988-12-27,CI,300.0,1955.0,33.0,0,0,5,HIGHLAND RD E,negative_T_minus_H_minus_5y
5710,1988-12-30,CI,150.0,1958.0,30.0,0,0,5,CARWOOD AVE,negative_T_minus_H_minus_5y
32090,1988-12-31,CI,150.0,1962.0,26.0,0,0,5,RANDERSON AVE,negative_T_minus_H_minus_4y
19660,1989-01-01,CI,150.0,1956.0,33.0,0,0,5,HOFFMAN ST,negative_T_minus_H_minus_1y
29860,1989-01-01,CI,150.0,1964.0,25.0,0,0,5,OWEN AVE,negative_T_minus_H_minus_3y
33540,1989-01-01,CI,150.0,1959.0,30.0,0,0,5,ROSS AVE,negative_T_minus_H_minus_3y
41030,1989-01-01,CI,150.0,1952.0,37.0,0,0,5,WEBER ST E,negative_T_minus_H_minus_5y
96228,1989-01-01,CI,150.0,1963.0,26.0,0,0,5,HUGO CRES,negative_T_minus_H_minus_2y
31890,1989-01-02,CI,150.0,1966.0,23.0,0,0,5,QUEENSTON DR,negative_T_minus_H_minus_3y
14850,1989-01-05,CI,200.0,1962.0,27.0,0,0,5,FOREST HILL DR,negative_T_minus_H_minus_4y
37550,1989-01-05,CI,150.0,1965.0,24.0,0,0,5,TECUMSEH CRES,negative_T_minus_H_minus_3y
39010,1989-01-05,CI,200.0,1959.0,30.0,0,0,5,VANIER DR,negative_T_minus_H_minus_4y
38490,1989-01-06,CI,150.0,1966.0,23.0,0,0,5,TUPPER CRES,negative_T_minus_H_minus_5y
20260,1989-01-07,CI,150.0,1967.0,22.0,0,0,5,INDIAN RD,negative_T_minus_H_minus_3y
32880,1989-01-07,CI,200.0,1962.0,27.0,0,0,5,RIVERBEND DR,negative_T_minus_H_minus_5y
14330,1989-01-08,CI,150.0,1953.0,36.0,0,0,5,FIFE AVE,negative_T_minus_H_minus_5y
8780,1989-01-08,CI,150.0,1963.0,26.0,0,0,5,CYPRUS DR,negative_T_minus_H_minus_5y
95846,1989-01-08,CI,150.0,1963.0,26.0,0,0,5,BIRCHCLIFF AVE,negative_T_minus_H_minus_5y
17380,1989-01-09,CI,150.0,1953.0,36.0,0,0,5,GREENFIELD AVE,negative_T_minus_H_minus_3y
20030,1989-01-09,CI,150.0,1963.0,26.0,0,0,5,HUGO CRES,negative_T_minus_H_minus_4y
33490,1989-01-09,CI,150.0,1967.0,22.0,0,0,5,ROSEWOOD DR,negative_T_minus_H_minus_5y
90616,1989-01-09,CI,200.0,1953.0,36.0,0,0,5,SECOND AVE,negative_T_minus_H_minus_5y
133896,1989-01-10,DI,150.0,1979.0,10.0,0,0,5,HILLCREST LANE,negative_T_minus_H_minus_5y
8890,1989-01-10,CI,150.0,1966.0,23.0,0,0,5,DALEWOOD DR,negative_T_minus_H_minus_5y
92678,1989-01-10,CI,100.0,1954.0,35.0,0,0,5,GOLFVIEW PL,negative_T_minus_H_minus_5y
34950,1989-01-11,CI,150.0,1965.0,24.0,0,0,5,SHUH AVE,negative_T_minus_H_minus_5y
41030,1989-01-13,CI,150.0,1952.0,37.0,0,0,5,WEBER ST E,negative_T_minus_H_minus_3y
43030,1989-01-13,CI,300.0,1971.0,18.0,0,0,5,WESTWOOD DR,negative_T_minus_H_minus_5y
7190,1989-01-13,CI,150.0,1964.0,25.0,0,0,5,CHRISTINE CRES,negative_T_minus_H_minus_3y
92920,1989-01-13,CI,150.0,1955.0,34.0,0,0,5,DONALD ST,negative_T_minus_H_minus_4y
21430,1989-01-14,CI,250.0,1889.0,100.0,0,0,5,KING ST W,negative_T_minus_H_minus_3y
33440,1989-01-14,CI,150.0,1959.0,30.0,0,0,5,ROSEMOUNT DR,negative_T_minus_H_minus_5y
33530,1989-01-14,CI,150.0,1959.0,30.0,0,0,5,ROSS AVE,negative_T_minus_H_minus_5y
33920,1989-01-14,CI,150.0,1954.0,35.0,0,0,5,SANDRA AVE,negative_T_minus_H_minus_5y
40440,1989-01-15,CI,150.0,1988.0,1.0,0,0,5,WARREN RD,negative_T_minus_H_minus_3y
85016,1989-01-15,CI,150.0,1967.0,22.0,0,0,5,THALER AVE,negative_T_minus_H_minus_3y
18690,1989-01-16,CI,150.0,1960.0,29.0,0,0,5,HICKSON DR,negative_T_minus_H_minus_5y
24390,1989-01-18,CI,150.0,1948.0,41.0,0,0,5,LANG CRES,negative_T_minus_H_minus_4y
41030,1989-01-18,CI,150.0,1952.0,37.0,0,0,5,WEBER ST E,negative_T_minus_H_minus_4y
290,1989-01-19,CI,150.0,1958.0,31.0,1,0,5,ABERDEEN RD,negative_T_minus_H_minus_3y
33550,1989-01-19,CI,150.0,1959.0,30.0,0,0,5,ROSS AVE,negative_T_minus_H_minus_5y
5510,1989-01-20,CI,150.0,1967.0,22.0,0,0,5,CARNABY CRES,negative_T_minus_H_minus_5y
7940,1989-01-20,DI,150.0,1966.0,23.0,0,0,5,CONWAY DR,negative_T_minus_H_minus_4y
17720,1989-01-22,CI,150.0,1957.0,32.0,0,0,5,GUELPH ST,negative_T_minus_H_minus_5y
4430,1989-01-22,DI,150.0,1952.0,37.0,0,0,5,BRICK ST,negative_T_minus_H_minus_5y
87330,1989-01-22,DI,300.0,1989.0,0.0,0,0,5,HIDDEN VALLEY RD,negative_T_minus_H_minus_3y
89516,1989-01-22,CI,150.0,1966.0,23.0,0,0,5,CONWAY DR,negative_T_minus_H_minus_4y
34680,1989-01-23,CI,150.0,1946.0,43.0,0,0,5,SHELDON AVE N,negative_T_minus_H_minus_5y
38490,1989-01-23,CI,150.0,1966.0,23.0,0,0,5,TUPPER CRES,negative_T_minus_H_minus_4y
92202,1989-01-23,CI,150.0,1967.0,22.0,0,0,5,GAY CRES,negative_T_minus_H_minus_4y
32160,1989-01-24,CI,150.0,1963.0,26.0,0,0,5,RENNIE DR,negative_T_minus_H_minus_4y
4430,1989-01-24,DI,150.0,1952.0,37.0,0,0,5,BRICK ST,negative_T_minus_H_minus_5y
27560,1989-01-25,CI,150.0,1958.0,31.0,0,0,5,MUNROE ST,negative_T_minus_H_minus_3y
3990,1989-01-26,CI,150.0,1965.0,24.0,0,0,5,BRADLEY DR,negative_T_minus_H_minus_5y
24610,1989-01-27,CI,150.0,1958.0,31.0,0,0,5,LYNDHURST DR,negative_T_minus_H_minus_3y
41030,1989-01-27,CI,150.0,1952.0,37.0,0,0,5,WEBER ST E,negative_T_minus_H_minus_3y
41040,1989-01-27,DI,300.0,1965.0,24.0,0,0,5,WEBER ST E,negative_T_minus_H_minus_3y
76747,1989-01-28,CI,150.0,1940.0,49.0,0,0,5,STIRLING AVE S,negative_T_minus_H_minus_5y
9590,1989-01-29,CI,150.0,1958.0,31.0,0,0,5,DOON RD,negative_T_minus_H_minus_3y
38550,1989-01-31,CI,150.0,1954.0,35.0,0,0,5,UNION BLVD,negative_T_minus_H_minus_5y
14020,1989-02-05,DI,100.0,1958.0,31.0,0,0,5,FARMBROOK PL,negative_T_minus_H_minus_3y
28280,1989-02-05,DI,200.0,1967.0,22.0,0,0,5,OLD CHICOPEE DR,negative_T_minus_H_minus_5y
6710,1989-02-05,CI,100.0,1922.0,67.0,0,0,5,CHARLES ST E,negative_T_minus_H_minus_5y
85100,1989-02-05,DI,150.0,1965.0,24.0,0,0,5,STRATHCONA CRES,negative_T_minus_H_minus_3y
20620,1989-02-10,CI,150.0,1951.0,38.0,0,0,5,JOHNSTON ST,negative_T_minus_H_minus_3y
32170,1989-02-12,CI,150.0,1963.0,26.0,0,0,5,RENNIE DR,negative_T_minus_H_minus_3y
26970,1989-02-14,CI,200.0,1965.0,24.0,0,0,5,MONTCALM DR,negative_T_minus_H_minus_4y
6940,1989-02-14,CI,150.0,1960.0,29.0,0,0,5,CHARLOTTE CRES,negative_T_minus_H_minus_4y
14830,1989-02-15,CI,200.0,1962.0,27.0,0,0,5,FOREST HILL DR,negative_T_minus_H_minus_3y
4430,1989-02-15,DI,150.0,1952.0,37.0,0,0,5,BRICK ST,negative_T_minus_H_minus_4y
8370,1989-02-15,CI,300.0,1963.0,26.0,0,0,5,COURTLAND AVE E,negative_T_minus_H_minus_5y
27910,1989-02-16,CI,100.0,1958.0,31.0,0,0,5,NOEL CRES,negative_T_minus_H_minus_5y
33550,1989-02-17,CI,150.0,1959.0,30.0,0,0,5,ROSS AVE,negative_T_minus_H_minus_5y
37620,1989-02-17,CI,150.0,1961.0,28.0,0,0,5,THALER AVE,negative_T_minus_H_minus_5y
5830,1989-02-17,DI,150.0,1966.0,23.0,0,0,5,CECILE DR,negative_T_minus_H_minus_5y
780,1989-02-17,CI,150.0,1959.0,30.0,0,0,5,ARCHER PL,negative_T_minus_H_minus_5y
33990,1989-02-18,CI,150.0,1963.0,26.0,0,0,5,SCENIC DR,negative_T_minus_H_minus_5y
5830,1989-02-18,DI,150.0,1966.0,23.0,0,0,5,CECILE DR,negative_T_minus_H_minus_5y
18000,1989-02-19,CI,200.0,1967.0,22.0,0,0,5,HANSON AVE,negative_T_minus_H_minus_4y
31770,1989-02-19,CI,150.0,1949.0,40.0,0,0,5,QUEENS BLVD,negative_T_minus_H_minus_5y
8870,1989-02-19,DI,150.0,1972.0,17.0,0,0,5,DALEGROVE DR,negative_T_minus_H_minus_5y
4430,1989-02-20,DI,150.0,1952.0,37.0,0,0,5,BRICK ST,negative_T_minus_H_minus_4y
35140,1989-02-21,CI,150.0,1953.0,36.0,0,0,5,SIXTH AVE,negative_T_minus_H_minus_3y
5110,1989-02-22,CI,100.0,1955.0,34.0,0,0,5,BURN PL,negative_T_minus_H_minus_4y
15330,1989-02-25,CI,300.0,1963.0,26.0,0,0,5,FRANKLIN ST N,negative_T_minus_H_minus_4y
76519,1989-03-01,CI,150.0,1968.0,21.0,0,0,5,HALIFAX DR,negative_T_minus_H_minus_3y
29110,1989-03-02,CI,100.0,1955.0,34.0,0,0,5,ORCHARD PARK CRES,negative_T_minus_H_minus_4y
15830,1989-03-06,CI,150.0,1967.0,22.0,0,0,5,FURNESS DR,negative_T_minus_H_minus_5y
7970,1989-03-08,CI,150.0,1966.0,23.0,0,0,5,CONWAY DR,negative_T_minus_H_minus_3y
20260,1989-03-10,CI,150.0,1967.0,22.0,0,0,5,INDIAN RD,negative_T_minus_H_minus_4y
23480,1989-03-10,CI,150.0,1948.0,41.0,0,0,5,LANG CRES,negative_T_minus_H_minus_3y
21210,1989-03-12,CI,150.0,1958.0,31.0,0,0,5,KENWOOD DR,negative_T_minus_H_minus_5y
34220,1989-03-17,CI,150.0,1963.0,26.0,0,0,5,SECORD AVE,negative_T_minus_H_minus_4y
8940,1989-03-19,CI,150.0,1964.0,25.0,0,0,5,DANIEL AVE,negative_T_minus_H_minus_4y
20090,1989-03-20,CI,150.0,1966.0,23.0,0,0,5,HUNTLEY CRES,negative_T_minus_H_minus_4y
76519,1989-03-20,CI,150.0,1968.0,21.0,0,0,5,HALIFAX DR,negative_T_minus_H_minus_3y
17800,1989-03-24,CI,150.0,1966.0,23.0,0,0,5,HALIFAX DR,negative_T_minus_H_minus_4y
6940,1989-03-26,CI,150.0,1960.0,29.0,0,0,5,CHARLOTTE CRES,negative_T_minus_H_minus_4y
7160,1989-03-27,DI,150.0,1968.0,21.0,0,0,5,CHOPIN DR,negative_T_minus_H_minus_3y
32160,1989-03-28,CI,150.0,1963.0,26.0,0,0,5,RENNIE DR,negative_T_minus_H_minus_3y
5610,1989-03-28,DI,200.0,1966.0,23.0,0,0,5,CARSON DR,negative_T_minus_H_minus_4y
5610,1989-03-31,DI,200.0,1966.0,23.0,0,0,5,CARSON DR,negative_T_minus_H_minus_4y
32170,1989-04-08,CI,150.0,1963.0,26.0,0,0,5,RENNIE DR,negative_T_minus_H_minus_5y
18210,1989-04-09,CI,200.0,1967.0,22.0,0,0,5,HAYWARD AVE,negative_T_minus_H_minus_3y
20520,1989-04-09,CI,150.0,1947.0,42.0,0,0,5,JACKSON AVE,negative_T_minus_H_minus_5y
76747,1989-04-09,CI,150.0,1940.0,49.0,0,0,5,STIRLING AVE S,negative_T_minus_H_minus_3y
20520,1989-04-10,CI,150.0,1947.0,42.0,0,0,5,JACKSON AVE,negative_T_minus_H_minus_5y
14950,1989-04-15,CI,150.0,1958.0,31.0,0,0,5,FOREST HILL DR,negative_T_minus_H_minus_3y
82752,1989-04-15,CI,300.0,1964.0,25.0,0,0,5,GAGE AVE,negative_T_minus_H_minus_3y
8860,1989-04-18,DI,150.0,1969.0,20.0,0,0,5,DALEGROVE DR,negative_T_minus_H_minus_3y
30520,1989-04-21,CI,150.0,1966.0,23.0,0,0,5,PENROSE AVE,negative_T_minus_H_minus_5y
42160,1989-05-05,DI,300.0,1973.0,16.0,0,0,5,WESTHEIGHTS DR,negative_T_minus_H_minus_4y
4430,1989-05-05,DI,150.0,1952.0,37.0,0,0,5,BRICK ST,negative_T_minus_H_minus_3y
23470,1989-05-07,CI,150.0,1961.0,28.0,0,0,5,LANG CRES,negative_T_minus_H_minus_5y
24390,1989-05-07,CI,150.0,1948.0,41.0,0,0,5,LANG CRES,negative_T_minus_H_minus_5y
18310,1989-05-10,DI,300.0,1969.0,20.0,0,0,5,HAZELGLEN DR,negative_T_minus_H_minus_4y
76729,1989-05-12,DI,150.0,1967.0,22.0,0,0,5,HAYWARD AVE,negative_T_minus_H_minus_4y
84006,1989-05-12,DI,150.0,1967.0,22.0,0,0,5,HAYWARD AVE,negative_T_minus_H_minus_4y
2000,1989-05-13,CI,300.0,1957.0,32.0,0,0,5,BELMONT AVE W,negative_T_minus_H_minus_5y
2860,1989-05-21,CI,150.0,1963.0,26.0,0,0,5,BIRCHCLIFF AVE,negative_T_minus_H_minus_5y
8630,1989-06-01,DI,300.0,1989.0,0.0,0,0,5,CRESTVIEW PL,negative_T_minus_H_minus_5y
29620,1989-06-07,CI,150.0,1929.0,60.0,0,0,5,OTTAWA ST S,negative_T_minus_H_minus_5y
7150,1989-06-09,DI,150.0,1968.0,21.0,0,0,5,CHOPIN DR,negative_T_minus_H_minus_3y
86012,1989-06-10,DI,150.0,1970.0,19.0,0,0,5,GLEN PARK CRES,negative_T_minus_H_minus_3y
34900,1989-06-17,CI,150.0,1960.0,29.0,0,0,5,SHIRLEY AVE,negative_T_minus_H_minus_3y
24390,1989-06-26,CI,150.0,1948.0,41.0,0,0,5,LANG CRES,negative_T_minus_H_minus_3y
82752,1989-06-27,CI,300.0,1964.0,25.0,0,0,5,GAGE AVE,negative_T_minus_H_minus_3y
18310,1989-06-28,DI,300.0,1969.0,20.0,0,0,5,HAZELGLEN DR,negative_T_minus_H_minus_5y
2500,1989-06-28,DI,300.0,1970.0,19.0,0,0,5,CHARLES ST E,negative_T_minus_H_minus_3y
21040,1989-06-29,CI,150.0,1958.0,31.0,0,0,5,KENNETH AVE,negative_T_minus_H_minus_4y
31100,1989-07-02,CI,150.0,1964.0,25.0,0,0,5,PRINCE ST,negative_T_minus_H_minus_3y
8870,1989-07-05,DI,150.0,1972.0,17.0,0,0,5,DALEGROVE DR,negative_T_minus_H_minus_5y
87366,1989-07-06,CPP,1200.0,1989.0,0.0,0,0,5,BLEAMS RD,negative_T_minus_H_minus_3y
23370,1989-07-07,CI,150.0,1923.0,66.0,0,0,5,LANCASTER ST W,negative_T_minus_H_minus_4y
33050,1989-07-07,CI,300.0,1935.0,54.0,0,0,5,ROCKWAY DR,negative_T_minus_H_minus_4y
76569,1989-07-07,CI,250.0,1889.0,100.0,0,0,5,KING ST W,negative_T_minus_H_minus_5y
20670,1989-07-11,CI,200.0,1965.0,24.0,0,0,5,JOSEPH ST,negative_T_minus_H_minus_3y
16540,1989-07-12,DI,150.0,1970.0,19.0,0,0,5,GLEN AVON CRES,negative_T_minus_H_minus_5y
42320,1989-07-24,DI,200.0,1975.0,14.0,0,0,5,WESTHEIGHTS DR,negative_T_minus_H_minus_5y
86864,1989-07-28,DI,150.0,1968.0,21.0,0,0,5,MARKWOOD DR,negative_T_minus_H_minus_5y
38270,1989-07-29,DI,300.0,1973.0,16.0,0,0,5,TRILLIUM DR,negative_T_minus_H_minus_5y
7160,1989-07-31,DI,150.0,1968.0,21.0,0,0,5,CHOPIN DR,negative_T_minus_H_minus_5y
4104575,1989-08-11,XXX,25.0,1974.0,15.0,0,0,5,WESTHEIGHTS DR,negative_T_minus_H_minus_4y
90576,1989-08-11,DI,150.0,1970.0,19.0,0,0,5,GLEN AVON CRES,negative_T_minus_H_minus_4y
90576,1989-08-13,DI,150.0,1970.0,19.0,0,0,5,GLEN AVON CRES,negative_T_minus_H_minus_4y
92238,1989-08-17,DI,150.0,1972.0,17.0,0,0,5,HILLBROOK CRES,negative_T_minus_H_minus_5y
8860,1989-08-21,DI,150.0,1969.0,20.0,0,0,5,DALEGROVE DR,negative_T_minus_H_minus_5y
20330,1989-08-23,DI,150.0,1969.0,20.0,0,0,5,INGLESIDE DR,negative_T_minus_H_minus_4y
8860,1989-08-26,DI,150.0,1969.0,20.0,0,0,5,DALEGROVE DR,negative_T_minus_H_minus_4y
86368,1989-08-28,DI,150.0,1968.0,21.0,0,0,5,KIMBERLY CRES,negative_T_minus_H_minus_5y
14090,1989-08-30,DI,200.0,1974.0,15.0,0,0,5,FARRIER DR,negative_T_minus_H_minus_5y
26210,1989-09-04,DI,150.0,1969.0,20.0,0,0,5,MEADOWBROOK DR,negative_T_minus_H_minus_4y
32170,1989-09-05,CI,150.0,1963.0,26.0,0,0,5,RENNIE DR,negative_T_minus_H_minus_3y
20330,1989-09-07,DI,150.0,1969.0,20.0,0,0,5,INGLESIDE DR,negative_T_minus_H_minus_4y
8860,1989-09-07,DI,150.0,1969.0,20.0,0,0,5,DALEGROVE DR,negative_T_minus_H_minus_3y
30530,1989-09-10,DI,150.0,1971.0,18.0,0,0,5,PEPPERWOOD CRES,negative_T_minus_H_minus_4y
8430,1989-09-11,DI,300.0,1970.0,19.0,0,0,5,COURTLAND AVE E,negative_T_minus_H_minus_3y
19080,1989-09-14,CI,150.0,1952.0,37.0,0,0,5,HIGHLAND RD E,negative_T_minus_H_minus_5y
25740,1989-09-18,CI,150.0,1951.0,38.0,0,0,5,MAUSSER AVE,negative_T_minus_H_minus_5y
33660,1989-09-18,DI,200.0,1973.0,16.0,0,0,5,ROYAL ORCHARD DR,negative_T_minus_H_minus_4y
11170,1989-10-04,DI,150.0,1967.0,22.0,0,0,5,EASTWOOD DR,negative_T_minus_H_minus_5y
18990,1989-10-06,DI,300.0,1964.0,25.0,0,0,5,HIGHLAND RD W,negative_T_minus_H_minus_5y
20560,1989-10-07,CI,150.0,1961.0,28.0,0,0,5,JANSEN AVE,negative_T_minus_H_minus_5y
13660,1989-10-12,CI,150.0,1954.0,35.0,0,0,5,ETON DR,negative_T_minus_H_minus_5y
20030,1989-10-15,CI,150.0,1963.0,26.0,0,0,5,HUGO CRES,negative_T_minus_H_minus_5y
33760,1989-10-18,CI,150.0,1963.0,26.0,0,0,5,RUSKVIEW RD,negative_T_minus_H_minus_3y
17170,1989-10-19,CI,200.0,1964.0,25.0,0,0,5,GREENBROOK DR,negative_T_minus_H_minus_3y
35270,1989-10-19,CI,150.0,1958.0,31.0,0,0,5,SOUTHMOOR DR,negative_T_minus_H_minus_4y
35130,1989-10-21,CI,150.0,1965.0,24.0,0,0,5,SIMPSON AVE,negative_T_minus_H_minus_5y
5040,1989-10-21,CI,150.0,1958.0,31.0,0,0,5,BURBANK RD,negative_T_minus_H_minus_3y
61670,1989-10-23,PVC,150.0,1970.0,19.0,0,0,5,INGLESIDE DR,negative_T_minus_H_minus_4y
19590,1989-10-24,DI,150.0,1964.0,25.0,0,0,5,HOFFMAN ST,negative_T_minus_H_minus_5y
8790,1989-10-24,CI,150.0,1960.0,29.0,0,0,5,CYPRUS DR,negative_T_minus_H_minus_5y
35030,1989-10-25,CI,150.0,1967.0,22.0,0,0,5,SILVERSPRING CRES,negative_T_minus_H_minus_4y
5510,1989-10-25,CI,150.0,1967.0,22.0,0,0,5,CARNABY CRES,negative_T_minus_H_minus_4y
90210,1989-10-25,CI,150.0,1967.0,22.0,0,0,5,CARNABY CRES,negative_T_minus_H_minus_5y
93272,1989-10-27,DI,200.0,1959.0,30.0,0,0,5,HANSON AVE,negative_T_minus_H_minus_4y
7760,1989-10-28,CI,150.0,1966.0,23.0,0,0,5,CONFEDERATION DR,negative_T_minus_H_minus_5y
31170,1989-10-31,CI,150.0,1954.0,35.0,0,0,5,PROSPECT AVE,negative_T_minus_H_minus_3y
93516,1989-11-01,CI,150.0,1974.0,15.0,0,0,5,UPLANDS DR,negative_T_minus_H_minus_4y
42050,1989-11-04,CI,150.0,1959.0,30.0,0,0,5,WESTGATE WALK,negative_T_minus_H_minus_3y
17230,1989-11-05,CI,200.0,1957.0,32.0,0,0,5,GREENBROOK DR,negative_T_minus_H_minus_4y
24240,1989-11-05,CI,150.0,1965.0,24.0,0,0,5,LORRAINE AVE,negative_T_minus_H_minus_3y
20440,1989-11-06,CI,150.0,1966.0,23.0,0,0,5,INWOOD DR,negative_T_minus_H_minus_3y
40750,1989-11-06,DI,150.0,1966.0,23.0,0,0,5,WAYNE DR,negative_T_minus_H_minus_5y
7730,1989-11-07,CI,150.0,1966.0,23.0,0,0,5,CONFEDERATION DR,negative_T_minus_H_minus_5y
3770,1989-11-08,CI,150.0,1967.0,22.0,0,0,5,BONNYLYN DR,negative_T_minus_H_minus_4y
32730,1989-11-10,CI,150.0,1959.0,30.0,0,0,5,RIVER RD E,negative_T_minus_H_minus_5y
41690,1989-11-11,CI,300.0,1929.0,60.0,0,0,5,WELLINGTON ST N,negative_T_minus_H_minus_4y
37530,1989-11-12,CI,150.0,1951.0,38.0,0,0,5,TAMROTH CLOSE,negative_T_minus_H_minus_4y
35030,1989-11-13,CI,150.0,1967.0,22.0,0,0,5,SILVERSPRING CRES,negative_T_minus_H_minus_4y
20570,1989-11-14,CI,150.0,1961.0,28.0,0,0,5,JANSEN AVE,negative_T_minus_H_minus_5y
43570,1989-11-14,CI,200.0,1954.0,35.0,0,0,5,WILSON AVE,negative_T_minus_H_minus_3y
20470,1989-11-16,CI,150.0,1955.0,34.0,0,0,5,ISLINGTON AVE,negative_T_minus_H_minus_3y
36520,1989-11-16,CI,150.0,1962.0,27.0,0,0,5,STONYBROOK DR,negative_T_minus_H_minus_4y
19620,1989-11-17,CI,150.0,1936.0,53.0,0,0,5,HOFFMAN ST,negative_T_minus_H_minus_3y
3640,1989-11-17,CI,150.0,1956.0,33.0,0,0,5,BLUERIDGE AVE,negative_T_minus_H_minus_3y
32160,1989-11-18,CI,150.0,1963.0,26.0,0,0,5,RENNIE DR,negative_T_minus_H_minus_4y
270,1989-11-20,CI,150.0,1958.0,31.0,0,0,5,ABERDEEN RD,negative_T_minus_H_minus_4y
33750,1989-11-20,CI,150.0,1963.0,26.0,0,0,5,RUSKVIEW RD,negative_T_minus_H_minus_4y
18680,1989-11-22,CI,150.0,1960.0,29.0,0,0,5,HICKSON DR,negative_T_minus_H_minus_5y
14780,1989-11-23,DI,200.0,1964.0,25.0,0,0,5,FOREST HILL DR,negative_T_minus_H_minus_4y
42530,1989-11-23,CI,150.0,1959.0,30.0,0,0,5,WESTMOUNT RD E,negative_T_minus_H_minus_4y
29830,1989-11-24,DI,150.0,1966.0,23.0,0,0,5,OVERLEA DR,negative_T_minus_H_minus_5y
57990,1989-11-25,CI,150.0,1959.0,30.0,0,0,5,EVERGREEN CRES,negative_T_minus_H_minus_4y
29630,1989-11-26,CI,150.0,1923.0,66.0,0,0,5,OTTAWA ST S,negative_T_minus_H_minus_3y
5510,1989-11-26,CI,150.0,1967.0,22.0,0,0,5,CARNABY CRES,negative_T_minus_H_minus_3y
19660,1989-11-27,CI,150.0,1956.0,33.0,0,0,5,HOFFMAN ST,negative_T_minus_H_minus_4y
64130,1989-11-27,CI,150.0,1966.0,23.0,0,0,5,INVERNESS DR,negative_T_minus_H_minus_4y
7140,1989-11-27,DI,150.0,1965.0,24.0,0,0,5,CHICOPEE TERR,negative_T_minus_H_minus_5y
4000,1989-11-28,CI,150.0,1965.0,24.0,0,0,5,BRADLEY DR,negative_T_minus_H_minus_3y
900,1989-11-28,CI,150.0,1953.0,36.0,0,0,5,ARLINGTON BLVD,negative_T_minus_H_minus_5y
7300,1989-11-30,CI,150.0,1956.0,33.0,0,0,5,CLAREMONT AVE,negative_T_minus_H_minus_3y
5250,1989-12-03,CI,150.0,1954.0,35.0,0,0,5,CAMBRIDGE AVE,negative_T_minus_H_minus_5y
19740,1989-12-04,CI,150.0,1967.0,22.0,0,0,5,HOLBORN DR,negative_T_minus_H_minus_3y
85432,1989-12-04,CI,150.0,1971.0,18.0,0,0,5,BROOKSIDE CRES,negative_T_minus_H_minus_4y
27810,1989-12-09,CI,150.0,1960.0,29.0,0,0,5,NINE PINES RD,negative_T_minus_H_minus_5y
32320,1989-12-09,CI,150.0,1960.0,29.0,0,0,5,RIPPLEWOOD CRES,negative_T_minus_H_minus_3y
33760,1989-12-10,CI,150.0,1963.0,26.0,0,0,5,RUSKVIEW RD,negative_T_minus_H_minus_3y
34860,1989-12-10,CI,150.0,1954.0,35.0,0,0,5,SHERWOOD AVE,negative_T_minus_H_minus_3y
20580,1989-12-11,CI,150.0,1970.0,19.0,0,0,5,JANSEN AVE,negative_T_minus_H_minus_5y
18700,1989-12-12,CI,150.0,1960.0,29.0,0,0,5,HICKSON DR,negative_T_minus_H_minus_3y
290,1989-12-12,CI,150.0,1958.0,31.0,1,0,5,ABERDEEN RD,negative_T_minus_H_minus_3y
14850,1989-12-14,CI,200.0,1962.0,27.0,0,0,5,FOREST HILL DR,negative_T_minus_H_minus_5y
5190,1989-12-14,CI,150.0,1962.0,27.0,0,0,5,CAIT AVE,negative_T_minus_H_minus_3y
5720,1989-12-15,CI,150.0,1960.0,29.0,0,0,5,CARWOOD AVE,negative_T_minus_H_minus_4y
17290,1989-12-16,CI,300.0,1957.0,32.0,0,0,5,GREENBROOK DR,negative_T_minus_H_minus_4y
28270,1989-12-16,DI,200.0,1967.0,22.0,0,0,5,OLD CHICOPEE DR,negative_T_minus_H_minus_5y
36510,1989-12-16,CI,150.0,1962.0,27.0,0,0,5,STONYBROOK DR,negative_T_minus_H_minus_3y
21870,1989-12-18,CI,100.0,1937.0,52.0,0,0,5,KING ST E,negative_T_minus_H_minus_4y
36540,1989-12-18,CI,150.0,1958.0,31.0,0,0,5,STONYBROOK DR,negative_T_minus_H_minus_4y
92028,1989-12-18,CI,150.0,1957.0,32.0,0,0,5,CORNELL AVE,negative_T_minus_H_minus_4y
440,1989-12-19,DI,300.0,1978.0,11.0,0,0,5,SCHWEITZER ST,negative_T_minus_H_minus_5y
133896,1989-12-21,DI,150.0,1979.0,10.0,0,0,5,HILLCREST LANE,negative_T_minus_H_minus_4y
40740,1989-12-21,CI,150.0,1966.0,23.0,0,0,5,WAYNE DR,negative_T_minus_H_minus_4y
24580,1989-12-23,CI,150.0,1961.0,28.0,0,0,5,LYLE PL,negative_T_minus_H_minus_5y
26950,1989-12-23,DI,200.0,1965.0,24.0,0,0,5,MONTCALM DR,negative_T_minus_H_minus_4y
29200,1989-12-23,CI,150.0,1952.0,37.0,0,0,5,OTTAWA ST N,negative_T_minus_H_minus_4y
30980,1989-12-23,CI,150.0,1962.0,27.0,0,0,5,PLAZA CRT,negative_T_minus_H_minus_3y
79964,1989-12-23,CI,150.0,1948.0,41.0,0,0,5,LANG CRES,negative_T_minus_H_minus_3y
1330,1989-12-24,CI,200.0,1961.0,28.0,0,0,5,AVON RD,negative_T_minus_H_minus_4y
3990,1989-12-24,CI,150.0,1965.0,24.0,0,0,5,BRADLEY DR,negative_T_minus_H_minus_4y
19090,1989-12-27,CI,300.0,1955.0,34.0,0,0,5,HIGHLAND RD E,negative_T_minus_H_minus_4y
4125488,1989-12-28,XXX,25.0,1987.0,2.0,0,0,5,BIEHN DR,negative_T_minus_H_minus_5y
5710,1989-12-30,CI,150.0,1958.0,31.0,0,0,5,CARWOOD AVE,negative_T_minus_H_minus_4y
32090,1989-12-31,CI,150.0,1962.0,27.0,0,0,5,RANDERSON AVE,negative_T_minus_H_minus_3y
33810,1989-12-31,CI,150.0,1964.0,25.0,0,0,5,RUTHERFORD DR,negative_T_minus_H_minus_5y
19660,1990-01-01,CI,150.0,1956.0,34.0,0,1,5,HOFFMAN ST,positive_T_minus_H
20280,1990-01-01,CI,150.0,1967.0,23.0,0,0,5,INDIAN RD,negative_T_minus_H_minus_5y
29860,1990-01-01,CI,150.0,1964.0,26.0,0,0,5,OWEN AVE,negative_T_minus_H_minus_2y
33540,1990-01-01,CI,150.0,1959.0,31.0,0,0,5,ROSS AVE,negative_T_minus_H_minus_2y
41030,1990-01-01,CI,150.0,1952.0,38.0,0,0,5,WEBER ST E,negative_T_minus_H_minus_4y
96228,1990-01-01,CI,150.0,1963.0,27.0,0,0,5,HUGO CRES,negative_T_minus_H_minus_1y
11630,1990-01-02,CI,150.0,1956.0,34.0,0,0,5,EIGHTH AVE,negative_T_minus_H_minus_5y
31890,1990-01-02,CI,150.0,1966.0,24.0,0,0,5,QUEENSTON DR,negative_T_minus_H_minus_2y
29200,1990-01-03,CI,150.0,1952.0,38.0,0,0,5,OTTAWA ST N,negative_T_minus_H_minus_5y
78886,1990-01-03,DI,300.0,1974.0,16.0,0,0,5,GLASGOW ST,negative_T_minus_H_minus_5y
14850,1990-01-05,CI,200.0,1962.0,28.0,0,0,5,FOREST HILL DR,negative_T_minus_H_minus_3y
20990,1990-01-05,CI,150.0,1967.0,23.0,0,0,5,KELLY DR,negative_T_minus_H_minus_5y
37550,1990-01-05,CI,150.0,1965.0,25.0,0,0,5,TECUMSEH CRES,negative_T_minus_H_minus_2y
39010,1990-01-05,CI,200.0,1959.0,31.0,0,0,5,VANIER DR,negative_T_minus_H_minus_3y
37230,1990-01-06,CI,150.0,1961.0,29.0,0,0,5,SWEETBRIAR DR,negative_T_minus_H_minus_5y
38490,1990-01-06,CI,150.0,1966.0,24.0,0,0,5,TUPPER CRES,negative_T_minus_H_minus_4y
43210,1990-01-06,CI,150.0,1953.0,37.0,0,0,5,WILFRED AVE,negative_T_minus_H_minus_5y
20260,1990-01-07,CI,150.0,1967.0,23.0,0,0,5,INDIAN RD,negative_T_minus_H_minus_2y
32880,1990-01-07,CI,200.0,1962.0,28.0,0,0,5,RIVERBEND DR,negative_T_minus_H_minus_4y
14330,1990-01-08,CI,150.0,1953.0,37.0,0,0,5,FIFE AVE,negative_T_minus_H_minus_4y
8780,1990-01-08,CI,150.0,1963.0,27.0,0,0,5,CYPRUS DR,negative_T_minus_H_minus_4y
95846,1990-01-08,CI,150.0,1963.0,27.0,0,0,5,BIRCHCLIFF AVE,negative_T_minus_H_minus_4y
17380,1990-01-09,CI,150.0,1953.0,37.0,0,0,5,GREENFIELD AVE,negative_T_minus_H_minus_2y
20030,1990-01-09,CI,150.0,1963.0,27.0,0,0,5,HUGO CRES,negative_T_minus_H_minus_3y
33490,1990-01-09,CI,150.0,1967.0,23.0,0,0,5,ROSEWOOD DR,negative_T_minus_H_minus_4y
90616,1990-01-09,CI,200.0,1953.0,37.0,0,0,5,SECOND AVE,negative_T_minus_H_minus_4y
133896,1990-01-10,DI,150.0,1979.0,11.0,0,0,5,HILLCREST LANE,negative_T_minus_H_minus_4y
8890,1990-01-10,CI,150.0,1966.0,24.0,0,0,5,DALEWOOD DR,negative_T_minus_H_minus_4y
92678,1990-01-10,CI,100.0,1954.0,36.0,0,0,5,GOLFVIEW PL,negative_T_minus_H_minus_4y
34950,1990-01-11,CI,150.0,1965.0,25.0,0,0,5,SHUH AVE,negative_T_minus_H_minus_4y
41030,1990-01-13,CI,150.0,1952.0,38.0,0,0,5,WEBER ST E,negative_T_minus_H_minus_2y
43030,1990-01-13,CI,300.0,1971.0,19.0,0,0,5,WESTWOOD DR,negative_T_minus_H_minus_4y
7190,1990-01-13,CI,150.0,1964.0,26.0,0,0,5,CHRISTINE CRES,negative_T_minus_H_minus_2y
92920,1990-01-13,CI,150.0,1955.0,35.0,0,0,5,DONALD ST,negative_T_minus_H_minus_3y
21430,1990-01-14,CI,250.0,1889.0,101.0,0,0,5,KING ST W,negative_T_minus_H_minus_2y
29860,1990-01-14,CI,150.0,1964.0,26.0,0,0,5,OWEN AVE,negative_T_minus_H_minus_5y
33440,1990-01-14,CI,150.0,1959.0,31.0,0,0,5,ROSEMOUNT DR,negative_T_minus_H_minus_4y
33530,1990-01-14,CI,150.0,1959.0,31.0,0,0,5,ROSS AVE,negative_T_minus_H_minus_4y
33920,1990-01-14,CI,150.0,1954.0,36.0,0,0,5,SANDRA AVE,negative_T_minus_H_minus_4y
40440,1990-01-15,CI,150.0,1988.0,2.0,0,0,5,WARREN RD,negative_T_minus_H_minus_2y
85016,1990-01-15,CI,150.0,1967.0,23.0,0,0,5,THALER AVE,negative_T_minus_H_minus_2y
18690,1990-01-16,CI,150.0,1960.0,30.0,0,0,5,HICKSON DR,negative_T_minus_H_minus_4y
36490,1990-01-16,CI,150.0,1962.0,28.0,0,0,5,STONYBROOK DR,negative_T_minus_H_minus_5y
78074,1990-01-17,CI,150.0,1925.0,65.0,0,0,5,AHRENS ST W,negative_T_minus_H_minus_5y
24390,1990-01-18,CI,150.0,1948.0,42.0,0,0,5,LANG CRES,negative_T_minus_H_minus_3y
41030,1990-01-18,CI,150.0,1952.0,38.0,0,0,5,WEBER ST E,negative_T_minus_H_minus_3y
4430,1990-01-18,DI,150.0,1952.0,38.0,0,0,5,BRICK ST,negative_T_minus_H_minus_5y
290,1990-01-19,CI,150.0,1958.0,32.0,1,0,5,ABERDEEN RD,negative_T_minus_H_minus_2y
33550,1990-01-19,CI,150.0,1959.0,31.0,0,0,5,ROSS AVE,negative_T_minus_H_minus_4y
19730,1990-01-20,CI,150.0,1967.0,23.0,0,0,5,HOLBORN DR,negative_T_minus_H_minus_5y
5510,1990-01-20,CI,150.0,1967.0,23.0,0,0,5,CARNABY CRES,negative_T_minus_H_minus_4y
7310,1990-01-20,CI,150.0,1956.0,34.0,0,0,5,CLAREMONT AVE,negative_T_minus_H_minus_5y
7940,1990-01-20,DI,150.0,1966.0,24.0,0,0,5,CONWAY DR,negative_T_minus_H_minus_3y
17720,1990-01-22,CI,150.0,1957.0,33.0,0,0,5,GUELPH ST,negative_T_minus_H_minus_4y
4430,1990-01-22,DI,150.0,1952.0,38.0,0,0,5,BRICK ST,negative_T_minus_H_minus_4y
87330,1990-01-22,DI,300.0,1989.0,1.0,0,0,5,HIDDEN VALLEY RD,negative_T_minus_H_minus_2y
89516,1990-01-22,CI,150.0,1966.0,24.0,0,0,5,CONWAY DR,negative_T_minus_H_minus_3y
34680,1990-01-23,CI,150.0,1946.0,44.0,0,0,5,SHELDON AVE N,negative_T_minus_H_minus_4y
38490,1990-01-23,CI,150.0,1966.0,24.0,0,0,5,TUPPER CRES,negative_T_minus_H_minus_3y
92202,1990-01-23,CI,150.0,1967.0,23.0,0,0,5,GAY CRES,negative_T_minus_H_minus_3y
32160,1990-01-24,CI,150.0,1963.0,27.0,0,0,5,RENNIE DR,negative_T_minus_H_minus_3y
4430,1990-01-24,DI,150.0,1952.0,38.0,0,0,5,BRICK ST,negative_T_minus_H_minus_4y
92734,1990-01-24,CI,150.0,1954.0,36.0,0,0,5,BYRON AVE,negative_T_minus_H_minus_5y
27560,1990-01-25,CI,150.0,1958.0,32.0,0,0,5,MUNROE ST,negative_T_minus_H_minus_2y
4530,1990-01-25,CI,150.0,1958.0,32.0,0,0,5,BRIDGE ST W,negative_T_minus_H_minus_5y
90042,1990-01-25,DI,150.0,1965.0,25.0,0,0,5,LORRAINE AVE,negative_T_minus_H_minus_5y
11070,1990-01-26,CI,300.0,1949.0,41.0,0,0,5,EAST AVE,negative_T_minus_H_minus_5y
13120,1990-01-26,DI,100.0,1960.0,30.0,0,0,5,CARWOOD CRES,negative_T_minus_H_minus_5y
33410,1990-01-26,CI,150.0,1958.0,32.0,0,0,5,ROSEMOUNT DR,negative_T_minus_H_minus_5y
37550,1990-01-26,CI,150.0,1965.0,25.0,0,0,5,TECUMSEH CRES,negative_T_minus_H_minus_5y
3990,1990-01-26,CI,150.0,1965.0,25.0,0,0,5,BRADLEY DR,negative_T_minus_H_minus_4y
24610,1990-01-27,CI,150.0,1958.0,32.0,0,0,5,LYNDHURST DR,negative_T_minus_H_minus_2y
4100648,1990-01-27,XXX,25.0,1967.0,23.0,0,0,5,MONTGOMERY RD,negative_T_minus_H_minus_5y
41030,1990-01-27,CI,150.0,1952.0,38.0,0,0,5,WEBER ST E,negative_T_minus_H_minus_2y
41040,1990-01-27,DI,300.0,1965.0,25.0,0,0,5,WEBER ST E,negative_T_minus_H_minus_2y
76747,1990-01-27,CI,150.0,1940.0,50.0,0,0,5,STIRLING AVE S,negative_T_minus_H_minus_5y
17740,1990-01-28,CI,200.0,1957.0,33.0,0,0,5,GUELPH ST,negative_T_minus_H_minus_5y
76747,1990-01-28,CI,150.0,1940.0,50.0,0,0,5,STIRLING AVE S,negative_T_minus_H_minus_4y
57990,1990-01-29,CI,150.0,1959.0,31.0,0,0,5,EVERGREEN CRES,negative_T_minus_H_minus_5y
9590,1990-01-29,CI,150.0,1958.0,32.0,0,0,5,DOON RD,negative_T_minus_H_minus_2y
29200,1990-01-31,CI,150.0,1952.0,38.0,0,0,5,OTTAWA ST N,negative_T_minus_H_minus_5y
38550,1990-01-31,CI,150.0,1954.0,36.0,0,0,5,UNION BLVD,negative_T_minus_H_minus_4y
7770,1990-02-01,CI,150.0,1966.0,24.0,0,0,5,CONFEDERATION DR,negative_T_minus_H_minus_5y
33410,1990-02-03,CI,150.0,1958.0,32.0,0,0,5,ROSEMOUNT DR,negative_T_minus_H_minus_5y
5710,1990-02-04,CI,150.0,1958.0,32.0,0,0,5,CARWOOD AVE,negative_T_minus_H_minus_5y
14020,1990-02-05,DI,100.0,1958.0,32.0,0,0,5,FARMBROOK PL,negative_T_minus_H_minus_2y
28280,1990-02-05,DI,200.0,1967.0,23.0,0,0,5,OLD CHICOPEE DR,negative_T_minus_H_minus_4y
6710,1990-02-05,CI,100.0,1922.0,68.0,0,0,5,CHARLES ST E,negative_T_minus_H_minus_4y
85100,1990-02-05,DI,150.0,1965.0,25.0,0,0,5,STRATHCONA CRES,negative_T_minus_H_minus_2y
8430,1990-02-06,DI,300.0,1970.0,20.0,0,0,5,COURTLAND AVE E,negative_T_minus_H_minus_5y
7950,1990-02-07,CI,150.0,1966.0,24.0,0,0,5,CONWAY DR,negative_T_minus_H_minus_5y
8440,1990-02-07,DI,300.0,1970.0,20.0,0,0,5,COURTLAND AVE E,negative_T_minus_H_minus_5y
1190,1990-02-08,DI,150.0,1973.0,17.0,0,0,5,AUTUMN HILL CRES,negative_T_minus_H_minus_5y
92364,1990-02-08,CI,150.0,1963.0,27.0,0,0,5,WEICHEL ST,negative_T_minus_H_minus_5y
260,1990-02-09,CI,150.0,1955.0,35.0,0,0,5,ABERDEEN RD,negative_T_minus_H_minus_5y
40150,1990-02-09,CI,150.0,1962.0,28.0,0,0,5,VILLAGE RD,negative_T_minus_H_minus_5y
20620,1990-02-10,CI,150.0,1951.0,39.0,0,0,5,JOHNSTON ST,negative_T_minus_H_minus_2y
36550,1990-02-10,CI,150.0,1958.0,32.0,0,0,5,STONYBROOK DR,negative_T_minus_H_minus_5y
32170,1990-02-12,CI,150.0,1963.0,27.0,0,0,5,RENNIE DR,negative_T_minus_H_minus_2y
8070,1990-02-12,CI,150.0,1957.0,33.0,0,0,5,CORNELL AVE,negative_T_minus_H_minus_5y
26970,1990-02-14,CI,200.0,1965.0,25.0,0,0,5,MONTCALM DR,negative_T_minus_H_minus_3y
6940,1990-02-14,CI,150.0,1960.0,30.0,0,0,5,CHARLOTTE CRES,negative_T_minus_H_minus_3y
14830,1990-02-15,CI,200.0,1962.0,28.0,0,0,5,FOREST HILL DR,negative_T_minus_H_minus_2y
4430,1990-02-15,DI,150.0,1952.0,38.0,0,0,5,BRICK ST,negative_T_minus_H_minus_3y
8370,1990-02-15,CI,300.0,1963.0,27.0,0,0,5,COURTLAND AVE E,negative_T_minus_H_minus_4y
27910,1990-02-16,CI,100.0,1958.0,32.0,0,0,5,NOEL CRES,negative_T_minus_H_minus_4y
33550,1990-02-17,CI,150.0,1959.0,31.0,0,0,5,ROSS AVE,negative_T_minus_H_minus_4y
37620,1990-02-17,CI,150.0,1961.0,29.0,0,0,5,THALER AVE,negative_T_minus_H_minus_4y
5830,1990-02-17,DI,150.0,1966.0,24.0,0,0,5,CECILE DR,negative_T_minus_H_minus_4y
780,1990-02-17,CI,150.0,1959.0,31.0,0,0,5,ARCHER PL,negative_T_minus_H_minus_4y
33990,1990-02-18,CI,150.0,1963.0,27.0,0,0,5,SCENIC DR,negative_T_minus_H_minus_4y
5830,1990-02-18,DI,150.0,1966.0,24.0,0,0,5,CECILE DR,negative_T_minus_H_minus_4y
18000,1990-02-19,CI,200.0,1967.0,23.0,0,0,5,HANSON AVE,negative_T_minus_H_minus_3y
31770,1990-02-19,CI,150.0,1949.0,41.0,0,0,5,QUEENS BLVD,negative_T_minus_H_minus_4y
8870,1990-02-19,DI,150.0,1972.0,18.0,0,0,5,DALEGROVE DR,negative_T_minus_H_minus_4y
4430,1990-02-20,DI,150.0,1952.0,38.0,0,0,5,BRICK ST,negative_T_minus_H_minus_3y
23480,1990-02-21,CI,150.0,1948.0,42.0,0,0,5,LANG CRES,negative_T_minus_H_minus_5y
35140,1990-02-21,CI,150.0,1953.0,37.0,0,0,5,SIXTH AVE,negative_T_minus_H_minus_2y
5110,1990-02-22,CI,100.0,1955.0,35.0,0,0,5,BURN PL,negative_T_minus_H_minus_3y
15330,1990-02-25,CI,300.0,1963.0,27.0,0,0,5,FRANKLIN ST N,negative_T_minus_H_minus_3y
37140,1990-02-25,CI,100.0,1954.0,36.0,0,0,5,SUNSET PL,negative_T_minus_H_minus_5y
31910,1990-02-28,CI,150.0,1966.0,24.0,0,0,5,QUEENSTON DR,negative_T_minus_H_minus_5y
33410,1990-02-28,CI,150.0,1958.0,32.0,0,0,5,ROSEMOUNT DR,negative_T_minus_H_minus_5y
76519,1990-03-01,CI,150.0,1968.0,22.0,0,0,5,HALIFAX DR,negative_T_minus_H_minus_2y
29110,1990-03-02,CI,100.0,1955.0,35.0,0,0,5,ORCHARD PARK CRES,negative_T_minus_H_minus_3y
15830,1990-03-06,CI,150.0,1967.0,23.0,0,0,5,FURNESS DR,negative_T_minus_H_minus_4y
21210,1990-03-07,CI,150.0,1958.0,32.0,0,0,5,KENWOOD DR,negative_T_minus_H_minus_5y
7970,1990-03-08,CI,150.0,1966.0,24.0,0,0,5,CONWAY DR,negative_T_minus_H_minus_2y
20260,1990-03-10,CI,150.0,1967.0,23.0,0,0,5,INDIAN RD,negative_T_minus_H_minus_3y
23480,1990-03-10,CI,150.0,1948.0,42.0,0,0,5,LANG CRES,negative_T_minus_H_minus_2y
21210,1990-03-12,CI,150.0,1958.0,32.0,0,0,5,KENWOOD DR,negative_T_minus_H_minus_4y
21970,1990-03-13,CPP,450.0,1988.0,2.0,0,0,5,KING ST E,negative_T_minus_H_minus_5y
34220,1990-03-17,CI,150.0,1963.0,27.0,0,0,5,SECORD AVE,negative_T_minus_H_minus_3y
8940,1990-03-19,CI,150.0,1964.0,26.0,0,0,5,DANIEL AVE,negative_T_minus_H_minus_3y
20090,1990-03-20,CI,150.0,1966.0,24.0,0,0,5,HUNTLEY CRES,negative_T_minus_H_minus_3y
76519,1990-03-20,CI,150.0,1968.0,22.0,0,0,5,HALIFAX DR,negative_T_minus_H_minus_2y
17800,1990-03-24,CI,150.0,1966.0,24.0,0,0,5,HALIFAX DR,negative_T_minus_H_minus_3y
6940,1990-03-26,CI,150.0,1960.0,30.0,0,0,5,CHARLOTTE CRES,negative_T_minus_H_minus_3y
7160,1990-03-27,DI,150.0,1968.0,22.0,0,0,5,CHOPIN DR,negative_T_minus_H_minus_2y
32160,1990-03-28,CI,150.0,1963.0,27.0,0,0,5,RENNIE DR,negative_T_minus_H_minus_2y
5610,1990-03-28,DI,200.0,1966.0,24.0,0,0,5,CARSON DR,negative_T_minus_H_minus_3y
5610,1990-03-31,DI,200.0,1966.0,24.0,0,0,5,CARSON DR,negative_T_minus_H_minus_3y
21140,1990-04-06,CI,150.0,1954.0,36.0,0,0,5,KENSINGTON AVE,negative_T_minus_H_minus_5y
32170,1990-04-08,CI,150.0,1963.0,27.0,0,0,5,RENNIE DR,negative_T_minus_H_minus_4y
18210,1990-04-09,CI,200.0,1967.0,23.0,0,0,5,HAYWARD AVE,negative_T_minus_H_minus_2y
20520,1990-04-09,CI,150.0,1947.0,43.0,0,0,5,JACKSON AVE,negative_T_minus_H_minus_4y
76747,1990-04-09,CI,150.0,1940.0,50.0,0,0,5,STIRLING AVE S,negative_T_minus_H_minus_2y
20520,1990-04-10,CI,150.0,1947.0,43.0,0,0,5,JACKSON AVE,negative_T_minus_H_minus_4y
85016,1990-04-14,CI,150.0,1967.0,23.0,0,0,5,THALER AVE,negative_T_minus_H_minus_5y
14950,1990-04-15,CI,150.0,1958.0,32.0,0,0,5,FOREST HILL DR,negative_T_minus_H_minus_2y
82752,1990-04-15,CI,300.0,1964.0,26.0,0,0,5,GAGE AVE,negative_T_minus_H_minus_2y
8860,1990-04-18,DI,150.0,1969.0,21.0,0,0,5,DALEGROVE DR,negative_T_minus_H_minus_2y
30520,1990-04-21,CI,150.0,1966.0,24.0,0,0,5,PENROSE AVE,negative_T_minus_H_minus_4y
42160,1990-05-05,DI,300.0,1973.0,17.0,0,0,5,WESTHEIGHTS DR,negative_T_minus_H_minus_3y
4430,1990-05-05,DI,150.0,1952.0,38.0,0,0,5,BRICK ST,negative_T_minus_H_minus_2y
23470,1990-05-07,CI,150.0,1961.0,29.0,0,0,5,LANG CRES,negative_T_minus_H_minus_4y
24390,1990-05-07,CI,150.0,1948.0,42.0,0,0,5,LANG CRES,negative_T_minus_H_minus_4y
76729,1990-05-09,DI,150.0,1967.0,23.0,0,0,5,HAYWARD AVE,negative_T_minus_H_minus_5y
18310,1990-05-10,DI,300.0,1969.0,21.0,0,0,5,HAZELGLEN DR,negative_T_minus_H_minus_3y
78154,1990-05-11,AC,450.0,1952.0,38.0,0,0,5,HOWE DR,negative_T_minus_H_minus_5y
61893,1990-05-12,AC,750.0,1970.0,20.0,0,0,5,WESTMOUNT RD E,negative_T_minus_H_minus_5y
76729,1990-05-12,DI,150.0,1967.0,23.0,0,0,5,HAYWARD AVE,negative_T_minus_H_minus_3y
84006,1990-05-12,DI,150.0,1967.0,23.0,0,0,5,HAYWARD AVE,negative_T_minus_H_minus_3y
2000,1990-05-13,CI,300.0,1957.0,33.0,0,0,5,BELMONT AVE W,negative_T_minus_H_minus_4y
92554,1990-05-16,CI,150.0,1958.0,32.0,0,0,5,WEDGEWOOD DR,negative_T_minus_H_minus_5y
2860,1990-05-21,CI,150.0,1963.0,27.0,0,0,5,BIRCHCLIFF AVE,negative_T_minus_H_minus_4y
15440,1990-05-25,CI,150.0,1957.0,33.0,0,0,5,FRANKLIN ST S,negative_T_minus_H_minus_5y
3440,1990-05-30,CI,300.0,1964.0,26.0,0,0,5,BLOOMINGDALE RD,negative_T_minus_H_minus_5y
8630,1990-06-01,DI,300.0,1989.0,1.0,0,0,5,CRESTVIEW PL,negative_T_minus_H_minus_4y
29620,1990-06-07,CI,150.0,1929.0,61.0,0,0,5,OTTAWA ST S,negative_T_minus_H_minus_4y
7150,1990-06-09,DI,150.0,1968.0,22.0,0,0,5,CHOPIN DR,negative_T_minus_H_minus_2y
86012,1990-06-10,DI,150.0,1970.0,20.0,0,0,5,GLEN PARK CRES,negative_T_minus_H_minus_2y
34900,1990-06-17,CI,150.0,1960.0,30.0,0,0,5,SHIRLEY AVE,negative_T_minus_H_minus_2y
42630,1990-06-20,DI,300.0,1968.0,22.0,0,0,5,WESTMOUNT RD E,negative_T_minus_H_minus_5y
24390,1990-06-26,CI,150.0,1948.0,42.0,0,0,5,LANG CRES,negative_T_minus_H_minus_2y
82752,1990-06-27,CI,300.0,1964.0,26.0,0,0,5,GAGE AVE,negative_T_minus_H_minus_2y
18310,1990-06-28,DI,300.0,1969.0,21.0,0,0,5,HAZELGLEN DR,negative_T_minus_H_minus_4y
2500,1990-06-28,DI,300.0,1970.0,20.0,0,0,5,CHARLES ST E,negative_T_minus_H_minus_2y
21040,1990-06-29,CI,150.0,1958.0,32.0,0,0,5,KENNETH AVE,negative_T_minus_H_minus_3y
31100,1990-07-02,CI,150.0,1964.0,26.0,0,0,5,PRINCE ST,negative_T_minus_H_minus_2y
8870,1990-07-05,DI,150.0,1972.0,18.0,0,0,5,DALEGROVE DR,negative_T_minus_H_minus_4y
8400,1990-07-06,CI,300.0,1967.0,23.0,0,0,5,COURTLAND AVE E,negative_T_minus_H_minus_5y
87366,1990-07-06,CPP,1200.0,1989.0,1.0,0,0,5,BLEAMS RD,negative_T_minus_H_minus_2y
23370,1990-07-07,CI,150.0,1923.0,67.0,0,0,5,LANCASTER ST W,negative_T_minus_H_minus_3y
33050,1990-07-07,CI,300.0,1935.0,55.0,0,0,5,ROCKWAY DR,negative_T_minus_H_minus_3y
76569,1990-07-07,CI,250.0,1889.0,101.0,0,0,5,KING ST W,negative_T_minus_H_minus_4y
20670,1990-07-11,CI,200.0,1965.0,25.0,0,0,5,JOSEPH ST,negative_T_minus_H_minus_2y
16540,1990-07-12,DI,150.0,1970.0,20.0,0,0,5,GLEN AVON CRES,negative_T_minus_H_minus_4y
42320,1990-07-24,DI,200.0,1975.0,15.0,0,0,5,WESTHEIGHTS DR,negative_T_minus_H_minus_4y
86864,1990-07-28,DI,150.0,1968.0,22.0,0,0,5,MARKWOOD DR,negative_T_minus_H_minus_4y
38270,1990-07-29,DI,300.0,1973.0,17.0,0,0,5,TRILLIUM DR,negative_T_minus_H_minus_4y
7160,1990-07-31,DI,150.0,1968.0,22.0,0,0,5,CHOPIN DR,negative_T_minus_H_minus_4y
15110,1990-08-03,DI,150.0,1977.0,13.0,0,0,5,FORFAR AVE,negative_T_minus_H_minus_5y
42320,1990-08-03,DI,200.0,1975.0,15.0,0,0,5,WESTHEIGHTS DR,negative_T_minus_H_minus_5y
4104575,1990-08-11,XXX,25.0,1974.0,16.0,0,0,5,WESTHEIGHTS DR,negative_T_minus_H_minus_3y
90576,1990-08-11,DI,150.0,1970.0,20.0,0,0,5,GLEN AVON CRES,negative_T_minus_H_minus_3y
90576,1990-08-13,DI,150.0,1970.0,20.0,0,0,5,GLEN AVON CRES,negative_T_minus_H_minus_3y
92238,1990-08-17,DI,150.0,1972.0,18.0,0,0,5,HILLBROOK CRES,negative_T_minus_H_minus_4y
8860,1990-08-21,DI,150.0,1969.0,21.0,0,0,5,DALEGROVE DR,negative_T_minus_H_minus_4y
20330,1990-08-23,DI,150.0,1969.0,21.0,0,0,5,INGLESIDE DR,negative_T_minus_H_minus_3y
8860,1990-08-26,DI,150.0,1969.0,21.0,0,0,5,DALEGROVE DR,negative_T_minus_H_minus_3y
86368,1990-08-28,DI,150.0,1968.0,22.0,0,0,5,KIMBERLY CRES,negative_T_minus_H_minus_4y
14090,1990-08-30,DI,200.0,1974.0,16.0,0,0,5,FARRIER DR,negative_T_minus_H_minus_4y
26210,1990-09-04,DI,150.0,1969.0,21.0,0,0,5,MEADOWBROOK DR,negative_T_minus_H_minus_3y
32170,1990-09-05,CI,150.0,1963.0,27.0,0,0,5,RENNIE DR,negative_T_minus_H_minus_2y
20330,1990-09-07,DI,150.0,1969.0,21.0,0,0,5,INGLESIDE DR,negative_T_minus_H_minus_3y
8860,1990-09-07,DI,150.0,1969.0,21.0,0,0,5,DALEGROVE DR,negative_T_minus_H_minus_2y
21970,1990-09-08,CPP,450.0,1988.0,2.0,0,0,5,KING ST E,negative_T_minus_H_minus_5y
30530,1990-09-10,DI,150.0,1971.0,19.0,0,0,5,PEPPERWOOD CRES,negative_T_minus_H_minus_3y
8430,1990-09-11,DI,300.0,1970.0,20.0,0,0,5,COURTLAND AVE E,negative_T_minus_H_minus_2y
19080,1990-09-14,CI,150.0,1952.0,38.0,0,0,5,HIGHLAND RD E,negative_T_minus_H_minus_4y
25740,1990-09-18,CI,150.0,1951.0,39.0,0,0,5,MAUSSER AVE,negative_T_minus_H_minus_4y
33660,1990-09-18,DI,200.0,1973.0,17.0,0,0,5,ROYAL ORCHARD DR,negative_T_minus_H_minus_3y
3620,1990-09-19,DI,150.0,1973.0,17.0,0,0,5,BLUE SPRUCE CRT,negative_T_minus_H_minus_5y
42900,1990-09-19,DI,300.0,1969.0,21.0,0,0,5,WESTWOOD DR,negative_T_minus_H_minus_5y
18280,1990-09-25,DI,300.0,1968.0,22.0,0,0,5,HAZELGLEN DR,negative_T_minus_H_minus_5y
1190,1990-10-02,DI,150.0,1973.0,17.0,0,0,5,AUTUMN HILL CRES,negative_T_minus_H_minus_5y
35630,1990-10-03,CI,150.0,1960.0,30.0,0,0,5,SPRINGBANK CRES,negative_T_minus_H_minus_5y
11170,1990-10-04,DI,150.0,1967.0,23.0,0,0,5,EASTWOOD DR,negative_T_minus_H_minus_4y
18990,1990-10-06,DI,300.0,1964.0,26.0,0,0,5,HIGHLAND RD W,negative_T_minus_H_minus_4y
20560,1990-10-07,CI,150.0,1961.0,29.0,0,0,5,JANSEN AVE,negative_T_minus_H_minus_4y
4000,1990-10-07,CI,150.0,1965.0,25.0,0,0,5,BRADLEY DR,negative_T_minus_H_minus_5y
8870,1990-10-07,DI,150.0,1972.0,18.0,0,0,5,DALEGROVE DR,negative_T_minus_H_minus_5y
13660,1990-10-12,CI,150.0,1954.0,36.0,0,0,5,ETON DR,negative_T_minus_H_minus_4y
15840,1990-10-14,CI,300.0,1969.0,21.0,0,0,5,GAGE AVE,negative_T_minus_H_minus_5y
37540,1990-10-14,CI,150.0,1958.0,32.0,0,0,5,TANGLEWOOD AVE,negative_T_minus_H_minus_5y
20030,1990-10-15,CI,150.0,1963.0,27.0,0,0,5,HUGO CRES,negative_T_minus_H_minus_4y
40150,1990-10-15,CI,150.0,1962.0,28.0,0,0,5,VILLAGE RD,negative_T_minus_H_minus_5y
33760,1990-10-18,CI,150.0,1963.0,27.0,0,0,5,RUSKVIEW RD,negative_T_minus_H_minus_2y
17170,1990-10-19,CI,200.0,1964.0,26.0,0,0,5,GREENBROOK DR,negative_T_minus_H_minus_2y
35270,1990-10-19,CI,150.0,1958.0,32.0,0,0,5,SOUTHMOOR DR,negative_T_minus_H_minus_3y
35130,1990-10-21,CI,150.0,1965.0,25.0,0,0,5,SIMPSON AVE,negative_T_minus_H_minus_4y
5040,1990-10-21,CI,150.0,1958.0,32.0,0,0,5,BURBANK RD,negative_T_minus_H_minus_2y
61670,1990-10-23,PVC,150.0,1970.0,20.0,0,0,5,INGLESIDE DR,negative_T_minus_H_minus_3y
1230,1990-10-24,CI,150.0,1958.0,32.0,0,0,5,AVALON PL,negative_T_minus_H_minus_5y
1570,1990-10-24,CI,150.0,1964.0,26.0,0,0,5,BARBARA CRES,negative_T_minus_H_minus_5y
19590,1990-10-24,DI,150.0,1964.0,26.0,0,0,5,HOFFMAN ST,negative_T_minus_H_minus_4y
8790,1990-10-24,CI,150.0,1960.0,30.0,0,0,5,CYPRUS DR,negative_T_minus_H_minus_4y
35030,1990-10-25,CI,150.0,1967.0,23.0,0,0,5,SILVERSPRING CRES,negative_T_minus_H_minus_3y
5510,1990-10-25,CI,150.0,1967.0,23.0,0,0,5,CARNABY CRES,negative_T_minus_H_minus_3y
90210,1990-10-25,CI,150.0,1967.0,23.0,0,0,5,CARNABY CRES,negative_T_minus_H_minus_4y
93272,1990-10-27,DI,200.0,1959.0,31.0,0,0,5,HANSON AVE,negative_T_minus_H_minus_3y
14870,1990-10-28,CI,200.0,1962.0,28.0,0,0,5,FOREST HILL DR,negative_T_minus_H_minus_5y
43480,1990-10-28,CI,200.0,1958.0,32.0,0,0,5,WILSON AVE,negative_T_minus_H_minus_5y
7760,1990-10-28,CI,150.0,1966.0,24.0,0,0,5,CONFEDERATION DR,negative_T_minus_H_minus_4y
14660,1990-10-31,DI,150.0,1971.0,19.0,0,0,5,FLORAL CRES,negative_T_minus_H_minus_5y
31170,1990-10-31,CI,150.0,1954.0,36.0,0,0,5,PROSPECT AVE,negative_T_minus_H_minus_2y
93516,1990-11-01,CI,150.0,1974.0,16.0,0,0,5,UPLANDS DR,negative_T_minus_H_minus_3y
42050,1990-11-04,CI,150.0,1959.0,31.0,0,0,5,WESTGATE WALK,negative_T_minus_H_minus_2y
17230,1990-11-05,CI,200.0,1957.0,33.0,0,0,5,GREENBROOK DR,negative_T_minus_H_minus_3y
24240,1990-11-05,CI,150.0,1965.0,25.0,0,0,5,LORRAINE AVE,negative_T_minus_H_minus_2y
20440,1990-11-06,CI,150.0,1966.0,24.0,0,0,5,INWOOD DR,negative_T_minus_H_minus_2y
40750,1990-11-06,DI,150.0,1966.0,24.0,0,0,5,WAYNE DR,negative_T_minus_H_minus_4y
14870,1990-11-07,CI,200.0,1962.0,28.0,0,0,5,FOREST HILL DR,negative_T_minus_H_minus_5y
15190,1990-11-07,DI,150.0,1974.0,16.0,0,0,5,FOUR SEASONS CRT,negative_T_minus_H_minus_5y
7730,1990-11-07,CI,150.0,1966.0,24.0,0,0,5,CONFEDERATION DR,negative_T_minus_H_minus_4y
3770,1990-11-08,CI,150.0,1967.0,23.0,0,0,5,BONNYLYN DR,negative_T_minus_H_minus_3y
17080,1990-11-09,DI,150.0,1977.0,13.0,0,0,5,GRAYWOOD CRT,negative_T_minus_H_minus_5y
32730,1990-11-10,CI,150.0,1959.0,31.0,0,0,5,RIVER RD E,negative_T_minus_H_minus_4y
41690,1990-11-11,CI,300.0,1929.0,61.0,0,0,5,WELLINGTON ST N,negative_T_minus_H_minus_3y
37530,1990-11-12,CI,150.0,1951.0,39.0,0,0,5,TAMROTH CLOSE,negative_T_minus_H_minus_3y
35030,1990-11-13,CI,150.0,1967.0,23.0,0,0,5,SILVERSPRING CRES,negative_T_minus_H_minus_3y
20570,1990-11-14,CI,150.0,1961.0,29.0,0,0,5,JANSEN AVE,negative_T_minus_H_minus_4y
43570,1990-11-14,CI,200.0,1954.0,36.0,0,0,5,WILSON AVE,negative_T_minus_H_minus_2y
19760,1990-11-15,DI,150.0,1967.0,23.0,0,0,5,HOLBORN DR,negative_T_minus_H_minus_5y
20470,1990-11-16,CI,150.0,1955.0,35.0,0,0,5,ISLINGTON AVE,negative_T_minus_H_minus_2y
36520,1990-11-16,CI,150.0,1962.0,28.0,0,0,5,STONYBROOK DR,negative_T_minus_H_minus_3y
19620,1990-11-17,CI,150.0,1936.0,54.0,0,0,5,HOFFMAN ST,negative_T_minus_H_minus_2y
3640,1990-11-17,CI,150.0,1956.0,34.0,0,0,5,BLUERIDGE AVE,negative_T_minus_H_minus_2y
30520,1990-11-18,CI,150.0,1966.0,24.0,0,0,5,PENROSE AVE,negative_T_minus_H_minus_5y
32160,1990-11-18,CI,150.0,1963.0,27.0,0,0,5,RENNIE DR,negative_T_minus_H_minus_3y
270,1990-11-20,CI,150.0,1958.0,32.0,0,0,5,ABERDEEN RD,negative_T_minus_H_minus_3y
33750,1990-11-20,CI,150.0,1963.0,27.0,0,0,5,RUSKVIEW RD,negative_T_minus_H_minus_3y
17070,1990-11-21,CI,150.0,1959.0,31.0,0,0,5,GRAYSTONE AVE,negative_T_minus_H_minus_5y
18680,1990-11-22,CI,150.0,1960.0,30.0,0,0,5,HICKSON DR,negative_T_minus_H_minus_4y
31980,1990-11-22,DI,200.0,1974.0,16.0,0,0,5,RADCLIFFE DR,negative_T_minus_H_minus_5y
82428,1990-11-22,DI,450.0,1972.0,18.0,0,0,5,STRASBURG RD,negative_T_minus_H_minus_5y
14780,1990-11-23,DI,200.0,1964.0,26.0,0,0,5,FOREST HILL DR,negative_T_minus_H_minus_3y
34840,1990-11-23,CI,150.0,1954.0,36.0,0,0,5,SHERWOOD AVE,negative_T_minus_H_minus_5y
3990,1990-11-23,CI,150.0,1965.0,25.0,0,0,5,BRADLEY DR,negative_T_minus_H_minus_5y
42530,1990-11-23,CI,150.0,1959.0,31.0,0,0,5,WESTMOUNT RD E,negative_T_minus_H_minus_3y
29830,1990-11-24,DI,150.0,1966.0,24.0,0,0,5,OVERLEA DR,negative_T_minus_H_minus_4y
87366,1990-11-24,CPP,1200.0,1989.0,1.0,0,0,5,BLEAMS RD,negative_T_minus_H_minus_5y
57990,1990-11-25,CI,150.0,1959.0,31.0,0,0,5,EVERGREEN CRES,negative_T_minus_H_minus_3y
29630,1990-11-26,CI,150.0,1923.0,67.0,0,0,5,OTTAWA ST S,negative_T_minus_H_minus_2y
5510,1990-11-26,CI,150.0,1967.0,23.0,0,0,5,CARNABY CRES,negative_T_minus_H_minus_2y
64130,1990-11-27,CI,150.0,1966.0,24.0,0,0,5,INVERNESS DR,negative_T_minus_H_minus_3y
7140,1990-11-27,DI,150.0,1965.0,25.0,0,0,5,CHICOPEE TERR,negative_T_minus_H_minus_4y
4000,1990-11-28,CI,150.0,1965.0,25.0,0,0,5,BRADLEY DR,negative_T_minus_H_minus_2y
900,1990-11-28,CI,150.0,1953.0,37.0,0,0,5,ARLINGTON BLVD,negative_T_minus_H_minus_4y
22490,1990-11-30,CI,150.0,1960.0,30.0,0,0,5,KINZIE AVE,negative_T_minus_H_minus_5y
7300,1990-11-30,CI,150.0,1956.0,34.0,0,0,5,CLAREMONT AVE,negative_T_minus_H_minus_2y
18320,1990-12-02,CI,150.0,1958.0,32.0,0,0,5,HEARTH CRES,negative_T_minus_H_minus_5y
5250,1990-12-03,CI,150.0,1954.0,36.0,0,0,5,CAMBRIDGE AVE,negative_T_minus_H_minus_4y
19740,1990-12-04,CI,150.0,1967.0,23.0,0,0,5,HOLBORN DR,negative_T_minus_H_minus_2y
42890,1990-12-04,CI,150.0,1966.0,24.0,0,0,5,WESTWOOD CRES,negative_T_minus_H_minus_5y
85432,1990-12-04,CI,150.0,1971.0,19.0,0,0,5,BROOKSIDE CRES,negative_T_minus_H_minus_3y
92920,1990-12-08,CI,150.0,1955.0,35.0,0,0,5,DONALD ST,negative_T_minus_H_minus_5y
27810,1990-12-09,CI,150.0,1960.0,30.0,0,0,5,NINE PINES RD,negative_T_minus_H_minus_4y
32320,1990-12-09,CI,150.0,1960.0,30.0,0,0,5,RIPPLEWOOD CRES,negative_T_minus_H_minus_2y
18160,1990-12-10,CI,100.0,1954.0,36.0,0,0,5,HARTWOOD PL,negative_T_minus_H_minus_5y
33760,1990-12-10,CI,150.0,1963.0,27.0,0,0,5,RUSKVIEW RD,negative_T_minus_H_minus_2y
34860,1990-12-10,CI,150.0,1954.0,36.0,0,0,5,SHERWOOD AVE,negative_T_minus_H_minus_2y
20580,1990-12-11,CI,150.0,1970.0,20.0,0,0,5,JANSEN AVE,negative_T_minus_H_minus_4y
18700,1990-12-12,CI,150.0,1960.0,30.0,0,0,5,HICKSON DR,negative_T_minus_H_minus_2y
290,1990-12-12,CI,150.0,1958.0,32.0,1,0,5,ABERDEEN RD,negative_T_minus_H_minus_2y
14850,1990-12-14,CI,200.0,1962.0,28.0,0,0,5,FOREST HILL DR,negative_T_minus_H_minus_4y
5190,1990-12-14,CI,150.0,1962.0,28.0,0,0,5,CAIT AVE,negative_T_minus_H_minus_2y
5720,1990-12-15,CI,150.0,1960.0,30.0,0,0,5,CARWOOD AVE,negative_T_minus_H_minus_3y
17290,1990-12-16,CI,300.0,1957.0,33.0,0,0,5,GREENBROOK DR,negative_T_minus_H_minus_3y
24260,1990-12-16,DI,150.0,1965.0,25.0,0,0,5,LORRAINE AVE,negative_T_minus_H_minus_5y
28270,1990-12-16,DI,200.0,1967.0,23.0,0,0,5,OLD CHICOPEE DR,negative_T_minus_H_minus_4y
36510,1990-12-16,CI,150.0,1962.0,28.0,0,0,5,STONYBROOK DR,negative_T_minus_H_minus_2y
14390,1990-12-18,CI,150.0,1957.0,33.0,0,0,5,FIRST AVE,negative_T_minus_H_minus_5y
21870,1990-12-18,CI,100.0,1937.0,53.0,0,0,5,KING ST E,negative_T_minus_H_minus_3y
36540,1990-12-18,CI,150.0,1958.0,32.0,0,0,5,STONYBROOK DR,negative_T_minus_H_minus_3y
92028,1990-12-18,CI,150.0,1957.0,33.0,0,0,5,CORNELL AVE,negative_T_minus_H_minus_3y
440,1990-12-19,DI,300.0,1978.0,12.0,0,0,5,SCHWEITZER ST,negative_T_minus_H_minus_4y
9450,1990-12-19,CPP,600.0,1960.0,30.0,0,0,5,DIXON ST,negative_T_minus_H_minus_5y
133896,1990-12-21,DI,150.0,1979.0,11.0,0,0,5,HILLCREST LANE,negative_T_minus_H_minus_3y
40740,1990-12-21,CI,150.0,1966.0,24.0,0,0,5,WAYNE DR,negative_T_minus_H_minus_3y
19630,1990-12-22,CI,150.0,1957.0,33.0,0,0,5,HOFFMAN ST,negative_T_minus_H_minus_5y
20580,1990-12-22,CI,150.0,1970.0,20.0,0,0,5,JANSEN AVE,negative_T_minus_H_minus_5y
24580,1990-12-23,CI,150.0,1961.0,29.0,0,0,5,LYLE PL,negative_T_minus_H_minus_4y
26950,1990-12-23,DI,200.0,1965.0,25.0,0,0,5,MONTCALM DR,negative_T_minus_H_minus_3y
29200,1990-12-23,CI,150.0,1952.0,38.0,0,0,5,OTTAWA ST N,negative_T_minus_H_minus_3y
30980,1990-12-23,CI,150.0,1962.0,28.0,0,0,5,PLAZA CRT,negative_T_minus_H_minus_2y
79964,1990-12-23,CI,150.0,1948.0,42.0,0,0,5,LANG CRES,negative_T_minus_H_minus_2y
1330,1990-12-24,CI,200.0,1961.0,29.0,0,0,5,AVON RD,negative_T_minus_H_minus_3y
18340,1990-12-24,CI,150.0,1954.0,36.0,0,0,5,HEATHER AVE,negative_T_minus_H_minus_5y
3990,1990-12-24,CI,150.0,1965.0,25.0,0,0,5,BRADLEY DR,negative_T_minus_H_minus_3y
42890,1990-12-26,CI,150.0,1966.0,24.0,0,0,5,WESTWOOD CRES,negative_T_minus_H_minus_5y
19090,1990-12-27,CI,300.0,1955.0,35.0,0,0,5,HIGHLAND RD E,negative_T_minus_H_minus_3y
1230,1990-12-28,CI,150.0,1958.0,32.0,0,0,5,AVALON PL,negative_T_minus_H_minus_5y
4125488,1990-12-28,XXX,25.0,1987.0,3.0,0,0,5,BIEHN DR,negative_T_minus_H_minus_4y
42050,1990-12-29,CI,150.0,1959.0,31.0,0,0,5,WESTGATE WALK,negative_T_minus_H_minus_5y
4096468,1990-12-30,XXX,13.0,1976.0,14.0,0,0,5,DONALD ST,negative_T_minus_H_minus_5y
5710,1990-12-30,CI,150.0,1958.0,32.0,0,0,5,CARWOOD AVE,negative_T_minus_H_minus_3y
17720,1990-12-31,CI,150.0,1957.0,33.0,0,0,5,GUELPH ST,negative_T_minus_H_minus_5y
32090,1990-12-31,CI,150.0,1962.0,28.0,0,0,5,RANDERSON AVE,negative_T_minus_H_minus_2y
33810,1990-12-31,CI,150.0,1964.0,26.0,0,0,5,RUTHERFORD DR,negative_T_minus_H_minus_4y
20280,1991-01-01,CI,150.0,1967.0,24.0,0,0,5,INDIAN RD,negative_T_minus_H_minus_4y
29860,1991-01-01,CI,150.0,1964.0,27.0,0,0,5,OWEN AVE,negative_T_minus_H_minus_1y
33540,1991-01-01,CI,150.0,1959.0,32.0,0,0,5,ROSS AVE,negative_T_minus_H_minus_1y
41030,1991-01-01,CI,150.0,1952.0,39.0,0,0,5,WEBER ST E,negative_T_minus_H_minus_3y
96228,1991-01-01,CI,150.0,1963.0,28.0,0,1,5,HUGO CRES,positive_T_minus_H
11630,1991-01-02,CI,150.0,1956.0,35.0,0,0,5,EIGHTH AVE,negative_T_minus_H_minus_4y
31890,1991-01-02,CI,150.0,1966.0,25.0,0,0,5,QUEENSTON DR,negative_T_minus_H_minus_1y
29200,1991-01-03,CI,150.0,1952.0,39.0,0,0,5,OTTAWA ST N,negative_T_minus_H_minus_4y
78886,1991-01-03,DI,300.0,1974.0,17.0,0,0,5,GLASGOW ST,negative_T_minus_H_minus_4y
5630,1991-01-04,DI,200.0,1966.0,25.0,0,0,5,LORRAINE AVE,negative_T_minus_H_minus_5y
14850,1991-01-05,CI,200.0,1962.0,29.0,0,0,5,FOREST HILL DR,negative_T_minus_H_minus_2y
20990,1991-01-05,CI,150.0,1967.0,24.0,0,0,5,KELLY DR,negative_T_minus_H_minus_4y
37550,1991-01-05,CI,150.0,1965.0,26.0,0,0,5,TECUMSEH CRES,negative_T_minus_H_minus_1y
39010,1991-01-05,CI,200.0,1959.0,32.0,0,0,5,VANIER DR,negative_T_minus_H_minus_2y
15450,1991-01-06,CI,150.0,1957.0,34.0,0,0,5,FRANKLIN ST S,negative_T_minus_H_minus_5y
37230,1991-01-06,CI,150.0,1961.0,30.0,0,0,5,SWEETBRIAR DR,negative_T_minus_H_minus_4y
38490,1991-01-06,CI,150.0,1966.0,25.0,0,0,5,TUPPER CRES,negative_T_minus_H_minus_3y
43210,1991-01-06,CI,150.0,1953.0,38.0,0,0,5,WILFRED AVE,negative_T_minus_H_minus_4y
20260,1991-01-07,CI,150.0,1967.0,24.0,0,0,5,INDIAN RD,negative_T_minus_H_minus_1y
32880,1991-01-07,CI,200.0,1962.0,29.0,0,0,5,RIVERBEND DR,negative_T_minus_H_minus_3y
14330,1991-01-08,CI,150.0,1953.0,38.0,0,0,5,FIFE AVE,negative_T_minus_H_minus_3y
20530,1991-01-08,CI,150.0,1947.0,44.0,0,0,5,JACKSON AVE,negative_T_minus_H_minus_5y
29200,1991-01-08,CI,150.0,1952.0,39.0,0,0,5,OTTAWA ST N,negative_T_minus_H_minus_5y
83144,1991-01-08,CI,150.0,1958.0,33.0,0,0,5,LYNDHURST DR,negative_T_minus_H_minus_5y
8780,1991-01-08,CI,150.0,1963.0,28.0,0,0,5,CYPRUS DR,negative_T_minus_H_minus_3y
95846,1991-01-08,CI,150.0,1963.0,28.0,0,0,5,BIRCHCLIFF AVE,negative_T_minus_H_minus_3y
17380,1991-01-09,CI,150.0,1953.0,38.0,0,0,5,GREENFIELD AVE,negative_T_minus_H_minus_1y
20030,1991-01-09,CI,150.0,1963.0,28.0,0,0,5,HUGO CRES,negative_T_minus_H_minus_2y
33490,1991-01-09,CI,150.0,1967.0,24.0,0,0,5,ROSEWOOD DR,negative_T_minus_H_minus_3y
90616,1991-01-09,CI,200.0,1953.0,38.0,0,0,5,SECOND AVE,negative_T_minus_H_minus_3y
133896,1991-01-10,DI,150.0,1979.0,12.0,0,0,5,HILLCREST LANE,negative_T_minus_H_minus_3y
8890,1991-01-10,CI,150.0,1966.0,25.0,0,0,5,DALEWOOD DR,negative_T_minus_H_minus_3y
92678,1991-01-10,CI,100.0,1954.0,37.0,0,0,5,GOLFVIEW PL,negative_T_minus_H_minus_3y
34950,1991-01-11,CI,150.0,1965.0,26.0,0,0,5,SHUH AVE,negative_T_minus_H_minus_3y
26150,1991-01-12,DI,100.0,1969.0,22.0,0,0,5,MEADOW CRES,negative_T_minus_H_minus_5y
41030,1991-01-13,CI,150.0,1952.0,39.0,0,0,5,WEBER ST E,negative_T_minus_H_minus_1y
43030,1991-01-13,CI,300.0,1971.0,20.0,0,0,5,WESTWOOD DR,negative_T_minus_H_minus_3y
7190,1991-01-13,CI,150.0,1964.0,27.0,0,0,5,CHRISTINE CRES,negative_T_minus_H_minus_1y
92920,1991-01-13,CI,150.0,1955.0,36.0,0,0,5,DONALD ST,negative_T_minus_H_minus_2y
21430,1991-01-14,CI,250.0,1889.0,102.0,0,0,5,KING ST W,negative_T_minus_H_minus_1y
29860,1991-01-14,CI,150.0,1964.0,27.0,0,0,5,OWEN AVE,negative_T_minus_H_minus_4y
33440,1991-01-14,CI,150.0,1959.0,32.0,0,0,5,ROSEMOUNT DR,negative_T_minus_H_minus_3y
33530,1991-01-14,CI,150.0,1959.0,32.0,0,0,5,ROSS AVE,negative_T_minus_H_minus_3y
33920,1991-01-14,CI,150.0,1954.0,37.0,0,0,5,SANDRA AVE,negative_T_minus_H_minus_3y
40440,1991-01-15,CI,150.0,1988.0,3.0,0,0,5,WARREN RD,negative_T_minus_H_minus_1y
85016,1991-01-15,CI,150.0,1967.0,24.0,0,0,5,THALER AVE,negative_T_minus_H_minus_1y
18690,1991-01-16,CI,150.0,1960.0,31.0,0,0,5,HICKSON DR,negative_T_minus_H_minus_3y
36490,1991-01-16,CI,150.0,1962.0,29.0,0,0,5,STONYBROOK DR,negative_T_minus_H_minus_4y
3880,1991-01-17,CI,150.0,1925.0,66.0,0,0,5,BORDEN AVE S,negative_T_minus_H_minus_5y
78074,1991-01-17,CI,150.0,1925.0,66.0,0,0,5,AHRENS ST W,negative_T_minus_H_minus_4y
24390,1991-01-18,CI,150.0,1948.0,43.0,0,0,5,LANG CRES,negative_T_minus_H_minus_2y
41030,1991-01-18,CI,150.0,1952.0,39.0,0,0,5,WEBER ST E,negative_T_minus_H_minus_2y
4430,1991-01-18,DI,150.0,1952.0,39.0,0,0,5,BRICK ST,negative_T_minus_H_minus_4y
290,1991-01-19,CI,150.0,1958.0,33.0,1,0,5,ABERDEEN RD,negative_T_minus_H_minus_1y
33550,1991-01-19,CI,150.0,1959.0,32.0,0,0,5,ROSS AVE,negative_T_minus_H_minus_3y
34670,1991-01-19,CI,150.0,1946.0,45.0,0,0,5,SHELDON AVE N,negative_T_minus_H_minus_5y
19730,1991-01-20,CI,150.0,1967.0,24.0,0,0,5,HOLBORN DR,negative_T_minus_H_minus_4y
5510,1991-01-20,CI,150.0,1967.0,24.0,0,0,5,CARNABY CRES,negative_T_minus_H_minus_3y
7310,1991-01-20,CI,150.0,1956.0,35.0,0,0,5,CLAREMONT AVE,negative_T_minus_H_minus_4y
7940,1991-01-20,DI,150.0,1966.0,25.0,0,0,5,CONWAY DR,negative_T_minus_H_minus_2y
17720,1991-01-22,CI,150.0,1957.0,34.0,0,0,5,GUELPH ST,negative_T_minus_H_minus_3y
4430,1991-01-22,DI,150.0,1952.0,39.0,0,0,5,BRICK ST,negative_T_minus_H_minus_3y
87330,1991-01-22,DI,300.0,1989.0,2.0,0,0,5,HIDDEN VALLEY RD,negative_T_minus_H_minus_1y
89516,1991-01-22,CI,150.0,1966.0,25.0,0,0,5,CONWAY DR,negative_T_minus_H_minus_2y
34680,1991-01-23,CI,150.0,1946.0,45.0,0,0,5,SHELDON AVE N,negative_T_minus_H_minus_3y
38490,1991-01-23,CI,150.0,1966.0,25.0,0,0,5,TUPPER CRES,negative_T_minus_H_minus_2y
92202,1991-01-23,CI,150.0,1967.0,24.0,0,0,5,GAY CRES,negative_T_minus_H_minus_2y
32160,1991-01-24,CI,150.0,1963.0,28.0,0,0,5,RENNIE DR,negative_T_minus_H_minus_2y
3450,1991-01-24,CI,300.0,1964.0,27.0,0,0,5,BLOOMINGDALE RD,negative_T_minus_H_minus_5y
4430,1991-01-24,DI,150.0,1952.0,39.0,0,0,5,BRICK ST,negative_T_minus_H_minus_3y
92734,1991-01-24,CI,150.0,1954.0,37.0,0,0,5,BYRON AVE,negative_T_minus_H_minus_4y
27560,1991-01-25,CI,150.0,1958.0,33.0,0,0,5,MUNROE ST,negative_T_minus_H_minus_1y
4530,1991-01-25,CI,150.0,1958.0,33.0,0,0,5,BRIDGE ST W,negative_T_minus_H_minus_4y
90042,1991-01-25,DI,150.0,1965.0,26.0,0,0,5,LORRAINE AVE,negative_T_minus_H_minus_4y
11070,1991-01-26,CI,300.0,1949.0,42.0,0,0,5,EAST AVE,negative_T_minus_H_minus_4y
13120,1991-01-26,DI,100.0,1960.0,31.0,0,0,5,CARWOOD CRES,negative_T_minus_H_minus_4y
33410,1991-01-26,CI,150.0,1958.0,33.0,0,0,5,ROSEMOUNT DR,negative_T_minus_H_minus_4y
37550,1991-01-26,CI,150.0,1965.0,26.0,0,0,5,TECUMSEH CRES,negative_T_minus_H_minus_4y
3990,1991-01-26,CI,150.0,1965.0,26.0,0,0,5,BRADLEY DR,negative_T_minus_H_minus_3y
40390,1991-01-26,CI,200.0,1953.0,38.0,0,0,5,WALTON AVE,negative_T_minus_H_minus_5y
22620,1991-01-27,CI,200.0,1966.0,25.0,0,0,5,KNELL DR,negative_T_minus_H_minus_5y
24610,1991-01-27,CI,150.0,1958.0,33.0,0,0,5,LYNDHURST DR,negative_T_minus_H_minus_1y
4100648,1991-01-27,XXX,25.0,1967.0,24.0,0,0,5,MONTGOMERY RD,negative_T_minus_H_minus_4y
41030,1991-01-27,CI,150.0,1952.0,39.0,0,0,5,WEBER ST E,negative_T_minus_H_minus_1y
41040,1991-01-27,DI,300.0,1965.0,26.0,0,0,5,WEBER ST E,negative_T_minus_H_minus_1y
76747,1991-01-27,CI,150.0,1940.0,51.0,0,0,5,STIRLING AVE S,negative_T_minus_H_minus_4y
17740,1991-01-28,CI,200.0,1957.0,34.0,0,0,5,GUELPH ST,negative_T_minus_H_minus_4y
39090,1991-01-28,CI,200.0,1961.0,30.0,0,0,5,VANIER DR,negative_T_minus_H_minus_5y
76747,1991-01-28,CI,150.0,1940.0,51.0,0,0,5,STIRLING AVE S,negative_T_minus_H_minus_3y
57990,1991-01-29,CI,150.0,1959.0,32.0,0,0,5,EVERGREEN CRES,negative_T_minus_H_minus_4y
9590,1991-01-29,CI,150.0,1958.0,33.0,0,0,5,DOON RD,negative_T_minus_H_minus_1y
29200,1991-01-31,CI,150.0,1952.0,39.0,0,0,5,OTTAWA ST N,negative_T_minus_H_minus_4y
38550,1991-01-31,CI,150.0,1954.0,37.0,0,0,5,UNION BLVD,negative_T_minus_H_minus_3y
18120,1991-02-01,CI,150.0,1961.0,30.0,0,0,5,HAROLD AVE,negative_T_minus_H_minus_5y
7770,1991-02-01,CI,150.0,1966.0,25.0,0,0,5,CONFEDERATION DR,negative_T_minus_H_minus_4y
16150,1991-02-02,CI,150.0,1954.0,37.0,0,0,5,GERARD AVE,negative_T_minus_H_minus_5y
33410,1991-02-03,CI,150.0,1958.0,33.0,0,0,5,ROSEMOUNT DR,negative_T_minus_H_minus_4y
5710,1991-02-04,CI,150.0,1958.0,33.0,0,0,5,CARWOOD AVE,negative_T_minus_H_minus_4y
14020,1991-02-05,DI,100.0,1958.0,33.0,0,0,5,FARMBROOK PL,negative_T_minus_H_minus_1y
28280,1991-02-05,DI,200.0,1967.0,24.0,0,0,5,OLD CHICOPEE DR,negative_T_minus_H_minus_3y
6710,1991-02-05,CI,100.0,1922.0,69.0,0,0,5,CHARLES ST E,negative_T_minus_H_minus_3y
85100,1991-02-05,DI,150.0,1965.0,26.0,0,0,5,STRATHCONA CRES,negative_T_minus_H_minus_1y
4430,1991-02-06,DI,150.0,1952.0,39.0,0,0,5,BRICK ST,negative_T_minus_H_minus_5y
8430,1991-02-06,DI,300.0,1970.0,21.0,0,0,5,COURTLAND AVE E,negative_T_minus_H_minus_4y
7950,1991-02-07,CI,150.0,1966.0,25.0,0,0,5,CONWAY DR,negative_T_minus_H_minus_4y
8440,1991-02-07,DI,300.0,1970.0,21.0,0,0,5,COURTLAND AVE E,negative_T_minus_H_minus_4y
1190,1991-02-08,DI,150.0,1973.0,18.0,0,0,5,AUTUMN HILL CRES,negative_T_minus_H_minus_4y
92364,1991-02-08,CI,150.0,1963.0,28.0,0,0,5,WEICHEL ST,negative_T_minus_H_minus_4y
260,1991-02-09,CI,150.0,1955.0,36.0,0,0,5,ABERDEEN RD,negative_T_minus_H_minus_4y
40150,1991-02-09,CI,150.0,1962.0,29.0,0,0,5,VILLAGE RD,negative_T_minus_H_minus_4y
20620,1991-02-10,CI,150.0,1951.0,40.0,0,0,5,JOHNSTON ST,negative_T_minus_H_minus_1y
36550,1991-02-10,CI,150.0,1958.0,33.0,0,0,5,STONYBROOK DR,negative_T_minus_H_minus_4y
32170,1991-02-12,CI,150.0,1963.0,28.0,0,0,5,RENNIE DR,negative_T_minus_H_minus_1y
8070,1991-02-12,CI,150.0,1957.0,34.0,0,0,5,CORNELL AVE,negative_T_minus_H_minus_4y
26970,1991-02-14,CI,200.0,1965.0,26.0,0,0,5,MONTCALM DR,negative_T_minus_H_minus_2y
6940,1991-02-14,CI,150.0,1960.0,31.0,0,0,5,CHARLOTTE CRES,negative_T_minus_H_minus_2y
14830,1991-02-15,CI,200.0,1962.0,29.0,0,0,5,FOREST HILL DR,negative_T_minus_H_minus_1y
4430,1991-02-15,DI,150.0,1952.0,39.0,0,0,5,BRICK ST,negative_T_minus_H_minus_2y
8370,1991-02-15,CI,300.0,1963.0,28.0,0,0,5,COURTLAND AVE E,negative_T_minus_H_minus_3y
27910,1991-02-16,CI,100.0,1958.0,33.0,0,0,5,NOEL CRES,negative_T_minus_H_minus_3y
33550,1991-02-17,CI,150.0,1959.0,32.0,0,0,5,ROSS AVE,negative_T_minus_H_minus_3y
37620,1991-02-17,CI,150.0,1961.0,30.0,0,0,5,THALER AVE,negative_T_minus_H_minus_3y
57680,1991-02-17,CI,150.0,1955.0,36.0,0,0,5,EDNA ST,negative_T_minus_H_minus_5y
5830,1991-02-17,DI,150.0,1966.0,25.0,0,0,5,CECILE DR,negative_T_minus_H_minus_3y
780,1991-02-17,CI,150.0,1959.0,32.0,0,0,5,ARCHER PL,negative_T_minus_H_minus_3y
33990,1991-02-18,CI,150.0,1963.0,28.0,0,0,5,SCENIC DR,negative_T_minus_H_minus_3y
5830,1991-02-18,DI,150.0,1966.0,25.0,0,0,5,CECILE DR,negative_T_minus_H_minus_3y
18000,1991-02-19,CI,200.0,1967.0,24.0,0,0,5,HANSON AVE,negative_T_minus_H_minus_2y
20620,1991-02-19,CI,150.0,1951.0,40.0,0,0,5,JOHNSTON ST,negative_T_minus_H_minus_5y
31770,1991-02-19,CI,150.0,1949.0,42.0,0,0,5,QUEENS BLVD,negative_T_minus_H_minus_3y
8870,1991-02-19,DI,150.0,1972.0,19.0,0,0,5,DALEGROVE DR,negative_T_minus_H_minus_3y
4430,1991-02-20,DI,150.0,1952.0,39.0,0,0,5,BRICK ST,negative_T_minus_H_minus_2y
23480,1991-02-21,CI,150.0,1948.0,43.0,0,0,5,LANG CRES,negative_T_minus_H_minus_4y
35140,1991-02-21,CI,150.0,1953.0,38.0,0,0,5,SIXTH AVE,negative_T_minus_H_minus_1y
5110,1991-02-22,CI,100.0,1955.0,36.0,0,0,5,BURN PL,negative_T_minus_H_minus_2y
86368,1991-02-22,DI,150.0,1968.0,23.0,0,0,5,KIMBERLY CRES,negative_T_minus_H_minus_5y
20530,1991-02-23,CI,150.0,1947.0,44.0,0,0,5,JACKSON AVE,negative_T_minus_H_minus_5y
15330,1991-02-25,CI,300.0,1963.0,28.0,0,0,5,FRANKLIN ST N,negative_T_minus_H_minus_2y
37140,1991-02-25,CI,100.0,1954.0,37.0,0,0,5,SUNSET PL,negative_T_minus_H_minus_4y
17070,1991-02-26,CI,150.0,1959.0,32.0,0,0,5,GRAYSTONE AVE,negative_T_minus_H_minus_5y
31910,1991-02-28,CI,150.0,1966.0,25.0,0,0,5,QUEENSTON DR,negative_T_minus_H_minus_4y
33410,1991-02-28,CI,150.0,1958.0,33.0,0,0,5,ROSEMOUNT DR,negative_T_minus_H_minus_4y
76519,1991-03-01,CI,150.0,1968.0,23.0,0,0,5,HALIFAX DR,negative_T_minus_H_minus_1y
29110,1991-03-02,CI,100.0,1955.0,36.0,0,0,5,ORCHARD PARK CRES,negative_T_minus_H_minus_2y
15830,1991-03-06,CI,150.0,1967.0,24.0,0,0,5,FURNESS DR,negative_T_minus_H_minus_3y
21210,1991-03-07,CI,150.0,1958.0,33.0,0,0,5,KENWOOD DR,negative_T_minus_H_minus_4y
7970,1991-03-08,CI,150.0,1966.0,25.0,0,0,5,CONWAY DR,negative_T_minus_H_minus_1y
23980,1991-03-09,CI,100.0,1961.0,30.0,0,0,5,LINTON PL,negative_T_minus_H_minus_5y
20260,1991-03-10,CI,150.0,1967.0,24.0,0,0,5,INDIAN RD,negative_T_minus_H_minus_2y
23480,1991-03-10,CI,150.0,1948.0,43.0,0,0,5,LANG CRES,negative_T_minus_H_minus_1y
3490,1991-03-11,CI,100.0,1951.0,40.0,0,0,5,BLUCHER ST,negative_T_minus_H_minus_5y
21210,1991-03-12,CI,150.0,1958.0,33.0,0,0,5,KENWOOD DR,negative_T_minus_H_minus_3y
21970,1991-03-13,CPP,450.0,1988.0,3.0,0,0,5,KING ST E,negative_T_minus_H_minus_4y
37620,1991-03-13,CI,150.0,1961.0,30.0,0,0,5,THALER AVE,negative_T_minus_H_minus_5y
32860,1991-03-14,DI,200.0,1974.0,17.0,0,0,5,,negative_T_minus_H_minus_5y
64610,1991-03-14,PVC,150.0,1970.0,21.0,1,0,5,INGLESIDE DR,negative_T_minus_H_minus_4y
34220,1991-03-17,CI,150.0,1963.0,28.0,0,0,5,SECORD AVE,negative_T_minus_H_minus_2y
7290,1991-03-19,CI,100.0,1956.0,35.0,0,0,5,CLAREMONT AVE,negative_T_minus_H_minus_5y
8940,1991-03-19,CI,150.0,1964.0,27.0,0,0,5,DANIEL AVE,negative_T_minus_H_minus_2y
20090,1991-03-20,CI,150.0,1966.0,25.0,0,0,5,HUNTLEY CRES,negative_T_minus_H_minus_2y
76519,1991-03-20,CI,150.0,1968.0,23.0,0,0,5,HALIFAX DR,negative_T_minus_H_minus_1y
80774,1991-03-20,DI,300.0,1978.0,13.0,0,0,5,VICTORIA ST N,negative_T_minus_H_minus_5y
23530,1991-03-21,CI,150.0,1964.0,27.0,0,0,5,LARKSPUR CRES,negative_T_minus_H_minus_5y
17800,1991-03-24,CI,150.0,1966.0,25.0,0,0,5,HALIFAX DR,negative_T_minus_H_minus_2y
4101323,1991-03-26,XXX,13.0,1965.0,26.0,0,0,5,CLOVERDALE CRES,negative_T_minus_H_minus_5y
6940,1991-03-26,CI,150.0,1960.0,31.0,0,0,5,CHARLOTTE CRES,negative_T_minus_H_minus_2y
7160,1991-03-27,DI,150.0,1968.0,23.0,0,0,5,CHOPIN DR,negative_T_minus_H_minus_1y
32160,1991-03-28,CI,150.0,1963.0,28.0,0,0,5,RENNIE DR,negative_T_minus_H_minus_1y
5610,1991-03-28,DI,200.0,1966.0,25.0,0,0,5,CARSON DR,negative_T_minus_H_minus_2y
5610,1991-03-31,DI,200.0,1966.0,25.0,0,0,5,CARSON DR,negative_T_minus_H_minus_2y
21140,1991-04-06,CI,150.0,1954.0,37.0,0,0,5,KENSINGTON AVE,negative_T_minus_H_minus_4y
32170,1991-04-08,CI,150.0,1963.0,28.0,0,0,5,RENNIE DR,negative_T_minus_H_minus_3y
18210,1991-04-09,CI,200.0,1967.0,24.0,0,0,5,HAYWARD AVE,negative_T_minus_H_minus_1y
20520,1991-04-09,CI,150.0,1947.0,44.0,0,0,5,JACKSON AVE,negative_T_minus_H_minus_3y
76747,1991-04-09,CI,150.0,1940.0,51.0,0,0,5,STIRLING AVE S,negative_T_minus_H_minus_1y
20520,1991-04-10,CI,150.0,1947.0,44.0,0,0,5,JACKSON AVE,negative_T_minus_H_minus_3y
85016,1991-04-14,CI,150.0,1967.0,24.0,0,0,5,THALER AVE,negative_T_minus_H_minus_4y
14950,1991-04-15,CI,150.0,1958.0,33.0,0,0,5,FOREST HILL DR,negative_T_minus_H_minus_1y
82752,1991-04-15,CI,300.0,1964.0,27.0,0,0,5,GAGE AVE,negative_T_minus_H_minus_1y
8860,1991-04-18,DI,150.0,1969.0,22.0,0,0,5,DALEGROVE DR,negative_T_minus_H_minus_1y
30520,1991-04-21,CI,150.0,1966.0,25.0,0,0,5,PENROSE AVE,negative_T_minus_H_minus_3y
18300,1991-04-25,DI,300.0,1968.0,23.0,0,0,5,HAZELGLEN DR,negative_T_minus_H_minus_5y
42160,1991-05-05,DI,300.0,1973.0,18.0,0,0,5,WESTHEIGHTS DR,negative_T_minus_H_minus_2y
4430,1991-05-05,DI,150.0,1952.0,39.0,0,0,5,BRICK ST,negative_T_minus_H_minus_1y
23470,1991-05-07,CI,150.0,1961.0,30.0,0,0,5,LANG CRES,negative_T_minus_H_minus_3y
24390,1991-05-07,CI,150.0,1948.0,43.0,0,0,5,LANG CRES,negative_T_minus_H_minus_3y
76729,1991-05-09,DI,150.0,1967.0,24.0,0,0,5,HAYWARD AVE,negative_T_minus_H_minus_4y
18310,1991-05-10,DI,300.0,1969.0,22.0,0,0,5,HAZELGLEN DR,negative_T_minus_H_minus_2y
26080,1991-05-11,CI,150.0,1950.0,41.0,0,0,5,MCKENZIE AVE,negative_T_minus_H_minus_5y
78154,1991-05-11,AC,450.0,1952.0,39.0,0,0,5,HOWE DR,negative_T_minus_H_minus_4y
61893,1991-05-12,AC,750.0,1970.0,21.0,0,0,5,WESTMOUNT RD E,negative_T_minus_H_minus_4y
76729,1991-05-12,DI,150.0,1967.0,24.0,0,0,5,HAYWARD AVE,negative_T_minus_H_minus_2y
84006,1991-05-12,DI,150.0,1967.0,24.0,0,0,5,HAYWARD AVE,negative_T_minus_H_minus_2y
2000,1991-05-13,CI,300.0,1957.0,34.0,0,0,5,BELMONT AVE W,negative_T_minus_H_minus_3y
92554,1991-05-16,CI,150.0,1958.0,33.0,0,0,5,WEDGEWOOD DR,negative_T_minus_H_minus_4y
2860,1991-05-21,CI,150.0,1963.0,28.0,0,0,5,BIRCHCLIFF AVE,negative_T_minus_H_minus_3y
15440,1991-05-25,CI,150.0,1957.0,34.0,0,0,5,FRANKLIN ST S,negative_T_minus_H_minus_4y
37070,1991-05-28,CI,150.0,1964.0,27.0,0,0,5,SUMMIT AVE,negative_T_minus_H_minus_5y
18250,1991-05-29,DI,300.0,1969.0,22.0,0,0,5,HAZELGLEN DR,negative_T_minus_H_minus_5y
3440,1991-05-30,CI,300.0,1964.0,27.0,0,0,5,BLOOMINGDALE RD,negative_T_minus_H_minus_4y
16550,1991-05-31,CI,150.0,1969.0,22.0,0,0,5,GLEN LAKE CRES,negative_T_minus_H_minus_5y
32070,1991-06-01,DI,150.0,1971.0,20.0,0,0,5,RAMBLEWOOD WAY,negative_T_minus_H_minus_5y
8630,1991-06-01,DI,300.0,1989.0,2.0,0,0,5,CRESTVIEW PL,negative_T_minus_H_minus_3y
29620,1991-06-07,CI,150.0,1929.0,62.0,0,0,5,OTTAWA ST S,negative_T_minus_H_minus_3y
7150,1991-06-09,DI,150.0,1968.0,23.0,0,0,5,CHOPIN DR,negative_T_minus_H_minus_1y
86012,1991-06-10,DI,150.0,1970.0,21.0,0,0,5,GLEN PARK CRES,negative_T_minus_H_minus_1y
34900,1991-06-17,CI,150.0,1960.0,31.0,0,0,5,SHIRLEY AVE,negative_T_minus_H_minus_1y
7160,1991-06-18,DI,150.0,1968.0,23.0,0,0,5,CHOPIN DR,negative_T_minus_H_minus_5y
42630,1991-06-20,DI,300.0,1968.0,23.0,0,0,5,WESTMOUNT RD E,negative_T_minus_H_minus_4y
19710,1991-06-24,DI,150.0,1967.0,24.0,0,0,5,HOLBORN DR,negative_T_minus_H_minus_5y
33920,1991-06-24,CI,150.0,1954.0,37.0,0,0,5,SANDRA AVE,negative_T_minus_H_minus_5y
24390,1991-06-26,CI,150.0,1948.0,43.0,0,0,5,LANG CRES,negative_T_minus_H_minus_1y
82752,1991-06-27,CI,300.0,1964.0,27.0,0,0,5,GAGE AVE,negative_T_minus_H_minus_1y
18310,1991-06-28,DI,300.0,1969.0,22.0,0,0,5,HAZELGLEN DR,negative_T_minus_H_minus_3y
2500,1991-06-28,DI,300.0,1970.0,21.0,0,0,5,CHARLES ST E,negative_T_minus_H_minus_1y
21040,1991-06-29,CI,150.0,1958.0,33.0,0,0,5,KENNETH AVE,negative_T_minus_H_minus_2y
5160,1991-06-29,CI,150.0,1963.0,28.0,0,0,5,BUTTONWOOD DR,negative_T_minus_H_minus_5y
31100,1991-07-02,CI,150.0,1964.0,27.0,0,0,5,PRINCE ST,negative_T_minus_H_minus_1y
8870,1991-07-05,DI,150.0,1972.0,19.0,0,0,5,DALEGROVE DR,negative_T_minus_H_minus_3y
8400,1991-07-06,CI,300.0,1967.0,24.0,0,0,5,COURTLAND AVE E,negative_T_minus_H_minus_4y
87366,1991-07-06,CPP,1200.0,1989.0,2.0,0,0,5,BLEAMS RD,negative_T_minus_H_minus_1y
23370,1991-07-07,CI,150.0,1923.0,68.0,0,0,5,LANCASTER ST W,negative_T_minus_H_minus_2y
33050,1991-07-07,CI,300.0,1935.0,56.0,0,0,5,ROCKWAY DR,negative_T_minus_H_minus_2y
76569,1991-07-07,CI,250.0,1889.0,102.0,0,0,5,KING ST W,negative_T_minus_H_minus_3y
5700,1991-07-09,CI,150.0,1958.0,33.0,0,0,5,CARWOOD AVE,negative_T_minus_H_minus_5y
20670,1991-07-11,CI,200.0,1965.0,26.0,0,0,5,JOSEPH ST,negative_T_minus_H_minus_1y
16540,1991-07-12,DI,150.0,1970.0,21.0,0,0,5,GLEN AVON CRES,negative_T_minus_H_minus_3y
42320,1991-07-24,DI,200.0,1975.0,16.0,0,0,5,WESTHEIGHTS DR,negative_T_minus_H_minus_3y
64610,1991-07-28,PVC,150.0,1970.0,21.0,1,0,5,INGLESIDE DR,negative_T_minus_H_minus_3y
86864,1991-07-28,DI,150.0,1968.0,23.0,0,0,5,MARKWOOD DR,negative_T_minus_H_minus_3y
38270,1991-07-29,DI,300.0,1973.0,18.0,0,0,5,TRILLIUM DR,negative_T_minus_H_minus_3y
43480,1991-07-29,CI,200.0,1958.0,33.0,0,0,5,WILSON AVE,negative_T_minus_H_minus_5y
41640,1991-07-31,DI,200.0,1975.0,16.0,0,0,5,WELLINGTON ST N,negative_T_minus_H_minus_5y
7160,1991-07-31,DI,150.0,1968.0,23.0,0,0,5,CHOPIN DR,negative_T_minus_H_minus_3y
15110,1991-08-03,DI,150.0,1977.0,14.0,0,0,5,FORFAR AVE,negative_T_minus_H_minus_4y
42320,1991-08-03,DI,200.0,1975.0,16.0,0,0,5,WESTHEIGHTS DR,negative_T_minus_H_minus_4y
16080,1991-08-05,DI,150.0,1976.0,15.0,0,0,5,GEORGIAN CRES,negative_T_minus_H_minus_5y
4104575,1991-08-11,XXX,25.0,1974.0,17.0,0,0,5,WESTHEIGHTS DR,negative_T_minus_H_minus_2y
90576,1991-08-11,DI,150.0,1970.0,21.0,0,0,5,GLEN AVON CRES,negative_T_minus_H_minus_2y
90576,1991-08-13,DI,150.0,1970.0,21.0,0,0,5,GLEN AVON CRES,negative_T_minus_H_minus_2y
92238,1991-08-17,DI,150.0,1972.0,19.0,0,0,5,HILLBROOK CRES,negative_T_minus_H_minus_3y
64610,1991-08-20,PVC,150.0,1970.0,21.0,1,0,5,INGLESIDE DR,negative_T_minus_H_minus_2y
8860,1991-08-21,DI,150.0,1969.0,22.0,0,0,5,DALEGROVE DR,negative_T_minus_H_minus_3y
20330,1991-08-23,DI,150.0,1969.0,22.0,0,0,5,INGLESIDE DR,negative_T_minus_H_minus_2y
21390,1991-08-23,CI,250.0,1889.0,102.0,0,0,5,KING ST W,negative_T_minus_H_minus_5y
87596,1991-08-24,DI,300.0,1978.0,13.0,0,0,5,CHARLES ST E,negative_T_minus_H_minus_5y
8860,1991-08-26,DI,150.0,1969.0,22.0,0,0,5,DALEGROVE DR,negative_T_minus_H_minus_2y
33470,1991-08-27,DI,150.0,1974.0,17.0,0,0,5,ROSENEATH CRES,negative_T_minus_H_minus_5y
86368,1991-08-28,DI,150.0,1968.0,23.0,0,0,5,KIMBERLY CRES,negative_T_minus_H_minus_3y
14090,1991-08-30,DI,200.0,1974.0,17.0,0,0,5,FARRIER DR,negative_T_minus_H_minus_3y
11060,1991-08-31,CI,300.0,1949.0,42.0,0,0,5,EAST AVE,negative_T_minus_H_minus_5y
21390,1991-09-02,CI,250.0,1889.0,102.0,0,0,5,KING ST W,negative_T_minus_H_minus_5y
26210,1991-09-04,DI,150.0,1969.0,22.0,0,0,5,MEADOWBROOK DR,negative_T_minus_H_minus_2y
32170,1991-09-05,CI,150.0,1963.0,28.0,0,0,5,RENNIE DR,negative_T_minus_H_minus_1y
20330,1991-09-07,DI,150.0,1969.0,22.0,0,0,5,INGLESIDE DR,negative_T_minus_H_minus_2y
8860,1991-09-07,DI,150.0,1969.0,22.0,0,0,5,DALEGROVE DR,negative_T_minus_H_minus_1y
21970,1991-09-08,CPP,450.0,1988.0,3.0,0,0,5,KING ST E,negative_T_minus_H_minus_4y
30530,1991-09-10,DI,150.0,1971.0,20.0,0,0,5,PEPPERWOOD CRES,negative_T_minus_H_minus_2y
8430,1991-09-11,DI,300.0,1970.0,21.0,0,0,5,COURTLAND AVE E,negative_T_minus_H_minus_1y
19080,1991-09-14,CI,150.0,1952.0,39.0,0,0,5,HIGHLAND RD E,negative_T_minus_H_minus_3y
25740,1991-09-18,CI,150.0,1951.0,40.0,0,0,5,MAUSSER AVE,negative_T_minus_H_minus_3y
33660,1991-09-18,DI,200.0,1973.0,18.0,0,0,5,ROYAL ORCHARD DR,negative_T_minus_H_minus_2y
3620,1991-09-19,DI,150.0,1973.0,18.0,0,0,5,BLUE SPRUCE CRT,negative_T_minus_H_minus_4y
42900,1991-09-19,DI,300.0,1969.0,22.0,0,0,5,WESTWOOD DR,negative_T_minus_H_minus_4y
18280,1991-09-25,DI,300.0,1968.0,23.0,0,0,5,HAZELGLEN DR,negative_T_minus_H_minus_4y
37810,1991-10-01,CI,150.0,1964.0,27.0,0,0,5,THORNRIDGE CRES,negative_T_minus_H_minus_5y
1190,1991-10-02,DI,150.0,1973.0,18.0,0,0,5,AUTUMN HILL CRES,negative_T_minus_H_minus_4y
13550,1991-10-02,CI,450.0,1961.0,30.0,0,0,5,OTTAWA ST S,negative_T_minus_H_minus_5y
35630,1991-10-03,CI,150.0,1960.0,31.0,0,0,5,SPRINGBANK CRES,negative_T_minus_H_minus_4y
11170,1991-10-04,DI,150.0,1967.0,24.0,0,0,5,EASTWOOD DR,negative_T_minus_H_minus_3y
18990,1991-10-06,DI,300.0,1964.0,27.0,0,0,5,HIGHLAND RD W,negative_T_minus_H_minus_3y
20560,1991-10-07,CI,150.0,1961.0,30.0,0,0,5,JANSEN AVE,negative_T_minus_H_minus_3y
4000,1991-10-07,CI,150.0,1965.0,26.0,0,0,5,BRADLEY DR,negative_T_minus_H_minus_4y
8870,1991-10-07,DI,150.0,1972.0,19.0,0,0,5,DALEGROVE DR,negative_T_minus_H_minus_4y
13660,1991-10-12,CI,150.0,1954.0,37.0,0,0,5,ETON DR,negative_T_minus_H_minus_3y
15840,1991-10-14,CI,300.0,1969.0,22.0,0,0,5,GAGE AVE,negative_T_minus_H_minus_4y
37540,1991-10-14,CI,150.0,1958.0,33.0,0,0,5,TANGLEWOOD AVE,negative_T_minus_H_minus_4y
20030,1991-10-15,CI,150.0,1963.0,28.0,0,0,5,HUGO CRES,negative_T_minus_H_minus_3y
40150,1991-10-15,CI,150.0,1962.0,29.0,0,0,5,VILLAGE RD,negative_T_minus_H_minus_4y
15020,1991-10-16,DI,150.0,1968.0,23.0,0,0,5,FORESTWOOD DR,negative_T_minus_H_minus_5y
25250,1991-10-18,CI,150.0,1953.0,38.0,0,0,5,MAPLEWOOD PL,negative_T_minus_H_minus_5y
33760,1991-10-18,CI,150.0,1963.0,28.0,0,0,5,RUSKVIEW RD,negative_T_minus_H_minus_1y
17170,1991-10-19,CI,200.0,1964.0,27.0,0,0,5,GREENBROOK DR,negative_T_minus_H_minus_1y
35270,1991-10-19,CI,150.0,1958.0,33.0,0,0,5,SOUTHMOOR DR,negative_T_minus_H_minus_2y
35130,1991-10-21,CI,150.0,1965.0,26.0,0,0,5,SIMPSON AVE,negative_T_minus_H_minus_3y
5040,1991-10-21,CI,150.0,1958.0,33.0,0,0,5,BURBANK RD,negative_T_minus_H_minus_1y
28590,1991-10-22,DI,150.0,1967.0,24.0,0,0,5,OLD YORK CRES,negative_T_minus_H_minus_5y
4040,1991-10-22,CI,150.0,1955.0,36.0,0,0,5,BRANDON AVE,negative_T_minus_H_minus_5y
61670,1991-10-23,PVC,150.0,1970.0,21.0,0,0,5,INGLESIDE DR,negative_T_minus_H_minus_2y
1230,1991-10-24,CI,150.0,1958.0,33.0,0,0,5,AVALON PL,negative_T_minus_H_minus_4y
1570,1991-10-24,CI,150.0,1964.0,27.0,0,0,5,BARBARA CRES,negative_T_minus_H_minus_4y
19590,1991-10-24,DI,150.0,1964.0,27.0,0,0,5,HOFFMAN ST,negative_T_minus_H_minus_3y
8790,1991-10-24,CI,150.0,1960.0,31.0,0,0,5,CYPRUS DR,negative_T_minus_H_minus_3y
35030,1991-10-25,CI,150.0,1967.0,24.0,0,0,5,SILVERSPRING CRES,negative_T_minus_H_minus_2y
5510,1991-10-25,CI,150.0,1967.0,24.0,0,0,5,CARNABY CRES,negative_T_minus_H_minus_2y
90210,1991-10-25,CI,150.0,1967.0,24.0,0,0,5,CARNABY CRES,negative_T_minus_H_minus_3y
93272,1991-10-27,DI,200.0,1959.0,32.0,0,0,5,HANSON AVE,negative_T_minus_H_minus_2y
14870,1991-10-28,CI,200.0,1962.0,29.0,0,0,5,FOREST HILL DR,negative_T_minus_H_minus_4y
43480,1991-10-28,CI,200.0,1958.0,33.0,0,0,5,WILSON AVE,negative_T_minus_H_minus_4y
64610,1991-10-28,PVC,150.0,1970.0,21.0,1,0,5,INGLESIDE DR,negative_T_minus_H_minus_3y
7760,1991-10-28,CI,150.0,1966.0,25.0,0,0,5,CONFEDERATION DR,negative_T_minus_H_minus_3y
14660,1991-10-31,DI,150.0,1971.0,20.0,0,0,5,FLORAL CRES,negative_T_minus_H_minus_4y
31170,1991-10-31,CI,150.0,1954.0,37.0,0,0,5,PROSPECT AVE,negative_T_minus_H_minus_1y
93516,1991-11-01,CI,150.0,1974.0,17.0,0,0,5,UPLANDS DR,negative_T_minus_H_minus_2y
64610,1991-11-02,PVC,150.0,1970.0,21.0,1,0,5,INGLESIDE DR,negative_T_minus_H_minus_2y
42050,1991-11-04,CI,150.0,1959.0,32.0,0,0,5,WESTGATE WALK,negative_T_minus_H_minus_1y
17230,1991-11-05,CI,200.0,1957.0,34.0,0,0,5,GREENBROOK DR,negative_T_minus_H_minus_2y
24240,1991-11-05,CI,150.0,1965.0,26.0,0,0,5,LORRAINE AVE,negative_T_minus_H_minus_1y
20440,1991-11-06,CI,150.0,1966.0,25.0,0,0,5,INWOOD DR,negative_T_minus_H_minus_1y
40750,1991-11-06,DI,150.0,1966.0,25.0,0,0,5,WAYNE DR,negative_T_minus_H_minus_3y
14870,1991-11-07,CI,200.0,1962.0,29.0,0,0,5,FOREST HILL DR,negative_T_minus_H_minus_4y
15190,1991-11-07,DI,150.0,1974.0,17.0,0,0,5,FOUR SEASONS CRT,negative_T_minus_H_minus_4y
7730,1991-11-07,CI,150.0,1966.0,25.0,0,0,5,CONFEDERATION DR,negative_T_minus_H_minus_3y
3770,1991-11-08,CI,150.0,1967.0,24.0,0,0,5,BONNYLYN DR,negative_T_minus_H_minus_2y
17080,1991-11-09,DI,150.0,1977.0,14.0,0,0,5,GRAYWOOD CRT,negative_T_minus_H_minus_4y
32730,1991-11-10,CI,150.0,1959.0,32.0,0,0,5,RIVER RD E,negative_T_minus_H_minus_3y
41690,1991-11-11,CI,300.0,1929.0,62.0,0,0,5,WELLINGTON ST N,negative_T_minus_H_minus_2y
37530,1991-11-12,CI,150.0,1951.0,40.0,0,0,5,TAMROTH CLOSE,negative_T_minus_H_minus_2y
35030,1991-11-13,CI,150.0,1967.0,24.0,0,0,5,SILVERSPRING CRES,negative_T_minus_H_minus_2y
20570,1991-11-14,CI,150.0,1961.0,30.0,0,0,5,JANSEN AVE,negative_T_minus_H_minus_3y
43570,1991-11-14,CI,200.0,1954.0,37.0,0,0,5,WILSON AVE,negative_T_minus_H_minus_1y
19760,1991-11-15,DI,150.0,1967.0,24.0,0,0,5,HOLBORN DR,negative_T_minus_H_minus_4y
64610,1991-11-15,PVC,150.0,1970.0,21.0,1,0,5,INGLESIDE DR,negative_T_minus_H_minus_3y
20470,1991-11-16,CI,150.0,1955.0,36.0,0,0,5,ISLINGTON AVE,negative_T_minus_H_minus_1y
36520,1991-11-16,CI,150.0,1962.0,29.0,0,0,5,STONYBROOK DR,negative_T_minus_H_minus_2y
42900,1991-11-16,DI,300.0,1969.0,22.0,0,0,5,WESTWOOD DR,negative_T_minus_H_minus_5y
19620,1991-11-17,CI,150.0,1936.0,55.0,0,0,5,HOFFMAN ST,negative_T_minus_H_minus_1y
3640,1991-11-17,CI,150.0,1956.0,35.0,0,0,5,BLUERIDGE AVE,negative_T_minus_H_minus_1y
30520,1991-11-18,CI,150.0,1966.0,25.0,0,0,5,PENROSE AVE,negative_T_minus_H_minus_4y
32160,1991-11-18,CI,150.0,1963.0,28.0,0,0,5,RENNIE DR,negative_T_minus_H_minus_2y
270,1991-11-20,CI,150.0,1958.0,33.0,0,0,5,ABERDEEN RD,negative_T_minus_H_minus_2y
33750,1991-11-20,CI,150.0,1963.0,28.0,0,0,5,RUSKVIEW RD,negative_T_minus_H_minus_2y
17070,1991-11-21,CI,150.0,1959.0,32.0,0,0,5,GRAYSTONE AVE,negative_T_minus_H_minus_4y
18680,1991-11-22,CI,150.0,1960.0,31.0,0,0,5,HICKSON DR,negative_T_minus_H_minus_3y
31980,1991-11-22,DI,200.0,1974.0,17.0,0,0,5,RADCLIFFE DR,negative_T_minus_H_minus_4y
82428,1991-11-22,DI,450.0,1972.0,19.0,0,0,5,STRASBURG RD,negative_T_minus_H_minus_4y
14780,1991-11-23,DI,200.0,1964.0,27.0,0,0,5,FOREST HILL DR,negative_T_minus_H_minus_2y
14950,1991-11-23,CI,150.0,1958.0,33.0,0,0,5,FOREST HILL DR,negative_T_minus_H_minus_5y
28590,1991-11-23,DI,150.0,1967.0,24.0,0,0,5,OLD YORK CRES,negative_T_minus_H_minus_5y
31890,1991-11-23,CI,150.0,1966.0,25.0,0,0,5,QUEENSTON DR,negative_T_minus_H_minus_5y
34840,1991-11-23,CI,150.0,1954.0,37.0,0,0,5,SHERWOOD AVE,negative_T_minus_H_minus_4y
38850,1991-11-23,CI,150.0,1974.0,17.0,0,0,5,UPLANDS DR,negative_T_minus_H_minus_5y
3990,1991-11-23,CI,150.0,1965.0,26.0,0,0,5,BRADLEY DR,negative_T_minus_H_minus_4y
42530,1991-11-23,CI,150.0,1959.0,32.0,0,0,5,WESTMOUNT RD E,negative_T_minus_H_minus_2y
17730,1991-11-24,CI,150.0,1957.0,34.0,0,0,5,SEREDA RD,negative_T_minus_H_minus_5y
29830,1991-11-24,DI,150.0,1966.0,25.0,0,0,5,OVERLEA DR,negative_T_minus_H_minus_3y
7760,1991-11-24,CI,150.0,1966.0,25.0,0,0,5,CONFEDERATION DR,negative_T_minus_H_minus_5y
87366,1991-11-24,CPP,1200.0,1989.0,2.0,0,0,5,BLEAMS RD,negative_T_minus_H_minus_4y
57990,1991-11-25,CI,150.0,1959.0,32.0,0,0,5,EVERGREEN CRES,negative_T_minus_H_minus_2y
29630,1991-11-26,CI,150.0,1923.0,68.0,0,0,5,OTTAWA ST S,negative_T_minus_H_minus_1y
5510,1991-11-26,CI,150.0,1967.0,24.0,0,0,5,CARNABY CRES,negative_T_minus_H_minus_1y
64130,1991-11-27,CI,150.0,1966.0,25.0,0,0,5,INVERNESS DR,negative_T_minus_H_minus_2y
7140,1991-11-27,DI,150.0,1965.0,26.0,0,0,5,CHICOPEE TERR,negative_T_minus_H_minus_3y
4000,1991-11-28,CI,150.0,1965.0,26.0,0,0,5,BRADLEY DR,negative_T_minus_H_minus_1y
900,1991-11-28,CI,150.0,1953.0,38.0,0,0,5,ARLINGTON BLVD,negative_T_minus_H_minus_3y
22490,1991-11-30,CI,150.0,1960.0,31.0,0,0,5,KINZIE AVE,negative_T_minus_H_minus_4y
7300,1991-11-30,CI,150.0,1956.0,35.0,0,0,5,CLAREMONT AVE,negative_T_minus_H_minus_1y
2860,1991-12-01,CI,150.0,1963.0,28.0,0,0,5,BIRCHCLIFF AVE,negative_T_minus_H_minus_5y
18320,1991-12-02,CI,150.0,1958.0,33.0,0,0,5,HEARTH CRES,negative_T_minus_H_minus_4y
5250,1991-12-03,CI,150.0,1954.0,37.0,0,0,5,CAMBRIDGE AVE,negative_T_minus_H_minus_3y
19740,1991-12-04,CI,150.0,1967.0,24.0,0,0,5,HOLBORN DR,negative_T_minus_H_minus_1y
42890,1991-12-04,CI,150.0,1966.0,25.0,0,0,5,WESTWOOD CRES,negative_T_minus_H_minus_4y
85432,1991-12-04,CI,150.0,1971.0,20.0,0,0,5,BROOKSIDE CRES,negative_T_minus_H_minus_2y
92920,1991-12-08,CI,150.0,1955.0,36.0,0,0,5,DONALD ST,negative_T_minus_H_minus_4y
27810,1991-12-09,CI,150.0,1960.0,31.0,0,0,5,NINE PINES RD,negative_T_minus_H_minus_3y
32320,1991-12-09,CI,150.0,1960.0,31.0,0,0,5,RIPPLEWOOD CRES,negative_T_minus_H_minus_1y
18160,1991-12-10,CI,100.0,1954.0,37.0,0,0,5,HARTWOOD PL,negative_T_minus_H_minus_4y
33760,1991-12-10,CI,150.0,1963.0,28.0,0,0,5,RUSKVIEW RD,negative_T_minus_H_minus_1y
34860,1991-12-10,CI,150.0,1954.0,37.0,0,0,5,SHERWOOD AVE,negative_T_minus_H_minus_1y
20580,1991-12-11,CI,150.0,1970.0,21.0,0,0,5,JANSEN AVE,negative_T_minus_H_minus_3y
27830,1991-12-11,CI,200.0,1961.0,30.0,0,0,5,NINTH AVE,negative_T_minus_H_minus_5y
18700,1991-12-12,CI,150.0,1960.0,31.0,0,0,5,HICKSON DR,negative_T_minus_H_minus_1y
290,1991-12-12,CI,150.0,1958.0,33.0,1,0,5,ABERDEEN RD,negative_T_minus_H_minus_1y
13650,1991-12-13,CI,150.0,1955.0,36.0,0,0,5,ETON DR,negative_T_minus_H_minus_5y
14850,1991-12-14,CI,200.0,1962.0,29.0,0,0,5,FOREST HILL DR,negative_T_minus_H_minus_3y
5190,1991-12-14,CI,150.0,1962.0,29.0,0,0,5,CAIT AVE,negative_T_minus_H_minus_1y
5720,1991-12-15,CI,150.0,1960.0,31.0,0,0,5,CARWOOD AVE,negative_T_minus_H_minus_2y
8800,1991-12-15,CI,150.0,1960.0,31.0,0,0,5,CYPRUS DR,negative_T_minus_H_minus_5y
17290,1991-12-16,CI,300.0,1957.0,34.0,0,0,5,GREENBROOK DR,negative_T_minus_H_minus_2y
24260,1991-12-16,DI,150.0,1965.0,26.0,0,0,5,LORRAINE AVE,negative_T_minus_H_minus_4y
28270,1991-12-16,DI,200.0,1967.0,24.0,0,0,5,OLD CHICOPEE DR,negative_T_minus_H_minus_3y
36510,1991-12-16,CI,150.0,1962.0,29.0,0,0,5,STONYBROOK DR,negative_T_minus_H_minus_1y
14390,1991-12-18,CI,150.0,1957.0,34.0,0,0,5,FIRST AVE,negative_T_minus_H_minus_4y
21870,1991-12-18,CI,100.0,1937.0,54.0,0,0,5,KING ST E,negative_T_minus_H_minus_2y
36540,1991-12-18,CI,150.0,1958.0,33.0,0,0,5,STONYBROOK DR,negative_T_minus_H_minus_2y
92028,1991-12-18,CI,150.0,1957.0,34.0,0,0,5,CORNELL AVE,negative_T_minus_H_minus_2y
440,1991-12-19,DI,300.0,1978.0,13.0,0,0,5,SCHWEITZER ST,negative_T_minus_H_minus_3y
9450,1991-12-19,CPP,600.0,1960.0,31.0,0,0,5,DIXON ST,negative_T_minus_H_minus_4y
88872,1991-12-20,DI,300.0,1974.0,17.0,0,0,5,BELMONT AVE W,negative_T_minus_H_minus_5y
133896,1991-12-21,DI,150.0,1979.0,12.0,0,0,5,HILLCREST LANE,negative_T_minus_H_minus_2y
33920,1991-12-21,CI,150.0,1954.0,37.0,0,0,5,SANDRA AVE,negative_T_minus_H_minus_5y
40740,1991-12-21,CI,150.0,1966.0,25.0,0,0,5,WAYNE DR,negative_T_minus_H_minus_2y
79750,1991-12-21,DI,150.0,1981.0,10.0,0,0,5,HILLCREST CRT,negative_T_minus_H_minus_5y
19630,1991-12-22,CI,150.0,1957.0,34.0,0,0,5,HOFFMAN ST,negative_T_minus_H_minus_4y
20580,1991-12-22,CI,150.0,1970.0,21.0,0,0,5,JANSEN AVE,negative_T_minus_H_minus_4y
24580,1991-12-23,CI,150.0,1961.0,30.0,0,0,5,LYLE PL,negative_T_minus_H_minus_3y
26950,1991-12-23,DI,200.0,1965.0,26.0,0,0,5,MONTCALM DR,negative_T_minus_H_minus_2y
29200,1991-12-23,CI,150.0,1952.0,39.0,0,0,5,OTTAWA ST N,negative_T_minus_H_minus_2y
30980,1991-12-23,CI,150.0,1962.0,29.0,0,0,5,PLAZA CRT,negative_T_minus_H_minus_1y
31690,1991-12-23,CI,200.0,1966.0,25.0,0,0,5,QUEENS BLVD,negative_T_minus_H_minus_5y
79964,1991-12-23,CI,150.0,1948.0,43.0,0,0,5,LANG CRES,negative_T_minus_H_minus_1y
1330,1991-12-24,CI,200.0,1961.0,30.0,0,0,5,AVON RD,negative_T_minus_H_minus_2y
18340,1991-12-24,CI,150.0,1954.0,37.0,0,0,5,HEATHER AVE,negative_T_minus_H_minus_4y
3990,1991-12-24,CI,150.0,1965.0,26.0,0,0,5,BRADLEY DR,negative_T_minus_H_minus_2y
14830,1991-12-26,CI,200.0,1962.0,29.0,0,0,5,FOREST HILL DR,negative_T_minus_H_minus_5y
42890,1991-12-26,CI,150.0,1966.0,25.0,0,0,5,WESTWOOD CRES,negative_T_minus_H_minus_4y
19090,1991-12-27,CI,300.0,1955.0,36.0,0,0,5,HIGHLAND RD E,negative_T_minus_H_minus_2y
1230,1991-12-28,CI,150.0,1958.0,33.0,0,0,5,AVALON PL,negative_T_minus_H_minus_4y
4125488,1991-12-28,XXX,25.0,1987.0,4.0,0,0,5,BIEHN DR,negative_T_minus_H_minus_3y
42050,1991-12-29,CI,150.0,1959.0,32.0,0,0,5,WESTGATE WALK,negative_T_minus_H_minus_4y
21140,1991-12-30,CI,150.0,1954.0,37.0,0,0,5,KENSINGTON AVE,negative_T_minus_H_minus_5y
4096468,1991-12-30,XXX,13.0,1976.0,15.0,0,0,5,DONALD ST,negative_T_minus_H_minus_4y
5710,1991-12-30,CI,150.0,1958.0,33.0,0,0,5,CARWOOD AVE,negative_T_minus_H_minus_2y
80010,1991-12-30,CI,450.0,1968.0,23.0,0,0,5,LANCASTER ST W,negative_T_minus_H_minus_5y
8420,1991-12-30,CI,300.0,1967.0,24.0,0,0,5,COURTLAND AVE E,negative_T_minus_H_minus_5y
17720,1991-12-31,CI,150.0,1957.0,34.0,0,0,5,GUELPH ST,negative_T_minus_H_minus_4y
32090,1991-12-31,CI,150.0,1962.0,29.0,0,0,5,RANDERSON AVE,negative_T_minus_H_minus_1y
33810,1991-12-31,CI,150.0,1964.0,27.0,0,0,5,RUTHERFORD DR,negative_T_minus_H_minus_3y
64610,1991-12-31,PVC,150.0,1970.0,21.0,1,0,5,INGLESIDE DR,negative_T_minus_H_minus_3y
20280,1992-01-01,CI,150.0,1967.0,25.0,0,0,5,INDIAN RD,negative_T_minus_H_minus_3y
29860,1992-01-01,CI,150.0,1964.0,28.0,0,1,5,OWEN AVE,positive_T_minus_H
33540,1992-01-01,CI,150.0,1959.0,33.0,0,1,5,ROSS AVE,positive_T_minus_H
41030,1992-01-01,CI,150.0,1952.0,40.0,0,0,5,WEBER ST E,negative_T_minus_H_minus_2y
11630,1992-01-02,CI,150.0,1956.0,36.0,0,0,5,EIGHTH AVE,negative_T_minus_H_minus_3y
14870,1992-01-02,CI,200.0,1962.0,30.0,0,0,5,FOREST HILL DR,negative_T_minus_H_minus_5y
31890,1992-01-02,CI,150.0,1966.0,26.0,0,1,5,QUEENSTON DR,positive_T_minus_H
29200,1992-01-03,CI,150.0,1952.0,40.0,0,0,5,OTTAWA ST N,negative_T_minus_H_minus_3y
78886,1992-01-03,DI,300.0,1974.0,18.0,0,0,5,GLASGOW ST,negative_T_minus_H_minus_3y
5630,1992-01-04,DI,200.0,1966.0,26.0,0,0,5,LORRAINE AVE,negative_T_minus_H_minus_4y
14850,1992-01-05,CI,200.0,1962.0,30.0,0,0,5,FOREST HILL DR,negative_T_minus_H_minus_1y
20990,1992-01-05,CI,150.0,1967.0,25.0,0,0,5,KELLY DR,negative_T_minus_H_minus_3y
37550,1992-01-05,CI,150.0,1965.0,27.0,0,1,5,TECUMSEH CRES,positive_T_minus_H
39010,1992-01-05,CI,200.0,1959.0,33.0,0,0,5,VANIER DR,negative_T_minus_H_minus_1y
15450,1992-01-06,CI,150.0,1957.0,35.0,0,0,5,FRANKLIN ST S,negative_T_minus_H_minus_4y
37230,1992-01-06,CI,150.0,1961.0,31.0,0,0,5,SWEETBRIAR DR,negative_T_minus_H_minus_3y
38490,1992-01-06,CI,150.0,1966.0,26.0,0,0,5,TUPPER CRES,negative_T_minus_H_minus_2y
43210,1992-01-06,CI,150.0,1953.0,39.0,0,0,5,WILFRED AVE,negative_T_minus_H_minus_3y
20260,1992-01-07,CI,150.0,1967.0,25.0,0,1,5,INDIAN RD,positive_T_minus_H
32880,1992-01-07,CI,200.0,1962.0,30.0,0,0,5,RIVERBEND DR,negative_T_minus_H_minus_2y
36960,1992-01-07,DI,150.0,1965.0,27.0,0,0,5,STRATHCONA CRES,negative_T_minus_H_minus_5y
14330,1992-01-08,CI,150.0,1953.0,39.0,0,0,5,FIFE AVE,negative_T_minus_H_minus_2y
20530,1992-01-08,CI,150.0,1947.0,45.0,0,0,5,JACKSON AVE,negative_T_minus_H_minus_4y
29200,1992-01-08,CI,150.0,1952.0,40.0,0,0,5,OTTAWA ST N,negative_T_minus_H_minus_4y
83144,1992-01-08,CI,150.0,1958.0,34.0,0,0,5,LYNDHURST DR,negative_T_minus_H_minus_4y
8780,1992-01-08,CI,150.0,1963.0,29.0,0,0,5,CYPRUS DR,negative_T_minus_H_minus_2y
95846,1992-01-08,CI,150.0,1963.0,29.0,0,0,5,BIRCHCLIFF AVE,negative_T_minus_H_minus_2y
17380,1992-01-09,CI,150.0,1953.0,39.0,0,1,5,GREENFIELD AVE,positive_T_minus_H
20030,1992-01-09,CI,150.0,1963.0,29.0,0,0,5,HUGO CRES,negative_T_minus_H_minus_1y
33490,1992-01-09,CI,150.0,1967.0,25.0,0,0,5,ROSEWOOD DR,negative_T_minus_H_minus_2y
4050,1992-01-09,CI,150.0,1955.0,37.0,0,0,5,BRANDON AVE,negative_T_minus_H_minus_5y
90616,1992-01-09,CI,200.0,1953.0,39.0,0,0,5,SECOND AVE,negative_T_minus_H_minus_2y
133896,1992-01-10,DI,150.0,1979.0,13.0,0,0,5,HILLCREST LANE,negative_T_minus_H_minus_2y
8890,1992-01-10,CI,150.0,1966.0,26.0,0,0,5,DALEWOOD DR,negative_T_minus_H_minus_2y
92678,1992-01-10,CI,100.0,1954.0,38.0,0,0,5,GOLFVIEW PL,negative_T_minus_H_minus_2y
34950,1992-01-11,CI,150.0,1965.0,27.0,0,0,5,SHUH AVE,negative_T_minus_H_minus_2y
26150,1992-01-12,DI,100.0,1969.0,23.0,0,0,5,MEADOW CRES,negative_T_minus_H_minus_4y
41030,1992-01-13,CI,150.0,1952.0,40.0,0,1,5,WEBER ST E,positive_T_minus_H
43030,1992-01-13,CI,300.0,1971.0,21.0,0,0,5,WESTWOOD DR,negative_T_minus_H_minus_2y
7190,1992-01-13,CI,150.0,1964.0,28.0,0,1,5,CHRISTINE CRES,positive_T_minus_H
92920,1992-01-13,CI,150.0,1955.0,37.0,0,0,5,DONALD ST,negative_T_minus_H_minus_1y
15430,1992-01-14,CI,300.0,1956.0,36.0,0,0,5,FRANKLIN ST N,negative_T_minus_H_minus_5y
21430,1992-01-14,CI,250.0,1889.0,103.0,0,1,5,KING ST W,positive_T_minus_H
33440,1992-01-14,CI,150.0,1959.0,33.0,0,0,5,ROSEMOUNT DR,negative_T_minus_H_minus_2y
33530,1992-01-14,CI,150.0,1959.0,33.0,0,0,5,ROSS AVE,negative_T_minus_H_minus_2y
33920,1992-01-14,CI,150.0,1954.0,38.0,0,0,5,SANDRA AVE,negative_T_minus_H_minus_2y
40440,1992-01-15,CI,150.0,1988.0,4.0,0,1,5,WARREN RD,positive_T_minus_H
85016,1992-01-15,CI,150.0,1967.0,25.0,0,1,5,THALER AVE,positive_T_minus_H
18690,1992-01-16,CI,150.0,1960.0,32.0,0,0,5,HICKSON DR,negative_T_minus_H_minus_2y
36490,1992-01-16,CI,150.0,1962.0,30.0,0,0,5,STONYBROOK DR,negative_T_minus_H_minus_3y
89516,1992-01-16,CI,150.0,1966.0,26.0,0,0,5,CONWAY DR,negative_T_minus_H_minus_5y
3880,1992-01-17,CI,150.0,1925.0,67.0,0,0,5,BORDEN AVE S,negative_T_minus_H_minus_4y
78074,1992-01-17,CI,150.0,1925.0,67.0,0,0,5,AHRENS ST W,negative_T_minus_H_minus_3y
24390,1992-01-18,CI,150.0,1948.0,44.0,0,0,5,LANG CRES,negative_T_minus_H_minus_1y
4430,1992-01-18,DI,150.0,1952.0,40.0,0,0,5,BRICK ST,negative_T_minus_H_minus_3y
290,1992-01-19,CI,150.0,1958.0,34.0,1,1,5,ABERDEEN RD,positive_T_minus_H
33550,1992-01-19,CI,150.0,1959.0,33.0,0,0,5,ROSS AVE,negative_T_minus_H_minus_2y
34670,1992-01-19,CI,150.0,1946.0,46.0,0,0,5,SHELDON AVE N,negative_T_minus_H_minus_4y
19730,1992-01-20,CI,150.0,1967.0,25.0,0,0,5,HOLBORN DR,negative_T_minus_H_minus_3y
5510,1992-01-20,CI,150.0,1967.0,25.0,0,0,5,CARNABY CRES,negative_T_minus_H_minus_2y
7310,1992-01-20,CI,150.0,1956.0,36.0,0,0,5,CLAREMONT AVE,negative_T_minus_H_minus_3y
7940,1992-01-20,DI,150.0,1966.0,26.0,0,0,5,CONWAY DR,negative_T_minus_H_minus_1y
17720,1992-01-22,CI,150.0,1957.0,35.0,0,0,5,GUELPH ST,negative_T_minus_H_minus_2y
37610,1992-01-22,CI,150.0,1967.0,25.0,0,0,5,THALER AVE,negative_T_minus_H_minus_5y
4430,1992-01-22,DI,150.0,1952.0,40.0,0,0,5,BRICK ST,negative_T_minus_H_minus_2y
87330,1992-01-22,DI,300.0,1989.0,3.0,0,1,5,HIDDEN VALLEY RD,positive_T_minus_H
89516,1992-01-22,CI,150.0,1966.0,26.0,0,0,5,CONWAY DR,negative_T_minus_H_minus_1y
34680,1992-01-23,CI,150.0,1946.0,46.0,0,0,5,SHELDON AVE N,negative_T_minus_H_minus_2y
38490,1992-01-23,CI,150.0,1966.0,26.0,0,0,5,TUPPER CRES,negative_T_minus_H_minus_1y
92202,1992-01-23,CI,150.0,1967.0,25.0,0,0,5,GAY CRES,negative_T_minus_H_minus_1y
17170,1992-01-24,CI,200.0,1964.0,28.0,0,0,5,GREENBROOK DR,negative_T_minus_H_minus_5y
32160,1992-01-24,CI,150.0,1963.0,29.0,0,0,5,RENNIE DR,negative_T_minus_H_minus_1y
3450,1992-01-24,CI,300.0,1964.0,28.0,0,0,5,BLOOMINGDALE RD,negative_T_minus_H_minus_4y
4430,1992-01-24,DI,150.0,1952.0,40.0,0,0,5,BRICK ST,negative_T_minus_H_minus_2y
92734,1992-01-24,CI,150.0,1954.0,38.0,0,0,5,BYRON AVE,negative_T_minus_H_minus_3y
27560,1992-01-25,CI,150.0,1958.0,34.0,0,1,5,MUNROE ST,positive_T_minus_H
3990,1992-01-25,CI,150.0,1965.0,27.0,0,0,5,BRADLEY DR,negative_T_minus_H_minus_5y
4530,1992-01-25,CI,150.0,1958.0,34.0,0,0,5,BRIDGE ST W,negative_T_minus_H_minus_3y
86582,1992-01-25,CI,150.0,1958.0,34.0,0,0,5,HEARTH CRES,negative_T_minus_H_minus_5y
90042,1992-01-25,DI,150.0,1965.0,27.0,0,0,5,LORRAINE AVE,negative_T_minus_H_minus_3y
11070,1992-01-26,CI,300.0,1949.0,43.0,0,0,5,EAST AVE,negative_T_minus_H_minus_3y
13120,1992-01-26,DI,100.0,1960.0,32.0,0,0,5,CARWOOD CRES,negative_T_minus_H_minus_3y
33410,1992-01-26,CI,150.0,1958.0,34.0,0,0,5,ROSEMOUNT DR,negative_T_minus_H_minus_3y
3990,1992-01-26,CI,150.0,1965.0,27.0,0,0,5,BRADLEY DR,negative_T_minus_H_minus_2y
40390,1992-01-26,CI,200.0,1953.0,39.0,0,0,5,WALTON AVE,negative_T_minus_H_minus_4y
5620,1992-01-26,DI,200.0,1966.0,26.0,0,0,5,CARSON DR,negative_T_minus_H_minus_5y
91676,1992-01-26,CI,200.0,1952.0,40.0,0,0,5,NINTH AVE,negative_T_minus_H_minus_5y
20990,1992-01-27,CI,150.0,1967.0,25.0,0,0,5,KELLY DR,negative_T_minus_H_minus_5y
22620,1992-01-27,CI,200.0,1966.0,26.0,0,0,5,KNELL DR,negative_T_minus_H_minus_4y
24610,1992-01-27,CI,150.0,1958.0,34.0,0,1,5,LYNDHURST DR,positive_T_minus_H
4100648,1992-01-27,XXX,25.0,1967.0,25.0,0,0,5,MONTGOMERY RD,negative_T_minus_H_minus_3y
41030,1992-01-27,CI,150.0,1952.0,40.0,0,1,5,WEBER ST E,positive_T_minus_H
41040,1992-01-27,DI,300.0,1965.0,27.0,0,1,5,WEBER ST E,positive_T_minus_H
76747,1992-01-27,CI,150.0,1940.0,52.0,0,0,5,STIRLING AVE S,negative_T_minus_H_minus_3y
17740,1992-01-28,CI,200.0,1957.0,35.0,0,0,5,GUELPH ST,negative_T_minus_H_minus_3y
39090,1992-01-28,CI,200.0,1961.0,31.0,0,0,5,VANIER DR,negative_T_minus_H_minus_4y
76747,1992-01-28,CI,150.0,1940.0,52.0,0,0,5,STIRLING AVE S,negative_T_minus_H_minus_2y
57990,1992-01-29,CI,150.0,1959.0,33.0,0,0,5,EVERGREEN CRES,negative_T_minus_H_minus_3y
9590,1992-01-29,CI,150.0,1958.0,34.0,0,1,5,DOON RD,positive_T_minus_H
29200,1992-01-31,CI,150.0,1952.0,40.0,0,0,5,OTTAWA ST N,negative_T_minus_H_minus_3y
38550,1992-01-31,CI,150.0,1954.0,38.0,0,0,5,UNION BLVD,negative_T_minus_H_minus_2y
18120,1992-02-01,CI,150.0,1961.0,31.0,0,0,5,HAROLD AVE,negative_T_minus_H_minus_4y
7770,1992-02-01,CI,150.0,1966.0,26.0,0,0,5,CONFEDERATION DR,negative_T_minus_H_minus_3y
16150,1992-02-02,CI,150.0,1954.0,38.0,0,0,5,GERARD AVE,negative_T_minus_H_minus_4y
22880,1992-02-02,CI,300.0,1955.0,37.0,0,0,5,KRUG ST,negative_T_minus_H_minus_5y
30070,1992-02-02,DI,300.0,1978.0,14.0,0,0,5,PANDORA AVE S,negative_T_minus_H_minus_5y
33410,1992-02-03,CI,150.0,1958.0,34.0,0,0,5,ROSEMOUNT DR,negative_T_minus_H_minus_3y
5710,1992-02-04,CI,150.0,1958.0,34.0,0,0,5,CARWOOD AVE,negative_T_minus_H_minus_3y
14020,1992-02-05,DI,100.0,1958.0,34.0,0,1,5,FARMBROOK PL,positive_T_minus_H
15870,1992-02-05,DI,150.0,1969.0,23.0,0,0,5,GALLARNO CRT,negative_T_minus_H_minus_5y
28280,1992-02-05,DI,200.0,1967.0,25.0,0,0,5,OLD CHICOPEE DR,negative_T_minus_H_minus_2y
35030,1992-02-05,CI,150.0,1967.0,25.0,0,0,5,SILVERSPRING CRES,negative_T_minus_H_minus_5y
35630,1992-02-05,CI,150.0,1960.0,32.0,0,0,5,SPRINGBANK CRES,negative_T_minus_H_minus_5y
42920,1992-02-05,DI,300.0,1969.0,23.0,0,0,5,WESTWOOD DR,negative_T_minus_H_minus_5y
6710,1992-02-05,CI,100.0,1922.0,70.0,0,0,5,CHARLES ST E,negative_T_minus_H_minus_2y
85100,1992-02-05,DI,150.0,1965.0,27.0,0,1,5,STRATHCONA CRES,positive_T_minus_H
23730,1992-02-06,CI,150.0,1949.0,43.0,0,0,5,LEANDER PL,negative_T_minus_H_minus_5y
4430,1992-02-06,DI,150.0,1952.0,40.0,0,0,5,BRICK ST,negative_T_minus_H_minus_4y
8430,1992-02-06,DI,300.0,1970.0,22.0,0,0,5,COURTLAND AVE E,negative_T_minus_H_minus_3y
5240,1992-02-07,CI,150.0,1955.0,37.0,0,0,5,CAMBRIDGE AVE,negative_T_minus_H_minus_5y
7950,1992-02-07,CI,150.0,1966.0,26.0,0,0,5,CONWAY DR,negative_T_minus_H_minus_3y
8440,1992-02-07,DI,300.0,1970.0,22.0,0,0,5,COURTLAND AVE E,negative_T_minus_H_minus_3y
1190,1992-02-08,DI,150.0,1973.0,19.0,0,0,5,AUTUMN HILL CRES,negative_T_minus_H_minus_3y
92364,1992-02-08,CI,150.0,1963.0,29.0,0,0,5,WEICHEL ST,negative_T_minus_H_minus_3y
94896,1992-02-08,DI,300.0,1969.0,23.0,0,0,5,WESTWOOD DR,negative_T_minus_H_minus_5y
260,1992-02-09,CI,150.0,1955.0,37.0,0,0,5,ABERDEEN RD,negative_T_minus_H_minus_3y
40150,1992-02-09,CI,150.0,1962.0,30.0,0,0,5,VILLAGE RD,negative_T_minus_H_minus_3y
20620,1992-02-10,CI,150.0,1951.0,41.0,0,1,5,JOHNSTON ST,positive_T_minus_H
36550,1992-02-10,CI,150.0,1958.0,34.0,0,0,5,STONYBROOK DR,negative_T_minus_H_minus_3y
32170,1992-02-12,CI,150.0,1963.0,29.0,0,1,5,RENNIE DR,positive_T_minus_H
8070,1992-02-12,CI,150.0,1957.0,35.0,0,0,5,CORNELL AVE,negative_T_minus_H_minus_3y
88910,1992-02-13,CI,150.0,1965.0,27.0,0,0,5,TECUMSEH CRES,negative_T_minus_H_minus_5y
26970,1992-02-14,CI,200.0,1965.0,27.0,0,0,5,MONTCALM DR,negative_T_minus_H_minus_1y
6940,1992-02-14,CI,150.0,1960.0,32.0,0,0,5,CHARLOTTE CRES,negative_T_minus_H_minus_1y
14830,1992-02-15,CI,200.0,1962.0,30.0,0,1,5,FOREST HILL DR,positive_T_minus_H
4430,1992-02-15,DI,150.0,1952.0,40.0,0,0,5,BRICK ST,negative_T_minus_H_minus_1y
8370,1992-02-15,CI,300.0,1963.0,29.0,0,0,5,COURTLAND AVE E,negative_T_minus_H_minus_2y
90648,1992-02-15,DI,150.0,1969.0,23.0,0,0,5,ROSSFORD CRES,negative_T_minus_H_minus_5y
27910,1992-02-16,CI,100.0,1958.0,34.0,0,0,5,NOEL CRES,negative_T_minus_H_minus_2y
33550,1992-02-17,CI,150.0,1959.0,33.0,0,0,5,ROSS AVE,negative_T_minus_H_minus_2y
37620,1992-02-17,CI,150.0,1961.0,31.0,0,0,5,THALER AVE,negative_T_minus_H_minus_2y
3880,1992-02-17,CI,150.0,1925.0,67.0,0,0,5,BORDEN AVE S,negative_T_minus_H_minus_5y
57680,1992-02-17,CI,150.0,1955.0,37.0,0,0,5,EDNA ST,negative_T_minus_H_minus_4y
5830,1992-02-17,DI,150.0,1966.0,26.0,0,0,5,CECILE DR,negative_T_minus_H_minus_2y
780,1992-02-17,CI,150.0,1959.0,33.0,0,0,5,ARCHER PL,negative_T_minus_H_minus_2y
33990,1992-02-18,CI,150.0,1963.0,29.0,0,0,5,SCENIC DR,negative_T_minus_H_minus_2y
5830,1992-02-18,DI,150.0,1966.0,26.0,0,0,5,CECILE DR,negative_T_minus_H_minus_2y
18000,1992-02-19,CI,200.0,1967.0,25.0,0,0,5,HANSON AVE,negative_T_minus_H_minus_1y
31770,1992-02-19,CI,150.0,1949.0,43.0,0,0,5,QUEENS BLVD,negative_T_minus_H_minus_2y
8870,1992-02-19,DI,150.0,1972.0,20.0,0,0,5,DALEGROVE DR,negative_T_minus_H_minus_2y
23730,1992-02-20,CI,150.0,1949.0,43.0,0,0,5,LEANDER PL,negative_T_minus_H_minus_5y
33450,1992-02-20,CI,150.0,1959.0,33.0,0,0,5,ROSEMOUNT DR,negative_T_minus_H_minus_5y
4430,1992-02-20,DI,150.0,1952.0,40.0,0,0,5,BRICK ST,negative_T_minus_H_minus_1y
23480,1992-02-21,CI,150.0,1948.0,44.0,0,0,5,LANG CRES,negative_T_minus_H_minus_3y
35140,1992-02-21,CI,150.0,1953.0,39.0,0,1,5,SIXTH AVE,positive_T_minus_H
5110,1992-02-22,CI,100.0,1955.0,37.0,0,0,5,BURN PL,negative_T_minus_H_minus_1y
86368,1992-02-22,DI,150.0,1968.0,24.0,0,0,5,KIMBERLY CRES,negative_T_minus_H_minus_4y
20530,1992-02-23,CI,150.0,1947.0,45.0,0,0,5,JACKSON AVE,negative_T_minus_H_minus_4y
36530,1992-02-23,CI,150.0,1958.0,34.0,0,0,5,STONYBROOK DR,negative_T_minus_H_minus_5y
15330,1992-02-25,CI,300.0,1963.0,29.0,0,0,5,FRANKLIN ST N,negative_T_minus_H_minus_1y
37140,1992-02-25,CI,100.0,1954.0,38.0,0,0,5,SUNSET PL,negative_T_minus_H_minus_3y
17070,1992-02-26,CI,150.0,1959.0,33.0,0,0,5,GRAYSTONE AVE,negative_T_minus_H_minus_4y
31910,1992-02-28,CI,150.0,1966.0,26.0,0,0,5,QUEENSTON DR,negative_T_minus_H_minus_3y
33410,1992-02-29,CI,150.0,1958.0,34.0,0,0,5,ROSEMOUNT DR,negative_T_minus_H_minus_3y
76519,1992-03-01,CI,150.0,1968.0,24.0,0,1,5,HALIFAX DR,positive_T_minus_H
29110,1992-03-02,CI,100.0,1955.0,37.0,0,0,5,ORCHARD PARK CRES,negative_T_minus_H_minus_1y
23980,1992-03-05,CI,100.0,1961.0,31.0,0,0,5,LINTON PL,negative_T_minus_H_minus_5y
15830,1992-03-06,CI,150.0,1967.0,25.0,0,0,5,FURNESS DR,negative_T_minus_H_minus_2y
21210,1992-03-07,CI,150.0,1958.0,34.0,0,0,5,KENWOOD DR,negative_T_minus_H_minus_3y
7970,1992-03-08,CI,150.0,1966.0,26.0,0,1,5,CONWAY DR,positive_T_minus_H
23980,1992-03-09,CI,100.0,1961.0,31.0,0,0,5,LINTON PL,negative_T_minus_H_minus_4y
23480,1992-03-10,CI,150.0,1948.0,44.0,0,1,5,LANG CRES,positive_T_minus_H
29790,1992-03-10,CI,150.0,1967.0,25.0,0,0,5,OVERLEA DR,negative_T_minus_H_minus_5y
3490,1992-03-11,CI,100.0,1951.0,41.0,0,0,5,BLUCHER ST,negative_T_minus_H_minus_4y
21210,1992-03-12,CI,150.0,1958.0,34.0,0,0,5,KENWOOD DR,negative_T_minus_H_minus_2y
21970,1992-03-13,CPP,450.0,1988.0,4.0,0,0,5,KING ST E,negative_T_minus_H_minus_3y
37620,1992-03-13,CI,150.0,1961.0,31.0,0,0,5,THALER AVE,negative_T_minus_H_minus_4y
66360,1992-03-13,PVC,150.0,1965.0,27.0,0,0,5,CHAPEL HILL DR,negative_T_minus_H_minus_5y
32860,1992-03-14,DI,200.0,1974.0,18.0,0,0,5,,negative_T_minus_H_minus_4y
64610,1992-03-14,PVC,150.0,1970.0,22.0,1,0,5,INGLESIDE DR,negative_T_minus_H_minus_3y
34220,1992-03-17,CI,150.0,1963.0,29.0,0,0,5,SECORD AVE,negative_T_minus_H_minus_1y
7290,1992-03-19,CI,100.0,1956.0,36.0,0,0,5,CLAREMONT AVE,negative_T_minus_H_minus_4y
8940,1992-03-19,CI,150.0,1964.0,28.0,0,0,5,DANIEL AVE,negative_T_minus_H_minus_1y
20090,1992-03-20,CI,150.0,1966.0,26.0,0,0,5,HUNTLEY CRES,negative_T_minus_H_minus_1y
76519,1992-03-20,CI,150.0,1968.0,24.0,0,1,5,HALIFAX DR,positive_T_minus_H
80774,1992-03-20,DI,300.0,1978.0,14.0,0,0,5,VICTORIA ST N,negative_T_minus_H_minus_4y
23530,1992-03-21,CI,150.0,1964.0,28.0,0,0,5,LARKSPUR CRES,negative_T_minus_H_minus_4y
17800,1992-03-24,CI,150.0,1966.0,26.0,0,0,5,HALIFAX DR,negative_T_minus_H_minus_1y
4101323,1992-03-26,XXX,13.0,1965.0,27.0,0,0,5,CLOVERDALE CRES,negative_T_minus_H_minus_4y
6940,1992-03-26,CI,150.0,1960.0,32.0,0,0,5,CHARLOTTE CRES,negative_T_minus_H_minus_1y
7160,1992-03-27,DI,150.0,1968.0,24.0,0,1,5,CHOPIN DR,positive_T_minus_H
32160,1992-03-28,CI,150.0,1963.0,29.0,0,1,5,RENNIE DR,positive_T_minus_H
5610,1992-03-28,DI,200.0,1966.0,26.0,0,0,5,CARSON DR,negative_T_minus_H_minus_1y
26010,1992-03-29,CI,150.0,1967.0,25.0,0,0,5,MCGEE AVE,negative_T_minus_H_minus_5y
5610,1992-03-31,DI,200.0,1966.0,26.0,0,0,5,CARSON DR,negative_T_minus_H_minus_1y
42910,1992-04-02,DI,300.0,1969.0,23.0,0,0,5,WESTWOOD DR,negative_T_minus_H_minus_5y
21140,1992-04-06,CI,150.0,1954.0,38.0,0,0,5,KENSINGTON AVE,negative_T_minus_H_minus_3y
18210,1992-04-09,CI,200.0,1967.0,25.0,0,1,5,HAYWARD AVE,positive_T_minus_H
20520,1992-04-09,CI,150.0,1947.0,45.0,0,0,5,JACKSON AVE,negative_T_minus_H_minus_2y
76747,1992-04-09,CI,150.0,1940.0,52.0,0,1,5,STIRLING AVE S,positive_T_minus_H
20520,1992-04-10,CI,150.0,1947.0,45.0,0,0,5,JACKSON AVE,negative_T_minus_H_minus_2y
14950,1992-04-15,CI,150.0,1958.0,34.0,0,1,5,FOREST HILL DR,positive_T_minus_H
61814,1992-04-15,CI,150.0,1967.0,25.0,0,0,5,CARSON DR,negative_T_minus_H_minus_5y
82752,1992-04-15,CI,300.0,1964.0,28.0,0,1,5,GAGE AVE,positive_T_minus_H
8860,1992-04-18,DI,150.0,1969.0,23.0,0,1,5,DALEGROVE DR,positive_T_minus_H
30520,1992-04-21,CI,150.0,1966.0,26.0,0,0,5,PENROSE AVE,negative_T_minus_H_minus_2y
18300,1992-04-25,DI,300.0,1968.0,24.0,0,0,5,HAZELGLEN DR,negative_T_minus_H_minus_4y
42160,1992-05-05,DI,300.0,1973.0,19.0,0,0,5,WESTHEIGHTS DR,negative_T_minus_H_minus_1y
4430,1992-05-05,DI,150.0,1952.0,40.0,0,1,5,BRICK ST,positive_T_minus_H
23470,1992-05-07,CI,150.0,1961.0,31.0,0,0,5,LANG CRES,negative_T_minus_H_minus_2y
24390,1992-05-07,CI,150.0,1948.0,44.0,0,0,5,LANG CRES,negative_T_minus_H_minus_2y
76729,1992-05-09,DI,150.0,1967.0,25.0,0,0,5,HAYWARD AVE,negative_T_minus_H_minus_3y
18310,1992-05-10,DI,300.0,1969.0,23.0,0,0,5,HAZELGLEN DR,negative_T_minus_H_minus_1y
26080,1992-05-11,CI,150.0,1950.0,42.0,0,0,5,MCKENZIE AVE,negative_T_minus_H_minus_4y
78154,1992-05-11,AC,450.0,1952.0,40.0,0,0,5,HOWE DR,negative_T_minus_H_minus_3y
61893,1992-05-12,AC,750.0,1970.0,22.0,0,0,5,WESTMOUNT RD E,negative_T_minus_H_minus_3y
76729,1992-05-12,DI,150.0,1967.0,25.0,0,0,5,HAYWARD AVE,negative_T_minus_H_minus_1y
84006,1992-05-12,DI,150.0,1967.0,25.0,0,0,5,HAYWARD AVE,negative_T_minus_H_minus_1y
2000,1992-05-13,CI,300.0,1957.0,35.0,0,0,5,BELMONT AVE W,negative_T_minus_H_minus_2y
92554,1992-05-16,CI,150.0,1958.0,34.0,0,0,5,WEDGEWOOD DR,negative_T_minus_H_minus_3y
2860,1992-05-21,CI,150.0,1963.0,29.0,0,0,5,BIRCHCLIFF AVE,negative_T_minus_H_minus_2y
21170,1992-05-22,CI,150.0,1926.0,66.0,0,0,5,KENT AVE,negative_T_minus_H_minus_5y
15440,1992-05-25,CI,150.0,1957.0,35.0,0,0,5,FRANKLIN ST S,negative_T_minus_H_minus_3y
37070,1992-05-28,CI,150.0,1964.0,28.0,0,0,5,SUMMIT AVE,negative_T_minus_H_minus_4y
18250,1992-05-29,DI,300.0,1969.0,23.0,0,0,5,HAZELGLEN DR,negative_T_minus_H_minus_4y
3440,1992-05-30,CI,300.0,1964.0,28.0,0,0,5,BLOOMINGDALE RD,negative_T_minus_H_minus_3y
16550,1992-05-31,CI,150.0,1969.0,23.0,0,0,5,GLEN LAKE CRES,negative_T_minus_H_minus_4y
32070,1992-06-01,DI,150.0,1971.0,21.0,0,0,5,RAMBLEWOOD WAY,negative_T_minus_H_minus_4y
8630,1992-06-01,DI,300.0,1989.0,3.0,0,0,5,CRESTVIEW PL,negative_T_minus_H_minus_2y
29620,1992-06-07,CI,150.0,1929.0,63.0,0,0,5,OTTAWA ST S,negative_T_minus_H_minus_2y
7150,1992-06-09,DI,150.0,1968.0,24.0,0,1,5,CHOPIN DR,positive_T_minus_H
86012,1992-06-10,DI,150.0,1970.0,22.0,0,1,5,GLEN PARK CRES,positive_T_minus_H
34900,1992-06-17,CI,150.0,1960.0,32.0,0,1,5,SHIRLEY AVE,positive_T_minus_H
42630,1992-06-20,DI,300.0,1968.0,24.0,0,0,5,WESTMOUNT RD E,negative_T_minus_H_minus_3y
19710,1992-06-24,DI,150.0,1967.0,25.0,0,0,5,HOLBORN DR,negative_T_minus_H_minus_4y
33920,1992-06-24,CI,150.0,1954.0,38.0,0,0,5,SANDRA AVE,negative_T_minus_H_minus_4y
24390,1992-06-26,CI,150.0,1948.0,44.0,0,1,5,LANG CRES,positive_T_minus_H
82752,1992-06-27,CI,300.0,1964.0,28.0,0,1,5,GAGE AVE,positive_T_minus_H
18310,1992-06-28,DI,300.0,1969.0,23.0,0,0,5,HAZELGLEN DR,negative_T_minus_H_minus_2y
2500,1992-06-28,DI,300.0,1970.0,22.0,0,1,5,CHARLES ST E,positive_T_minus_H
21040,1992-06-29,CI,150.0,1958.0,34.0,0,0,5,KENNETH AVE,negative_T_minus_H_minus_1y
5160,1992-06-29,CI,150.0,1963.0,29.0,0,0,5,BUTTONWOOD DR,negative_T_minus_H_minus_4y
31100,1992-07-02,CI,150.0,1964.0,28.0,0,1,5,PRINCE ST,positive_T_minus_H
8870,1992-07-05,DI,150.0,1972.0,20.0,0,0,5,DALEGROVE DR,negative_T_minus_H_minus_2y
8400,1992-07-06,CI,300.0,1967.0,25.0,0,0,5,COURTLAND AVE E,negative_T_minus_H_minus_3y
87366,1992-07-06,CPP,1200.0,1989.0,3.0,0,1,5,BLEAMS RD,positive_T_minus_H
23370,1992-07-07,CI,150.0,1923.0,69.0,0,0,5,LANCASTER ST W,negative_T_minus_H_minus_1y
33050,1992-07-07,CI,300.0,1935.0,57.0,0,0,5,ROCKWAY DR,negative_T_minus_H_minus_1y
76569,1992-07-07,CI,250.0,1889.0,103.0,0,0,5,KING ST W,negative_T_minus_H_minus_2y
5700,1992-07-09,CI,150.0,1958.0,34.0,0,0,5,CARWOOD AVE,negative_T_minus_H_minus_4y
20670,1992-07-11,CI,200.0,1965.0,27.0,0,1,5,JOSEPH ST,positive_T_minus_H
16540,1992-07-12,DI,150.0,1970.0,22.0,0,0,5,GLEN AVON CRES,negative_T_minus_H_minus_2y
33920,1992-07-22,CI,150.0,1954.0,38.0,0,0,5,SANDRA AVE,negative_T_minus_H_minus_5y
42320,1992-07-24,DI,200.0,1975.0,17.0,0,0,5,WESTHEIGHTS DR,negative_T_minus_H_minus_2y
64610,1992-07-28,PVC,150.0,1970.0,22.0,1,0,5,INGLESIDE DR,negative_T_minus_H_minus_2y
86864,1992-07-28,DI,150.0,1968.0,24.0,0,0,5,MARKWOOD DR,negative_T_minus_H_minus_2y
38270,1992-07-29,DI,300.0,1973.0,19.0,0,0,5,TRILLIUM DR,negative_T_minus_H_minus_2y
43480,1992-07-29,CI,200.0,1958.0,34.0,0,0,5,WILSON AVE,negative_T_minus_H_minus_4y
41640,1992-07-31,DI,200.0,1975.0,17.0,0,0,5,WELLINGTON ST N,negative_T_minus_H_minus_4y
15110,1992-08-03,DI,150.0,1977.0,15.0,0,0,5,FORFAR AVE,negative_T_minus_H_minus_3y
42320,1992-08-03,DI,200.0,1975.0,17.0,0,0,5,WESTHEIGHTS DR,negative_T_minus_H_minus_3y
16080,1992-08-05,DI,150.0,1976.0,16.0,0,0,5,GEORGIAN CRES,negative_T_minus_H_minus_4y
4104575,1992-08-11,XXX,25.0,1974.0,18.0,0,0,5,WESTHEIGHTS DR,negative_T_minus_H_minus_1y
90576,1992-08-11,DI,150.0,1970.0,22.0,0,0,5,GLEN AVON CRES,negative_T_minus_H_minus_1y
90576,1992-08-13,DI,150.0,1970.0,22.0,0,0,5,GLEN AVON CRES,negative_T_minus_H_minus_1y
92238,1992-08-17,DI,150.0,1972.0,20.0,0,0,5,HILLBROOK CRES,negative_T_minus_H_minus_2y
64610,1992-08-20,PVC,150.0,1970.0,22.0,1,0,5,INGLESIDE DR,negative_T_minus_H_minus_1y
20330,1992-08-23,DI,150.0,1969.0,23.0,0,0,5,INGLESIDE DR,negative_T_minus_H_minus_1y
21390,1992-08-23,CI,250.0,1889.0,103.0,0,0,5,KING ST W,negative_T_minus_H_minus_4y
23310,1992-08-23,CI,450.0,1937.0,55.0,0,0,5,LANCASTER ST W,negative_T_minus_H_minus_5y
87596,1992-08-24,DI,300.0,1978.0,14.0,0,0,5,CHARLES ST E,negative_T_minus_H_minus_4y
83918,1992-08-26,CI,150.0,1963.0,29.0,0,0,5,VOLTA AVE,negative_T_minus_H_minus_5y
33470,1992-08-27,DI,150.0,1974.0,18.0,0,0,5,ROSENEATH CRES,negative_T_minus_H_minus_4y
86368,1992-08-28,DI,150.0,1968.0,24.0,0,0,5,KIMBERLY CRES,negative_T_minus_H_minus_2y
14090,1992-08-30,DI,200.0,1974.0,18.0,0,0,5,FARRIER DR,negative_T_minus_H_minus_2y
11060,1992-08-31,CI,300.0,1949.0,43.0,0,0,5,EAST AVE,negative_T_minus_H_minus_4y
21390,1992-09-02,CI,250.0,1889.0,103.0,0,0,5,KING ST W,negative_T_minus_H_minus_4y
26210,1992-09-04,DI,150.0,1969.0,23.0,0,0,5,MEADOWBROOK DR,negative_T_minus_H_minus_1y
32170,1992-09-05,CI,150.0,1963.0,29.0,0,1,5,RENNIE DR,positive_T_minus_H
20330,1992-09-07,DI,150.0,1969.0,23.0,0,0,5,INGLESIDE DR,negative_T_minus_H_minus_1y
8860,1992-09-07,DI,150.0,1969.0,23.0,0,1,5,DALEGROVE DR,positive_T_minus_H
21970,1992-09-08,CPP,450.0,1988.0,4.0,0,0,5,KING ST E,negative_T_minus_H_minus_3y
30530,1992-09-10,DI,150.0,1971.0,21.0,0,0,5,PEPPERWOOD CRES,negative_T_minus_H_minus_1y
8430,1992-09-11,DI,300.0,1970.0,22.0,0,1,5,COURTLAND AVE E,positive_T_minus_H
19080,1992-09-14,CI,150.0,1952.0,40.0,0,0,5,HIGHLAND RD E,negative_T_minus_H_minus_2y
25740,1992-09-18,CI,150.0,1951.0,41.0,0,0,5,MAUSSER AVE,negative_T_minus_H_minus_2y
33660,1992-09-18,DI,200.0,1973.0,19.0,0,0,5,ROYAL ORCHARD DR,negative_T_minus_H_minus_1y
3620,1992-09-19,DI,150.0,1973.0,19.0,0,0,5,BLUE SPRUCE CRT,negative_T_minus_H_minus_3y
42900,1992-09-19,DI,300.0,1969.0,23.0,0,0,5,WESTWOOD DR,negative_T_minus_H_minus_3y
18280,1992-09-25,DI,300.0,1968.0,24.0,0,0,5,HAZELGLEN DR,negative_T_minus_H_minus_3y
1430,1992-10-01,CI,150.0,1967.0,25.0,0,0,5,BALFOUR CRES,negative_T_minus_H_minus_5y
37810,1992-10-01,CI,150.0,1964.0,28.0,0,0,5,THORNRIDGE CRES,negative_T_minus_H_minus_4y
1190,1992-10-02,DI,150.0,1973.0,19.0,0,0,5,AUTUMN HILL CRES,negative_T_minus_H_minus_3y
13550,1992-10-02,CI,450.0,1961.0,31.0,0,0,5,OTTAWA ST S,negative_T_minus_H_minus_4y
35630,1992-10-03,CI,150.0,1960.0,32.0,0,0,5,SPRINGBANK CRES,negative_T_minus_H_minus_3y
11170,1992-10-04,DI,150.0,1967.0,25.0,0,0,5,EASTWOOD DR,negative_T_minus_H_minus_2y
15440,1992-10-04,CI,150.0,1957.0,35.0,0,0,5,FRANKLIN ST S,negative_T_minus_H_minus_5y
18990,1992-10-06,DI,300.0,1964.0,28.0,0,0,5,HIGHLAND RD W,negative_T_minus_H_minus_2y
20560,1992-10-07,CI,150.0,1961.0,31.0,0,0,5,JANSEN AVE,negative_T_minus_H_minus_2y
4000,1992-10-07,CI,150.0,1965.0,27.0,0,0,5,BRADLEY DR,negative_T_minus_H_minus_3y
8870,1992-10-07,DI,150.0,1972.0,20.0,0,0,5,DALEGROVE DR,negative_T_minus_H_minus_3y
13660,1992-10-12,CI,150.0,1954.0,38.0,0,0,5,ETON DR,negative_T_minus_H_minus_2y
7740,1992-10-12,DI,150.0,1966.0,26.0,0,0,5,CONFEDERATION DR,negative_T_minus_H_minus_5y
15840,1992-10-14,CI,300.0,1969.0,23.0,0,0,5,GAGE AVE,negative_T_minus_H_minus_3y
37540,1992-10-14,CI,150.0,1958.0,34.0,0,0,5,TANGLEWOOD AVE,negative_T_minus_H_minus_3y
88828,1992-10-14,CI,150.0,1967.0,25.0,0,0,5,BELWOOD CRES,negative_T_minus_H_minus_5y
20030,1992-10-15,CI,150.0,1963.0,29.0,0,0,5,HUGO CRES,negative_T_minus_H_minus_2y
40150,1992-10-15,CI,150.0,1962.0,30.0,0,0,5,VILLAGE RD,negative_T_minus_H_minus_3y
15020,1992-10-16,DI,150.0,1968.0,24.0,0,0,5,FORESTWOOD DR,negative_T_minus_H_minus_4y
25250,1992-10-18,CI,150.0,1953.0,39.0,0,0,5,MAPLEWOOD PL,negative_T_minus_H_minus_4y
33760,1992-10-18,CI,150.0,1963.0,29.0,0,1,5,RUSKVIEW RD,positive_T_minus_H
17170,1992-10-19,CI,200.0,1964.0,28.0,0,1,5,GREENBROOK DR,positive_T_minus_H
35270,1992-10-19,CI,150.0,1958.0,34.0,0,0,5,SOUTHMOOR DR,negative_T_minus_H_minus_1y
35130,1992-10-21,CI,150.0,1965.0,27.0,0,0,5,SIMPSON AVE,negative_T_minus_H_minus_2y
5040,1992-10-21,CI,150.0,1958.0,34.0,0,1,5,BURBANK RD,positive_T_minus_H
28590,1992-10-22,DI,150.0,1967.0,25.0,0,0,5,OLD YORK CRES,negative_T_minus_H_minus_4y
4040,1992-10-22,CI,150.0,1955.0,37.0,0,0,5,BRANDON AVE,negative_T_minus_H_minus_4y
61670,1992-10-23,PVC,150.0,1970.0,22.0,0,0,5,INGLESIDE DR,negative_T_minus_H_minus_1y
1230,1992-10-24,CI,150.0,1958.0,34.0,0,0,5,AVALON PL,negative_T_minus_H_minus_3y
1570,1992-10-24,CI,150.0,1964.0,28.0,0,0,5,BARBARA CRES,negative_T_minus_H_minus_3y
19590,1992-10-24,DI,150.0,1964.0,28.0,0,0,5,HOFFMAN ST,negative_T_minus_H_minus_2y
8790,1992-10-24,CI,150.0,1960.0,32.0,0,0,5,CYPRUS DR,negative_T_minus_H_minus_2y
35030,1992-10-25,CI,150.0,1967.0,25.0,0,0,5,SILVERSPRING CRES,negative_T_minus_H_minus_1y
37770,1992-10-25,CI,150.0,1953.0,39.0,0,0,5,THIRD AVE,negative_T_minus_H_minus_5y
5510,1992-10-25,CI,150.0,1967.0,25.0,0,0,5,CARNABY CRES,negative_T_minus_H_minus_1y
90210,1992-10-25,CI,150.0,1967.0,25.0,0,0,5,CARNABY CRES,negative_T_minus_H_minus_2y
93272,1992-10-27,DI,200.0,1959.0,33.0,0,0,5,HANSON AVE,negative_T_minus_H_minus_1y
14870,1992-10-28,CI,200.0,1962.0,30.0,0,0,5,FOREST HILL DR,negative_T_minus_H_minus_3y
43480,1992-10-28,CI,200.0,1958.0,34.0,0,0,5,WILSON AVE,negative_T_minus_H_minus_3y
64610,1992-10-28,PVC,150.0,1970.0,22.0,1,0,5,INGLESIDE DR,negative_T_minus_H_minus_2y
7760,1992-10-28,CI,150.0,1966.0,26.0,0,0,5,CONFEDERATION DR,negative_T_minus_H_minus_2y
11930,1992-10-29,CI,150.0,1953.0,39.0,0,0,5,EMERALD AVE,negative_T_minus_H_minus_5y
14660,1992-10-31,DI,150.0,1971.0,21.0,0,0,5,FLORAL CRES,negative_T_minus_H_minus_3y
31170,1992-10-31,CI,150.0,1954.0,38.0,0,1,5,PROSPECT AVE,positive_T_minus_H
89922,1992-10-31,CI,150.0,1961.0,31.0,0,0,5,DUNCAIRN AVE,negative_T_minus_H_minus_5y
93516,1992-11-01,CI,150.0,1974.0,18.0,0,0,5,UPLANDS DR,negative_T_minus_H_minus_1y
64610,1992-11-02,PVC,150.0,1970.0,22.0,1,0,5,INGLESIDE DR,negative_T_minus_H_minus_1y
42050,1992-11-04,CI,150.0,1959.0,33.0,0,1,5,WESTGATE WALK,positive_T_minus_H
17230,1992-11-05,CI,200.0,1957.0,35.0,0,0,5,GREENBROOK DR,negative_T_minus_H_minus_1y
24240,1992-11-05,CI,150.0,1965.0,27.0,0,1,5,LORRAINE AVE,positive_T_minus_H
20440,1992-11-06,CI,150.0,1966.0,26.0,0,1,5,INWOOD DR,positive_T_minus_H
40750,1992-11-06,DI,150.0,1966.0,26.0,0,0,5,WAYNE DR,negative_T_minus_H_minus_2y
14870,1992-11-07,CI,200.0,1962.0,30.0,0,0,5,FOREST HILL DR,negative_T_minus_H_minus_3y
15190,1992-11-07,DI,150.0,1974.0,18.0,0,0,5,FOUR SEASONS CRT,negative_T_minus_H_minus_3y
35450,1992-11-07,CI,150.0,1927.0,65.0,1,0,5,SPADINA RD W,negative_T_minus_H_minus_5y
7730,1992-11-07,CI,150.0,1966.0,26.0,0,0,5,CONFEDERATION DR,negative_T_minus_H_minus_2y
35920,1992-11-08,DI,300.0,1981.0,11.0,0,0,5,ST LEGER ST,negative_T_minus_H_minus_5y
3770,1992-11-08,CI,150.0,1967.0,25.0,0,0,5,BONNYLYN DR,negative_T_minus_H_minus_1y
42550,1992-11-08,CI,300.0,1958.0,34.0,0,0,5,WESTMOUNT RD E,negative_T_minus_H_minus_5y
9100,1992-11-08,CI,150.0,1962.0,30.0,0,0,5,DEERPARK CRES,negative_T_minus_H_minus_5y
17080,1992-11-09,DI,150.0,1977.0,15.0,0,0,5,GRAYWOOD CRT,negative_T_minus_H_minus_3y
32730,1992-11-10,CI,150.0,1959.0,33.0,0,0,5,RIVER RD E,negative_T_minus_H_minus_2y
41690,1992-11-11,CI,300.0,1929.0,63.0,0,0,5,WELLINGTON ST N,negative_T_minus_H_minus_1y
37530,1992-11-12,CI,150.0,1951.0,41.0,0,0,5,TAMROTH CLOSE,negative_T_minus_H_minus_1y
35030,1992-11-13,CI,150.0,1967.0,25.0,0,0,5,SILVERSPRING CRES,negative_T_minus_H_minus_1y
20570,1992-11-14,CI,150.0,1961.0,31.0,0,0,5,JANSEN AVE,negative_T_minus_H_minus_2y
43570,1992-11-14,CI,200.0,1954.0,38.0,0,1,5,WILSON AVE,positive_T_minus_H
19760,1992-11-15,DI,150.0,1967.0,25.0,0,0,5,HOLBORN DR,negative_T_minus_H_minus_3y
23470,1992-11-15,CI,150.0,1961.0,31.0,0,0,5,LANG CRES,negative_T_minus_H_minus_5y
64610,1992-11-15,PVC,150.0,1970.0,22.0,1,0,5,INGLESIDE DR,negative_T_minus_H_minus_2y
20470,1992-11-16,CI,150.0,1955.0,37.0,0,1,5,ISLINGTON AVE,positive_T_minus_H
36520,1992-11-16,CI,150.0,1962.0,30.0,0,0,5,STONYBROOK DR,negative_T_minus_H_minus_1y
42900,1992-11-16,DI,300.0,1969.0,23.0,0,0,5,WESTWOOD DR,negative_T_minus_H_minus_4y
19620,1992-11-17,CI,150.0,1936.0,56.0,0,1,5,HOFFMAN ST,positive_T_minus_H
3640,1992-11-17,CI,150.0,1956.0,36.0,0,1,5,BLUERIDGE AVE,positive_T_minus_H
30520,1992-11-18,CI,150.0,1966.0,26.0,0,0,5,PENROSE AVE,negative_T_minus_H_minus_3y
14840,1992-11-19,CI,200.0,1962.0,30.0,0,0,5,FOREST HILL DR,negative_T_minus_H_minus_5y
270,1992-11-20,CI,150.0,1958.0,34.0,0,0,5,ABERDEEN RD,negative_T_minus_H_minus_1y
30680,1992-11-20,CI,150.0,1959.0,33.0,0,0,5,PINECREST DR,negative_T_minus_H_minus_5y
33750,1992-11-20,CI,150.0,1963.0,29.0,0,0,5,RUSKVIEW RD,negative_T_minus_H_minus_1y
6940,1992-11-20,CI,150.0,1960.0,32.0,0,0,5,CHARLOTTE CRES,negative_T_minus_H_minus_5y
85090,1992-11-20,CI,150.0,1959.0,33.0,0,0,5,GRAYSTONE AVE,negative_T_minus_H_minus_5y
17070,1992-11-21,CI,150.0,1959.0,33.0,0,0,5,GRAYSTONE AVE,negative_T_minus_H_minus_3y
44190,1992-11-21,CI,150.0,1959.0,33.0,0,0,5,YAGER AVE,negative_T_minus_H_minus_5y
18680,1992-11-22,CI,150.0,1960.0,32.0,0,0,5,HICKSON DR,negative_T_minus_H_minus_2y
31980,1992-11-22,DI,200.0,1974.0,18.0,0,0,5,RADCLIFFE DR,negative_T_minus_H_minus_3y
82428,1992-11-22,DI,450.0,1972.0,20.0,0,0,5,STRASBURG RD,negative_T_minus_H_minus_3y
14780,1992-11-23,DI,200.0,1964.0,28.0,0,0,5,FOREST HILL DR,negative_T_minus_H_minus_1y
28590,1992-11-23,DI,150.0,1967.0,25.0,0,0,5,OLD YORK CRES,negative_T_minus_H_minus_4y
34840,1992-11-23,CI,150.0,1954.0,38.0,0,0,5,SHERWOOD AVE,negative_T_minus_H_minus_3y
38850,1992-11-23,CI,150.0,1974.0,18.0,0,0,5,UPLANDS DR,negative_T_minus_H_minus_4y
3990,1992-11-23,CI,150.0,1965.0,27.0,0,0,5,BRADLEY DR,negative_T_minus_H_minus_3y
42530,1992-11-23,CI,150.0,1959.0,33.0,0,0,5,WESTMOUNT RD E,negative_T_minus_H_minus_1y
17730,1992-11-24,CI,150.0,1957.0,35.0,0,0,5,SEREDA RD,negative_T_minus_H_minus_4y
29830,1992-11-24,DI,150.0,1966.0,26.0,0,0,5,OVERLEA DR,negative_T_minus_H_minus_2y
7760,1992-11-24,CI,150.0,1966.0,26.0,0,0,5,CONFEDERATION DR,negative_T_minus_H_minus_4y
16240,1992-11-25,CI,150.0,1962.0,30.0,0,0,5,GILMOUR CRES,negative_T_minus_H_minus_5y
57990,1992-11-25,CI,150.0,1959.0,33.0,0,0,5,EVERGREEN CRES,negative_T_minus_H_minus_1y
29630,1992-11-26,CI,150.0,1923.0,69.0,0,1,5,OTTAWA ST S,positive_T_minus_H
38850,1992-11-26,CI,150.0,1974.0,18.0,0,0,5,UPLANDS DR,negative_T_minus_H_minus_5y
5510,1992-11-26,CI,150.0,1967.0,25.0,0,1,5,CARNABY CRES,positive_T_minus_H
25340,1992-11-27,CI,200.0,1904.0,88.0,0,0,5,MARGARET AVE,negative_T_minus_H_minus_5y
64130,1992-11-27,CI,150.0,1966.0,26.0,0,0,5,INVERNESS DR,negative_T_minus_H_minus_1y
7140,1992-11-27,DI,150.0,1965.0,27.0,0,0,5,CHICOPEE TERR,negative_T_minus_H_minus_2y
4000,1992-11-28,CI,150.0,1965.0,27.0,0,1,5,BRADLEY DR,positive_T_minus_H
900,1992-11-28,CI,150.0,1953.0,39.0,0,0,5,ARLINGTON BLVD,negative_T_minus_H_minus_2y
22490,1992-11-30,CI,150.0,1960.0,32.0,0,0,5,KINZIE AVE,negative_T_minus_H_minus_3y
7300,1992-11-30,CI,150.0,1956.0,36.0,0,1,5,CLAREMONT AVE,positive_T_minus_H
2860,1992-12-01,CI,150.0,1963.0,29.0,0,0,5,BIRCHCLIFF AVE,negative_T_minus_H_minus_4y
8870,1992-12-01,DI,150.0,1972.0,20.0,0,0,5,DALEGROVE DR,negative_T_minus_H_minus_5y
18320,1992-12-02,CI,150.0,1958.0,34.0,0,0,5,HEARTH CRES,negative_T_minus_H_minus_3y
31750,1992-12-02,CI,150.0,1954.0,38.0,0,0,5,QUEENS BLVD,negative_T_minus_H_minus_5y
30440,1992-12-03,CI,150.0,1962.0,30.0,0,0,5,PEACHWOOD CRT,negative_T_minus_H_minus_5y
40390,1992-12-03,CI,200.0,1953.0,39.0,0,0,5,WALTON AVE,negative_T_minus_H_minus_5y
5250,1992-12-03,CI,150.0,1954.0,38.0,0,0,5,CAMBRIDGE AVE,negative_T_minus_H_minus_2y
5620,1992-12-03,DI,200.0,1966.0,26.0,0,0,5,CARSON DR,negative_T_minus_H_minus_5y
19740,1992-12-04,CI,150.0,1967.0,25.0,0,1,5,HOLBORN DR,positive_T_minus_H
42890,1992-12-04,CI,150.0,1966.0,26.0,0,0,5,WESTWOOD CRES,negative_T_minus_H_minus_3y
780,1992-12-04,CI,150.0,1959.0,33.0,0,0,5,ARCHER PL,negative_T_minus_H_minus_5y
85432,1992-12-04,CI,150.0,1971.0,21.0,0,0,5,BROOKSIDE CRES,negative_T_minus_H_minus_1y
41000,1992-12-06,CI,150.0,1948.0,44.0,0,0,5,WEBER ST E,negative_T_minus_H_minus_5y
34890,1992-12-07,DI,300.0,1979.0,13.0,0,0,5,SHIRLEY AVE,negative_T_minus_H_minus_5y
92920,1992-12-08,CI,150.0,1955.0,37.0,0,0,5,DONALD ST,negative_T_minus_H_minus_3y
27810,1992-12-09,CI,150.0,1960.0,32.0,0,0,5,NINE PINES RD,negative_T_minus_H_minus_2y
32320,1992-12-09,CI,150.0,1960.0,32.0,0,1,5,RIPPLEWOOD CRES,positive_T_minus_H
9520,1992-12-09,CI,150.0,1955.0,37.0,0,0,5,DONALD ST,negative_T_minus_H_minus_5y
18160,1992-12-10,CI,100.0,1954.0,38.0,0,0,5,HARTWOOD PL,negative_T_minus_H_minus_3y
33760,1992-12-10,CI,150.0,1963.0,29.0,0,1,5,RUSKVIEW RD,positive_T_minus_H
34860,1992-12-10,CI,150.0,1954.0,38.0,0,1,5,SHERWOOD AVE,positive_T_minus_H
20580,1992-12-11,CI,150.0,1970.0,22.0,0,0,5,JANSEN AVE,negative_T_minus_H_minus_2y
27830,1992-12-11,CI,200.0,1961.0,31.0,0,0,5,NINTH AVE,negative_T_minus_H_minus_4y
43480,1992-12-11,CI,200.0,1958.0,34.0,0,0,5,WILSON AVE,negative_T_minus_H_minus_5y
15440,1992-12-12,CI,150.0,1957.0,35.0,0,0,5,FRANKLIN ST S,negative_T_minus_H_minus_5y
18700,1992-12-12,CI,150.0,1960.0,32.0,0,1,5,HICKSON DR,positive_T_minus_H
27420,1992-12-12,DI,200.0,1972.0,20.0,0,0,5,MORRISON RD,negative_T_minus_H_minus_5y
290,1992-12-12,CI,150.0,1958.0,34.0,1,1,5,ABERDEEN RD,positive_T_minus_H
29790,1992-12-12,CI,150.0,1967.0,25.0,0,0,5,OVERLEA DR,negative_T_minus_H_minus_5y
13650,1992-12-13,CI,150.0,1955.0,37.0,0,0,5,ETON DR,negative_T_minus_H_minus_4y
14280,1992-12-14,CI,200.0,1959.0,33.0,0,0,5,FERGUS AVE,negative_T_minus_H_minus_5y
14850,1992-12-14,CI,200.0,1962.0,30.0,0,0,5,FOREST HILL DR,negative_T_minus_H_minus_2y
5190,1992-12-14,CI,150.0,1962.0,30.0,0,1,5,CAIT AVE,positive_T_minus_H
5720,1992-12-15,CI,150.0,1960.0,32.0,0,0,5,CARWOOD AVE,negative_T_minus_H_minus_1y
8800,1992-12-15,CI,150.0,1960.0,32.0,0,0,5,CYPRUS DR,negative_T_minus_H_minus_4y
17290,1992-12-16,CI,300.0,1957.0,35.0,0,0,5,GREENBROOK DR,negative_T_minus_H_minus_1y
24260,1992-12-16,DI,150.0,1965.0,27.0,0,0,5,LORRAINE AVE,negative_T_minus_H_minus_3y
28270,1992-12-16,DI,200.0,1967.0,25.0,0,0,5,OLD CHICOPEE DR,negative_T_minus_H_minus_2y
36510,1992-12-16,CI,150.0,1962.0,30.0,0,1,5,STONYBROOK DR,positive_T_minus_H
14390,1992-12-18,CI,150.0,1957.0,35.0,0,0,5,FIRST AVE,negative_T_minus_H_minus_3y
21870,1992-12-18,CI,100.0,1937.0,55.0,0,0,5,KING ST E,negative_T_minus_H_minus_1y
36530,1992-12-18,CI,150.0,1958.0,34.0,0,0,5,STONYBROOK DR,negative_T_minus_H_minus_5y
36540,1992-12-18,CI,150.0,1958.0,34.0,0,0,5,STONYBROOK DR,negative_T_minus_H_minus_1y
92028,1992-12-18,CI,150.0,1957.0,35.0,0,0,5,CORNELL AVE,negative_T_minus_H_minus_1y
440,1992-12-19,DI,300.0,1978.0,14.0,0,0,5,SCHWEITZER ST,negative_T_minus_H_minus_2y
83874,1992-12-19,CI,200.0,1953.0,39.0,0,0,5,VANIER DR,negative_T_minus_H_minus_5y
9450,1992-12-19,CPP,600.0,1960.0,32.0,0,0,5,DIXON ST,negative_T_minus_H_minus_3y
26150,1992-12-20,DI,100.0,1969.0,23.0,0,0,5,MEADOW CRES,negative_T_minus_H_minus_5y
26520,1992-12-20,CI,150.0,1965.0,27.0,0,0,5,MIDLAND DR,negative_T_minus_H_minus_5y
59960,1992-12-20,CI,150.0,1957.0,35.0,0,0,5,GUELPH ST,negative_T_minus_H_minus_5y
88872,1992-12-20,DI,300.0,1974.0,18.0,0,0,5,BELMONT AVE W,negative_T_minus_H_minus_4y
133896,1992-12-21,DI,150.0,1979.0,13.0,0,0,5,HILLCREST LANE,negative_T_minus_H_minus_1y
29200,1992-12-21,CI,150.0,1952.0,40.0,0,0,5,OTTAWA ST N,negative_T_minus_H_minus_5y
33920,1992-12-21,CI,150.0,1954.0,38.0,0,0,5,SANDRA AVE,negative_T_minus_H_minus_4y
40740,1992-12-21,CI,150.0,1966.0,26.0,0,0,5,WAYNE DR,negative_T_minus_H_minus_1y
79750,1992-12-21,DI,150.0,1981.0,11.0,0,0,5,HILLCREST CRT,negative_T_minus_H_minus_4y
19630,1992-12-22,CI,150.0,1957.0,35.0,0,0,5,HOFFMAN ST,negative_T_minus_H_minus_3y
20580,1992-12-22,CI,150.0,1970.0,22.0,0,0,5,JANSEN AVE,negative_T_minus_H_minus_3y
29790,1992-12-22,CI,150.0,1967.0,25.0,0,0,5,OVERLEA DR,negative_T_minus_H_minus_5y
43540,1992-12-22,CI,200.0,1954.0,38.0,0,0,5,WILSON AVE,negative_T_minus_H_minus_5y
24580,1992-12-23,CI,150.0,1961.0,31.0,0,0,5,LYLE PL,negative_T_minus_H_minus_2y
26950,1992-12-23,DI,200.0,1965.0,27.0,0,0,5,MONTCALM DR,negative_T_minus_H_minus_1y
29200,1992-12-23,CI,150.0,1952.0,40.0,0,0,5,OTTAWA ST N,negative_T_minus_H_minus_1y
30980,1992-12-23,CI,150.0,1962.0,30.0,0,1,5,PLAZA CRT,positive_T_minus_H
31690,1992-12-23,CI,200.0,1966.0,26.0,0,0,5,QUEENS BLVD,negative_T_minus_H_minus_4y
4910,1992-12-23,CI,150.0,1953.0,39.0,0,0,5,BRUCE ST,negative_T_minus_H_minus_5y
5720,1992-12-23,CI,150.0,1960.0,32.0,0,0,5,CARWOOD AVE,negative_T_minus_H_minus_5y
79964,1992-12-23,CI,150.0,1948.0,44.0,0,1,5,LANG CRES,positive_T_minus_H
1330,1992-12-24,CI,200.0,1961.0,31.0,0,0,5,AVON RD,negative_T_minus_H_minus_1y
18340,1992-12-24,CI,150.0,1954.0,38.0,0,0,5,HEATHER AVE,negative_T_minus_H_minus_3y
3990,1992-12-24,CI,150.0,1965.0,27.0,0,0,5,BRADLEY DR,negative_T_minus_H_minus_1y
42890,1992-12-26,CI,150.0,1966.0,26.0,0,0,5,WESTWOOD CRES,negative_T_minus_H_minus_3y
19090,1992-12-27,CI,300.0,1955.0,37.0,0,0,5,HIGHLAND RD E,negative_T_minus_H_minus_1y
1230,1992-12-28,CI,150.0,1958.0,34.0,0,0,5,AVALON PL,negative_T_minus_H_minus_3y
28900,1992-12-28,DI,150.0,1992.0,0.0,0,0,5,OLIVER CRT,negative_T_minus_H_minus_3y
4125488,1992-12-28,XXX,25.0,1987.0,5.0,0,0,5,BIEHN DR,negative_T_minus_H_minus_2y
21140,1992-12-30,CI,150.0,1954.0,38.0,0,0,5,KENSINGTON AVE,negative_T_minus_H_minus_4y
4096468,1992-12-30,XXX,13.0,1976.0,16.0,0,0,5,DONALD ST,negative_T_minus_H_minus_3y
5710,1992-12-30,CI,150.0,1958.0,34.0,0,0,5,CARWOOD AVE,negative_T_minus_H_minus_1y
80010,1992-12-30,CI,450.0,1968.0,24.0,0,0,5,LANCASTER ST W,negative_T_minus_H_minus_4y
8420,1992-12-30,CI,300.0,1967.0,25.0,0,0,5,COURTLAND AVE E,negative_T_minus_H_minus_4y
17720,1992-12-31,CI,150.0,1957.0,35.0,0,0,5,GUELPH ST,negative_T_minus_H_minus_3y
18230,1992-12-31,DI,300.0,1968.0,24.0,0,0,5,HAZELGLEN DR,negative_T_minus_H_minus_5y
32090,1992-12-31,CI,150.0,1962.0,30.0,0,1,5,RANDERSON AVE,positive_T_minus_H
33810,1992-12-31,CI,150.0,1964.0,28.0,0,0,5,RUTHERFORD DR,negative_T_minus_H_minus_2y
64610,1992-12-31,PVC,150.0,1970.0,22.0,1,0,5,INGLESIDE DR,negative_T_minus_H_minus_2y
20280,1993-01-01,CI,150.0,1967.0,26.0,0,0,5,INDIAN RD,negative_T_minus_H_minus_2y
11630,1993-01-02,CI,150.0,1956.0,37.0,0,0,5,EIGHTH AVE,negative_T_minus_H_minus_2y
14870,1993-01-02,CI,200.0,1962.0,31.0,0,0,5,FOREST HILL DR,negative_T_minus_H_minus_4y
29200,1993-01-03,CI,150.0,1952.0,41.0,0,0,5,OTTAWA ST N,negative_T_minus_H_minus_2y
37500,1993-01-03,CI,150.0,1921.0,72.0,0,0,5,TALBOT ST,negative_T_minus_H_minus_5y
78886,1993-01-03,DI,300.0,1974.0,19.0,0,0,5,GLASGOW ST,negative_T_minus_H_minus_2y
5630,1993-01-04,DI,200.0,1966.0,27.0,0,0,5,LORRAINE AVE,negative_T_minus_H_minus_3y
14850,1993-01-05,CI,200.0,1962.0,31.0,0,1,5,FOREST HILL DR,positive_T_minus_H
20990,1993-01-05,CI,150.0,1967.0,26.0,0,0,5,KELLY DR,negative_T_minus_H_minus_2y
39010,1993-01-05,CI,200.0,1959.0,34.0,0,1,5,VANIER DR,positive_T_minus_H
15450,1993-01-06,CI,150.0,1957.0,36.0,0,0,5,FRANKLIN ST S,negative_T_minus_H_minus_3y
37230,1993-01-06,CI,150.0,1961.0,32.0,0,0,5,SWEETBRIAR DR,negative_T_minus_H_minus_2y
38490,1993-01-06,CI,150.0,1966.0,27.0,0,0,5,TUPPER CRES,negative_T_minus_H_minus_1y
43210,1993-01-06,CI,150.0,1953.0,40.0,0,0,5,WILFRED AVE,negative_T_minus_H_minus_2y
32880,1993-01-07,CI,200.0,1962.0,31.0,0,0,5,RIVERBEND DR,negative_T_minus_H_minus_1y
36960,1993-01-07,DI,150.0,1965.0,28.0,0,0,5,STRATHCONA CRES,negative_T_minus_H_minus_4y
14330,1993-01-08,CI,150.0,1953.0,40.0,0,0,5,FIFE AVE,negative_T_minus_H_minus_1y
20530,1993-01-08,CI,150.0,1947.0,46.0,0,0,5,JACKSON AVE,negative_T_minus_H_minus_3y
29200,1993-01-08,CI,150.0,1952.0,41.0,0,0,5,OTTAWA ST N,negative_T_minus_H_minus_3y
39060,1993-01-08,CI,200.0,1953.0,40.0,0,0,5,VANIER DR,negative_T_minus_H_minus_5y
83144,1993-01-08,CI,150.0,1958.0,35.0,0,0,5,LYNDHURST DR,negative_T_minus_H_minus_3y
8780,1993-01-08,CI,150.0,1963.0,30.0,0,0,5,CYPRUS DR,negative_T_minus_H_minus_1y
95846,1993-01-08,CI,150.0,1963.0,30.0,0,0,5,BIRCHCLIFF AVE,negative_T_minus_H_minus_1y
19760,1993-01-09,DI,150.0,1967.0,26.0,0,0,5,HOLBORN DR,negative_T_minus_H_minus_5y
20030,1993-01-09,CI,150.0,1963.0,30.0,0,1,5,HUGO CRES,positive_T_minus_H
33490,1993-01-09,CI,150.0,1967.0,26.0,0,0,5,ROSEWOOD DR,negative_T_minus_H_minus_1y
4050,1993-01-09,CI,150.0,1955.0,38.0,0,0,5,BRANDON AVE,negative_T_minus_H_minus_4y
90616,1993-01-09,CI,200.0,1953.0,40.0,0,0,5,SECOND AVE,negative_T_minus_H_minus_1y
133896,1993-01-10,DI,150.0,1979.0,14.0,0,0,5,HILLCREST LANE,negative_T_minus_H_minus_1y
17230,1993-01-10,CI,200.0,1957.0,36.0,0,0,5,GREENBROOK DR,negative_T_minus_H_minus_5y
800,1993-01-10,CI,150.0,1959.0,34.0,0,0,5,ARCHER PL,negative_T_minus_H_minus_5y
8890,1993-01-10,CI,150.0,1966.0,27.0,0,0,5,DALEWOOD DR,negative_T_minus_H_minus_1y
92678,1993-01-10,CI,100.0,1954.0,39.0,0,0,5,GOLFVIEW PL,negative_T_minus_H_minus_1y
34950,1993-01-11,CI,150.0,1965.0,28.0,0,0,5,SHUH AVE,negative_T_minus_H_minus_1y
26150,1993-01-12,DI,100.0,1969.0,24.0,0,0,5,MEADOW CRES,negative_T_minus_H_minus_3y
43030,1993-01-13,CI,300.0,1971.0,22.0,0,0,5,WESTWOOD DR,negative_T_minus_H_minus_1y
65470,1993-01-13,DI,300.0,1984.0,9.0,0,0,5,WHITNEY PL,negative_T_minus_H_minus_5y
92920,1993-01-13,CI,150.0,1955.0,38.0,0,1,5,DONALD ST,positive_T_minus_H
15430,1993-01-14,CI,300.0,1956.0,37.0,0,0,5,FRANKLIN ST N,negative_T_minus_H_minus_4y
33440,1993-01-14,CI,150.0,1959.0,34.0,0,0,5,ROSEMOUNT DR,negative_T_minus_H_minus_1y
33530,1993-01-14,CI,150.0,1959.0,34.0,0,0,5,ROSS AVE,negative_T_minus_H_minus_1y
33920,1993-01-14,CI,150.0,1954.0,39.0,0,0,5,SANDRA AVE,negative_T_minus_H_minus_1y
37620,1993-01-14,CI,150.0,1961.0,32.0,0,0,5,THALER AVE,negative_T_minus_H_minus_5y
440,1993-01-14,DI,300.0,1978.0,15.0,0,0,5,SCHWEITZER ST,negative_T_minus_H_minus_5y
5110,1993-01-15,CI,100.0,1955.0,38.0,0,0,5,BURN PL,negative_T_minus_H_minus_5y
18690,1993-01-16,CI,150.0,1960.0,33.0,0,0,5,HICKSON DR,negative_T_minus_H_minus_1y
36490,1993-01-16,CI,150.0,1962.0,31.0,0,0,5,STONYBROOK DR,negative_T_minus_H_minus_2y
89516,1993-01-16,CI,150.0,1966.0,27.0,0,0,5,CONWAY DR,negative_T_minus_H_minus_4y
3880,1993-01-17,CI,150.0,1925.0,68.0,0,0,5,BORDEN AVE S,negative_T_minus_H_minus_3y
78074,1993-01-17,CI,150.0,1925.0,68.0,0,0,5,AHRENS ST W,negative_T_minus_H_minus_2y
24390,1993-01-18,CI,150.0,1948.0,45.0,0,1,5,LANG CRES,positive_T_minus_H
41030,1993-01-18,CI,150.0,1952.0,41.0,0,1,5,WEBER ST E,positive_T_minus_H
33550,1993-01-19,CI,150.0,1959.0,34.0,0,0,5,ROSS AVE,negative_T_minus_H_minus_1y
34670,1993-01-19,CI,150.0,1946.0,47.0,0,0,5,SHELDON AVE N,negative_T_minus_H_minus_3y
19730,1993-01-20,CI,150.0,1967.0,26.0,0,0,5,HOLBORN DR,negative_T_minus_H_minus_2y
43210,1993-01-20,CI,150.0,1953.0,40.0,0,0,5,WILFRED AVE,negative_T_minus_H_minus_5y
7310,1993-01-20,CI,150.0,1956.0,37.0,0,0,5,CLAREMONT AVE,negative_T_minus_H_minus_2y
7940,1993-01-20,DI,150.0,1966.0,27.0,0,1,5,CONWAY DR,positive_T_minus_H
27000,1993-01-21,DI,200.0,1965.0,28.0,0,0,5,MONTCALM DR,negative_T_minus_H_minus_5y
34670,1993-01-21,CI,150.0,1946.0,47.0,0,0,5,SHELDON AVE N,negative_T_minus_H_minus_5y
17720,1993-01-22,CI,150.0,1957.0,36.0,0,0,5,GUELPH ST,negative_T_minus_H_minus_1y
37610,1993-01-22,CI,150.0,1967.0,26.0,0,0,5,THALER AVE,negative_T_minus_H_minus_4y
89516,1993-01-22,CI,150.0,1966.0,27.0,0,1,5,CONWAY DR,positive_T_minus_H
34680,1993-01-23,CI,150.0,1946.0,47.0,0,0,5,SHELDON AVE N,negative_T_minus_H_minus_1y
38490,1993-01-23,CI,150.0,1966.0,27.0,0,1,5,TUPPER CRES,positive_T_minus_H
92202,1993-01-23,CI,150.0,1967.0,26.0,0,1,5,GAY CRES,positive_T_minus_H
32160,1993-01-24,CI,150.0,1963.0,30.0,0,1,5,RENNIE DR,positive_T_minus_H
3450,1993-01-24,CI,300.0,1964.0,29.0,0,0,5,BLOOMINGDALE RD,negative_T_minus_H_minus_3y
92734,1993-01-24,CI,150.0,1954.0,39.0,0,0,5,BYRON AVE,negative_T_minus_H_minus_2y
1830,1993-01-25,CI,150.0,1952.0,41.0,0,0,5,BECKER ST,negative_T_minus_H_minus_5y
3990,1993-01-25,CI,150.0,1965.0,28.0,0,0,5,BRADLEY DR,negative_T_minus_H_minus_4y
4530,1993-01-25,CI,150.0,1958.0,35.0,0,0,5,BRIDGE ST W,negative_T_minus_H_minus_2y
86582,1993-01-25,CI,150.0,1958.0,35.0,0,0,5,HEARTH CRES,negative_T_minus_H_minus_4y
90042,1993-01-25,DI,150.0,1965.0,28.0,0,0,5,LORRAINE AVE,negative_T_minus_H_minus_2y
11070,1993-01-26,CI,300.0,1949.0,44.0,0,0,5,EAST AVE,negative_T_minus_H_minus_2y
13120,1993-01-26,DI,100.0,1960.0,33.0,0,0,5,CARWOOD CRES,negative_T_minus_H_minus_2y
2300,1993-01-26,CI,150.0,1962.0,31.0,0,0,5,BELTON DR,negative_T_minus_H_minus_5y
33410,1993-01-26,CI,150.0,1958.0,35.0,0,0,5,ROSEMOUNT DR,negative_T_minus_H_minus_2y
3990,1993-01-26,CI,150.0,1965.0,28.0,0,0,5,BRADLEY DR,negative_T_minus_H_minus_1y
40390,1993-01-26,CI,200.0,1953.0,40.0,0,0,5,WALTON AVE,negative_T_minus_H_minus_3y
5620,1993-01-26,DI,200.0,1966.0,27.0,0,0,5,CARSON DR,negative_T_minus_H_minus_4y
91676,1993-01-26,CI,200.0,1952.0,41.0,0,0,5,NINTH AVE,negative_T_minus_H_minus_4y
20990,1993-01-27,CI,150.0,1967.0,26.0,0,0,5,KELLY DR,negative_T_minus_H_minus_4y
22620,1993-01-27,CI,200.0,1966.0,27.0,0,0,5,KNELL DR,negative_T_minus_H_minus_3y
4100648,1993-01-27,XXX,25.0,1967.0,26.0,0,0,5,MONTGOMERY RD,negative_T_minus_H_minus_2y
17740,1993-01-28,CI,200.0,1957.0,36.0,0,0,5,GUELPH ST,negative_T_minus_H_minus_2y
39090,1993-01-28,CI,200.0,1961.0,32.0,0,0,5,VANIER DR,negative_T_minus_H_minus_3y
29200,1993-01-29,CI,150.0,1952.0,41.0,0,0,5,OTTAWA ST N,negative_T_minus_H_minus_5y
57990,1993-01-29,CI,150.0,1959.0,34.0,0,0,5,EVERGREEN CRES,negative_T_minus_H_minus_2y
59980,1993-01-29,CI,150.0,1933.0,60.0,0,0,5,JOSEPH ST,negative_T_minus_H_minus_5y
32900,1993-01-30,CI,300.0,1960.0,33.0,0,0,5,SHIRLEY AVE,negative_T_minus_H_minus_5y
41460,1993-01-30,CI,150.0,1958.0,35.0,0,0,5,WEDGEWOOD DR,negative_T_minus_H_minus_5y
29200,1993-01-31,CI,150.0,1952.0,41.0,0,0,5,OTTAWA ST N,negative_T_minus_H_minus_2y
31140,1993-01-31,CI,150.0,1953.0,40.0,0,0,5,PROSPECT AVE,negative_T_minus_H_minus_5y
38550,1993-01-31,CI,150.0,1954.0,39.0,0,0,5,UNION BLVD,negative_T_minus_H_minus_1y
15750,1993-02-01,CI,200.0,1958.0,35.0,0,0,5,FREDERICK ST,negative_T_minus_H_minus_5y
18120,1993-02-01,CI,150.0,1961.0,32.0,0,0,5,HAROLD AVE,negative_T_minus_H_minus_3y
36530,1993-02-01,CI,150.0,1958.0,35.0,0,0,5,STONYBROOK DR,negative_T_minus_H_minus_5y
7770,1993-02-01,CI,150.0,1966.0,27.0,0,0,5,CONFEDERATION DR,negative_T_minus_H_minus_2y
8060,1993-02-01,CI,150.0,1958.0,35.0,0,0,5,CORNELL AVE,negative_T_minus_H_minus_5y
14870,1993-02-02,CI,200.0,1962.0,31.0,0,0,5,FOREST HILL DR,negative_T_minus_H_minus_5y
16150,1993-02-02,CI,150.0,1954.0,39.0,0,0,5,GERARD AVE,negative_T_minus_H_minus_3y
21030,1993-02-02,CI,150.0,1958.0,35.0,0,0,5,KENNETH AVE,negative_T_minus_H_minus_5y
22880,1993-02-02,CI,300.0,1955.0,38.0,0,0,5,KRUG ST,negative_T_minus_H_minus_4y
30070,1993-02-02,DI,300.0,1978.0,15.0,0,0,5,PANDORA AVE S,negative_T_minus_H_minus_4y
36240,1993-02-02,CI,300.0,1957.0,36.0,0,0,5,STIRLING AVE S,negative_T_minus_H_minus_5y
33410,1993-02-03,CI,150.0,1958.0,35.0,0,0,5,ROSEMOUNT DR,negative_T_minus_H_minus_2y
36660,1993-02-03,DI,150.0,1973.0,20.0,0,0,5,STRASBURG RD,negative_T_minus_H_minus_5y
5710,1993-02-04,CI,150.0,1958.0,35.0,0,0,5,CARWOOD AVE,negative_T_minus_H_minus_2y
15870,1993-02-05,DI,150.0,1969.0,24.0,0,0,5,GALLARNO CRT,negative_T_minus_H_minus_4y
28280,1993-02-05,DI,200.0,1967.0,26.0,0,0,5,OLD CHICOPEE DR,negative_T_minus_H_minus_1y
35030,1993-02-05,CI,150.0,1967.0,26.0,0,0,5,SILVERSPRING CRES,negative_T_minus_H_minus_4y
35630,1993-02-05,CI,150.0,1960.0,33.0,0,0,5,SPRINGBANK CRES,negative_T_minus_H_minus_4y
42920,1993-02-05,DI,300.0,1969.0,24.0,0,0,5,WESTWOOD DR,negative_T_minus_H_minus_4y
43210,1993-02-05,CI,150.0,1953.0,40.0,0,0,5,WILFRED AVE,negative_T_minus_H_minus_5y
6710,1993-02-05,CI,100.0,1922.0,71.0,0,0,5,CHARLES ST E,negative_T_minus_H_minus_1y
23730,1993-02-06,CI,150.0,1949.0,44.0,0,0,5,LEANDER PL,negative_T_minus_H_minus_4y
5240,1993-02-07,CI,150.0,1955.0,38.0,0,0,5,CAMBRIDGE AVE,negative_T_minus_H_minus_4y
7950,1993-02-07,CI,150.0,1966.0,27.0,0,0,5,CONWAY DR,negative_T_minus_H_minus_2y
8440,1993-02-07,DI,300.0,1970.0,23.0,0,0,5,COURTLAND AVE E,negative_T_minus_H_minus_2y
1190,1993-02-08,DI,150.0,1973.0,20.0,0,0,5,AUTUMN HILL CRES,negative_T_minus_H_minus_2y
26260,1993-02-08,CI,150.0,1953.0,40.0,0,0,5,MELROSE AVE,negative_T_minus_H_minus_5y
31900,1993-02-08,CI,150.0,1966.0,27.0,0,0,5,QUEENSTON DR,negative_T_minus_H_minus_5y
92364,1993-02-08,CI,150.0,1963.0,30.0,0,0,5,WEICHEL ST,negative_T_minus_H_minus_2y
94896,1993-02-08,DI,300.0,1969.0,24.0,0,0,5,WESTWOOD DR,negative_T_minus_H_minus_4y
260,1993-02-09,CI,150.0,1955.0,38.0,0,0,5,ABERDEEN RD,negative_T_minus_H_minus_2y
40150,1993-02-09,CI,150.0,1962.0,31.0,0,0,5,VILLAGE RD,negative_T_minus_H_minus_2y
36550,1993-02-10,CI,150.0,1958.0,35.0,0,0,5,STONYBROOK DR,negative_T_minus_H_minus_2y
18350,1993-02-11,CI,150.0,1954.0,39.0,0,0,5,HEATHER AVE,negative_T_minus_H_minus_5y
8070,1993-02-12,CI,150.0,1957.0,36.0,0,0,5,CORNELL AVE,negative_T_minus_H_minus_2y
1830,1993-02-13,CI,150.0,1952.0,41.0,0,0,5,BECKER ST,negative_T_minus_H_minus_5y
88910,1993-02-13,CI,150.0,1965.0,28.0,0,0,5,TECUMSEH CRES,negative_T_minus_H_minus_4y
26970,1993-02-14,CI,200.0,1965.0,28.0,0,1,5,MONTCALM DR,positive_T_minus_H
6940,1993-02-14,CI,150.0,1960.0,33.0,0,1,5,CHARLOTTE CRES,positive_T_minus_H
2860,1993-02-15,CI,150.0,1963.0,30.0,0,0,5,BIRCHCLIFF AVE,negative_T_minus_H_minus_5y
4430,1993-02-15,DI,150.0,1952.0,41.0,0,1,5,BRICK ST,positive_T_minus_H
8370,1993-02-15,CI,300.0,1963.0,30.0,0,0,5,COURTLAND AVE E,negative_T_minus_H_minus_1y
90648,1993-02-15,DI,150.0,1969.0,24.0,0,0,5,ROSSFORD CRES,negative_T_minus_H_minus_4y
27910,1993-02-16,CI,100.0,1958.0,35.0,0,0,5,NOEL CRES,negative_T_minus_H_minus_1y
16000,1993-02-17,CI,150.0,1967.0,26.0,0,0,5,GAY CRES,negative_T_minus_H_minus_5y
33550,1993-02-17,CI,150.0,1959.0,34.0,0,0,5,ROSS AVE,negative_T_minus_H_minus_1y
37620,1993-02-17,CI,150.0,1961.0,32.0,0,0,5,THALER AVE,negative_T_minus_H_minus_1y
3880,1993-02-17,CI,150.0,1925.0,68.0,0,0,5,BORDEN AVE S,negative_T_minus_H_minus_4y
57680,1993-02-17,CI,150.0,1955.0,38.0,0,0,5,EDNA ST,negative_T_minus_H_minus_3y
5830,1993-02-17,DI,150.0,1966.0,27.0,0,0,5,CECILE DR,negative_T_minus_H_minus_1y
780,1993-02-17,CI,150.0,1959.0,34.0,0,0,5,ARCHER PL,negative_T_minus_H_minus_1y
85712,1993-02-17,CI,300.0,1967.0,26.0,0,0,5,HOMER WATSON BLVD,negative_T_minus_H_minus_5y
86282,1993-02-17,CI,150.0,1966.0,27.0,0,0,5,TUPPER CRES,negative_T_minus_H_minus_5y
18310,1993-02-18,DI,300.0,1969.0,24.0,0,0,5,HAZELGLEN DR,negative_T_minus_H_minus_5y
33990,1993-02-18,CI,150.0,1963.0,30.0,0,0,5,SCENIC DR,negative_T_minus_H_minus_1y
5830,1993-02-18,DI,150.0,1966.0,27.0,0,0,5,CECILE DR,negative_T_minus_H_minus_1y
16000,1993-02-19,CI,150.0,1967.0,26.0,0,0,5,GAY CRES,negative_T_minus_H_minus_5y
18000,1993-02-19,CI,200.0,1967.0,26.0,0,1,5,HANSON AVE,positive_T_minus_H
31770,1993-02-19,CI,150.0,1949.0,44.0,0,0,5,QUEENS BLVD,negative_T_minus_H_minus_1y
8870,1993-02-19,DI,150.0,1972.0,21.0,0,0,5,DALEGROVE DR,negative_T_minus_H_minus_1y
10530,1993-02-20,DI,100.0,1976.0,17.0,0,0,5,DUKE ST W,negative_T_minus_H_minus_5y
23730,1993-02-20,CI,150.0,1949.0,44.0,0,0,5,LEANDER PL,negative_T_minus_H_minus_4y
33450,1993-02-20,CI,150.0,1959.0,34.0,0,0,5,ROSEMOUNT DR,negative_T_minus_H_minus_4y
4430,1993-02-20,DI,150.0,1952.0,41.0,0,1,5,BRICK ST,positive_T_minus_H
660,1993-02-21,CI,150.0,1952.0,41.0,0,0,5,ANN ST,negative_T_minus_H_minus_5y
16670,1993-02-22,CI,150.0,1965.0,28.0,0,0,5,GLENWOOD DR,negative_T_minus_H_minus_5y
5110,1993-02-22,CI,100.0,1955.0,38.0,0,1,5,BURN PL,positive_T_minus_H
63540,1993-02-22,CI,150.0,1954.0,39.0,0,0,5,FIFE AVE,negative_T_minus_H_minus_5y
660,1993-02-22,CI,150.0,1952.0,41.0,0,0,5,ANN ST,negative_T_minus_H_minus_5y
86368,1993-02-22,DI,150.0,1968.0,25.0,0,0,5,KIMBERLY CRES,negative_T_minus_H_minus_3y
20530,1993-02-23,CI,150.0,1947.0,46.0,0,0,5,JACKSON AVE,negative_T_minus_H_minus_3y
36530,1993-02-23,CI,150.0,1958.0,35.0,0,0,5,STONYBROOK DR,negative_T_minus_H_minus_4y
15330,1993-02-25,CI,300.0,1963.0,30.0,0,1,5,FRANKLIN ST N,positive_T_minus_H
37140,1993-02-25,CI,100.0,1954.0,39.0,0,0,5,SUNSET PL,negative_T_minus_H_minus_2y
17070,1993-02-26,CI,150.0,1959.0,34.0,0,0,5,GRAYSTONE AVE,negative_T_minus_H_minus_3y
95692,1993-02-26,CI,300.0,1955.0,38.0,0,0,5,SHERWOOD AVE,negative_T_minus_H_minus_5y
80860,1993-02-27,CI,150.0,1951.0,42.0,0,0,5,VICTORIA ST N,negative_T_minus_H_minus_5y
14940,1993-02-28,CI,150.0,1958.0,35.0,0,0,5,FOREST HILL DR,negative_T_minus_H_minus_5y
31910,1993-02-28,CI,150.0,1966.0,27.0,0,0,5,QUEENSTON DR,negative_T_minus_H_minus_2y
33410,1993-02-28,CI,150.0,1958.0,35.0,0,0,5,ROSEMOUNT DR,negative_T_minus_H_minus_2y
29110,1993-03-02,CI,100.0,1955.0,38.0,0,1,5,ORCHARD PARK CRES,positive_T_minus_H
9520,1993-03-03,CI,150.0,1955.0,38.0,0,0,5,DONALD ST,negative_T_minus_H_minus_5y
23980,1993-03-05,CI,100.0,1961.0,32.0,0,0,5,LINTON PL,negative_T_minus_H_minus_4y
3990,1993-03-05,CI,150.0,1965.0,28.0,0,0,5,BRADLEY DR,negative_T_minus_H_minus_5y
15830,1993-03-06,CI,150.0,1967.0,26.0,0,0,5,FURNESS DR,negative_T_minus_H_minus_1y
21210,1993-03-07,CI,150.0,1958.0,35.0,0,0,5,KENWOOD DR,negative_T_minus_H_minus_2y
27650,1993-03-07,DI,150.0,1980.0,13.0,0,0,5,NELSON AVE,negative_T_minus_H_minus_5y
23980,1993-03-09,CI,100.0,1961.0,32.0,0,0,5,LINTON PL,negative_T_minus_H_minus_3y
20260,1993-03-10,CI,150.0,1967.0,26.0,0,1,5,INDIAN RD,positive_T_minus_H
29790,1993-03-10,CI,150.0,1967.0,26.0,0,0,5,OVERLEA DR,negative_T_minus_H_minus_4y
3490,1993-03-11,CI,100.0,1951.0,42.0,0,0,5,BLUCHER ST,negative_T_minus_H_minus_3y
4530,1993-03-11,CI,150.0,1958.0,35.0,0,0,5,BRIDGE ST W,negative_T_minus_H_minus_5y
21210,1993-03-12,CI,150.0,1958.0,35.0,0,0,5,KENWOOD DR,negative_T_minus_H_minus_1y
21970,1993-03-13,CPP,450.0,1988.0,5.0,0,0,5,KING ST E,negative_T_minus_H_minus_2y
37620,1993-03-13,CI,150.0,1961.0,32.0,0,0,5,THALER AVE,negative_T_minus_H_minus_3y
66360,1993-03-13,PVC,150.0,1965.0,28.0,0,0,5,CHAPEL HILL DR,negative_T_minus_H_minus_4y
32860,1993-03-14,DI,200.0,1974.0,19.0,0,0,5,,negative_T_minus_H_minus_3y
64610,1993-03-14,PVC,150.0,1970.0,23.0,1,0,5,INGLESIDE DR,negative_T_minus_H_minus_2y
10020,1993-03-15,CI,200.0,1963.0,30.0,0,0,5,DREGER AVE,negative_T_minus_H_minus_5y
80156,1993-03-15,DI,300.0,1993.0,0.0,0,0,5,RIVERBEND DR,negative_T_minus_H_minus_3y
34220,1993-03-17,CI,150.0,1963.0,30.0,0,1,5,SECORD AVE,positive_T_minus_H
7290,1993-03-19,CI,100.0,1956.0,37.0,0,0,5,CLAREMONT AVE,negative_T_minus_H_minus_3y
8940,1993-03-19,CI,150.0,1964.0,29.0,0,1,5,DANIEL AVE,positive_T_minus_H
20090,1993-03-20,CI,150.0,1966.0,27.0,0,1,5,HUNTLEY CRES,positive_T_minus_H
80774,1993-03-20,DI,300.0,1978.0,15.0,0,0,5,VICTORIA ST N,negative_T_minus_H_minus_3y
11600,1993-03-21,CI,150.0,1950.0,43.0,0,0,5,EDWIN ST,negative_T_minus_H_minus_5y
23530,1993-03-21,CI,150.0,1964.0,29.0,0,0,5,LARKSPUR CRES,negative_T_minus_H_minus_3y
5370,1993-03-22,DI,150.0,1982.0,11.0,0,0,5,CAMERON ST N,negative_T_minus_H_minus_5y
17290,1993-03-24,CI,300.0,1957.0,36.0,0,0,5,GREENBROOK DR,negative_T_minus_H_minus_5y
17800,1993-03-24,CI,150.0,1966.0,27.0,0,1,5,HALIFAX DR,positive_T_minus_H
59980,1993-03-24,CI,150.0,1933.0,60.0,0,0,5,JOSEPH ST,negative_T_minus_H_minus_5y
23060,1993-03-25,CI,150.0,1957.0,36.0,0,0,5,LAKESIDE DR,negative_T_minus_H_minus_5y
14000,1993-03-26,CI,150.0,1962.0,31.0,0,0,5,FALESY AVE,negative_T_minus_H_minus_5y
4101323,1993-03-26,XXX,13.0,1965.0,28.0,0,0,5,CLOVERDALE CRES,negative_T_minus_H_minus_3y
6940,1993-03-26,CI,150.0,1960.0,33.0,0,1,5,CHARLOTTE CRES,positive_T_minus_H
5610,1993-03-28,DI,200.0,1966.0,27.0,0,1,5,CARSON DR,positive_T_minus_H
26010,1993-03-29,CI,150.0,1967.0,26.0,0,0,5,MCGEE AVE,negative_T_minus_H_minus_4y
5610,1993-03-31,DI,200.0,1966.0,27.0,0,1,5,CARSON DR,positive_T_minus_H
42910,1993-04-02,DI,300.0,1969.0,24.0,0,0,5,WESTWOOD DR,negative_T_minus_H_minus_4y
21140,1993-04-06,CI,150.0,1954.0,39.0,0,0,5,KENSINGTON AVE,negative_T_minus_H_minus_2y
20520,1993-04-09,CI,150.0,1947.0,46.0,0,0,5,JACKSON AVE,negative_T_minus_H_minus_1y
20520,1993-04-10,CI,150.0,1947.0,46.0,0,0,5,JACKSON AVE,negative_T_minus_H_minus_1y
61814,1993-04-15,CI,150.0,1967.0,26.0,0,0,5,CARSON DR,negative_T_minus_H_minus_4y
30520,1993-04-21,CI,150.0,1966.0,27.0,0,0,5,PENROSE AVE,negative_T_minus_H_minus_1y
18300,1993-04-25,DI,300.0,1968.0,25.0,0,0,5,HAZELGLEN DR,negative_T_minus_H_minus_3y
18310,1993-05-01,DI,300.0,1969.0,24.0,0,0,5,HAZELGLEN DR,negative_T_minus_H_minus_5y
8870,1993-05-01,DI,150.0,1972.0,21.0,0,0,5,DALEGROVE DR,negative_T_minus_H_minus_5y
42160,1993-05-05,DI,300.0,1973.0,20.0,0,1,5,WESTHEIGHTS DR,positive_T_minus_H
23470,1993-05-07,CI,150.0,1961.0,32.0,0,0,5,LANG CRES,negative_T_minus_H_minus_1y
4730,1993-05-07,CI,150.0,1953.0,40.0,0,0,5,BROADVIEW AVE,negative_T_minus_H_minus_5y
76729,1993-05-09,DI,150.0,1967.0,26.0,0,0,5,HAYWARD AVE,negative_T_minus_H_minus_2y
18310,1993-05-10,DI,300.0,1969.0,24.0,0,1,5,HAZELGLEN DR,positive_T_minus_H
26080,1993-05-11,CI,150.0,1950.0,43.0,0,0,5,MCKENZIE AVE,negative_T_minus_H_minus_3y
78154,1993-05-11,AC,450.0,1952.0,41.0,0,0,5,HOWE DR,negative_T_minus_H_minus_2y
61893,1993-05-12,AC,750.0,1970.0,23.0,0,0,5,WESTMOUNT RD E,negative_T_minus_H_minus_2y
76729,1993-05-12,DI,150.0,1967.0,26.0,0,1,5,HAYWARD AVE,positive_T_minus_H
84006,1993-05-12,DI,150.0,1967.0,26.0,0,1,5,HAYWARD AVE,positive_T_minus_H
2000,1993-05-13,CI,300.0,1957.0,36.0,0,0,5,BELMONT AVE W,negative_T_minus_H_minus_1y
7950,1993-05-14,CI,150.0,1966.0,27.0,0,0,5,CONWAY DR,negative_T_minus_H_minus_5y
92554,1993-05-16,CI,150.0,1958.0,35.0,0,0,5,WEDGEWOOD DR,negative_T_minus_H_minus_2y
2860,1993-05-21,CI,150.0,1963.0,30.0,0,0,5,BIRCHCLIFF AVE,negative_T_minus_H_minus_1y
21170,1993-05-22,CI,150.0,1926.0,67.0,0,0,5,KENT AVE,negative_T_minus_H_minus_4y
15440,1993-05-25,CI,150.0,1957.0,36.0,0,0,5,FRANKLIN ST S,negative_T_minus_H_minus_2y
4010,1993-05-26,CI,150.0,1965.0,28.0,0,0,5,BRADLEY DR,negative_T_minus_H_minus_5y
37070,1993-05-28,CI,150.0,1964.0,29.0,0,0,5,SUMMIT AVE,negative_T_minus_H_minus_3y
18250,1993-05-29,DI,300.0,1969.0,24.0,0,0,5,HAZELGLEN DR,negative_T_minus_H_minus_3y
3440,1993-05-30,CI,300.0,1964.0,29.0,0,0,5,BLOOMINGDALE RD,negative_T_minus_H_minus_2y
16550,1993-05-31,CI,150.0,1969.0,24.0,0,0,5,GLEN LAKE CRES,negative_T_minus_H_minus_3y
32070,1993-06-01,DI,150.0,1971.0,22.0,0,0,5,RAMBLEWOOD WAY,negative_T_minus_H_minus_3y
8630,1993-06-01,DI,300.0,1989.0,4.0,0,0,5,CRESTVIEW PL,negative_T_minus_H_minus_1y
29620,1993-06-07,CI,150.0,1929.0,64.0,0,0,5,OTTAWA ST S,negative_T_minus_H_minus_1y
34640,1993-06-11,CI,150.0,1925.0,68.0,0,0,5,SHELDON AVE N,negative_T_minus_H_minus_5y
5160,1993-06-11,CI,150.0,1963.0,30.0,0,0,5,BUTTONWOOD DR,negative_T_minus_H_minus_5y
42630,1993-06-20,DI,300.0,1968.0,25.0,0,0,5,WESTMOUNT RD E,negative_T_minus_H_minus_2y
19710,1993-06-24,DI,150.0,1967.0,26.0,0,0,5,HOLBORN DR,negative_T_minus_H_minus_3y
33920,1993-06-24,CI,150.0,1954.0,39.0,0,0,5,SANDRA AVE,negative_T_minus_H_minus_3y
21040,1993-06-29,CI,150.0,1958.0,35.0,0,1,5,KENNETH AVE,positive_T_minus_H
5160,1993-06-29,CI,150.0,1963.0,30.0,0,0,5,BUTTONWOOD DR,negative_T_minus_H_minus_3y
8870,1993-07-05,DI,150.0,1972.0,21.0,0,0,5,DALEGROVE DR,negative_T_minus_H_minus_1y
8400,1993-07-06,CI,300.0,1967.0,26.0,0,0,5,COURTLAND AVE E,negative_T_minus_H_minus_2y
23370,1993-07-07,CI,150.0,1923.0,70.0,0,1,5,LANCASTER ST W,positive_T_minus_H
33050,1993-07-07,CI,300.0,1935.0,58.0,0,1,5,ROCKWAY DR,positive_T_minus_H
76569,1993-07-07,CI,250.0,1889.0,104.0,0,0,5,KING ST W,negative_T_minus_H_minus_1y
5700,1993-07-09,CI,150.0,1958.0,35.0,0,0,5,CARWOOD AVE,negative_T_minus_H_minus_3y
16540,1993-07-12,DI,150.0,1970.0,23.0,0,0,5,GLEN AVON CRES,negative_T_minus_H_minus_1y
34640,1993-07-13,CI,150.0,1925.0,68.0,0,0,5,SHELDON AVE N,negative_T_minus_H_minus_5y
33920,1993-07-22,CI,150.0,1954.0,39.0,0,0,5,SANDRA AVE,negative_T_minus_H_minus_4y
42320,1993-07-24,DI,200.0,1975.0,18.0,0,0,5,WESTHEIGHTS DR,negative_T_minus_H_minus_1y
64610,1993-07-28,PVC,150.0,1970.0,23.0,1,0,5,INGLESIDE DR,negative_T_minus_H_minus_1y
86864,1993-07-28,DI,150.0,1968.0,25.0,0,0,5,MARKWOOD DR,negative_T_minus_H_minus_1y
38270,1993-07-29,DI,300.0,1973.0,20.0,0,0,5,TRILLIUM DR,negative_T_minus_H_minus_1y
43480,1993-07-29,CI,200.0,1958.0,35.0,0,0,5,WILSON AVE,negative_T_minus_H_minus_3y
41640,1993-07-31,DI,200.0,1975.0,18.0,0,0,5,WELLINGTON ST N,negative_T_minus_H_minus_3y
15110,1993-08-03,DI,150.0,1977.0,16.0,0,0,5,FORFAR AVE,negative_T_minus_H_minus_2y
42320,1993-08-03,DI,200.0,1975.0,18.0,0,0,5,WESTHEIGHTS DR,negative_T_minus_H_minus_2y
16080,1993-08-05,DI,150.0,1976.0,17.0,0,0,5,GEORGIAN CRES,negative_T_minus_H_minus_3y
4104575,1993-08-11,XXX,25.0,1974.0,19.0,0,1,5,WESTHEIGHTS DR,positive_T_minus_H
90576,1993-08-11,DI,150.0,1970.0,23.0,0,1,5,GLEN AVON CRES,positive_T_minus_H
90576,1993-08-13,DI,150.0,1970.0,23.0,0,1,5,GLEN AVON CRES,positive_T_minus_H
36040,1993-08-14,CI,150.0,1937.0,56.0,0,0,5,STEWART ST,negative_T_minus_H_minus_5y
92238,1993-08-17,DI,150.0,1972.0,21.0,0,0,5,HILLBROOK CRES,negative_T_minus_H_minus_1y
64610,1993-08-20,PVC,150.0,1970.0,23.0,1,1,5,INGLESIDE DR,positive_T_minus_H
20330,1993-08-23,DI,150.0,1969.0,24.0,0,1,5,INGLESIDE DR,positive_T_minus_H
21390,1993-08-23,CI,250.0,1889.0,104.0,0,0,5,KING ST W,negative_T_minus_H_minus_3y
23310,1993-08-23,CI,450.0,1937.0,56.0,0,0,5,LANCASTER ST W,negative_T_minus_H_minus_4y
87596,1993-08-24,DI,300.0,1978.0,15.0,0,0,5,CHARLES ST E,negative_T_minus_H_minus_3y
83918,1993-08-26,CI,150.0,1963.0,30.0,0,0,5,VOLTA AVE,negative_T_minus_H_minus_4y
8860,1993-08-26,DI,150.0,1969.0,24.0,0,1,5,DALEGROVE DR,positive_T_minus_H
33470,1993-08-27,DI,150.0,1974.0,19.0,0,0,5,ROSENEATH CRES,negative_T_minus_H_minus_3y
86368,1993-08-28,DI,150.0,1968.0,25.0,0,0,5,KIMBERLY CRES,negative_T_minus_H_minus_1y
14090,1993-08-30,DI,200.0,1974.0,19.0,0,0,5,FARRIER DR,negative_T_minus_H_minus_1y
11060,1993-08-31,CI,300.0,1949.0,44.0,0,0,5,EAST AVE,negative_T_minus_H_minus_3y
21390,1993-09-02,CI,250.0,1889.0,104.0,0,0,5,KING ST W,negative_T_minus_H_minus_3y
26210,1993-09-04,DI,150.0,1969.0,24.0,0,1,5,MEADOWBROOK DR,positive_T_minus_H
20330,1993-09-07,DI,150.0,1969.0,24.0,0,1,5,INGLESIDE DR,positive_T_minus_H
21970,1993-09-08,CPP,450.0,1988.0,5.0,0,0,5,KING ST E,negative_T_minus_H_minus_2y
21730,1993-09-10,CI,150.0,1922.0,71.0,0,0,5,KING ST E,negative_T_minus_H_minus_5y
30530,1993-09-10,DI,150.0,1971.0,22.0,0,1,5,PEPPERWOOD CRES,positive_T_minus_H
19080,1993-09-14,CI,150.0,1952.0,41.0,0,0,5,HIGHLAND RD E,negative_T_minus_H_minus_1y
5270,1993-09-16,CI,100.0,1956.0,37.0,0,0,5,CAMDEN PL,negative_T_minus_H_minus_5y
42910,1993-09-17,DI,300.0,1969.0,24.0,0,0,5,WESTWOOD DR,negative_T_minus_H_minus_5y
25740,1993-09-18,CI,150.0,1951.0,42.0,0,0,5,MAUSSER AVE,negative_T_minus_H_minus_1y
33660,1993-09-18,DI,200.0,1973.0,20.0,0,1,5,ROYAL ORCHARD DR,positive_T_minus_H
3620,1993-09-19,DI,150.0,1973.0,20.0,0,0,5,BLUE SPRUCE CRT,negative_T_minus_H_minus_2y
42900,1993-09-19,DI,300.0,1969.0,24.0,0,0,5,WESTWOOD DR,negative_T_minus_H_minus_2y
88872,1993-09-22,DI,300.0,1974.0,19.0,0,0,5,BELMONT AVE W,negative_T_minus_H_minus_5y
18280,1993-09-25,DI,300.0,1968.0,25.0,0,0,5,HAZELGLEN DR,negative_T_minus_H_minus_2y
1430,1993-10-01,CI,150.0,1967.0,26.0,0,0,5,BALFOUR CRES,negative_T_minus_H_minus_4y
37810,1993-10-01,CI,150.0,1964.0,29.0,0,0,5,THORNRIDGE CRES,negative_T_minus_H_minus_3y
1190,1993-10-02,DI,150.0,1973.0,20.0,0,0,5,AUTUMN HILL CRES,negative_T_minus_H_minus_2y
13550,1993-10-02,CI,450.0,1961.0,32.0,0,0,5,OTTAWA ST S,negative_T_minus_H_minus_3y
35630,1993-10-03,CI,150.0,1960.0,33.0,0,0,5,SPRINGBANK CRES,negative_T_minus_H_minus_2y
11170,1993-10-04,DI,150.0,1967.0,26.0,0,0,5,EASTWOOD DR,negative_T_minus_H_minus_1y
15440,1993-10-04,CI,150.0,1957.0,36.0,0,0,5,FRANKLIN ST S,negative_T_minus_H_minus_4y
20570,1993-10-05,CI,150.0,1961.0,32.0,0,0,5,JANSEN AVE,negative_T_minus_H_minus_5y
18990,1993-10-06,DI,300.0,1964.0,29.0,0,0,5,HIGHLAND RD W,negative_T_minus_H_minus_1y
20560,1993-10-07,CI,150.0,1961.0,32.0,0,0,5,JANSEN AVE,negative_T_minus_H_minus_1y
8870,1993-10-07,DI,150.0,1972.0,21.0,0,0,5,DALEGROVE DR,negative_T_minus_H_minus_2y
8400,1993-10-11,CI,300.0,1967.0,26.0,0,0,5,COURTLAND AVE E,negative_T_minus_H_minus_5y
13660,1993-10-12,CI,150.0,1954.0,39.0,0,0,5,ETON DR,negative_T_minus_H_minus_1y
7740,1993-10-12,DI,150.0,1966.0,27.0,0,0,5,CONFEDERATION DR,negative_T_minus_H_minus_4y
15840,1993-10-14,CI,300.0,1969.0,24.0,0,0,5,GAGE AVE,negative_T_minus_H_minus_2y
28590,1993-10-14,DI,150.0,1967.0,26.0,0,0,5,OLD YORK CRES,negative_T_minus_H_minus_5y
37540,1993-10-14,CI,150.0,1958.0,35.0,0,0,5,TANGLEWOOD AVE,negative_T_minus_H_minus_2y
88828,1993-10-14,CI,150.0,1967.0,26.0,0,0,5,BELWOOD CRES,negative_T_minus_H_minus_4y
40150,1993-10-15,CI,150.0,1962.0,31.0,0,0,5,VILLAGE RD,negative_T_minus_H_minus_2y
15020,1993-10-16,DI,150.0,1968.0,25.0,0,0,5,FORESTWOOD DR,negative_T_minus_H_minus_3y
25250,1993-10-18,CI,150.0,1953.0,40.0,0,0,5,MAPLEWOOD PL,negative_T_minus_H_minus_3y
35270,1993-10-19,CI,150.0,1958.0,35.0,0,1,5,SOUTHMOOR DR,positive_T_minus_H
2990,1993-10-21,DI,200.0,1967.0,26.0,0,0,5,BLACKFRIARS PL,negative_T_minus_H_minus_5y
35130,1993-10-21,CI,150.0,1965.0,28.0,0,0,5,SIMPSON AVE,negative_T_minus_H_minus_1y
28590,1993-10-22,DI,150.0,1967.0,26.0,0,0,5,OLD YORK CRES,negative_T_minus_H_minus_3y
39040,1993-10-22,CI,200.0,1953.0,40.0,0,0,5,VANIER DR,negative_T_minus_H_minus_5y
4040,1993-10-22,CI,150.0,1955.0,38.0,0,0,5,BRANDON AVE,negative_T_minus_H_minus_3y
61670,1993-10-23,PVC,150.0,1970.0,23.0,0,1,5,INGLESIDE DR,positive_T_minus_H
1230,1993-10-24,CI,150.0,1958.0,35.0,0,0,5,AVALON PL,negative_T_minus_H_minus_2y
1570,1993-10-24,CI,150.0,1964.0,29.0,0,0,5,BARBARA CRES,negative_T_minus_H_minus_2y
19590,1993-10-24,DI,150.0,1964.0,29.0,0,0,5,HOFFMAN ST,negative_T_minus_H_minus_1y
8790,1993-10-24,CI,150.0,1960.0,33.0,0,0,5,CYPRUS DR,negative_T_minus_H_minus_1y
35030,1993-10-25,CI,150.0,1967.0,26.0,0,1,5,SILVERSPRING CRES,positive_T_minus_H
37770,1993-10-25,CI,150.0,1953.0,40.0,0,0,5,THIRD AVE,negative_T_minus_H_minus_4y
5510,1993-10-25,CI,150.0,1967.0,26.0,0,1,5,CARNABY CRES,positive_T_minus_H
90210,1993-10-25,CI,150.0,1967.0,26.0,0,0,5,CARNABY CRES,negative_T_minus_H_minus_1y
93272,1993-10-27,DI,200.0,1959.0,34.0,0,1,5,HANSON AVE,positive_T_minus_H
14870,1993-10-28,CI,200.0,1962.0,31.0,0,0,5,FOREST HILL DR,negative_T_minus_H_minus_2y
43480,1993-10-28,CI,200.0,1958.0,35.0,0,0,5,WILSON AVE,negative_T_minus_H_minus_2y
7760,1993-10-28,CI,150.0,1966.0,27.0,0,0,5,CONFEDERATION DR,negative_T_minus_H_minus_1y
11930,1993-10-29,CI,150.0,1953.0,40.0,0,0,5,EMERALD AVE,negative_T_minus_H_minus_4y
14660,1993-10-31,DI,150.0,1971.0,22.0,0,0,5,FLORAL CRES,negative_T_minus_H_minus_2y
57990,1993-10-31,CI,150.0,1959.0,34.0,0,0,5,EVERGREEN CRES,negative_T_minus_H_minus_5y
89922,1993-10-31,CI,150.0,1961.0,32.0,0,0,5,DUNCAIRN AVE,negative_T_minus_H_minus_4y
93516,1993-11-01,CI,150.0,1974.0,19.0,0,1,5,UPLANDS DR,positive_T_minus_H
64610,1993-11-02,PVC,150.0,1970.0,23.0,1,1,5,INGLESIDE DR,positive_T_minus_H
17230,1993-11-05,CI,200.0,1957.0,36.0,0,1,5,GREENBROOK DR,positive_T_minus_H
40750,1993-11-06,DI,150.0,1966.0,27.0,0,0,5,WAYNE DR,negative_T_minus_H_minus_1y
14870,1993-11-07,CI,200.0,1962.0,31.0,0,0,5,FOREST HILL DR,negative_T_minus_H_minus_2y
15190,1993-11-07,DI,150.0,1974.0,19.0,0,0,5,FOUR SEASONS CRT,negative_T_minus_H_minus_2y
35450,1993-11-07,CI,150.0,1927.0,66.0,1,0,5,SPADINA RD W,negative_T_minus_H_minus_4y
7730,1993-11-07,CI,150.0,1966.0,27.0,0,0,5,CONFEDERATION DR,negative_T_minus_H_minus_1y
35920,1993-11-08,DI,300.0,1981.0,12.0,0,0,5,ST LEGER ST,negative_T_minus_H_minus_4y
3770,1993-11-08,CI,150.0,1967.0,26.0,0,1,5,BONNYLYN DR,positive_T_minus_H
42550,1993-11-08,CI,300.0,1958.0,35.0,0,0,5,WESTMOUNT RD E,negative_T_minus_H_minus_4y
9100,1993-11-08,CI,150.0,1962.0,31.0,0,0,5,DEERPARK CRES,negative_T_minus_H_minus_4y
17080,1993-11-09,DI,150.0,1977.0,16.0,0,0,5,GRAYWOOD CRT,negative_T_minus_H_minus_2y
32730,1993-11-10,CI,150.0,1959.0,34.0,0,0,5,RIVER RD E,negative_T_minus_H_minus_1y
41690,1993-11-11,CI,300.0,1929.0,64.0,0,1,5,WELLINGTON ST N,positive_T_minus_H
37530,1993-11-12,CI,150.0,1951.0,42.0,0,1,5,TAMROTH CLOSE,positive_T_minus_H
15060,1993-11-13,CI,150.0,1968.0,25.0,0,0,5,FORESTWOOD DR,negative_T_minus_H_minus_5y
35030,1993-11-13,CI,150.0,1967.0,26.0,0,1,5,SILVERSPRING CRES,positive_T_minus_H
20570,1993-11-14,CI,150.0,1961.0,32.0,0,0,5,JANSEN AVE,negative_T_minus_H_minus_1y
19760,1993-11-15,DI,150.0,1967.0,26.0,0,0,5,HOLBORN DR,negative_T_minus_H_minus_2y
23470,1993-11-15,CI,150.0,1961.0,32.0,0,0,5,LANG CRES,negative_T_minus_H_minus_4y
32900,1993-11-16,CI,300.0,1960.0,33.0,0,0,5,SHIRLEY AVE,negative_T_minus_H_minus_5y
36520,1993-11-16,CI,150.0,1962.0,31.0,0,1,5,STONYBROOK DR,positive_T_minus_H
42900,1993-11-16,DI,300.0,1969.0,24.0,0,0,5,WESTWOOD DR,negative_T_minus_H_minus_3y
14660,1993-11-17,DI,150.0,1971.0,22.0,0,0,5,FLORAL CRES,negative_T_minus_H_minus_5y
30520,1993-11-18,CI,150.0,1966.0,27.0,0,0,5,PENROSE AVE,negative_T_minus_H_minus_2y
32160,1993-11-18,CI,150.0,1963.0,30.0,0,1,5,RENNIE DR,positive_T_minus_H
14840,1993-11-19,CI,200.0,1962.0,31.0,0,0,5,FOREST HILL DR,negative_T_minus_H_minus_4y
270,1993-11-20,CI,150.0,1958.0,35.0,0,1,5,ABERDEEN RD,positive_T_minus_H
30680,1993-11-20,CI,150.0,1959.0,34.0,0,0,5,PINECREST DR,negative_T_minus_H_minus_4y
33750,1993-11-20,CI,150.0,1963.0,30.0,0,1,5,RUSKVIEW RD,positive_T_minus_H
34340,1993-11-20,DI,300.0,1983.0,10.0,0,0,5,SEREDA RD,negative_T_minus_H_minus_5y
85090,1993-11-20,CI,150.0,1959.0,34.0,0,0,5,GRAYSTONE AVE,negative_T_minus_H_minus_4y
17070,1993-11-21,CI,150.0,1959.0,34.0,0,0,5,GRAYSTONE AVE,negative_T_minus_H_minus_2y
44190,1993-11-21,CI,150.0,1959.0,34.0,0,0,5,YAGER AVE,negative_T_minus_H_minus_4y
18680,1993-11-22,CI,150.0,1960.0,33.0,0,0,5,HICKSON DR,negative_T_minus_H_minus_1y
31980,1993-11-22,DI,200.0,1974.0,19.0,0,0,5,RADCLIFFE DR,negative_T_minus_H_minus_2y
82428,1993-11-22,DI,450.0,1972.0,21.0,0,0,5,STRASBURG RD,negative_T_minus_H_minus_2y
14780,1993-11-23,DI,200.0,1964.0,29.0,0,1,5,FOREST HILL DR,positive_T_minus_H
21730,1993-11-23,CI,150.0,1922.0,71.0,0,0,5,KING ST E,negative_T_minus_H_minus_5y
28590,1993-11-23,DI,150.0,1967.0,26.0,0,0,5,OLD YORK CRES,negative_T_minus_H_minus_3y
34840,1993-11-23,CI,150.0,1954.0,39.0,0,0,5,SHERWOOD AVE,negative_T_minus_H_minus_2y
38850,1993-11-23,CI,150.0,1974.0,19.0,0,0,5,UPLANDS DR,negative_T_minus_H_minus_3y
3990,1993-11-23,CI,150.0,1965.0,28.0,0,0,5,BRADLEY DR,negative_T_minus_H_minus_2y
42530,1993-11-23,CI,150.0,1959.0,34.0,0,1,5,WESTMOUNT RD E,positive_T_minus_H
17730,1993-11-24,CI,150.0,1957.0,36.0,0,0,5,SEREDA RD,negative_T_minus_H_minus_3y
19490,1993-11-24,DI,150.0,1981.0,12.0,0,0,5,HILLCREST CRT,negative_T_minus_H_minus_5y
29830,1993-11-24,DI,150.0,1966.0,27.0,0,0,5,OVERLEA DR,negative_T_minus_H_minus_1y
7760,1993-11-24,CI,150.0,1966.0,27.0,0,0,5,CONFEDERATION DR,negative_T_minus_H_minus_3y
16240,1993-11-25,CI,150.0,1962.0,31.0,0,0,5,GILMOUR CRES,negative_T_minus_H_minus_4y
57990,1993-11-25,CI,150.0,1959.0,34.0,0,1,5,EVERGREEN CRES,positive_T_minus_H
85716,1993-11-25,CI,300.0,1967.0,26.0,0,0,5,HOMER WATSON BLVD,negative_T_minus_H_minus_5y
38850,1993-11-26,CI,150.0,1974.0,19.0,0,0,5,UPLANDS DR,negative_T_minus_H_minus_4y
19660,1993-11-27,CI,150.0,1956.0,37.0,0,1,5,HOFFMAN ST,positive_T_minus_H
25340,1993-11-27,CI,200.0,1904.0,89.0,0,0,5,MARGARET AVE,negative_T_minus_H_minus_4y
64130,1993-11-27,CI,150.0,1966.0,27.0,0,1,5,INVERNESS DR,positive_T_minus_H
7140,1993-11-27,DI,150.0,1965.0,28.0,0,0,5,CHICOPEE TERR,negative_T_minus_H_minus_1y
900,1993-11-28,CI,150.0,1953.0,40.0,0,0,5,ARLINGTON BLVD,negative_T_minus_H_minus_1y
20430,1993-11-29,CI,150.0,1966.0,27.0,0,0,5,INWOOD DR,negative_T_minus_H_minus_5y
22490,1993-11-30,CI,150.0,1960.0,33.0,0,0,5,KINZIE AVE,negative_T_minus_H_minus_2y
2860,1993-12-01,CI,150.0,1963.0,30.0,0,0,5,BIRCHCLIFF AVE,negative_T_minus_H_minus_3y
32880,1993-12-01,CI,200.0,1962.0,31.0,0,0,5,RIVERBEND DR,negative_T_minus_H_minus_5y
8870,1993-12-01,DI,150.0,1972.0,21.0,0,0,5,DALEGROVE DR,negative_T_minus_H_minus_4y
18320,1993-12-02,CI,150.0,1958.0,35.0,0,0,5,HEARTH CRES,negative_T_minus_H_minus_2y
31750,1993-12-02,CI,150.0,1954.0,39.0,0,0,5,QUEENS BLVD,negative_T_minus_H_minus_4y
30440,1993-12-03,CI,150.0,1962.0,31.0,0,0,5,PEACHWOOD CRT,negative_T_minus_H_minus_4y
40390,1993-12-03,CI,200.0,1953.0,40.0,0,0,5,WALTON AVE,negative_T_minus_H_minus_4y
5250,1993-12-03,CI,150.0,1954.0,39.0,0,0,5,CAMBRIDGE AVE,negative_T_minus_H_minus_1y
5620,1993-12-03,DI,200.0,1966.0,27.0,0,0,5,CARSON DR,negative_T_minus_H_minus_4y
15440,1993-12-04,CI,150.0,1957.0,36.0,0,0,5,FRANKLIN ST S,negative_T_minus_H_minus_5y
42890,1993-12-04,CI,150.0,1966.0,27.0,0,0,5,WESTWOOD CRES,negative_T_minus_H_minus_2y
780,1993-12-04,CI,150.0,1959.0,34.0,0,0,5,ARCHER PL,negative_T_minus_H_minus_4y
85432,1993-12-04,CI,150.0,1971.0,22.0,0,1,5,BROOKSIDE CRES,positive_T_minus_H
41000,1993-12-06,CI,150.0,1948.0,45.0,0,0,5,WEBER ST E,negative_T_minus_H_minus_4y
34890,1993-12-07,DI,300.0,1979.0,14.0,0,0,5,SHIRLEY AVE,negative_T_minus_H_minus_4y
8890,1993-12-08,CI,150.0,1966.0,27.0,0,0,5,DALEWOOD DR,negative_T_minus_H_minus_5y
26010,1993-12-09,CI,150.0,1967.0,26.0,0,0,5,MCGEE AVE,negative_T_minus_H_minus_5y
27810,1993-12-09,CI,150.0,1960.0,33.0,0,0,5,NINE PINES RD,negative_T_minus_H_minus_1y
9520,1993-12-09,CI,150.0,1955.0,38.0,0,0,5,DONALD ST,negative_T_minus_H_minus_4y
9560,1993-12-09,DI,150.0,1965.0,28.0,0,0,5,DOOLEY DR,negative_T_minus_H_minus_5y
18160,1993-12-10,CI,100.0,1954.0,39.0,0,0,5,HARTWOOD PL,negative_T_minus_H_minus_2y
20580,1993-12-11,CI,150.0,1970.0,23.0,0,0,5,JANSEN AVE,negative_T_minus_H_minus_1y
27830,1993-12-11,CI,200.0,1961.0,32.0,0,0,5,NINTH AVE,negative_T_minus_H_minus_3y
43480,1993-12-11,CI,200.0,1958.0,35.0,0,0,5,WILSON AVE,negative_T_minus_H_minus_4y
5540,1993-12-11,CI,150.0,1962.0,31.0,0,0,5,CARROL ST,negative_T_minus_H_minus_5y
15440,1993-12-12,CI,150.0,1957.0,36.0,0,0,5,FRANKLIN ST S,negative_T_minus_H_minus_4y
27420,1993-12-12,DI,200.0,1972.0,21.0,0,0,5,MORRISON RD,negative_T_minus_H_minus_4y
29790,1993-12-12,CI,150.0,1967.0,26.0,0,0,5,OVERLEA DR,negative_T_minus_H_minus_4y
88828,1993-12-12,CI,150.0,1967.0,26.0,0,0,5,BELWOOD CRES,negative_T_minus_H_minus_5y
9940,1993-12-12,DI,450.0,1969.0,24.0,0,0,5,DOON VILLAGE RD,negative_T_minus_H_minus_5y
13650,1993-12-13,CI,150.0,1955.0,38.0,0,0,5,ETON DR,negative_T_minus_H_minus_3y
14280,1993-12-14,CI,200.0,1959.0,34.0,0,0,5,FERGUS AVE,negative_T_minus_H_minus_4y
5720,1993-12-15,CI,150.0,1960.0,33.0,0,1,5,CARWOOD AVE,positive_T_minus_H
8800,1993-12-15,CI,150.0,1960.0,33.0,0,0,5,CYPRUS DR,negative_T_minus_H_minus_3y
1430,1993-12-16,CI,150.0,1967.0,26.0,0,0,5,BALFOUR CRES,negative_T_minus_H_minus_5y
17290,1993-12-16,CI,300.0,1957.0,36.0,0,1,5,GREENBROOK DR,positive_T_minus_H
24260,1993-12-16,DI,150.0,1965.0,28.0,0,0,5,LORRAINE AVE,negative_T_minus_H_minus_2y
28270,1993-12-16,DI,200.0,1967.0,26.0,0,0,5,OLD CHICOPEE DR,negative_T_minus_H_minus_1y
15200,1993-12-17,CI,150.0,1960.0,33.0,0,0,5,FOURTH AVE,negative_T_minus_H_minus_5y
14390,1993-12-18,CI,150.0,1957.0,36.0,0,0,5,FIRST AVE,negative_T_minus_H_minus_2y
21870,1993-12-18,CI,100.0,1937.0,56.0,0,1,5,KING ST E,positive_T_minus_H
36530,1993-12-18,CI,150.0,1958.0,35.0,0,0,5,STONYBROOK DR,negative_T_minus_H_minus_4y
36540,1993-12-18,CI,150.0,1958.0,35.0,0,1,5,STONYBROOK DR,positive_T_minus_H
92028,1993-12-18,CI,150.0,1957.0,36.0,0,1,5,CORNELL AVE,positive_T_minus_H
440,1993-12-19,DI,300.0,1978.0,15.0,0,0,5,SCHWEITZER ST,negative_T_minus_H_minus_1y
83874,1993-12-19,CI,200.0,1953.0,40.0,0,0,5,VANIER DR,negative_T_minus_H_minus_4y
9450,1993-12-19,CPP,600.0,1960.0,33.0,0,0,5,DIXON ST,negative_T_minus_H_minus_2y
26150,1993-12-20,DI,100.0,1969.0,24.0,0,0,5,MEADOW CRES,negative_T_minus_H_minus_4y
26520,1993-12-20,CI,150.0,1965.0,28.0,0,0,5,MIDLAND DR,negative_T_minus_H_minus_4y
59960,1993-12-20,CI,150.0,1957.0,36.0,0,0,5,GUELPH ST,negative_T_minus_H_minus_4y
88872,1993-12-20,DI,300.0,1974.0,19.0,0,0,5,BELMONT AVE W,negative_T_minus_H_minus_3y
133896,1993-12-21,DI,150.0,1979.0,14.0,0,1,5,HILLCREST LANE,positive_T_minus_H
29200,1993-12-21,CI,150.0,1952.0,41.0,0,0,5,OTTAWA ST N,negative_T_minus_H_minus_4y
33920,1993-12-21,CI,150.0,1954.0,39.0,0,0,5,SANDRA AVE,negative_T_minus_H_minus_3y
40740,1993-12-21,CI,150.0,1966.0,27.0,0,1,5,WAYNE DR,positive_T_minus_H
79750,1993-12-21,DI,150.0,1981.0,12.0,0,0,5,HILLCREST CRT,negative_T_minus_H_minus_3y
19630,1993-12-22,CI,150.0,1957.0,36.0,0,0,5,HOFFMAN ST,negative_T_minus_H_minus_2y
20580,1993-12-22,CI,150.0,1970.0,23.0,0,0,5,JANSEN AVE,negative_T_minus_H_minus_2y
29790,1993-12-22,CI,150.0,1967.0,26.0,0,0,5,OVERLEA DR,negative_T_minus_H_minus_4y
43540,1993-12-22,CI,200.0,1954.0,39.0,0,0,5,WILSON AVE,negative_T_minus_H_minus_4y
24580,1993-12-23,CI,150.0,1961.0,32.0,0,0,5,LYLE PL,negative_T_minus_H_minus_1y
26950,1993-12-23,DI,200.0,1965.0,28.0,0,1,5,MONTCALM DR,positive_T_minus_H
29200,1993-12-23,CI,150.0,1952.0,41.0,0,1,5,OTTAWA ST N,positive_T_minus_H
31690,1993-12-23,CI,200.0,1966.0,27.0,0,0,5,QUEENS BLVD,negative_T_minus_H_minus_3y
4910,1993-12-23,CI,150.0,1953.0,40.0,0,0,5,BRUCE ST,negative_T_minus_H_minus_4y
1330,1993-12-24,CI,200.0,1961.0,32.0,0,1,5,AVON RD,positive_T_minus_H
18340,1993-12-24,CI,150.0,1954.0,39.0,0,0,5,HEATHER AVE,negative_T_minus_H_minus_2y
3990,1993-12-24,CI,150.0,1965.0,28.0,0,1,5,BRADLEY DR,positive_T_minus_H
42890,1993-12-26,CI,150.0,1966.0,27.0,0,0,5,WESTWOOD CRES,negative_T_minus_H_minus_2y
5160,1993-12-26,CI,150.0,1963.0,30.0,0,0,5,BUTTONWOOD DR,negative_T_minus_H_minus_5y
19090,1993-12-27,CI,300.0,1955.0,38.0,0,1,5,HIGHLAND RD E,positive_T_minus_H
1230,1993-12-28,CI,150.0,1958.0,35.0,0,0,5,AVALON PL,negative_T_minus_H_minus_2y
28900,1993-12-28,DI,150.0,1992.0,1.0,0,0,5,OLIVER CRT,negative_T_minus_H_minus_2y
4125488,1993-12-28,XXX,25.0,1987.0,6.0,0,0,5,BIEHN DR,negative_T_minus_H_minus_1y
21140,1993-12-30,CI,150.0,1954.0,39.0,0,0,5,KENSINGTON AVE,negative_T_minus_H_minus_3y
4096468,1993-12-30,XXX,13.0,1976.0,17.0,0,0,5,DONALD ST,negative_T_minus_H_minus_2y
5710,1993-12-30,CI,150.0,1958.0,35.0,0,1,5,CARWOOD AVE,positive_T_minus_H
80010,1993-12-30,CI,450.0,1968.0,25.0,0,0,5,LANCASTER ST W,negative_T_minus_H_minus_3y
8420,1993-12-30,CI,300.0,1967.0,26.0,0,0,5,COURTLAND AVE E,negative_T_minus_H_minus_3y
17720,1993-12-31,CI,150.0,1957.0,36.0,0,0,5,GUELPH ST,negative_T_minus_H_minus_2y
18230,1993-12-31,DI,300.0,1968.0,25.0,0,0,5,HAZELGLEN DR,negative_T_minus_H_minus_4y
33810,1993-12-31,CI,150.0,1964.0,29.0,0,0,5,RUTHERFORD DR,negative_T_minus_H_minus_1y
20280,1994-01-01,CI,150.0,1967.0,27.0,0,0,5,INDIAN RD,negative_T_minus_H_minus_1y
41030,1994-01-01,CI,150.0,1952.0,42.0,0,1,5,WEBER ST E,positive_T_minus_H
11630,1994-01-02,CI,150.0,1956.0,38.0,0,0,5,EIGHTH AVE,negative_T_minus_H_minus_1y
14870,1994-01-02,CI,200.0,1962.0,32.0,0,0,5,FOREST HILL DR,negative_T_minus_H_minus_3y
37500,1994-01-03,CI,150.0,1921.0,73.0,0,0,5,TALBOT ST,negative_T_minus_H_minus_4y
78886,1994-01-03,DI,300.0,1974.0,20.0,0,0,5,GLASGOW ST,negative_T_minus_H_minus_1y
5630,1994-01-04,DI,200.0,1966.0,28.0,0,0,5,LORRAINE AVE,negative_T_minus_H_minus_2y
20990,1994-01-05,CI,150.0,1967.0,27.0,0,0,5,KELLY DR,negative_T_minus_H_minus_1y
15450,1994-01-06,CI,150.0,1957.0,37.0,0,0,5,FRANKLIN ST S,negative_T_minus_H_minus_2y
37230,1994-01-06,CI,150.0,1961.0,33.0,0,0,5,SWEETBRIAR DR,negative_T_minus_H_minus_1y
38490,1994-01-06,CI,150.0,1966.0,28.0,0,1,5,TUPPER CRES,positive_T_minus_H
43210,1994-01-06,CI,150.0,1953.0,41.0,0,0,5,WILFRED AVE,negative_T_minus_H_minus_1y
32880,1994-01-07,CI,200.0,1962.0,32.0,0,1,5,RIVERBEND DR,positive_T_minus_H
36960,1994-01-07,DI,150.0,1965.0,29.0,0,0,5,STRATHCONA CRES,negative_T_minus_H_minus_3y
14330,1994-01-08,CI,150.0,1953.0,41.0,0,1,5,FIFE AVE,positive_T_minus_H
20530,1994-01-08,CI,150.0,1947.0,47.0,0,0,5,JACKSON AVE,negative_T_minus_H_minus_2y
39060,1994-01-08,CI,200.0,1953.0,41.0,0,0,5,VANIER DR,negative_T_minus_H_minus_4y
83144,1994-01-08,CI,150.0,1958.0,36.0,0,0,5,LYNDHURST DR,negative_T_minus_H_minus_2y
8780,1994-01-08,CI,150.0,1963.0,31.0,0,1,5,CYPRUS DR,positive_T_minus_H
95846,1994-01-08,CI,150.0,1963.0,31.0,0,1,5,BIRCHCLIFF AVE,positive_T_minus_H
19760,1994-01-09,DI,150.0,1967.0,27.0,0,0,5,HOLBORN DR,negative_T_minus_H_minus_4y
33490,1994-01-09,CI,150.0,1967.0,27.0,0,1,5,ROSEWOOD DR,positive_T_minus_H
4050,1994-01-09,CI,150.0,1955.0,39.0,0,0,5,BRANDON AVE,negative_T_minus_H_minus_3y
90616,1994-01-09,CI,200.0,1953.0,41.0,0,1,5,SECOND AVE,positive_T_minus_H
133896,1994-01-10,DI,150.0,1979.0,15.0,0,1,5,HILLCREST LANE,positive_T_minus_H
800,1994-01-10,CI,150.0,1959.0,35.0,0,0,5,ARCHER PL,negative_T_minus_H_minus_4y
8890,1994-01-10,CI,150.0,1966.0,28.0,0,1,5,DALEWOOD DR,positive_T_minus_H
92678,1994-01-10,CI,100.0,1954.0,40.0,0,1,5,GOLFVIEW PL,positive_T_minus_H
34950,1994-01-11,CI,150.0,1965.0,29.0,0,1,5,SHUH AVE,positive_T_minus_H
26150,1994-01-12,DI,100.0,1969.0,25.0,0,0,5,MEADOW CRES,negative_T_minus_H_minus_2y
43030,1994-01-13,CI,300.0,1971.0,23.0,0,1,5,WESTWOOD DR,positive_T_minus_H
65470,1994-01-13,DI,300.0,1984.0,10.0,0,0,5,WHITNEY PL,negative_T_minus_H_minus_4y
79804,1994-01-13,DI,150.0,1980.0,14.0,0,0,5,NELSON AVE,negative_T_minus_H_minus_5y
90496,1994-01-13,CI,200.0,1969.0,25.0,0,0,5,ELMSDALE DR,negative_T_minus_H_minus_5y
15430,1994-01-14,CI,300.0,1956.0,38.0,0,0,5,FRANKLIN ST N,negative_T_minus_H_minus_3y
33440,1994-01-14,CI,150.0,1959.0,35.0,0,1,5,ROSEMOUNT DR,positive_T_minus_H
33530,1994-01-14,CI,150.0,1959.0,35.0,0,1,5,ROSS AVE,positive_T_minus_H
33920,1994-01-14,CI,150.0,1954.0,40.0,0,1,5,SANDRA AVE,positive_T_minus_H
37620,1994-01-14,CI,150.0,1961.0,33.0,0,0,5,THALER AVE,negative_T_minus_H_minus_4y
440,1994-01-14,DI,300.0,1978.0,16.0,0,0,5,SCHWEITZER ST,negative_T_minus_H_minus_4y
38860,1994-01-15,CI,150.0,1974.0,20.0,0,0,5,UPLANDS DR,negative_T_minus_H_minus_5y
18690,1994-01-16,CI,150.0,1960.0,34.0,0,1,5,HICKSON DR,positive_T_minus_H
36490,1994-01-16,CI,150.0,1962.0,32.0,0,0,5,STONYBROOK DR,negative_T_minus_H_minus_1y
3880,1994-01-17,CI,150.0,1925.0,69.0,0,0,5,BORDEN AVE S,negative_T_minus_H_minus_2y
78074,1994-01-17,CI,150.0,1925.0,69.0,0,0,5,AHRENS ST W,negative_T_minus_H_minus_1y
42520,1994-01-18,CI,300.0,1959.0,35.0,0,0,5,WESTMOUNT RD E,negative_T_minus_H_minus_5y
8150,1994-01-18,DI,300.0,1974.0,20.0,0,0,5,COUNTRY HILL DR,negative_T_minus_H_minus_5y
96080,1994-01-18,CI,150.0,1949.0,45.0,0,0,5,QUEENS BLVD,negative_T_minus_H_minus_5y
33550,1994-01-19,CI,150.0,1959.0,35.0,0,1,5,ROSS AVE,positive_T_minus_H
34670,1994-01-19,CI,150.0,1946.0,48.0,0,0,5,SHELDON AVE N,negative_T_minus_H_minus_2y
19730,1994-01-20,CI,150.0,1967.0,27.0,0,0,5,HOLBORN DR,negative_T_minus_H_minus_1y
43210,1994-01-20,CI,150.0,1953.0,41.0,0,0,5,WILFRED AVE,negative_T_minus_H_minus_4y
5510,1994-01-20,CI,150.0,1967.0,27.0,0,1,5,CARNABY CRES,positive_T_minus_H
7310,1994-01-20,CI,150.0,1956.0,38.0,0,0,5,CLAREMONT AVE,negative_T_minus_H_minus_1y
27000,1994-01-21,DI,200.0,1965.0,29.0,0,0,5,MONTCALM DR,negative_T_minus_H_minus_4y
34670,1994-01-21,CI,150.0,1946.0,48.0,0,0,5,SHELDON AVE N,negative_T_minus_H_minus_4y
17720,1994-01-22,CI,150.0,1957.0,37.0,0,1,5,GUELPH ST,positive_T_minus_H
37610,1994-01-22,CI,150.0,1967.0,27.0,0,0,5,THALER AVE,negative_T_minus_H_minus_3y
4430,1994-01-22,DI,150.0,1952.0,42.0,0,1,5,BRICK ST,positive_T_minus_H
34680,1994-01-23,CI,150.0,1946.0,48.0,0,1,5,SHELDON AVE N,positive_T_minus_H
27810,1994-01-24,CI,150.0,1960.0,34.0,0,0,5,NINE PINES RD,negative_T_minus_H_minus_5y
3450,1994-01-24,CI,300.0,1964.0,30.0,0,0,5,BLOOMINGDALE RD,negative_T_minus_H_minus_2y
4430,1994-01-24,DI,150.0,1952.0,42.0,0,1,5,BRICK ST,positive_T_minus_H
92734,1994-01-24,CI,150.0,1954.0,40.0,0,0,5,BYRON AVE,negative_T_minus_H_minus_1y
1830,1994-01-25,CI,150.0,1952.0,42.0,0,0,5,BECKER ST,negative_T_minus_H_minus_4y
4530,1994-01-25,CI,150.0,1958.0,36.0,0,0,5,BRIDGE ST W,negative_T_minus_H_minus_1y
86582,1994-01-25,CI,150.0,1958.0,36.0,0,0,5,HEARTH CRES,negative_T_minus_H_minus_3y
90042,1994-01-25,DI,150.0,1965.0,29.0,0,0,5,LORRAINE AVE,negative_T_minus_H_minus_1y
11070,1994-01-26,CI,300.0,1949.0,45.0,0,0,5,EAST AVE,negative_T_minus_H_minus_1y
13120,1994-01-26,DI,100.0,1960.0,34.0,0,0,5,CARWOOD CRES,negative_T_minus_H_minus_1y
18070,1994-01-26,CI,200.0,1953.0,41.0,0,0,5,HARBER AVE,negative_T_minus_H_minus_5y
2300,1994-01-26,CI,150.0,1962.0,32.0,0,0,5,BELTON DR,negative_T_minus_H_minus_4y
33410,1994-01-26,CI,150.0,1958.0,36.0,0,0,5,ROSEMOUNT DR,negative_T_minus_H_minus_1y
3990,1994-01-26,CI,150.0,1965.0,29.0,0,1,5,BRADLEY DR,positive_T_minus_H
40390,1994-01-26,CI,200.0,1953.0,41.0,0,0,5,WALTON AVE,negative_T_minus_H_minus_2y
5620,1994-01-26,DI,200.0,1966.0,28.0,0,0,5,CARSON DR,negative_T_minus_H_minus_3y
91676,1994-01-26,CI,200.0,1952.0,42.0,0,0,5,NINTH AVE,negative_T_minus_H_minus_3y
20990,1994-01-27,CI,150.0,1967.0,27.0,0,0,5,KELLY DR,negative_T_minus_H_minus_3y
22620,1994-01-27,CI,200.0,1966.0,28.0,0,0,5,KNELL DR,negative_T_minus_H_minus_2y
31930,1994-01-27,DI,150.0,1966.0,28.0,0,0,5,QUEENSTON DR,negative_T_minus_H_minus_5y
4100648,1994-01-27,XXX,25.0,1967.0,27.0,0,0,5,MONTGOMERY RD,negative_T_minus_H_minus_1y
17740,1994-01-28,CI,200.0,1957.0,37.0,0,0,5,GUELPH ST,negative_T_minus_H_minus_1y
39090,1994-01-28,CI,200.0,1961.0,33.0,0,0,5,VANIER DR,negative_T_minus_H_minus_2y
76747,1994-01-28,CI,150.0,1940.0,54.0,0,1,5,STIRLING AVE S,positive_T_minus_H
59980,1994-01-29,CI,150.0,1933.0,61.0,0,0,5,JOSEPH ST,negative_T_minus_H_minus_4y
32900,1994-01-30,CI,300.0,1960.0,34.0,0,0,5,SHIRLEY AVE,negative_T_minus_H_minus_4y
41460,1994-01-30,CI,150.0,1958.0,36.0,0,0,5,WEDGEWOOD DR,negative_T_minus_H_minus_4y
90282,1994-01-30,DI,150.0,1967.0,27.0,0,0,5,DALEWOOD DR,negative_T_minus_H_minus_5y
31140,1994-01-31,CI,150.0,1953.0,41.0,0,0,5,PROSPECT AVE,negative_T_minus_H_minus_4y
38550,1994-01-31,CI,150.0,1954.0,40.0,0,1,5,UNION BLVD,positive_T_minus_H
15750,1994-02-01,CI,200.0,1958.0,36.0,0,0,5,FREDERICK ST,negative_T_minus_H_minus_4y
18120,1994-02-01,CI,150.0,1961.0,33.0,0,0,5,HAROLD AVE,negative_T_minus_H_minus_2y
36530,1994-02-01,CI,150.0,1958.0,36.0,0,0,5,STONYBROOK DR,negative_T_minus_H_minus_4y
7770,1994-02-01,CI,150.0,1966.0,28.0,0,0,5,CONFEDERATION DR,negative_T_minus_H_minus_1y
8060,1994-02-01,CI,150.0,1958.0,36.0,0,0,5,CORNELL AVE,negative_T_minus_H_minus_4y
14870,1994-02-02,CI,200.0,1962.0,32.0,0,0,5,FOREST HILL DR,negative_T_minus_H_minus_4y
16150,1994-02-02,CI,150.0,1954.0,40.0,0,0,5,GERARD AVE,negative_T_minus_H_minus_2y
21030,1994-02-02,CI,150.0,1958.0,36.0,0,0,5,KENNETH AVE,negative_T_minus_H_minus_4y
22880,1994-02-02,CI,300.0,1955.0,39.0,0,0,5,KRUG ST,negative_T_minus_H_minus_3y
30070,1994-02-02,DI,300.0,1978.0,16.0,0,0,5,PANDORA AVE S,negative_T_minus_H_minus_3y
36240,1994-02-02,CI,300.0,1957.0,37.0,0,0,5,STIRLING AVE S,negative_T_minus_H_minus_4y
33410,1994-02-03,CI,150.0,1958.0,36.0,0,0,5,ROSEMOUNT DR,negative_T_minus_H_minus_1y
36660,1994-02-03,DI,150.0,1973.0,21.0,0,0,5,STRASBURG RD,negative_T_minus_H_minus_4y
14280,1994-02-04,CI,200.0,1959.0,35.0,0,0,5,FERGUS AVE,negative_T_minus_H_minus_5y
15870,1994-02-05,DI,150.0,1969.0,25.0,0,0,5,GALLARNO CRT,negative_T_minus_H_minus_3y
28280,1994-02-05,DI,200.0,1967.0,27.0,0,1,5,OLD CHICOPEE DR,positive_T_minus_H
35630,1994-02-05,CI,150.0,1960.0,34.0,0,0,5,SPRINGBANK CRES,negative_T_minus_H_minus_3y
42920,1994-02-05,DI,300.0,1969.0,25.0,0,0,5,WESTWOOD DR,negative_T_minus_H_minus_3y
43210,1994-02-05,CI,150.0,1953.0,41.0,0,0,5,WILFRED AVE,negative_T_minus_H_minus_4y
6710,1994-02-05,CI,100.0,1922.0,72.0,0,1,5,CHARLES ST E,positive_T_minus_H
23730,1994-02-06,CI,150.0,1949.0,45.0,0,0,5,LEANDER PL,negative_T_minus_H_minus_3y
5240,1994-02-07,CI,150.0,1955.0,39.0,0,0,5,CAMBRIDGE AVE,negative_T_minus_H_minus_3y
7950,1994-02-07,CI,150.0,1966.0,28.0,0,0,5,CONWAY DR,negative_T_minus_H_minus_1y
8440,1994-02-07,DI,300.0,1970.0,24.0,0,0,5,COURTLAND AVE E,negative_T_minus_H_minus_1y
1190,1994-02-08,DI,150.0,1973.0,21.0,0,0,5,AUTUMN HILL CRES,negative_T_minus_H_minus_1y
26260,1994-02-08,CI,150.0,1953.0,41.0,0,0,5,MELROSE AVE,negative_T_minus_H_minus_4y
31900,1994-02-08,CI,150.0,1966.0,28.0,0,0,5,QUEENSTON DR,negative_T_minus_H_minus_4y
92364,1994-02-08,CI,150.0,1963.0,31.0,0,0,5,WEICHEL ST,negative_T_minus_H_minus_1y
94896,1994-02-08,DI,300.0,1969.0,25.0,0,0,5,WESTWOOD DR,negative_T_minus_H_minus_3y
260,1994-02-09,CI,150.0,1955.0,39.0,0,0,5,ABERDEEN RD,negative_T_minus_H_minus_1y
40150,1994-02-09,CI,150.0,1962.0,32.0,0,0,5,VILLAGE RD,negative_T_minus_H_minus_1y
36550,1994-02-10,CI,150.0,1958.0,36.0,0,0,5,STONYBROOK DR,negative_T_minus_H_minus_1y
7480,1994-02-10,CI,150.0,1947.0,47.0,0,0,5,CLIFTON RD,negative_T_minus_H_minus_5y
18350,1994-02-11,CI,150.0,1954.0,40.0,0,0,5,HEATHER AVE,negative_T_minus_H_minus_4y
8070,1994-02-12,CI,150.0,1957.0,37.0,0,0,5,CORNELL AVE,negative_T_minus_H_minus_1y
1830,1994-02-13,CI,150.0,1952.0,42.0,0,0,5,BECKER ST,negative_T_minus_H_minus_4y
41460,1994-02-13,CI,150.0,1958.0,36.0,0,0,5,WEDGEWOOD DR,negative_T_minus_H_minus_5y
88910,1994-02-13,CI,150.0,1965.0,29.0,0,0,5,TECUMSEH CRES,negative_T_minus_H_minus_3y
22200,1994-02-14,CI,150.0,1966.0,28.0,0,0,5,KINGSTON CRES,negative_T_minus_H_minus_5y
2860,1994-02-15,CI,150.0,1963.0,31.0,0,0,5,BIRCHCLIFF AVE,negative_T_minus_H_minus_4y
8370,1994-02-15,CI,300.0,1963.0,31.0,0,1,5,COURTLAND AVE E,positive_T_minus_H
90648,1994-02-15,DI,150.0,1969.0,25.0,0,0,5,ROSSFORD CRES,negative_T_minus_H_minus_3y
18160,1994-02-16,CI,100.0,1954.0,40.0,0,0,5,HARTWOOD PL,negative_T_minus_H_minus_5y
27910,1994-02-16,CI,100.0,1958.0,36.0,0,1,5,NOEL CRES,positive_T_minus_H
34660,1994-02-16,CI,150.0,1946.0,48.0,0,0,5,SHELDON AVE N,negative_T_minus_H_minus_5y
16000,1994-02-17,CI,150.0,1967.0,27.0,0,0,5,GAY CRES,negative_T_minus_H_minus_4y
33550,1994-02-17,CI,150.0,1959.0,35.0,0,1,5,ROSS AVE,positive_T_minus_H
37620,1994-02-17,CI,150.0,1961.0,33.0,0,1,5,THALER AVE,positive_T_minus_H
3880,1994-02-17,CI,150.0,1925.0,69.0,0,0,5,BORDEN AVE S,negative_T_minus_H_minus_3y
57680,1994-02-17,CI,150.0,1955.0,39.0,0,0,5,EDNA ST,negative_T_minus_H_minus_2y
5830,1994-02-17,DI,150.0,1966.0,28.0,0,1,5,CECILE DR,positive_T_minus_H
780,1994-02-17,CI,150.0,1959.0,35.0,0,1,5,ARCHER PL,positive_T_minus_H
85712,1994-02-17,CI,300.0,1967.0,27.0,0,0,5,HOMER WATSON BLVD,negative_T_minus_H_minus_4y
86282,1994-02-17,CI,150.0,1966.0,28.0,0,0,5,TUPPER CRES,negative_T_minus_H_minus_4y
33990,1994-02-18,CI,150.0,1963.0,31.0,0,1,5,SCENIC DR,positive_T_minus_H
5830,1994-02-18,DI,150.0,1966.0,28.0,0,1,5,CECILE DR,positive_T_minus_H
16000,1994-02-19,CI,150.0,1967.0,27.0,0,0,5,GAY CRES,negative_T_minus_H_minus_4y
31770,1994-02-19,CI,150.0,1949.0,45.0,0,1,5,QUEENS BLVD,positive_T_minus_H
8870,1994-02-19,DI,150.0,1972.0,22.0,0,1,5,DALEGROVE DR,positive_T_minus_H
10530,1994-02-20,DI,100.0,1976.0,18.0,0,0,5,DUKE ST W,negative_T_minus_H_minus_4y
23730,1994-02-20,CI,150.0,1949.0,45.0,0,0,5,LEANDER PL,negative_T_minus_H_minus_3y
33450,1994-02-20,CI,150.0,1959.0,35.0,0,0,5,ROSEMOUNT DR,negative_T_minus_H_minus_3y
26270,1994-02-21,CI,150.0,1953.0,41.0,0,0,5,MELROSE AVE,negative_T_minus_H_minus_5y
660,1994-02-21,CI,150.0,1952.0,42.0,0,0,5,ANN ST,negative_T_minus_H_minus_4y
16670,1994-02-22,CI,150.0,1965.0,29.0,0,0,5,GLENWOOD DR,negative_T_minus_H_minus_4y
63540,1994-02-22,CI,150.0,1954.0,40.0,0,0,5,FIFE AVE,negative_T_minus_H_minus_4y
660,1994-02-22,CI,150.0,1952.0,42.0,0,0,5,ANN ST,negative_T_minus_H_minus_4y
86368,1994-02-22,DI,150.0,1968.0,26.0,0,0,5,KIMBERLY CRES,negative_T_minus_H_minus_2y
20530,1994-02-23,CI,150.0,1947.0,47.0,0,0,5,JACKSON AVE,negative_T_minus_H_minus_2y
36530,1994-02-23,CI,150.0,1958.0,36.0,0,0,5,STONYBROOK DR,negative_T_minus_H_minus_3y
62550,1994-02-23,CI,300.0,1964.0,30.0,0,0,5,BLOOMINGDALE RD,negative_T_minus_H_minus_5y
35640,1994-02-25,CI,150.0,1968.0,26.0,0,0,5,SPRINGDALE DR,negative_T_minus_H_minus_5y
37140,1994-02-25,CI,100.0,1954.0,40.0,0,0,5,SUNSET PL,negative_T_minus_H_minus_1y
17070,1994-02-26,CI,150.0,1959.0,35.0,0,0,5,GRAYSTONE AVE,negative_T_minus_H_minus_2y
2010,1994-02-26,CI,300.0,1957.0,37.0,0,0,5,BELMONT AVE W,negative_T_minus_H_minus_5y
95692,1994-02-26,CI,300.0,1955.0,39.0,0,0,5,SHERWOOD AVE,negative_T_minus_H_minus_4y
80860,1994-02-27,CI,150.0,1951.0,43.0,0,0,5,VICTORIA ST N,negative_T_minus_H_minus_4y
12950,1994-02-28,DI,150.0,1981.0,13.0,0,0,5,WOODVIEW CRES,negative_T_minus_H_minus_5y
14940,1994-02-28,CI,150.0,1958.0,36.0,0,0,5,FOREST HILL DR,negative_T_minus_H_minus_4y
31910,1994-02-28,CI,150.0,1966.0,28.0,0,0,5,QUEENSTON DR,negative_T_minus_H_minus_1y
33410,1994-02-28,CI,150.0,1958.0,36.0,0,0,5,ROSEMOUNT DR,negative_T_minus_H_minus_1y
6500,1994-02-28,CI,150.0,1953.0,41.0,0,0,5,CHAPEL ST,negative_T_minus_H_minus_5y
40390,1994-03-02,CI,200.0,1953.0,41.0,0,0,5,WALTON AVE,negative_T_minus_H_minus_5y
57690,1994-03-02,CI,150.0,1954.0,40.0,0,0,5,CAMBRIDGE AVE,negative_T_minus_H_minus_5y
6500,1994-03-02,CI,150.0,1953.0,41.0,0,0,5,CHAPEL ST,negative_T_minus_H_minus_5y
87984,1994-03-02,CI,150.0,1963.0,31.0,0,0,5,RUSKVIEW RD,negative_T_minus_H_minus_5y
9520,1994-03-03,CI,150.0,1955.0,39.0,0,0,5,DONALD ST,negative_T_minus_H_minus_4y
31910,1994-03-04,CI,150.0,1966.0,28.0,0,0,5,QUEENSTON DR,negative_T_minus_H_minus_5y
23980,1994-03-05,CI,100.0,1961.0,33.0,0,0,5,LINTON PL,negative_T_minus_H_minus_3y
15830,1994-03-06,CI,150.0,1967.0,27.0,0,1,5,FURNESS DR,positive_T_minus_H
21210,1994-03-07,CI,150.0,1958.0,36.0,0,0,5,KENWOOD DR,negative_T_minus_H_minus_1y
27650,1994-03-07,DI,150.0,1980.0,14.0,0,0,5,NELSON AVE,negative_T_minus_H_minus_4y
23980,1994-03-09,CI,100.0,1961.0,33.0,0,0,5,LINTON PL,negative_T_minus_H_minus_2y
17740,1994-03-10,CI,200.0,1957.0,37.0,0,0,5,GUELPH ST,negative_T_minus_H_minus_5y
29790,1994-03-10,CI,150.0,1967.0,27.0,0,0,5,OVERLEA DR,negative_T_minus_H_minus_3y
3490,1994-03-11,CI,100.0,1951.0,43.0,0,0,5,BLUCHER ST,negative_T_minus_H_minus_2y
4530,1994-03-11,CI,150.0,1958.0,36.0,0,0,5,BRIDGE ST W,negative_T_minus_H_minus_4y
21210,1994-03-12,CI,150.0,1958.0,36.0,0,1,5,KENWOOD DR,positive_T_minus_H
21970,1994-03-13,CPP,450.0,1988.0,6.0,0,0,5,KING ST E,negative_T_minus_H_minus_1y
66360,1994-03-13,PVC,150.0,1965.0,29.0,0,0,5,CHAPEL HILL DR,negative_T_minus_H_minus_3y
32860,1994-03-14,DI,200.0,1974.0,20.0,0,0,5,,negative_T_minus_H_minus_2y
4900,1994-03-14,CI,150.0,1953.0,41.0,0,0,5,BRUCE ST,negative_T_minus_H_minus_5y
10020,1994-03-15,CI,200.0,1963.0,31.0,0,0,5,DREGER AVE,negative_T_minus_H_minus_4y
80156,1994-03-15,DI,300.0,1993.0,1.0,0,0,5,RIVERBEND DR,negative_T_minus_H_minus_2y
7290,1994-03-19,CI,100.0,1956.0,38.0,0,0,5,CLAREMONT AVE,negative_T_minus_H_minus_2y
80774,1994-03-20,DI,300.0,1978.0,16.0,0,0,5,VICTORIA ST N,negative_T_minus_H_minus_2y
11600,1994-03-21,CI,150.0,1950.0,44.0,0,0,5,EDWIN ST,negative_T_minus_H_minus_4y
23530,1994-03-21,CI,150.0,1964.0,30.0,0,0,5,LARKSPUR CRES,negative_T_minus_H_minus_2y
5370,1994-03-22,DI,150.0,1982.0,12.0,0,0,5,CAMERON ST N,negative_T_minus_H_minus_4y
59980,1994-03-24,CI,150.0,1933.0,61.0,0,0,5,JOSEPH ST,negative_T_minus_H_minus_4y
8460,1994-03-24,DI,450.0,1970.0,24.0,0,0,5,COURTLAND AVE E,negative_T_minus_H_minus_5y
23060,1994-03-25,CI,150.0,1957.0,37.0,0,0,5,LAKESIDE DR,negative_T_minus_H_minus_4y
14000,1994-03-26,CI,150.0,1962.0,32.0,0,0,5,FALESY AVE,negative_T_minus_H_minus_4y
4101323,1994-03-26,XXX,13.0,1965.0,29.0,0,0,5,CLOVERDALE CRES,negative_T_minus_H_minus_2y
26010,1994-03-29,CI,150.0,1967.0,27.0,0,0,5,MCGEE AVE,negative_T_minus_H_minus_3y
20280,1994-04-02,CI,150.0,1967.0,27.0,0,0,5,INDIAN RD,negative_T_minus_H_minus_5y
42910,1994-04-02,DI,300.0,1969.0,25.0,0,0,5,WESTWOOD DR,negative_T_minus_H_minus_3y
6230,1994-04-04,CI,150.0,1962.0,32.0,0,0,5,CENTREVILLE ST,negative_T_minus_H_minus_5y
21140,1994-04-06,CI,150.0,1954.0,40.0,0,0,5,KENSINGTON AVE,negative_T_minus_H_minus_1y
32170,1994-04-08,CI,150.0,1963.0,31.0,0,1,5,RENNIE DR,positive_T_minus_H
20520,1994-04-09,CI,150.0,1947.0,47.0,0,1,5,JACKSON AVE,positive_T_minus_H
20520,1994-04-10,CI,150.0,1947.0,47.0,0,1,5,JACKSON AVE,positive_T_minus_H
61814,1994-04-15,CI,150.0,1967.0,27.0,0,0,5,CARSON DR,negative_T_minus_H_minus_3y
30520,1994-04-21,CI,150.0,1966.0,28.0,0,1,5,PENROSE AVE,positive_T_minus_H
18300,1994-04-25,DI,300.0,1968.0,26.0,0,0,5,HAZELGLEN DR,negative_T_minus_H_minus_2y
59980,1994-04-26,CI,150.0,1933.0,61.0,0,0,5,JOSEPH ST,negative_T_minus_H_minus_5y
17080,1994-05-05,DI,150.0,1977.0,17.0,0,0,5,GRAYWOOD CRT,negative_T_minus_H_minus_5y
23470,1994-05-07,CI,150.0,1961.0,33.0,0,1,5,LANG CRES,positive_T_minus_H
24390,1994-05-07,CI,150.0,1948.0,46.0,0,1,5,LANG CRES,positive_T_minus_H
4730,1994-05-07,CI,150.0,1953.0,41.0,0,0,5,BROADVIEW AVE,negative_T_minus_H_minus_4y
26080,1994-05-11,CI,150.0,1950.0,44.0,0,0,5,MCKENZIE AVE,negative_T_minus_H_minus_2y
78154,1994-05-11,AC,450.0,1952.0,42.0,0,0,5,HOWE DR,negative_T_minus_H_minus_1y
61893,1994-05-12,AC,750.0,1970.0,24.0,0,0,5,WESTMOUNT RD E,negative_T_minus_H_minus_1y
84660,1994-05-12,DI,300.0,1991.0,3.0,0,0,5,KING ST E,negative_T_minus_H_minus_5y
2000,1994-05-13,CI,300.0,1957.0,37.0,0,1,5,BELMONT AVE W,positive_T_minus_H
7950,1994-05-14,CI,150.0,1966.0,28.0,0,0,5,CONWAY DR,negative_T_minus_H_minus_4y
92554,1994-05-16,CI,150.0,1958.0,36.0,0,0,5,WEDGEWOOD DR,negative_T_minus_H_minus_1y
2860,1994-05-21,CI,150.0,1963.0,31.0,0,1,5,BIRCHCLIFF AVE,positive_T_minus_H
21170,1994-05-22,CI,150.0,1926.0,68.0,0,0,5,KENT AVE,negative_T_minus_H_minus_3y
36010,1994-05-22,DI,300.0,1992.0,2.0,0,0,5,STANLEY AVE,negative_T_minus_H_minus_5y
15440,1994-05-25,CI,150.0,1957.0,37.0,0,0,5,FRANKLIN ST S,negative_T_minus_H_minus_1y
4010,1994-05-26,CI,150.0,1965.0,29.0,0,0,5,BRADLEY DR,negative_T_minus_H_minus_4y
37070,1994-05-28,CI,150.0,1964.0,30.0,0,0,5,SUMMIT AVE,negative_T_minus_H_minus_2y
18250,1994-05-29,DI,300.0,1969.0,25.0,0,0,5,HAZELGLEN DR,negative_T_minus_H_minus_2y
3440,1994-05-30,CI,300.0,1964.0,30.0,0,0,5,BLOOMINGDALE RD,negative_T_minus_H_minus_1y
16550,1994-05-31,CI,150.0,1969.0,25.0,0,0,5,GLEN LAKE CRES,negative_T_minus_H_minus_2y
32070,1994-06-01,DI,150.0,1971.0,23.0,0,0,5,RAMBLEWOOD WAY,negative_T_minus_H_minus_2y
8630,1994-06-01,DI,300.0,1989.0,5.0,0,1,5,CRESTVIEW PL,positive_T_minus_H
29620,1994-06-07,CI,150.0,1929.0,65.0,0,1,5,OTTAWA ST S,positive_T_minus_H
34640,1994-06-11,CI,150.0,1925.0,69.0,0,0,5,SHELDON AVE N,negative_T_minus_H_minus_4y
5160,1994-06-11,CI,150.0,1963.0,31.0,0,0,5,BUTTONWOOD DR,negative_T_minus_H_minus_4y
42630,1994-06-20,DI,300.0,1968.0,26.0,0,0,5,WESTMOUNT RD E,negative_T_minus_H_minus_1y
19710,1994-06-24,DI,150.0,1967.0,27.0,0,0,5,HOLBORN DR,negative_T_minus_H_minus_2y
18310,1994-06-28,DI,300.0,1969.0,25.0,0,1,5,HAZELGLEN DR,positive_T_minus_H
5160,1994-06-29,CI,150.0,1963.0,31.0,0,0,5,BUTTONWOOD DR,negative_T_minus_H_minus_2y
8870,1994-07-05,DI,150.0,1972.0,22.0,0,1,5,DALEGROVE DR,positive_T_minus_H
8400,1994-07-06,CI,300.0,1967.0,27.0,0,0,5,COURTLAND AVE E,negative_T_minus_H_minus_1y
76569,1994-07-07,CI,250.0,1889.0,105.0,0,1,5,KING ST W,positive_T_minus_H
5700,1994-07-09,CI,150.0,1958.0,36.0,0,0,5,CARWOOD AVE,negative_T_minus_H_minus_2y
16540,1994-07-12,DI,150.0,1970.0,24.0,0,1,5,GLEN AVON CRES,positive_T_minus_H
34640,1994-07-13,CI,150.0,1925.0,69.0,0,0,5,SHELDON AVE N,negative_T_minus_H_minus_4y
42320,1994-07-24,DI,200.0,1975.0,19.0,0,1,5,WESTHEIGHTS DR,positive_T_minus_H
37770,1994-07-25,CI,150.0,1953.0,41.0,0,0,5,THIRD AVE,negative_T_minus_H_minus_5y
64610,1994-07-28,PVC,150.0,1970.0,24.0,1,1,5,INGLESIDE DR,positive_T_minus_H
86864,1994-07-28,DI,150.0,1968.0,26.0,0,1,5,MARKWOOD DR,positive_T_minus_H
38270,1994-07-29,DI,300.0,1973.0,21.0,0,1,5,TRILLIUM DR,positive_T_minus_H
43480,1994-07-29,CI,200.0,1958.0,36.0,0,0,5,WILSON AVE,negative_T_minus_H_minus_2y
41640,1994-07-31,DI,200.0,1975.0,19.0,0,0,5,WELLINGTON ST N,negative_T_minus_H_minus_2y
7160,1994-07-31,DI,150.0,1968.0,26.0,0,1,5,CHOPIN DR,positive_T_minus_H
15110,1994-08-03,DI,150.0,1977.0,17.0,0,0,5,FORFAR AVE,negative_T_minus_H_minus_1y
16080,1994-08-05,DI,150.0,1976.0,18.0,0,0,5,GEORGIAN CRES,negative_T_minus_H_minus_2y
36040,1994-08-14,CI,150.0,1937.0,57.0,0,0,5,STEWART ST,negative_T_minus_H_minus_4y
92238,1994-08-17,DI,150.0,1972.0,22.0,0,1,5,HILLBROOK CRES,positive_T_minus_H
8860,1994-08-21,DI,150.0,1969.0,25.0,0,1,5,DALEGROVE DR,positive_T_minus_H
21390,1994-08-23,CI,250.0,1889.0,105.0,0,0,5,KING ST W,negative_T_minus_H_minus_2y
23310,1994-08-23,CI,450.0,1937.0,57.0,0,0,5,LANCASTER ST W,negative_T_minus_H_minus_3y
87596,1994-08-24,DI,300.0,1978.0,16.0,0,0,5,CHARLES ST E,negative_T_minus_H_minus_2y
83918,1994-08-26,CI,150.0,1963.0,31.0,0,0,5,VOLTA AVE,negative_T_minus_H_minus_3y
33470,1994-08-27,DI,150.0,1974.0,20.0,0,0,5,ROSENEATH CRES,negative_T_minus_H_minus_2y
86368,1994-08-28,DI,150.0,1968.0,26.0,0,1,5,KIMBERLY CRES,positive_T_minus_H
14090,1994-08-30,DI,200.0,1974.0,20.0,0,1,5,FARRIER DR,positive_T_minus_H
11060,1994-08-31,CI,300.0,1949.0,45.0,0,0,5,EAST AVE,negative_T_minus_H_minus_2y
21390,1994-09-02,CI,250.0,1889.0,105.0,0,0,5,KING ST W,negative_T_minus_H_minus_2y
21970,1994-09-08,CPP,450.0,1988.0,6.0,0,0,5,KING ST E,negative_T_minus_H_minus_1y
15030,1994-09-09,DI,150.0,1968.0,26.0,0,0,5,FORESTWOOD DR,negative_T_minus_H_minus_5y
21730,1994-09-10,CI,150.0,1922.0,72.0,0,0,5,KING ST E,negative_T_minus_H_minus_4y
19080,1994-09-14,CI,150.0,1952.0,42.0,0,1,5,HIGHLAND RD E,positive_T_minus_H
15930,1994-09-16,CI,450.0,1956.0,38.0,0,0,5,GATEWOOD RD,negative_T_minus_H_minus_5y
5270,1994-09-16,CI,100.0,1956.0,38.0,0,0,5,CAMDEN PL,negative_T_minus_H_minus_4y
42910,1994-09-17,DI,300.0,1969.0,25.0,0,0,5,WESTWOOD DR,negative_T_minus_H_minus_4y
25740,1994-09-18,CI,150.0,1951.0,43.0,0,1,5,MAUSSER AVE,positive_T_minus_H
3620,1994-09-19,DI,150.0,1973.0,21.0,0,0,5,BLUE SPRUCE CRT,negative_T_minus_H_minus_1y
42900,1994-09-19,DI,300.0,1969.0,25.0,0,0,5,WESTWOOD DR,negative_T_minus_H_minus_1y
88872,1994-09-22,DI,300.0,1974.0,20.0,0,0,5,BELMONT AVE W,negative_T_minus_H_minus_4y
38190,1994-09-24,CI,150.0,1958.0,36.0,0,0,5,TRAYNOR AVE,negative_T_minus_H_minus_5y
18280,1994-09-25,DI,300.0,1968.0,26.0,0,0,5,HAZELGLEN DR,negative_T_minus_H_minus_1y
1430,1994-10-01,CI,150.0,1967.0,27.0,0,0,5,BALFOUR CRES,negative_T_minus_H_minus_3y
37810,1994-10-01,CI,150.0,1964.0,30.0,0,0,5,THORNRIDGE CRES,negative_T_minus_H_minus_2y
1190,1994-10-02,DI,150.0,1973.0,21.0,0,0,5,AUTUMN HILL CRES,negative_T_minus_H_minus_1y
13550,1994-10-02,CI,450.0,1961.0,33.0,0,0,5,OTTAWA ST S,negative_T_minus_H_minus_2y
35630,1994-10-03,CI,150.0,1960.0,34.0,0,0,5,SPRINGBANK CRES,negative_T_minus_H_minus_1y
11170,1994-10-04,DI,150.0,1967.0,27.0,0,1,5,EASTWOOD DR,positive_T_minus_H
15440,1994-10-04,CI,150.0,1957.0,37.0,0,0,5,FRANKLIN ST S,negative_T_minus_H_minus_3y
20570,1994-10-05,CI,150.0,1961.0,33.0,0,0,5,JANSEN AVE,negative_T_minus_H_minus_4y
18990,1994-10-06,DI,300.0,1964.0,30.0,0,1,5,HIGHLAND RD W,positive_T_minus_H
20560,1994-10-07,CI,150.0,1961.0,33.0,0,1,5,JANSEN AVE,positive_T_minus_H
8400,1994-10-11,CI,300.0,1967.0,27.0,0,0,5,COURTLAND AVE E,negative_T_minus_H_minus_4y
13660,1994-10-12,CI,150.0,1954.0,40.0,0,1,5,ETON DR,positive_T_minus_H
7740,1994-10-12,DI,150.0,1966.0,28.0,0,0,5,CONFEDERATION DR,negative_T_minus_H_minus_3y
15840,1994-10-14,CI,300.0,1969.0,25.0,0,0,5,GAGE AVE,negative_T_minus_H_minus_1y
28590,1994-10-14,DI,150.0,1967.0,27.0,0,0,5,OLD YORK CRES,negative_T_minus_H_minus_4y
37540,1994-10-14,CI,150.0,1958.0,36.0,0,0,5,TANGLEWOOD AVE,negative_T_minus_H_minus_1y
88828,1994-10-14,CI,150.0,1967.0,27.0,0,0,5,BELWOOD CRES,negative_T_minus_H_minus_3y
20030,1994-10-15,CI,150.0,1963.0,31.0,0,1,5,HUGO CRES,positive_T_minus_H
40150,1994-10-15,CI,150.0,1962.0,32.0,0,0,5,VILLAGE RD,negative_T_minus_H_minus_1y
15020,1994-10-16,DI,150.0,1968.0,26.0,0,0,5,FORESTWOOD DR,negative_T_minus_H_minus_2y
42910,1994-10-17,DI,300.0,1969.0,25.0,0,0,5,WESTWOOD DR,negative_T_minus_H_minus_5y
25250,1994-10-18,CI,150.0,1953.0,41.0,0,0,5,MAPLEWOOD PL,negative_T_minus_H_minus_2y
2990,1994-10-21,DI,200.0,1967.0,27.0,0,0,5,BLACKFRIARS PL,negative_T_minus_H_minus_4y
35130,1994-10-21,CI,150.0,1965.0,29.0,0,1,5,SIMPSON AVE,positive_T_minus_H
28590,1994-10-22,DI,150.0,1967.0,27.0,0,0,5,OLD YORK CRES,negative_T_minus_H_minus_2y
39040,1994-10-22,CI,200.0,1953.0,41.0,0,0,5,VANIER DR,negative_T_minus_H_minus_4y
4040,1994-10-22,CI,150.0,1955.0,39.0,0,0,5,BRANDON AVE,negative_T_minus_H_minus_2y
1230,1994-10-24,CI,150.0,1958.0,36.0,0,0,5,AVALON PL,negative_T_minus_H_minus_1y
1570,1994-10-24,CI,150.0,1964.0,30.0,0,0,5,BARBARA CRES,negative_T_minus_H_minus_1y
19590,1994-10-24,DI,150.0,1964.0,30.0,0,1,5,HOFFMAN ST,positive_T_minus_H
8790,1994-10-24,CI,150.0,1960.0,34.0,0,1,5,CYPRUS DR,positive_T_minus_H
37770,1994-10-25,CI,150.0,1953.0,41.0,0,0,5,THIRD AVE,negative_T_minus_H_minus_3y
90210,1994-10-25,CI,150.0,1967.0,27.0,0,1,5,CARNABY CRES,positive_T_minus_H
14870,1994-10-28,CI,200.0,1962.0,32.0,0,0,5,FOREST HILL DR,negative_T_minus_H_minus_1y
43480,1994-10-28,CI,200.0,1958.0,36.0,0,0,5,WILSON AVE,negative_T_minus_H_minus_1y
64610,1994-10-28,PVC,150.0,1970.0,24.0,1,1,5,INGLESIDE DR,positive_T_minus_H
7760,1994-10-28,CI,150.0,1966.0,28.0,0,1,5,CONFEDERATION DR,positive_T_minus_H
11930,1994-10-29,CI,150.0,1953.0,41.0,0,0,5,EMERALD AVE,negative_T_minus_H_minus_3y
14660,1994-10-31,DI,150.0,1971.0,23.0,0,0,5,FLORAL CRES,negative_T_minus_H_minus_1y
89922,1994-10-31,CI,150.0,1961.0,33.0,0,0,5,DUNCAIRN AVE,negative_T_minus_H_minus_3y
40750,1994-11-06,DI,150.0,1966.0,28.0,0,1,5,WAYNE DR,positive_T_minus_H
14870,1994-11-07,CI,200.0,1962.0,32.0,0,0,5,FOREST HILL DR,negative_T_minus_H_minus_1y
15190,1994-11-07,DI,150.0,1974.0,20.0,0,0,5,FOUR SEASONS CRT,negative_T_minus_H_minus_1y
35450,1994-11-07,CI,150.0,1927.0,67.0,1,0,5,SPADINA RD W,negative_T_minus_H_minus_3y
7730,1994-11-07,CI,150.0,1966.0,28.0,0,1,5,CONFEDERATION DR,positive_T_minus_H
35920,1994-11-08,DI,300.0,1981.0,13.0,0,0,5,ST LEGER ST,negative_T_minus_H_minus_3y
42550,1994-11-08,CI,300.0,1958.0,36.0,0,0,5,WESTMOUNT RD E,negative_T_minus_H_minus_3y
9100,1994-11-08,CI,150.0,1962.0,32.0,0,0,5,DEERPARK CRES,negative_T_minus_H_minus_3y
17080,1994-11-09,DI,150.0,1977.0,17.0,0,0,5,GRAYWOOD CRT,negative_T_minus_H_minus_1y
32730,1994-11-10,CI,150.0,1959.0,35.0,0,1,5,RIVER RD E,positive_T_minus_H
37220,1994-11-10,CI,150.0,1961.0,33.0,0,0,5,SWEETBRIAR DR,negative_T_minus_H_minus_5y
90922,1994-11-11,CI,150.0,1960.0,34.0,0,0,5,CYPRUS DR,negative_T_minus_H_minus_5y
15060,1994-11-13,CI,150.0,1968.0,26.0,0,0,5,FORESTWOOD DR,negative_T_minus_H_minus_4y
20570,1994-11-14,CI,150.0,1961.0,33.0,0,1,5,JANSEN AVE,positive_T_minus_H
19760,1994-11-15,DI,150.0,1967.0,27.0,0,0,5,HOLBORN DR,negative_T_minus_H_minus_1y
64610,1994-11-15,PVC,150.0,1970.0,24.0,1,1,5,INGLESIDE DR,positive_T_minus_H
88528,1994-11-15,DI,150.0,1992.0,2.0,0,0,5,SCHUELLER ST,negative_T_minus_H_minus_5y
32900,1994-11-16,CI,300.0,1960.0,34.0,0,0,5,SHIRLEY AVE,negative_T_minus_H_minus_4y
42900,1994-11-16,DI,300.0,1969.0,25.0,0,0,5,WESTWOOD DR,negative_T_minus_H_minus_2y
14660,1994-11-17,DI,150.0,1971.0,23.0,0,0,5,FLORAL CRES,negative_T_minus_H_minus_4y
14840,1994-11-19,CI,200.0,1962.0,32.0,0,0,5,FOREST HILL DR,negative_T_minus_H_minus_3y
30680,1994-11-20,CI,150.0,1959.0,35.0,0,0,5,PINECREST DR,negative_T_minus_H_minus_3y
34340,1994-11-20,DI,300.0,1983.0,11.0,0,0,5,SEREDA RD,negative_T_minus_H_minus_4y
85090,1994-11-20,CI,150.0,1959.0,35.0,0,0,5,GRAYSTONE AVE,negative_T_minus_H_minus_3y
17070,1994-11-21,CI,150.0,1959.0,35.0,0,0,5,GRAYSTONE AVE,negative_T_minus_H_minus_1y
44190,1994-11-21,CI,150.0,1959.0,35.0,0,0,5,YAGER AVE,negative_T_minus_H_minus_3y
18680,1994-11-22,CI,150.0,1960.0,34.0,0,1,5,HICKSON DR,positive_T_minus_H
31980,1994-11-22,DI,200.0,1974.0,20.0,0,0,5,RADCLIFFE DR,negative_T_minus_H_minus_1y
42990,1994-11-22,DI,300.0,1969.0,25.0,0,0,5,WESTWOOD DR,negative_T_minus_H_minus_5y
82428,1994-11-22,DI,450.0,1972.0,22.0,0,0,5,STRASBURG RD,negative_T_minus_H_minus_1y
21730,1994-11-23,CI,150.0,1922.0,72.0,0,0,5,KING ST E,negative_T_minus_H_minus_4y
28590,1994-11-23,DI,150.0,1967.0,27.0,0,0,5,OLD YORK CRES,negative_T_minus_H_minus_2y
34840,1994-11-23,CI,150.0,1954.0,40.0,0,0,5,SHERWOOD AVE,negative_T_minus_H_minus_1y
38850,1994-11-23,CI,150.0,1974.0,20.0,0,0,5,UPLANDS DR,negative_T_minus_H_minus_2y
17730,1994-11-24,CI,150.0,1957.0,37.0,0,0,5,SEREDA RD,negative_T_minus_H_minus_2y
19490,1994-11-24,DI,150.0,1981.0,13.0,0,0,5,HILLCREST CRT,negative_T_minus_H_minus_4y
29830,1994-11-24,DI,150.0,1966.0,28.0,0,1,5,OVERLEA DR,positive_T_minus_H
16240,1994-11-25,CI,150.0,1962.0,32.0,0,0,5,GILMOUR CRES,negative_T_minus_H_minus_3y
3460,1994-11-25,CI,300.0,1964.0,30.0,0,0,5,BLOOMINGDALE RD,negative_T_minus_H_minus_5y
85716,1994-11-25,CI,300.0,1967.0,27.0,0,0,5,HOMER WATSON BLVD,negative_T_minus_H_minus_4y
38850,1994-11-26,CI,150.0,1974.0,20.0,0,0,5,UPLANDS DR,negative_T_minus_H_minus_3y
25340,1994-11-27,CI,200.0,1904.0,90.0,0,0,5,MARGARET AVE,negative_T_minus_H_minus_3y
33460,1994-11-27,CI,150.0,1961.0,33.0,0,0,5,ROSEMOUNT DR,negative_T_minus_H_minus_5y
7140,1994-11-27,DI,150.0,1965.0,29.0,0,1,5,CHICOPEE TERR,positive_T_minus_H
88756,1994-11-27,CI,150.0,1967.0,27.0,0,0,5,COVENTRY DR,negative_T_minus_H_minus_5y
34430,1994-11-28,CI,150.0,1958.0,36.0,0,0,5,SHADYWOOD CRES,negative_T_minus_H_minus_5y
38190,1994-11-28,CI,150.0,1958.0,36.0,0,0,5,TRAYNOR AVE,negative_T_minus_H_minus_5y
900,1994-11-28,CI,150.0,1953.0,41.0,0,1,5,ARLINGTON BLVD,positive_T_minus_H
20430,1994-11-29,CI,150.0,1966.0,28.0,0,0,5,INWOOD DR,negative_T_minus_H_minus_4y
22490,1994-11-30,CI,150.0,1960.0,34.0,0,0,5,KINZIE AVE,negative_T_minus_H_minus_1y
18320,1994-12-02,CI,150.0,1958.0,36.0,0,0,5,HEARTH CRES,negative_T_minus_H_minus_1y
31750,1994-12-02,CI,150.0,1954.0,40.0,0,0,5,QUEENS BLVD,negative_T_minus_H_minus_3y
24600,1994-12-03,CI,150.0,1958.0,36.0,0,0,5,LYNDHURST DR,negative_T_minus_H_minus_5y
30440,1994-12-03,CI,150.0,1962.0,32.0,0,0,5,PEACHWOOD CRT,negative_T_minus_H_minus_3y
40390,1994-12-03,CI,200.0,1953.0,41.0,0,0,5,WALTON AVE,negative_T_minus_H_minus_3y
5250,1994-12-03,CI,150.0,1954.0,40.0,0,1,5,CAMBRIDGE AVE,positive_T_minus_H
5620,1994-12-03,DI,200.0,1966.0,28.0,0,0,5,CARSON DR,negative_T_minus_H_minus_3y
15440,1994-12-04,CI,150.0,1957.0,37.0,0,0,5,FRANKLIN ST S,negative_T_minus_H_minus_4y
42890,1994-12-04,CI,150.0,1966.0,28.0,0,0,5,WESTWOOD CRES,negative_T_minus_H_minus_1y
41000,1994-12-06,CI,150.0,1948.0,46.0,0,0,5,WEBER ST E,negative_T_minus_H_minus_3y
33450,1994-12-07,CI,150.0,1959.0,35.0,0,0,5,ROSEMOUNT DR,negative_T_minus_H_minus_5y
34890,1994-12-07,DI,300.0,1979.0,15.0,0,0,5,SHIRLEY AVE,negative_T_minus_H_minus_3y
26010,1994-12-09,CI,150.0,1967.0,27.0,0,0,5,MCGEE AVE,negative_T_minus_H_minus_4y
27810,1994-12-09,CI,150.0,1960.0,34.0,0,1,5,NINE PINES RD,positive_T_minus_H
9520,1994-12-09,CI,150.0,1955.0,39.0,0,0,5,DONALD ST,negative_T_minus_H_minus_3y
9560,1994-12-09,DI,150.0,1965.0,29.0,0,0,5,DOOLEY DR,negative_T_minus_H_minus_4y
18160,1994-12-10,CI,100.0,1954.0,40.0,0,0,5,HARTWOOD PL,negative_T_minus_H_minus_1y
20580,1994-12-11,CI,150.0,1970.0,24.0,0,1,5,JANSEN AVE,positive_T_minus_H
27830,1994-12-11,CI,200.0,1961.0,33.0,0,0,5,NINTH AVE,negative_T_minus_H_minus_2y
43480,1994-12-11,CI,200.0,1958.0,36.0,0,0,5,WILSON AVE,negative_T_minus_H_minus_3y
5540,1994-12-11,CI,150.0,1962.0,32.0,0,0,5,CARROL ST,negative_T_minus_H_minus_4y
15440,1994-12-12,CI,150.0,1957.0,37.0,0,0,5,FRANKLIN ST S,negative_T_minus_H_minus_3y
27420,1994-12-12,DI,200.0,1972.0,22.0,0,0,5,MORRISON RD,negative_T_minus_H_minus_3y
29790,1994-12-12,CI,150.0,1967.0,27.0,0,0,5,OVERLEA DR,negative_T_minus_H_minus_3y
88828,1994-12-12,CI,150.0,1967.0,27.0,0,0,5,BELWOOD CRES,negative_T_minus_H_minus_4y
9940,1994-12-12,DI,450.0,1969.0,25.0,0,0,5,DOON VILLAGE RD,negative_T_minus_H_minus_4y
13650,1994-12-13,CI,150.0,1955.0,39.0,0,0,5,ETON DR,negative_T_minus_H_minus_2y
14280,1994-12-14,CI,200.0,1959.0,35.0,0,0,5,FERGUS AVE,negative_T_minus_H_minus_3y
14850,1994-12-14,CI,200.0,1962.0,32.0,0,1,5,FOREST HILL DR,positive_T_minus_H
8800,1994-12-15,CI,150.0,1960.0,34.0,0,0,5,CYPRUS DR,negative_T_minus_H_minus_2y
1430,1994-12-16,CI,150.0,1967.0,27.0,0,0,5,BALFOUR CRES,negative_T_minus_H_minus_4y
24260,1994-12-16,DI,150.0,1965.0,29.0,0,0,5,LORRAINE AVE,negative_T_minus_H_minus_1y
28270,1994-12-16,DI,200.0,1967.0,27.0,0,1,5,OLD CHICOPEE DR,positive_T_minus_H
15200,1994-12-17,CI,150.0,1960.0,34.0,0,0,5,FOURTH AVE,negative_T_minus_H_minus_4y
14390,1994-12-18,CI,150.0,1957.0,37.0,0,0,5,FIRST AVE,negative_T_minus_H_minus_1y
36530,1994-12-18,CI,150.0,1958.0,36.0,0,0,5,STONYBROOK DR,negative_T_minus_H_minus_3y
440,1994-12-19,DI,300.0,1978.0,16.0,0,1,5,SCHWEITZER ST,positive_T_minus_H
83874,1994-12-19,CI,200.0,1953.0,41.0,0,0,5,VANIER DR,negative_T_minus_H_minus_3y
9450,1994-12-19,CPP,600.0,1960.0,34.0,0,0,5,DIXON ST,negative_T_minus_H_minus_1y
26150,1994-12-20,DI,100.0,1969.0,25.0,0,0,5,MEADOW CRES,negative_T_minus_H_minus_3y
26520,1994-12-20,CI,150.0,1965.0,29.0,0,0,5,MIDLAND DR,negative_T_minus_H_minus_3y
59960,1994-12-20,CI,150.0,1957.0,37.0,0,0,5,GUELPH ST,negative_T_minus_H_minus_3y
88872,1994-12-20,DI,300.0,1974.0,20.0,0,0,5,BELMONT AVE W,negative_T_minus_H_minus_2y
4950,1994-12-21,CI,150.0,1953.0,41.0,0,0,5,BRUCE ST,negative_T_minus_H_minus_5y
79750,1994-12-21,DI,150.0,1981.0,13.0,0,0,5,HILLCREST CRT,negative_T_minus_H_minus_2y
19630,1994-12-22,CI,150.0,1957.0,37.0,0,0,5,HOFFMAN ST,negative_T_minus_H_minus_1y
29790,1994-12-22,CI,150.0,1967.0,27.0,0,0,5,OVERLEA DR,negative_T_minus_H_minus_3y
43540,1994-12-22,CI,200.0,1954.0,40.0,0,0,5,WILSON AVE,negative_T_minus_H_minus_3y
24580,1994-12-23,CI,150.0,1961.0,33.0,0,1,5,LYLE PL,positive_T_minus_H
31690,1994-12-23,CI,200.0,1966.0,28.0,0,0,5,QUEENS BLVD,negative_T_minus_H_minus_2y
4910,1994-12-23,CI,150.0,1953.0,41.0,0,0,5,BRUCE ST,negative_T_minus_H_minus_3y
18340,1994-12-24,CI,150.0,1954.0,40.0,0,0,5,HEATHER AVE,negative_T_minus_H_minus_1y
24860,1994-12-24,CI,200.0,1961.0,33.0,0,0,5,MANCHESTER RD,negative_T_minus_H_minus_5y
42890,1994-12-26,CI,150.0,1966.0,28.0,0,0,5,WESTWOOD CRES,negative_T_minus_H_minus_1y
5160,1994-12-26,CI,150.0,1963.0,31.0,0,0,5,BUTTONWOOD DR,negative_T_minus_H_minus_4y
23740,1994-12-27,CI,150.0,1952.0,42.0,0,0,5,ST LEGER ST,negative_T_minus_H_minus_5y
40160,1994-12-27,CI,150.0,1957.0,37.0,0,0,5,VILLAGE RD,negative_T_minus_H_minus_5y
1230,1994-12-28,CI,150.0,1958.0,36.0,0,0,5,AVALON PL,negative_T_minus_H_minus_1y
28900,1994-12-28,DI,150.0,1992.0,2.0,0,0,5,OLIVER CRT,negative_T_minus_H_minus_1y
4125488,1994-12-28,XXX,25.0,1987.0,7.0,0,1,5,BIEHN DR,positive_T_minus_H
21140,1994-12-30,CI,150.0,1954.0,40.0,0,0,5,KENSINGTON AVE,negative_T_minus_H_minus_2y
23260,1994-12-30,DI,450.0,1968.0,26.0,0,0,5,LANCASTER ST W,negative_T_minus_H_minus_5y
4096468,1994-12-30,XXX,13.0,1976.0,18.0,0,0,5,DONALD ST,negative_T_minus_H_minus_1y
80010,1994-12-30,CI,450.0,1968.0,26.0,0,0,5,LANCASTER ST W,negative_T_minus_H_minus_2y
8420,1994-12-30,CI,300.0,1967.0,27.0,0,0,5,COURTLAND AVE E,negative_T_minus_H_minus_2y
18230,1994-12-31,DI,300.0,1968.0,26.0,0,0,5,HAZELGLEN DR,negative_T_minus_H_minus_3y
33810,1994-12-31,CI,150.0,1964.0,30.0,0,1,5,RUTHERFORD DR,positive_T_minus_H
64610,1994-12-31,PVC,150.0,1970.0,24.0,1,1,5,INGLESIDE DR,positive_T_minus_H
20280,1995-01-01,CI,150.0,1967.0,28.0,0,1,5,INDIAN RD,positive_T_minus_H
11630,1995-01-02,CI,150.0,1956.0,39.0,0,1,5,EIGHTH AVE,positive_T_minus_H
14870,1995-01-02,CI,200.0,1962.0,33.0,0,0,5,FOREST HILL DR,negative_T_minus_H_minus_2y
29200,1995-01-03,CI,150.0,1952.0,43.0,0,1,5,OTTAWA ST N,positive_T_minus_H
37500,1995-01-03,CI,150.0,1921.0,74.0,0,0,5,TALBOT ST,negative_T_minus_H_minus_3y
78886,1995-01-03,DI,300.0,1974.0,21.0,0,1,5,GLASGOW ST,positive_T_minus_H
5630,1995-01-04,DI,200.0,1966.0,29.0,0,0,5,LORRAINE AVE,negative_T_minus_H_minus_1y
20990,1995-01-05,CI,150.0,1967.0,28.0,0,1,5,KELLY DR,positive_T_minus_H
15450,1995-01-06,CI,150.0,1957.0,38.0,0,0,5,FRANKLIN ST S,negative_T_minus_H_minus_1y
31690,1995-01-06,CI,200.0,1966.0,29.0,0,0,5,QUEENS BLVD,negative_T_minus_H_minus_5y
31720,1995-01-06,DI,200.0,1966.0,29.0,0,0,5,QUEENS BLVD,negative_T_minus_H_minus_5y
37230,1995-01-06,CI,150.0,1961.0,34.0,0,1,5,SWEETBRIAR DR,positive_T_minus_H
43210,1995-01-06,CI,150.0,1953.0,42.0,0,1,5,WILFRED AVE,positive_T_minus_H
36960,1995-01-07,DI,150.0,1965.0,30.0,0,0,5,STRATHCONA CRES,negative_T_minus_H_minus_2y
57680,1995-01-07,CI,150.0,1955.0,40.0,0,0,5,EDNA ST,negative_T_minus_H_minus_5y
20530,1995-01-08,CI,150.0,1947.0,48.0,0,0,5,JACKSON AVE,negative_T_minus_H_minus_1y
39060,1995-01-08,CI,200.0,1953.0,42.0,0,0,5,VANIER DR,negative_T_minus_H_minus_3y
83144,1995-01-08,CI,150.0,1958.0,37.0,0,0,5,LYNDHURST DR,negative_T_minus_H_minus_1y
93410,1995-01-08,CI,150.0,1967.0,28.0,0,0,5,INDIAN RD,negative_T_minus_H_minus_5y
19760,1995-01-09,DI,150.0,1967.0,28.0,0,0,5,HOLBORN DR,negative_T_minus_H_minus_3y
4050,1995-01-09,CI,150.0,1955.0,40.0,0,0,5,BRANDON AVE,negative_T_minus_H_minus_2y
800,1995-01-10,CI,150.0,1959.0,36.0,0,0,5,ARCHER PL,negative_T_minus_H_minus_3y
26150,1995-01-12,DI,100.0,1969.0,26.0,0,0,5,MEADOW CRES,negative_T_minus_H_minus_1y
43000,1995-01-13,CI,300.0,1966.0,29.0,0,0,5,WESTWOOD DR,negative_T_minus_H_minus_5y
65470,1995-01-13,DI,300.0,1984.0,11.0,0,0,5,WHITNEY PL,negative_T_minus_H_minus_3y
79804,1995-01-13,DI,150.0,1980.0,15.0,0,0,5,NELSON AVE,negative_T_minus_H_minus_4y
90496,1995-01-13,CI,200.0,1969.0,26.0,0,0,5,ELMSDALE DR,negative_T_minus_H_minus_4y
15430,1995-01-14,CI,300.0,1956.0,39.0,0,0,5,FRANKLIN ST N,negative_T_minus_H_minus_2y
29860,1995-01-14,CI,150.0,1964.0,31.0,0,1,5,OWEN AVE,positive_T_minus_H
38860,1995-01-15,CI,150.0,1974.0,21.0,0,0,5,UPLANDS DR,negative_T_minus_H_minus_4y
36490,1995-01-16,CI,150.0,1962.0,33.0,0,1,5,STONYBROOK DR,positive_T_minus_H
3880,1995-01-17,CI,150.0,1925.0,70.0,0,0,5,BORDEN AVE S,negative_T_minus_H_minus_1y
78074,1995-01-17,CI,150.0,1925.0,70.0,0,1,5,AHRENS ST W,positive_T_minus_H
42520,1995-01-18,CI,300.0,1959.0,36.0,0,0,5,WESTMOUNT RD E,negative_T_minus_H_minus_4y
4430,1995-01-18,DI,150.0,1952.0,43.0,0,1,5,BRICK ST,positive_T_minus_H
8150,1995-01-18,DI,300.0,1974.0,21.0,0,0,5,COUNTRY HILL DR,negative_T_minus_H_minus_4y
96080,1995-01-18,CI,150.0,1949.0,46.0,0,0,5,QUEENS BLVD,negative_T_minus_H_minus_4y
34670,1995-01-19,CI,150.0,1946.0,49.0,0,0,5,SHELDON AVE N,negative_T_minus_H_minus_1y
19730,1995-01-20,CI,150.0,1967.0,28.0,0,1,5,HOLBORN DR,positive_T_minus_H
7310,1995-01-20,CI,150.0,1956.0,39.0,0,1,5,CLAREMONT AVE,positive_T_minus_H
27000,1995-01-21,DI,200.0,1965.0,30.0,0,0,5,MONTCALM DR,negative_T_minus_H_minus_3y
34670,1995-01-21,CI,150.0,1946.0,49.0,0,0,5,SHELDON AVE N,negative_T_minus_H_minus_3y
37610,1995-01-22,CI,150.0,1967.0,28.0,0,0,5,THALER AVE,negative_T_minus_H_minus_2y
3450,1995-01-24,CI,300.0,1964.0,31.0,0,0,5,BLOOMINGDALE RD,negative_T_minus_H_minus_1y
92734,1995-01-24,CI,150.0,1954.0,41.0,0,1,5,BYRON AVE,positive_T_minus_H
1830,1995-01-25,CI,150.0,1952.0,43.0,0,0,5,BECKER ST,negative_T_minus_H_minus_3y
4530,1995-01-25,CI,150.0,1958.0,37.0,0,1,5,BRIDGE ST W,positive_T_minus_H
86582,1995-01-25,CI,150.0,1958.0,37.0,0,0,5,HEARTH CRES,negative_T_minus_H_minus_2y
90042,1995-01-25,DI,150.0,1965.0,30.0,0,1,5,LORRAINE AVE,positive_T_minus_H
11070,1995-01-26,CI,300.0,1949.0,46.0,0,1,5,EAST AVE,positive_T_minus_H
13120,1995-01-26,DI,100.0,1960.0,35.0,0,1,5,CARWOOD CRES,positive_T_minus_H
18070,1995-01-26,CI,200.0,1953.0,42.0,0,0,5,HARBER AVE,negative_T_minus_H_minus_4y
2300,1995-01-26,CI,150.0,1962.0,33.0,0,0,5,BELTON DR,negative_T_minus_H_minus_3y
33410,1995-01-26,CI,150.0,1958.0,37.0,0,1,5,ROSEMOUNT DR,positive_T_minus_H
37550,1995-01-26,CI,150.0,1965.0,30.0,0,1,5,TECUMSEH CRES,positive_T_minus_H
40390,1995-01-26,CI,200.0,1953.0,42.0,0,0,5,WALTON AVE,negative_T_minus_H_minus_1y
5620,1995-01-26,DI,200.0,1966.0,29.0,0,0,5,CARSON DR,negative_T_minus_H_minus_2y
91676,1995-01-26,CI,200.0,1952.0,43.0,0,0,5,NINTH AVE,negative_T_minus_H_minus_2y
22620,1995-01-27,CI,200.0,1966.0,29.0,0,0,5,KNELL DR,negative_T_minus_H_minus_1y
31930,1995-01-27,DI,150.0,1966.0,29.0,0,0,5,QUEENSTON DR,negative_T_minus_H_minus_4y
4100648,1995-01-27,XXX,25.0,1967.0,28.0,0,1,5,MONTGOMERY RD,positive_T_minus_H
41500,1995-01-27,CI,150.0,1963.0,32.0,0,0,5,WEICHEL ST,negative_T_minus_H_minus_5y
76747,1995-01-27,CI,150.0,1940.0,55.0,0,1,5,STIRLING AVE S,positive_T_minus_H
17740,1995-01-28,CI,200.0,1957.0,38.0,0,1,5,GUELPH ST,positive_T_minus_H
39090,1995-01-28,CI,200.0,1961.0,34.0,0,0,5,VANIER DR,negative_T_minus_H_minus_1y
57990,1995-01-29,CI,150.0,1959.0,36.0,0,1,5,EVERGREEN CRES,positive_T_minus_H
59980,1995-01-29,CI,150.0,1933.0,62.0,0,0,5,JOSEPH ST,negative_T_minus_H_minus_3y
19530,1995-01-30,CI,150.0,1967.0,28.0,0,0,5,HILLMOUNT ST,negative_T_minus_H_minus_5y
32900,1995-01-30,CI,300.0,1960.0,35.0,0,0,5,SHIRLEY AVE,negative_T_minus_H_minus_3y
41460,1995-01-30,CI,150.0,1958.0,37.0,0,0,5,WEDGEWOOD DR,negative_T_minus_H_minus_3y
90282,1995-01-30,DI,150.0,1967.0,28.0,0,0,5,DALEWOOD DR,negative_T_minus_H_minus_4y
29200,1995-01-31,CI,150.0,1952.0,43.0,0,1,5,OTTAWA ST N,positive_T_minus_H
31140,1995-01-31,CI,150.0,1953.0,42.0,0,0,5,PROSPECT AVE,negative_T_minus_H_minus_3y
15750,1995-02-01,CI,200.0,1958.0,37.0,0,0,5,FREDERICK ST,negative_T_minus_H_minus_3y
18120,1995-02-01,CI,150.0,1961.0,34.0,0,0,5,HAROLD AVE,negative_T_minus_H_minus_1y
21060,1995-02-01,CI,150.0,1962.0,33.0,0,0,5,KENNETH AVE,negative_T_minus_H_minus_5y
36530,1995-02-01,CI,150.0,1958.0,37.0,0,0,5,STONYBROOK DR,negative_T_minus_H_minus_3y
44090,1995-02-01,CI,150.0,1951.0,44.0,0,0,5,WOODWARD AVE,negative_T_minus_H_minus_5y
7770,1995-02-01,CI,150.0,1966.0,29.0,0,1,5,CONFEDERATION DR,positive_T_minus_H
8060,1995-02-01,CI,150.0,1958.0,37.0,0,0,5,CORNELL AVE,negative_T_minus_H_minus_3y
14870,1995-02-02,CI,200.0,1962.0,33.0,0,0,5,FOREST HILL DR,negative_T_minus_H_minus_3y
16150,1995-02-02,CI,150.0,1954.0,41.0,0,0,5,GERARD AVE,negative_T_minus_H_minus_1y
21030,1995-02-02,CI,150.0,1958.0,37.0,0,0,5,KENNETH AVE,negative_T_minus_H_minus_3y
22880,1995-02-02,CI,300.0,1955.0,40.0,0,0,5,KRUG ST,negative_T_minus_H_minus_2y
30070,1995-02-02,DI,300.0,1978.0,17.0,0,0,5,PANDORA AVE S,negative_T_minus_H_minus_2y
36240,1995-02-02,CI,300.0,1957.0,38.0,0,0,5,STIRLING AVE S,negative_T_minus_H_minus_3y
88076,1995-02-02,CI,150.0,1960.0,35.0,0,0,5,RIPPLEWOOD CRES,negative_T_minus_H_minus_5y
33410,1995-02-03,CI,150.0,1958.0,37.0,0,1,5,ROSEMOUNT DR,positive_T_minus_H
36660,1995-02-03,DI,150.0,1973.0,22.0,0,0,5,STRASBURG RD,negative_T_minus_H_minus_3y
14280,1995-02-04,CI,200.0,1959.0,36.0,0,0,5,FERGUS AVE,negative_T_minus_H_minus_4y
5710,1995-02-04,CI,150.0,1958.0,37.0,0,1,5,CARWOOD AVE,positive_T_minus_H
15870,1995-02-05,DI,150.0,1969.0,26.0,0,0,5,GALLARNO CRT,negative_T_minus_H_minus_2y
35630,1995-02-05,CI,150.0,1960.0,35.0,0,0,5,SPRINGBANK CRES,negative_T_minus_H_minus_2y
42920,1995-02-05,DI,300.0,1969.0,26.0,0,0,5,WESTWOOD DR,negative_T_minus_H_minus_2y
23730,1995-02-06,CI,150.0,1949.0,46.0,0,0,5,LEANDER PL,negative_T_minus_H_minus_2y
8430,1995-02-06,DI,300.0,1970.0,25.0,0,1,5,COURTLAND AVE E,positive_T_minus_H
11060,1995-02-07,CI,300.0,1949.0,46.0,0,0,5,EAST AVE,negative_T_minus_H_minus_5y
5240,1995-02-07,CI,150.0,1955.0,40.0,0,0,5,CAMBRIDGE AVE,negative_T_minus_H_minus_2y
7950,1995-02-07,CI,150.0,1966.0,29.0,0,1,5,CONWAY DR,positive_T_minus_H
8440,1995-02-07,DI,300.0,1970.0,25.0,0,1,5,COURTLAND AVE E,positive_T_minus_H
1190,1995-02-08,DI,150.0,1973.0,22.0,0,1,5,AUTUMN HILL CRES,positive_T_minus_H
26260,1995-02-08,CI,150.0,1953.0,42.0,0,0,5,MELROSE AVE,negative_T_minus_H_minus_3y
31900,1995-02-08,CI,150.0,1966.0,29.0,0,0,5,QUEENSTON DR,negative_T_minus_H_minus_3y
92364,1995-02-08,CI,150.0,1963.0,32.0,0,1,5,WEICHEL ST,positive_T_minus_H
94896,1995-02-08,DI,300.0,1969.0,26.0,0,0,5,WESTWOOD DR,negative_T_minus_H_minus_2y
260,1995-02-09,CI,150.0,1955.0,40.0,0,1,5,ABERDEEN RD,positive_T_minus_H
40150,1995-02-09,CI,150.0,1962.0,33.0,0,1,5,VILLAGE RD,positive_T_minus_H
36550,1995-02-10,CI,150.0,1958.0,37.0,0,1,5,STONYBROOK DR,positive_T_minus_H
7480,1995-02-10,CI,150.0,1947.0,48.0,0,0,5,CLIFTON RD,negative_T_minus_H_minus_4y
18350,1995-02-11,CI,150.0,1954.0,41.0,0,0,5,HEATHER AVE,negative_T_minus_H_minus_3y
8070,1995-02-12,CI,150.0,1957.0,38.0,0,1,5,CORNELL AVE,positive_T_minus_H
1830,1995-02-13,CI,150.0,1952.0,43.0,0,0,5,BECKER ST,negative_T_minus_H_minus_3y
41460,1995-02-13,CI,150.0,1958.0,37.0,0,0,5,WEDGEWOOD DR,negative_T_minus_H_minus_4y
88910,1995-02-13,CI,150.0,1965.0,30.0,0,0,5,TECUMSEH CRES,negative_T_minus_H_minus_2y
22200,1995-02-14,CI,150.0,1966.0,29.0,0,0,5,KINGSTON CRES,negative_T_minus_H_minus_4y
90648,1995-02-15,DI,150.0,1969.0,26.0,0,0,5,ROSSFORD CRES,negative_T_minus_H_minus_2y
18160,1995-02-16,CI,100.0,1954.0,41.0,0,0,5,HARTWOOD PL,negative_T_minus_H_minus_4y
34660,1995-02-16,CI,150.0,1946.0,49.0,0,0,5,SHELDON AVE N,negative_T_minus_H_minus_4y
16000,1995-02-17,CI,150.0,1967.0,28.0,0,0,5,GAY CRES,negative_T_minus_H_minus_3y
3880,1995-02-17,CI,150.0,1925.0,70.0,0,0,5,BORDEN AVE S,negative_T_minus_H_minus_2y
57680,1995-02-17,CI,150.0,1955.0,40.0,0,0,5,EDNA ST,negative_T_minus_H_minus_1y
85712,1995-02-17,CI,300.0,1967.0,28.0,0,0,5,HOMER WATSON BLVD,negative_T_minus_H_minus_3y
86282,1995-02-17,CI,150.0,1966.0,29.0,0,0,5,TUPPER CRES,negative_T_minus_H_minus_3y
24600,1995-02-18,CI,150.0,1958.0,37.0,0,0,5,LYNDHURST DR,negative_T_minus_H_minus_5y
16000,1995-02-19,CI,150.0,1967.0,28.0,0,0,5,GAY CRES,negative_T_minus_H_minus_3y
10530,1995-02-20,DI,100.0,1976.0,19.0,0,0,5,DUKE ST W,negative_T_minus_H_minus_3y
23730,1995-02-20,CI,150.0,1949.0,46.0,0,0,5,LEANDER PL,negative_T_minus_H_minus_2y
33450,1995-02-20,CI,150.0,1959.0,36.0,0,0,5,ROSEMOUNT DR,negative_T_minus_H_minus_2y
23480,1995-02-21,CI,150.0,1948.0,47.0,0,1,5,LANG CRES,positive_T_minus_H
26270,1995-02-21,CI,150.0,1953.0,42.0,0,0,5,MELROSE AVE,negative_T_minus_H_minus_4y
660,1995-02-21,CI,150.0,1952.0,43.0,0,0,5,ANN ST,negative_T_minus_H_minus_3y
76264,1995-02-21,CPP,450.0,1974.0,21.0,0,0,5,DUKE ST W,negative_T_minus_H_minus_5y
16670,1995-02-22,CI,150.0,1965.0,30.0,0,0,5,GLENWOOD DR,negative_T_minus_H_minus_3y
63540,1995-02-22,CI,150.0,1954.0,41.0,0,0,5,FIFE AVE,negative_T_minus_H_minus_3y
660,1995-02-22,CI,150.0,1952.0,43.0,0,0,5,ANN ST,negative_T_minus_H_minus_3y
20530,1995-02-23,CI,150.0,1947.0,48.0,0,0,5,JACKSON AVE,negative_T_minus_H_minus_1y
36530,1995-02-23,CI,150.0,1958.0,37.0,0,0,5,STONYBROOK DR,negative_T_minus_H_minus_2y
62550,1995-02-23,CI,300.0,1964.0,31.0,0,0,5,BLOOMINGDALE RD,negative_T_minus_H_minus_4y
35640,1995-02-25,CI,150.0,1968.0,27.0,0,0,5,SPRINGDALE DR,negative_T_minus_H_minus_4y
37140,1995-02-25,CI,100.0,1954.0,41.0,0,1,5,SUNSET PL,positive_T_minus_H
17070,1995-02-26,CI,150.0,1959.0,36.0,0,0,5,GRAYSTONE AVE,negative_T_minus_H_minus_1y
2010,1995-02-26,CI,300.0,1957.0,38.0,0,0,5,BELMONT AVE W,negative_T_minus_H_minus_4y
95692,1995-02-26,CI,300.0,1955.0,40.0,0,0,5,SHERWOOD AVE,negative_T_minus_H_minus_3y
80860,1995-02-27,CI,150.0,1951.0,44.0,0,0,5,VICTORIA ST N,negative_T_minus_H_minus_3y
12950,1995-02-28,DI,150.0,1981.0,14.0,0,0,5,WOODVIEW CRES,negative_T_minus_H_minus_4y
14940,1995-02-28,CI,150.0,1958.0,37.0,0,0,5,FOREST HILL DR,negative_T_minus_H_minus_3y
31910,1995-02-28,CI,150.0,1966.0,29.0,0,1,5,QUEENSTON DR,positive_T_minus_H
33410,1995-02-28,CI,150.0,1958.0,37.0,0,1,5,ROSEMOUNT DR,positive_T_minus_H
6500,1995-02-28,CI,150.0,1953.0,42.0,0,0,5,CHAPEL ST,negative_T_minus_H_minus_4y
15200,1995-03-02,CI,150.0,1960.0,35.0,0,0,5,FOURTH AVE,negative_T_minus_H_minus_5y
40390,1995-03-02,CI,200.0,1953.0,42.0,0,0,5,WALTON AVE,negative_T_minus_H_minus_4y
57690,1995-03-02,CI,150.0,1954.0,41.0,0,0,5,CAMBRIDGE AVE,negative_T_minus_H_minus_4y
6500,1995-03-02,CI,150.0,1953.0,42.0,0,0,5,CHAPEL ST,negative_T_minus_H_minus_4y
87984,1995-03-02,CI,150.0,1963.0,32.0,0,0,5,RUSKVIEW RD,negative_T_minus_H_minus_4y
9520,1995-03-03,CI,150.0,1955.0,40.0,0,0,5,DONALD ST,negative_T_minus_H_minus_3y
23980,1995-03-05,CI,100.0,1961.0,34.0,0,0,5,LINTON PL,negative_T_minus_H_minus_2y
33980,1995-03-06,CI,150.0,1963.0,32.0,0,0,5,SCENIC DR,negative_T_minus_H_minus_5y
21210,1995-03-07,CI,150.0,1958.0,37.0,0,1,5,KENWOOD DR,positive_T_minus_H
27650,1995-03-07,DI,150.0,1980.0,15.0,0,0,5,NELSON AVE,negative_T_minus_H_minus_3y
7780,1995-03-07,CI,150.0,1966.0,29.0,0,0,5,CONFEDERATION DR,negative_T_minus_H_minus_5y
23980,1995-03-09,CI,100.0,1961.0,34.0,0,0,5,LINTON PL,negative_T_minus_H_minus_1y
29790,1995-03-10,CI,150.0,1967.0,28.0,0,0,5,OVERLEA DR,negative_T_minus_H_minus_2y
3490,1995-03-11,CI,100.0,1951.0,44.0,0,0,5,BLUCHER ST,negative_T_minus_H_minus_1y
21970,1995-03-13,CPP,450.0,1988.0,7.0,0,1,5,KING ST E,positive_T_minus_H
66360,1995-03-13,PVC,150.0,1965.0,30.0,0,0,5,CHAPEL HILL DR,negative_T_minus_H_minus_2y
32860,1995-03-14,DI,200.0,1974.0,21.0,0,0,5,,negative_T_minus_H_minus_1y
3960,1995-03-14,CI,150.0,1965.0,30.0,0,0,5,BRADLEY DR,negative_T_minus_H_minus_5y
4900,1995-03-14,CI,150.0,1953.0,42.0,0,0,5,BRUCE ST,negative_T_minus_H_minus_4y
64610,1995-03-14,PVC,150.0,1970.0,25.0,1,1,5,INGLESIDE DR,positive_T_minus_H
10020,1995-03-15,CI,200.0,1963.0,32.0,0,0,5,DREGER AVE,negative_T_minus_H_minus_3y
80156,1995-03-15,DI,300.0,1993.0,2.0,0,0,5,RIVERBEND DR,negative_T_minus_H_minus_1y
7290,1995-03-19,CI,100.0,1956.0,39.0,0,0,5,CLAREMONT AVE,negative_T_minus_H_minus_1y
80774,1995-03-20,DI,300.0,1978.0,17.0,0,0,5,VICTORIA ST N,negative_T_minus_H_minus_1y
11600,1995-03-21,CI,150.0,1950.0,45.0,0,0,5,EDWIN ST,negative_T_minus_H_minus_3y
23530,1995-03-21,CI,150.0,1964.0,31.0,0,0,5,LARKSPUR CRES,negative_T_minus_H_minus_1y
5370,1995-03-22,DI,150.0,1982.0,13.0,0,0,5,CAMERON ST N,negative_T_minus_H_minus_3y
59980,1995-03-24,CI,150.0,1933.0,62.0,0,0,5,JOSEPH ST,negative_T_minus_H_minus_3y
8460,1995-03-24,DI,450.0,1970.0,25.0,0,0,5,COURTLAND AVE E,negative_T_minus_H_minus_4y
23060,1995-03-25,CI,150.0,1957.0,38.0,0,0,5,LAKESIDE DR,negative_T_minus_H_minus_3y
14000,1995-03-26,CI,150.0,1962.0,33.0,0,0,5,FALESY AVE,negative_T_minus_H_minus_3y
37210,1995-03-26,DI,150.0,1962.0,33.0,0,0,5,SWEETBRIAR DR,negative_T_minus_H_minus_5y
4101323,1995-03-26,XXX,13.0,1965.0,30.0,0,0,5,CLOVERDALE CRES,negative_T_minus_H_minus_1y
26010,1995-03-29,CI,150.0,1967.0,28.0,0,0,5,MCGEE AVE,negative_T_minus_H_minus_2y
42910,1995-04-02,DI,300.0,1969.0,26.0,0,0,5,WESTWOOD DR,negative_T_minus_H_minus_2y
6230,1995-04-04,CI,150.0,1962.0,33.0,0,0,5,CENTREVILLE ST,negative_T_minus_H_minus_4y
21140,1995-04-06,CI,150.0,1954.0,41.0,0,1,5,KENSINGTON AVE,positive_T_minus_H
94382,1995-04-11,CI,150.0,1961.0,34.0,0,0,5,SWEETBRIAR DR,negative_T_minus_H_minus_5y
85016,1995-04-14,CI,150.0,1967.0,28.0,0,1,5,THALER AVE,positive_T_minus_H
61814,1995-04-15,CI,150.0,1967.0,28.0,0,0,5,CARSON DR,negative_T_minus_H_minus_2y
18300,1995-04-25,DI,300.0,1968.0,27.0,0,0,5,HAZELGLEN DR,negative_T_minus_H_minus_1y
59980,1995-04-26,CI,150.0,1933.0,62.0,0,0,5,JOSEPH ST,negative_T_minus_H_minus_4y
37220,1995-04-28,CI,150.0,1961.0,34.0,0,0,5,SWEETBRIAR DR,negative_T_minus_H_minus_5y
12950,1995-05-01,DI,150.0,1981.0,14.0,0,0,5,WOODVIEW CRES,negative_T_minus_H_minus_5y
17080,1995-05-05,DI,150.0,1977.0,18.0,0,0,5,GRAYWOOD CRT,negative_T_minus_H_minus_4y
4730,1995-05-07,CI,150.0,1953.0,42.0,0,0,5,BROADVIEW AVE,negative_T_minus_H_minus_3y
76729,1995-05-09,DI,150.0,1967.0,28.0,0,1,5,HAYWARD AVE,positive_T_minus_H
26080,1995-05-11,CI,150.0,1950.0,45.0,0,0,5,MCKENZIE AVE,negative_T_minus_H_minus_1y
78154,1995-05-11,AC,450.0,1952.0,43.0,0,1,5,HOWE DR,positive_T_minus_H
61893,1995-05-12,AC,750.0,1970.0,25.0,0,1,5,WESTMOUNT RD E,positive_T_minus_H
84660,1995-05-12,DI,300.0,1991.0,4.0,0,0,5,KING ST E,negative_T_minus_H_minus_4y
92554,1995-05-16,CI,150.0,1958.0,37.0,0,1,5,WEDGEWOOD DR,positive_T_minus_H
14820,1995-05-17,CI,200.0,1962.0,33.0,0,0,5,FOREST HILL DR,negative_T_minus_H_minus_5y
21170,1995-05-22,CI,150.0,1926.0,69.0,0,0,5,KENT AVE,negative_T_minus_H_minus_2y
36010,1995-05-22,DI,300.0,1992.0,3.0,0,0,5,STANLEY AVE,negative_T_minus_H_minus_4y
15440,1995-05-25,CI,150.0,1957.0,38.0,0,1,5,FRANKLIN ST S,positive_T_minus_H
4010,1995-05-26,CI,150.0,1965.0,30.0,0,0,5,BRADLEY DR,negative_T_minus_H_minus_3y
37070,1995-05-28,CI,150.0,1964.0,31.0,0,0,5,SUMMIT AVE,negative_T_minus_H_minus_1y
18250,1995-05-29,DI,300.0,1969.0,26.0,0,0,5,HAZELGLEN DR,negative_T_minus_H_minus_1y
3440,1995-05-30,CI,300.0,1964.0,31.0,0,1,5,BLOOMINGDALE RD,positive_T_minus_H
16550,1995-05-31,CI,150.0,1969.0,26.0,0,0,5,GLEN LAKE CRES,negative_T_minus_H_minus_1y
32070,1995-06-01,DI,150.0,1971.0,24.0,0,0,5,RAMBLEWOOD WAY,negative_T_minus_H_minus_1y
34640,1995-06-11,CI,150.0,1925.0,70.0,0,0,5,SHELDON AVE N,negative_T_minus_H_minus_3y
5160,1995-06-11,CI,150.0,1963.0,32.0,0,0,5,BUTTONWOOD DR,negative_T_minus_H_minus_3y
39040,1995-06-17,CI,200.0,1953.0,42.0,0,0,5,VANIER DR,negative_T_minus_H_minus_5y
42630,1995-06-20,DI,300.0,1968.0,27.0,0,1,5,WESTMOUNT RD E,positive_T_minus_H
4096271,1995-06-23,XXX,50.0,1976.0,19.0,0,0,5,MANITOU DR,negative_T_minus_H_minus_5y
19710,1995-06-24,DI,150.0,1967.0,28.0,0,0,5,HOLBORN DR,negative_T_minus_H_minus_1y
5160,1995-06-29,CI,150.0,1963.0,32.0,0,0,5,BUTTONWOOD DR,negative_T_minus_H_minus_1y
8400,1995-07-06,CI,300.0,1967.0,28.0,0,1,5,COURTLAND AVE E,positive_T_minus_H
5700,1995-07-09,CI,150.0,1958.0,37.0,0,0,5,CARWOOD AVE,negative_T_minus_H_minus_1y
34640,1995-07-13,CI,150.0,1925.0,70.0,0,0,5,SHELDON AVE N,negative_T_minus_H_minus_3y
37770,1995-07-25,CI,150.0,1953.0,42.0,0,0,5,THIRD AVE,negative_T_minus_H_minus_4y
42930,1995-07-29,DI,300.0,1971.0,24.0,0,0,5,WESTWOOD DR,negative_T_minus_H_minus_5y
43480,1995-07-29,CI,200.0,1958.0,37.0,0,0,5,WILSON AVE,negative_T_minus_H_minus_1y
41640,1995-07-31,DI,200.0,1975.0,20.0,0,0,5,WELLINGTON ST N,negative_T_minus_H_minus_1y
15110,1995-08-03,DI,150.0,1977.0,18.0,0,1,5,FORFAR AVE,positive_T_minus_H
42320,1995-08-03,DI,200.0,1975.0,20.0,0,1,5,WESTHEIGHTS DR,positive_T_minus_H
16080,1995-08-05,DI,150.0,1976.0,19.0,0,0,5,GEORGIAN CRES,negative_T_minus_H_minus_1y
36040,1995-08-14,CI,150.0,1937.0,58.0,0,0,5,STEWART ST,negative_T_minus_H_minus_3y
8130,1995-08-20,DI,300.0,1971.0,24.0,0,0,5,COUNTRY HILL DR,negative_T_minus_H_minus_5y
21390,1995-08-23,CI,250.0,1889.0,106.0,0,0,5,KING ST W,negative_T_minus_H_minus_1y
23310,1995-08-23,CI,450.0,1937.0,58.0,0,0,5,LANCASTER ST W,negative_T_minus_H_minus_2y
42930,1995-08-23,DI,300.0,1971.0,24.0,0,0,5,WESTWOOD DR,negative_T_minus_H_minus_5y
87596,1995-08-24,DI,300.0,1978.0,17.0,0,0,5,CHARLES ST E,negative_T_minus_H_minus_1y
83918,1995-08-26,CI,150.0,1963.0,32.0,0,0,5,VOLTA AVE,negative_T_minus_H_minus_2y
33470,1995-08-27,DI,150.0,1974.0,21.0,0,0,5,ROSENEATH CRES,negative_T_minus_H_minus_1y
11060,1995-08-31,CI,300.0,1949.0,46.0,0,0,5,EAST AVE,negative_T_minus_H_minus_1y
21390,1995-09-02,CI,250.0,1889.0,106.0,0,0,5,KING ST W,negative_T_minus_H_minus_1y
21970,1995-09-08,CPP,450.0,1988.0,7.0,0,1,5,KING ST E,positive_T_minus_H
15030,1995-09-09,DI,150.0,1968.0,27.0,0,0,5,FORESTWOOD DR,negative_T_minus_H_minus_4y
21730,1995-09-10,CI,150.0,1922.0,73.0,0,0,5,KING ST E,negative_T_minus_H_minus_3y
12950,1995-09-11,DI,150.0,1981.0,14.0,0,0,5,WOODVIEW CRES,negative_T_minus_H_minus_5y
15930,1995-09-16,CI,450.0,1956.0,39.0,0,0,5,GATEWOOD RD,negative_T_minus_H_minus_4y
5270,1995-09-16,CI,100.0,1956.0,39.0,0,0,5,CAMDEN PL,negative_T_minus_H_minus_3y
42910,1995-09-17,DI,300.0,1969.0,26.0,0,0,5,WESTWOOD DR,negative_T_minus_H_minus_3y
3620,1995-09-19,DI,150.0,1973.0,22.0,0,1,5,BLUE SPRUCE CRT,positive_T_minus_H
42900,1995-09-19,DI,300.0,1969.0,26.0,0,1,5,WESTWOOD DR,positive_T_minus_H
88872,1995-09-22,DI,300.0,1974.0,21.0,0,0,5,BELMONT AVE W,negative_T_minus_H_minus_3y
38190,1995-09-24,CI,150.0,1958.0,37.0,0,0,5,TRAYNOR AVE,negative_T_minus_H_minus_4y
18280,1995-09-25,DI,300.0,1968.0,27.0,0,1,5,HAZELGLEN DR,positive_T_minus_H
5470,1995-09-29,DI,150.0,1977.0,18.0,0,0,5,CARLYLE DR,negative_T_minus_H_minus_5y
1430,1995-10-01,CI,150.0,1967.0,28.0,0,0,5,BALFOUR CRES,negative_T_minus_H_minus_2y
37810,1995-10-01,CI,150.0,1964.0,31.0,0,0,5,THORNRIDGE CRES,negative_T_minus_H_minus_1y
1190,1995-10-02,DI,150.0,1973.0,22.0,0,1,5,AUTUMN HILL CRES,positive_T_minus_H
13550,1995-10-02,CI,450.0,1961.0,34.0,0,0,5,OTTAWA ST S,negative_T_minus_H_minus_1y
35630,1995-10-03,CI,150.0,1960.0,35.0,0,1,5,SPRINGBANK CRES,positive_T_minus_H
4000,1995-10-07,CI,150.0,1965.0,30.0,0,1,5,BRADLEY DR,positive_T_minus_H
8870,1995-10-07,DI,150.0,1972.0,23.0,0,1,5,DALEGROVE DR,positive_T_minus_H
7740,1995-10-12,DI,150.0,1966.0,29.0,0,0,5,CONFEDERATION DR,negative_T_minus_H_minus_2y
15840,1995-10-14,CI,300.0,1969.0,26.0,0,1,5,GAGE AVE,positive_T_minus_H
28590,1995-10-14,DI,150.0,1967.0,28.0,0,0,5,OLD YORK CRES,negative_T_minus_H_minus_3y
37540,1995-10-14,CI,150.0,1958.0,37.0,0,1,5,TANGLEWOOD AVE,positive_T_minus_H
88828,1995-10-14,CI,150.0,1967.0,28.0,0,0,5,BELWOOD CRES,negative_T_minus_H_minus_2y
40150,1995-10-15,CI,150.0,1962.0,33.0,0,1,5,VILLAGE RD,positive_T_minus_H
15020,1995-10-16,DI,150.0,1968.0,27.0,0,0,5,FORESTWOOD DR,negative_T_minus_H_minus_1y
23310,1995-10-16,CI,450.0,1937.0,58.0,0,0,5,LANCASTER ST W,negative_T_minus_H_minus_5y
42910,1995-10-17,DI,300.0,1969.0,26.0,0,0,5,WESTWOOD DR,negative_T_minus_H_minus_4y
19720,1995-10-18,DI,150.0,1967.0,28.0,0,0,5,HOLBORN DR,negative_T_minus_H_minus_5y
25250,1995-10-18,CI,150.0,1953.0,42.0,0,0,5,MAPLEWOOD PL,negative_T_minus_H_minus_1y
2990,1995-10-21,DI,200.0,1967.0,28.0,0,0,5,BLACKFRIARS PL,negative_T_minus_H_minus_3y
28590,1995-10-22,DI,150.0,1967.0,28.0,0,0,5,OLD YORK CRES,negative_T_minus_H_minus_1y
39040,1995-10-22,CI,200.0,1953.0,42.0,0,0,5,VANIER DR,negative_T_minus_H_minus_3y
4040,1995-10-22,CI,150.0,1955.0,40.0,0,0,5,BRANDON AVE,negative_T_minus_H_minus_1y
1230,1995-10-24,CI,150.0,1958.0,37.0,0,1,5,AVALON PL,positive_T_minus_H
1570,1995-10-24,CI,150.0,1964.0,31.0,0,1,5,BARBARA CRES,positive_T_minus_H
40140,1995-10-24,CI,150.0,1962.0,33.0,0,0,5,VILLAGE CRES,negative_T_minus_H_minus_5y
85558,1995-10-24,DI,200.0,1966.0,29.0,0,0,5,MONTCALM DR,negative_T_minus_H_minus_5y
32670,1995-10-25,DI,300.0,1971.0,24.0,0,0,5,RIVER RD E,negative_T_minus_H_minus_5y
37770,1995-10-25,CI,150.0,1953.0,42.0,0,0,5,THIRD AVE,negative_T_minus_H_minus_2y
14870,1995-10-28,CI,200.0,1962.0,33.0,0,1,5,FOREST HILL DR,positive_T_minus_H
43480,1995-10-28,CI,200.0,1958.0,37.0,0,1,5,WILSON AVE,positive_T_minus_H
11930,1995-10-29,CI,150.0,1953.0,42.0,0,0,5,EMERALD AVE,negative_T_minus_H_minus_2y
9560,1995-10-30,DI,150.0,1965.0,30.0,0,0,5,DOOLEY DR,negative_T_minus_H_minus_5y
14660,1995-10-31,DI,150.0,1971.0,24.0,0,1,5,FLORAL CRES,positive_T_minus_H
89922,1995-10-31,CI,150.0,1961.0,34.0,0,0,5,DUNCAIRN AVE,negative_T_minus_H_minus_2y
23310,1995-11-02,CI,450.0,1937.0,58.0,0,0,5,LANCASTER ST W,negative_T_minus_H_minus_5y
5020,1995-11-02,CI,150.0,1959.0,36.0,0,0,5,BURBANK RD,negative_T_minus_H_minus_5y
14870,1995-11-07,CI,200.0,1962.0,33.0,0,1,5,FOREST HILL DR,positive_T_minus_H
15190,1995-11-07,DI,150.0,1974.0,21.0,0,1,5,FOUR SEASONS CRT,positive_T_minus_H
35450,1995-11-07,CI,150.0,1927.0,68.0,1,0,5,SPADINA RD W,negative_T_minus_H_minus_2y
35920,1995-11-08,DI,300.0,1981.0,14.0,0,0,5,ST LEGER ST,negative_T_minus_H_minus_2y
42550,1995-11-08,CI,300.0,1958.0,37.0,0,0,5,WESTMOUNT RD E,negative_T_minus_H_minus_2y
9100,1995-11-08,CI,150.0,1962.0,33.0,0,0,5,DEERPARK CRES,negative_T_minus_H_minus_2y
17080,1995-11-09,DI,150.0,1977.0,18.0,0,1,5,GRAYWOOD CRT,positive_T_minus_H
37220,1995-11-10,CI,150.0,1961.0,34.0,0,0,5,SWEETBRIAR DR,negative_T_minus_H_minus_4y
90922,1995-11-11,CI,150.0,1960.0,35.0,0,0,5,CYPRUS DR,negative_T_minus_H_minus_4y
15060,1995-11-13,CI,150.0,1968.0,27.0,0,0,5,FORESTWOOD DR,negative_T_minus_H_minus_3y
22600,1995-11-13,CI,150.0,1959.0,36.0,0,0,5,KIPLING AVE,negative_T_minus_H_minus_5y
19760,1995-11-15,DI,150.0,1967.0,28.0,0,1,5,HOLBORN DR,positive_T_minus_H
88528,1995-11-15,DI,150.0,1992.0,3.0,0,0,5,SCHUELLER ST,negative_T_minus_H_minus_4y
32900,1995-11-16,CI,300.0,1960.0,35.0,0,0,5,SHIRLEY AVE,negative_T_minus_H_minus_3y
30520,1995-11-18,CI,150.0,1966.0,29.0,0,1,5,PENROSE AVE,positive_T_minus_H
14840,1995-11-19,CI,200.0,1962.0,33.0,0,0,5,FOREST HILL DR,negative_T_minus_H_minus_2y
30680,1995-11-20,CI,150.0,1959.0,36.0,0,0,5,PINECREST DR,negative_T_minus_H_minus_2y
34340,1995-11-20,DI,300.0,1983.0,12.0,0,0,5,SEREDA RD,negative_T_minus_H_minus_3y
85090,1995-11-20,CI,150.0,1959.0,36.0,0,0,5,GRAYSTONE AVE,negative_T_minus_H_minus_2y
17070,1995-11-21,CI,150.0,1959.0,36.0,0,1,5,GRAYSTONE AVE,positive_T_minus_H
44190,1995-11-21,CI,150.0,1959.0,36.0,0,0,5,YAGER AVE,negative_T_minus_H_minus_2y
31980,1995-11-22,DI,200.0,1974.0,21.0,0,1,5,RADCLIFFE DR,positive_T_minus_H
42990,1995-11-22,DI,300.0,1969.0,26.0,0,0,5,WESTWOOD DR,negative_T_minus_H_minus_4y
82428,1995-11-22,DI,450.0,1972.0,23.0,0,1,5,STRASBURG RD,positive_T_minus_H
21730,1995-11-23,CI,150.0,1922.0,73.0,0,0,5,KING ST E,negative_T_minus_H_minus_3y
28590,1995-11-23,DI,150.0,1967.0,28.0,0,0,5,OLD YORK CRES,negative_T_minus_H_minus_1y
34840,1995-11-23,CI,150.0,1954.0,41.0,0,1,5,SHERWOOD AVE,positive_T_minus_H
38850,1995-11-23,CI,150.0,1974.0,21.0,0,0,5,UPLANDS DR,negative_T_minus_H_minus_1y
3990,1995-11-23,CI,150.0,1965.0,30.0,0,1,5,BRADLEY DR,positive_T_minus_H
17730,1995-11-24,CI,150.0,1957.0,38.0,0,0,5,SEREDA RD,negative_T_minus_H_minus_1y
19490,1995-11-24,DI,150.0,1981.0,14.0,0,0,5,HILLCREST CRT,negative_T_minus_H_minus_3y
87366,1995-11-24,CPP,1200.0,1989.0,6.0,0,1,5,BLEAMS RD,positive_T_minus_H
16240,1995-11-25,CI,150.0,1962.0,33.0,0,0,5,GILMOUR CRES,negative_T_minus_H_minus_2y
3460,1995-11-25,CI,300.0,1964.0,31.0,0,0,5,BLOOMINGDALE RD,negative_T_minus_H_minus_4y
85716,1995-11-25,CI,300.0,1967.0,28.0,0,0,5,HOMER WATSON BLVD,negative_T_minus_H_minus_3y
38850,1995-11-26,CI,150.0,1974.0,21.0,0,0,5,UPLANDS DR,negative_T_minus_H_minus_2y
25340,1995-11-27,CI,200.0,1904.0,91.0,0,0,5,MARGARET AVE,negative_T_minus_H_minus_2y
33460,1995-11-27,CI,150.0,1961.0,34.0,0,0,5,ROSEMOUNT DR,negative_T_minus_H_minus_4y
88756,1995-11-27,CI,150.0,1967.0,28.0,0,0,5,COVENTRY DR,negative_T_minus_H_minus_4y
34430,1995-11-28,CI,150.0,1958.0,37.0,0,0,5,SHADYWOOD CRES,negative_T_minus_H_minus_4y
38190,1995-11-28,CI,150.0,1958.0,37.0,0,0,5,TRAYNOR AVE,negative_T_minus_H_minus_4y
20430,1995-11-29,CI,150.0,1966.0,29.0,0,0,5,INWOOD DR,negative_T_minus_H_minus_3y
22490,1995-11-30,CI,150.0,1960.0,35.0,0,1,5,KINZIE AVE,positive_T_minus_H
24410,1995-12-01,CI,150.0,1948.0,47.0,0,0,5,LANG CRES,negative_T_minus_H_minus_5y
18320,1995-12-02,CI,150.0,1958.0,37.0,0,1,5,HEARTH CRES,positive_T_minus_H
31750,1995-12-02,CI,150.0,1954.0,41.0,0,0,5,QUEENS BLVD,negative_T_minus_H_minus_2y
24600,1995-12-03,CI,150.0,1958.0,37.0,0,0,5,LYNDHURST DR,negative_T_minus_H_minus_4y
30440,1995-12-03,CI,150.0,1962.0,33.0,0,0,5,PEACHWOOD CRT,negative_T_minus_H_minus_2y
40390,1995-12-03,CI,200.0,1953.0,42.0,0,0,5,WALTON AVE,negative_T_minus_H_minus_2y
5620,1995-12-03,DI,200.0,1966.0,29.0,0,0,5,CARSON DR,negative_T_minus_H_minus_2y
42890,1995-12-04,CI,150.0,1966.0,29.0,0,1,5,WESTWOOD CRES,positive_T_minus_H
14580,1995-12-06,CI,150.0,1962.0,33.0,0,0,5,FISCHER HALLMAN RD,negative_T_minus_H_minus_5y
41000,1995-12-06,CI,150.0,1948.0,47.0,0,0,5,WEBER ST E,negative_T_minus_H_minus_2y
33450,1995-12-07,CI,150.0,1959.0,36.0,0,0,5,ROSEMOUNT DR,negative_T_minus_H_minus_4y
34890,1995-12-07,DI,300.0,1979.0,16.0,0,0,5,SHIRLEY AVE,negative_T_minus_H_minus_2y
92920,1995-12-08,CI,150.0,1955.0,40.0,0,1,5,DONALD ST,positive_T_minus_H
26010,1995-12-09,CI,150.0,1967.0,28.0,0,0,5,MCGEE AVE,negative_T_minus_H_minus_3y
9520,1995-12-09,CI,150.0,1955.0,40.0,0,0,5,DONALD ST,negative_T_minus_H_minus_2y
9560,1995-12-09,DI,150.0,1965.0,30.0,0,0,5,DOOLEY DR,negative_T_minus_H_minus_3y
18160,1995-12-10,CI,100.0,1954.0,41.0,0,1,5,HARTWOOD PL,positive_T_minus_H
27830,1995-12-11,CI,200.0,1961.0,34.0,0,0,5,NINTH AVE,negative_T_minus_H_minus_1y
5540,1995-12-11,CI,150.0,1962.0,33.0,0,0,5,CARROL ST,negative_T_minus_H_minus_3y
27420,1995-12-12,DI,200.0,1972.0,23.0,0,0,5,MORRISON RD,negative_T_minus_H_minus_2y
29790,1995-12-12,CI,150.0,1967.0,28.0,0,0,5,OVERLEA DR,negative_T_minus_H_minus_2y
88828,1995-12-12,CI,150.0,1967.0,28.0,0,0,5,BELWOOD CRES,negative_T_minus_H_minus_3y
9940,1995-12-12,DI,450.0,1969.0,26.0,0,0,5,DOON VILLAGE RD,negative_T_minus_H_minus_3y
13650,1995-12-13,CI,150.0,1955.0,40.0,0,0,5,ETON DR,negative_T_minus_H_minus_1y
14280,1995-12-14,CI,200.0,1959.0,36.0,0,0,5,FERGUS AVE,negative_T_minus_H_minus_2y
8800,1995-12-15,CI,150.0,1960.0,35.0,0,0,5,CYPRUS DR,negative_T_minus_H_minus_1y
1430,1995-12-16,CI,150.0,1967.0,28.0,0,0,5,BALFOUR CRES,negative_T_minus_H_minus_3y
24260,1995-12-16,DI,150.0,1965.0,30.0,0,1,5,LORRAINE AVE,positive_T_minus_H
15200,1995-12-17,CI,150.0,1960.0,35.0,0,0,5,FOURTH AVE,negative_T_minus_H_minus_3y
14390,1995-12-18,CI,150.0,1957.0,38.0,0,1,5,FIRST AVE,positive_T_minus_H
36530,1995-12-18,CI,150.0,1958.0,37.0,0,0,5,STONYBROOK DR,negative_T_minus_H_minus_2y
83874,1995-12-19,CI,200.0,1953.0,42.0,0,0,5,VANIER DR,negative_T_minus_H_minus_2y
9450,1995-12-19,CPP,600.0,1960.0,35.0,0,1,5,DIXON ST,positive_T_minus_H
26150,1995-12-20,DI,100.0,1969.0,26.0,0,0,5,MEADOW CRES,negative_T_minus_H_minus_2y
26520,1995-12-20,CI,150.0,1965.0,30.0,0,0,5,MIDLAND DR,negative_T_minus_H_minus_2y
59960,1995-12-20,CI,150.0,1957.0,38.0,0,0,5,GUELPH ST,negative_T_minus_H_minus_2y
88872,1995-12-20,DI,300.0,1974.0,21.0,0,0,5,BELMONT AVE W,negative_T_minus_H_minus_1y
89922,1995-12-20,CI,150.0,1961.0,34.0,0,0,5,DUNCAIRN AVE,negative_T_minus_H_minus_5y
4950,1995-12-21,CI,150.0,1953.0,42.0,0,0,5,BRUCE ST,negative_T_minus_H_minus_4y
79750,1995-12-21,DI,150.0,1981.0,14.0,0,0,5,HILLCREST CRT,negative_T_minus_H_minus_1y
19630,1995-12-22,CI,150.0,1957.0,38.0,0,1,5,HOFFMAN ST,positive_T_minus_H
20580,1995-12-22,CI,150.0,1970.0,25.0,0,1,5,JANSEN AVE,positive_T_minus_H
29790,1995-12-22,CI,150.0,1967.0,28.0,0,0,5,OVERLEA DR,negative_T_minus_H_minus_2y
43540,1995-12-22,CI,200.0,1954.0,41.0,0,0,5,WILSON AVE,negative_T_minus_H_minus_2y
31690,1995-12-23,CI,200.0,1966.0,29.0,0,0,5,QUEENS BLVD,negative_T_minus_H_minus_1y
36480,1995-12-23,CI,150.0,1962.0,33.0,0,0,5,STONYBROOK DR,negative_T_minus_H_minus_5y
4910,1995-12-23,CI,150.0,1953.0,42.0,0,0,5,BRUCE ST,negative_T_minus_H_minus_2y
18340,1995-12-24,CI,150.0,1954.0,41.0,0,1,5,HEATHER AVE,positive_T_minus_H
24860,1995-12-24,CI,200.0,1961.0,34.0,0,0,5,MANCHESTER RD,negative_T_minus_H_minus_4y
36980,1995-12-25,DI,150.0,1965.0,30.0,0,0,5,STRATHCONA CRES,negative_T_minus_H_minus_5y
42890,1995-12-26,CI,150.0,1966.0,29.0,0,1,5,WESTWOOD CRES,positive_T_minus_H
5160,1995-12-26,CI,150.0,1963.0,32.0,0,0,5,BUTTONWOOD DR,negative_T_minus_H_minus_3y
23740,1995-12-27,CI,150.0,1952.0,43.0,0,0,5,ST LEGER ST,negative_T_minus_H_minus_4y
40160,1995-12-27,CI,150.0,1957.0,38.0,0,0,5,VILLAGE RD,negative_T_minus_H_minus_4y
1230,1995-12-28,CI,150.0,1958.0,37.0,0,1,5,AVALON PL,positive_T_minus_H
14280,1995-12-28,CI,200.0,1959.0,36.0,0,0,5,FERGUS AVE,negative_T_minus_H_minus_5y
28900,1995-12-28,DI,150.0,1992.0,3.0,0,1,5,OLIVER CRT,positive_T_minus_H
42050,1995-12-29,CI,150.0,1959.0,36.0,0,1,5,WESTGATE WALK,positive_T_minus_H
23260,1995-12-30,DI,450.0,1968.0,27.0,0,0,5,LANCASTER ST W,negative_T_minus_H_minus_4y
4096468,1995-12-30,XXX,13.0,1976.0,19.0,0,1,5,DONALD ST,positive_T_minus_H
80010,1995-12-30,CI,450.0,1968.0,27.0,0,0,5,LANCASTER ST W,negative_T_minus_H_minus_1y
8420,1995-12-30,CI,300.0,1967.0,28.0,0,0,5,COURTLAND AVE E,negative_T_minus_H_minus_1y
17720,1995-12-31,CI,150.0,1957.0,38.0,0,1,5,GUELPH ST,positive_T_minus_H
18230,1995-12-31,DI,300.0,1968.0,27.0,0,0,5,HAZELGLEN DR,negative_T_minus_H_minus_2y
37500,1996-01-03,CI,150.0,1921.0,75.0,0,0,5,TALBOT ST,negative_T_minus_H_minus_2y
5630,1996-01-04,DI,200.0,1966.0,30.0,0,1,5,LORRAINE AVE,positive_T_minus_H
15450,1996-01-06,CI,150.0,1957.0,39.0,0,1,5,FRANKLIN ST S,positive_T_minus_H
31690,1996-01-06,CI,200.0,1966.0,30.0,0,0,5,QUEENS BLVD,negative_T_minus_H_minus_4y
31720,1996-01-06,DI,200.0,1966.0,30.0,0,0,5,QUEENS BLVD,negative_T_minus_H_minus_4y
36960,1996-01-07,DI,150.0,1965.0,31.0,0,0,5,STRATHCONA CRES,negative_T_minus_H_minus_1y
57680,1996-01-07,CI,150.0,1955.0,41.0,0,0,5,EDNA ST,negative_T_minus_H_minus_4y
20530,1996-01-08,CI,150.0,1947.0,49.0,0,1,5,JACKSON AVE,positive_T_minus_H
29200,1996-01-08,CI,150.0,1952.0,44.0,0,1,5,OTTAWA ST N,positive_T_minus_H
39060,1996-01-08,CI,200.0,1953.0,43.0,0,0,5,VANIER DR,negative_T_minus_H_minus_2y
83144,1996-01-08,CI,150.0,1958.0,38.0,0,1,5,LYNDHURST DR,positive_T_minus_H
93410,1996-01-08,CI,150.0,1967.0,29.0,0,0,5,INDIAN RD,negative_T_minus_H_minus_4y
4050,1996-01-09,CI,150.0,1955.0,41.0,0,0,5,BRANDON AVE,negative_T_minus_H_minus_1y
800,1996-01-10,CI,150.0,1959.0,37.0,0,0,5,ARCHER PL,negative_T_minus_H_minus_2y
7960,1996-01-11,CI,150.0,1966.0,30.0,0,0,5,CONWAY DR,negative_T_minus_H_minus_5y
26150,1996-01-12,DI,100.0,1969.0,27.0,0,1,5,MEADOW CRES,positive_T_minus_H
43000,1996-01-13,CI,300.0,1966.0,30.0,0,0,5,WESTWOOD DR,negative_T_minus_H_minus_4y
65470,1996-01-13,DI,300.0,1984.0,12.0,0,0,5,WHITNEY PL,negative_T_minus_H_minus_2y
79804,1996-01-13,DI,150.0,1980.0,16.0,0,0,5,NELSON AVE,negative_T_minus_H_minus_3y
90496,1996-01-13,CI,200.0,1969.0,27.0,0,0,5,ELMSDALE DR,negative_T_minus_H_minus_3y
15430,1996-01-14,CI,300.0,1956.0,40.0,0,0,5,FRANKLIN ST N,negative_T_minus_H_minus_1y
38860,1996-01-15,CI,150.0,1974.0,22.0,0,0,5,UPLANDS DR,negative_T_minus_H_minus_3y
38190,1996-01-16,CI,150.0,1958.0,38.0,0,0,5,TRAYNOR AVE,negative_T_minus_H_minus_5y
3880,1996-01-17,CI,150.0,1925.0,71.0,0,1,5,BORDEN AVE S,positive_T_minus_H
42520,1996-01-18,CI,300.0,1959.0,37.0,0,0,5,WESTMOUNT RD E,negative_T_minus_H_minus_3y
8150,1996-01-18,DI,300.0,1974.0,22.0,0,0,5,COUNTRY HILL DR,negative_T_minus_H_minus_3y
96080,1996-01-18,CI,150.0,1949.0,47.0,0,0,5,QUEENS BLVD,negative_T_minus_H_minus_3y
34670,1996-01-19,CI,150.0,1946.0,50.0,0,1,5,SHELDON AVE N,positive_T_minus_H
27000,1996-01-21,DI,200.0,1965.0,31.0,0,0,5,MONTCALM DR,negative_T_minus_H_minus_2y
37610,1996-01-22,CI,150.0,1967.0,29.0,0,0,5,THALER AVE,negative_T_minus_H_minus_1y
3450,1996-01-24,CI,300.0,1964.0,32.0,0,1,5,BLOOMINGDALE RD,positive_T_minus_H
1830,1996-01-25,CI,150.0,1952.0,44.0,0,0,5,BECKER ST,negative_T_minus_H_minus_2y
86582,1996-01-25,CI,150.0,1958.0,38.0,0,0,5,HEARTH CRES,negative_T_minus_H_minus_1y
18070,1996-01-26,CI,200.0,1953.0,43.0,0,0,5,HARBER AVE,negative_T_minus_H_minus_3y
2300,1996-01-26,CI,150.0,1962.0,34.0,0,0,5,BELTON DR,negative_T_minus_H_minus_2y
40390,1996-01-26,CI,200.0,1953.0,43.0,0,1,5,WALTON AVE,positive_T_minus_H
5620,1996-01-26,DI,200.0,1966.0,30.0,0,0,5,CARSON DR,negative_T_minus_H_minus_1y
91676,1996-01-26,CI,200.0,1952.0,44.0,0,0,5,NINTH AVE,negative_T_minus_H_minus_1y
22620,1996-01-27,CI,200.0,1966.0,30.0,0,1,5,KNELL DR,positive_T_minus_H
31930,1996-01-27,DI,150.0,1966.0,30.0,0,0,5,QUEENSTON DR,negative_T_minus_H_minus_3y
41500,1996-01-27,CI,150.0,1963.0,33.0,0,0,5,WEICHEL ST,negative_T_minus_H_minus_4y
85090,1996-01-27,CI,150.0,1959.0,37.0,0,0,5,GRAYSTONE AVE,negative_T_minus_H_minus_5y
39090,1996-01-28,CI,200.0,1961.0,35.0,0,1,5,VANIER DR,positive_T_minus_H
59980,1996-01-29,CI,150.0,1933.0,63.0,0,0,5,JOSEPH ST,negative_T_minus_H_minus_2y
19530,1996-01-30,CI,150.0,1967.0,29.0,0,0,5,HILLMOUNT ST,negative_T_minus_H_minus_4y
19640,1996-01-30,CI,150.0,1956.0,40.0,0,0,5,HOFFMAN ST,negative_T_minus_H_minus_5y
27100,1996-01-30,DI,100.0,1963.0,33.0,0,0,5,MONTEREY CRES,negative_T_minus_H_minus_5y
32900,1996-01-30,CI,300.0,1960.0,36.0,0,0,5,SHIRLEY AVE,negative_T_minus_H_minus_2y
41460,1996-01-30,CI,150.0,1958.0,38.0,0,0,5,WEDGEWOOD DR,negative_T_minus_H_minus_2y
90282,1996-01-30,DI,150.0,1967.0,29.0,0,0,5,DALEWOOD DR,negative_T_minus_H_minus_3y
31140,1996-01-31,CI,150.0,1953.0,43.0,0,0,5,PROSPECT AVE,negative_T_minus_H_minus_2y
6230,1996-01-31,CI,150.0,1962.0,34.0,0,0,5,CENTREVILLE ST,negative_T_minus_H_minus_5y
15750,1996-02-01,CI,200.0,1958.0,38.0,0,0,5,FREDERICK ST,negative_T_minus_H_minus_2y
18120,1996-02-01,CI,150.0,1961.0,35.0,0,1,5,HAROLD AVE,positive_T_minus_H
21060,1996-02-01,CI,150.0,1962.0,34.0,0,0,5,KENNETH AVE,negative_T_minus_H_minus_4y
36530,1996-02-01,CI,150.0,1958.0,38.0,0,0,5,STONYBROOK DR,negative_T_minus_H_minus_2y
44090,1996-02-01,CI,150.0,1951.0,45.0,0,0,5,WOODWARD AVE,negative_T_minus_H_minus_4y
8060,1996-02-01,CI,150.0,1958.0,38.0,0,0,5,CORNELL AVE,negative_T_minus_H_minus_2y
16150,1996-02-02,CI,150.0,1954.0,42.0,0,1,5,GERARD AVE,positive_T_minus_H
21030,1996-02-02,CI,150.0,1958.0,38.0,0,0,5,KENNETH AVE,negative_T_minus_H_minus_2y
22880,1996-02-02,CI,300.0,1955.0,41.0,0,0,5,KRUG ST,negative_T_minus_H_minus_1y
30070,1996-02-02,DI,300.0,1978.0,18.0,0,0,5,PANDORA AVE S,negative_T_minus_H_minus_1y
36240,1996-02-02,CI,300.0,1957.0,39.0,0,0,5,STIRLING AVE S,negative_T_minus_H_minus_2y
88076,1996-02-02,CI,150.0,1960.0,36.0,0,0,5,RIPPLEWOOD CRES,negative_T_minus_H_minus_4y
36660,1996-02-03,DI,150.0,1973.0,23.0,0,0,5,STRASBURG RD,negative_T_minus_H_minus_2y
91628,1996-02-03,CI,150.0,1966.0,30.0,0,0,5,QUEENSTON CRES,negative_T_minus_H_minus_5y
14280,1996-02-04,CI,200.0,1959.0,37.0,0,0,5,FERGUS AVE,negative_T_minus_H_minus_3y
15870,1996-02-05,DI,150.0,1969.0,27.0,0,0,5,GALLARNO CRT,negative_T_minus_H_minus_1y
42920,1996-02-05,DI,300.0,1969.0,27.0,0,0,5,WESTWOOD DR,negative_T_minus_H_minus_1y
23730,1996-02-06,CI,150.0,1949.0,47.0,0,0,5,LEANDER PL,negative_T_minus_H_minus_1y
4430,1996-02-06,DI,150.0,1952.0,44.0,0,1,5,BRICK ST,positive_T_minus_H
11060,1996-02-07,CI,300.0,1949.0,47.0,0,0,5,EAST AVE,negative_T_minus_H_minus_4y
5240,1996-02-07,CI,150.0,1955.0,41.0,0,0,5,CAMBRIDGE AVE,negative_T_minus_H_minus_1y
26260,1996-02-08,CI,150.0,1953.0,43.0,0,0,5,MELROSE AVE,negative_T_minus_H_minus_2y
31900,1996-02-08,CI,150.0,1966.0,30.0,0,0,5,QUEENSTON DR,negative_T_minus_H_minus_2y
94896,1996-02-08,DI,300.0,1969.0,27.0,0,0,5,WESTWOOD DR,negative_T_minus_H_minus_1y
7480,1996-02-10,CI,150.0,1947.0,49.0,0,0,5,CLIFTON RD,negative_T_minus_H_minus_3y
18350,1996-02-11,CI,150.0,1954.0,42.0,0,0,5,HEATHER AVE,negative_T_minus_H_minus_2y
1830,1996-02-13,CI,150.0,1952.0,44.0,0,0,5,BECKER ST,negative_T_minus_H_minus_2y
38560,1996-02-13,CI,150.0,1954.0,42.0,0,0,5,UNION BLVD,negative_T_minus_H_minus_5y
41460,1996-02-13,CI,150.0,1958.0,38.0,0,0,5,WEDGEWOOD DR,negative_T_minus_H_minus_3y
78574,1996-02-13,CI,300.0,1939.0,57.0,0,0,5,EAST AVE,negative_T_minus_H_minus_5y
88910,1996-02-13,CI,150.0,1965.0,31.0,0,0,5,TECUMSEH CRES,negative_T_minus_H_minus_1y
22200,1996-02-14,CI,150.0,1966.0,30.0,0,0,5,KINGSTON CRES,negative_T_minus_H_minus_3y
90648,1996-02-15,DI,150.0,1969.0,27.0,0,0,5,ROSSFORD CRES,negative_T_minus_H_minus_1y
34620,1996-02-16,CI,150.0,1922.0,74.0,0,0,5,SHELDON AVE N,negative_T_minus_H_minus_5y
34660,1996-02-16,CI,150.0,1946.0,50.0,0,0,5,SHELDON AVE N,negative_T_minus_H_minus_3y
1340,1996-02-17,CI,200.0,1961.0,35.0,0,0,5,AVON RD,negative_T_minus_H_minus_5y
16000,1996-02-17,CI,150.0,1967.0,29.0,0,0,5,GAY CRES,negative_T_minus_H_minus_2y
57680,1996-02-17,CI,150.0,1955.0,41.0,0,1,5,EDNA ST,positive_T_minus_H
85712,1996-02-17,CI,300.0,1967.0,29.0,0,0,5,HOMER WATSON BLVD,negative_T_minus_H_minus_2y
86282,1996-02-17,CI,150.0,1966.0,30.0,0,0,5,TUPPER CRES,negative_T_minus_H_minus_2y
24600,1996-02-18,CI,150.0,1958.0,38.0,0,0,5,LYNDHURST DR,negative_T_minus_H_minus_4y
16000,1996-02-19,CI,150.0,1967.0,29.0,0,0,5,GAY CRES,negative_T_minus_H_minus_2y
20620,1996-02-19,CI,150.0,1951.0,45.0,0,1,5,JOHNSTON ST,positive_T_minus_H
10530,1996-02-20,DI,100.0,1976.0,20.0,0,0,5,DUKE ST W,negative_T_minus_H_minus_2y
23730,1996-02-20,CI,150.0,1949.0,47.0,0,0,5,LEANDER PL,negative_T_minus_H_minus_1y
33450,1996-02-20,CI,150.0,1959.0,37.0,0,0,5,ROSEMOUNT DR,negative_T_minus_H_minus_1y
26270,1996-02-21,CI,150.0,1953.0,43.0,0,0,5,MELROSE AVE,negative_T_minus_H_minus_3y
660,1996-02-21,CI,150.0,1952.0,44.0,0,0,5,ANN ST,negative_T_minus_H_minus_2y
76264,1996-02-21,CPP,450.0,1974.0,22.0,0,0,5,DUKE ST W,negative_T_minus_H_minus_4y
16670,1996-02-22,CI,150.0,1965.0,31.0,0,0,5,GLENWOOD DR,negative_T_minus_H_minus_2y
63540,1996-02-22,CI,150.0,1954.0,42.0,0,0,5,FIFE AVE,negative_T_minus_H_minus_2y
660,1996-02-22,CI,150.0,1952.0,44.0,0,0,5,ANN ST,negative_T_minus_H_minus_2y
86368,1996-02-22,DI,150.0,1968.0,28.0,0,1,5,KIMBERLY CRES,positive_T_minus_H
20530,1996-02-23,CI,150.0,1947.0,49.0,0,1,5,JACKSON AVE,positive_T_minus_H
36530,1996-02-23,CI,150.0,1958.0,38.0,0,0,5,STONYBROOK DR,negative_T_minus_H_minus_1y
62550,1996-02-23,CI,300.0,1964.0,32.0,0,0,5,BLOOMINGDALE RD,negative_T_minus_H_minus_3y
63560,1996-02-24,CI,150.0,1953.0,43.0,0,0,5,METZLOFF DR,negative_T_minus_H_minus_5y
35640,1996-02-25,CI,150.0,1968.0,28.0,0,0,5,SPRINGDALE DR,negative_T_minus_H_minus_3y
17070,1996-02-26,CI,150.0,1959.0,37.0,0,1,5,GRAYSTONE AVE,positive_T_minus_H
2010,1996-02-26,CI,300.0,1957.0,39.0,0,0,5,BELMONT AVE W,negative_T_minus_H_minus_3y
95692,1996-02-26,CI,300.0,1955.0,41.0,0,0,5,SHERWOOD AVE,negative_T_minus_H_minus_2y
80860,1996-02-27,CI,150.0,1951.0,45.0,0,0,5,VICTORIA ST N,negative_T_minus_H_minus_2y
12950,1996-02-28,DI,150.0,1981.0,15.0,0,0,5,WOODVIEW CRES,negative_T_minus_H_minus_3y
14940,1996-02-28,CI,150.0,1958.0,38.0,0,0,5,FOREST HILL DR,negative_T_minus_H_minus_2y
6500,1996-02-29,CI,150.0,1953.0,43.0,0,0,5,CHAPEL ST,negative_T_minus_H_minus_3y
15200,1996-03-02,CI,150.0,1960.0,36.0,0,0,5,FOURTH AVE,negative_T_minus_H_minus_4y
57690,1996-03-02,CI,150.0,1954.0,42.0,0,0,5,CAMBRIDGE AVE,negative_T_minus_H_minus_3y
6500,1996-03-02,CI,150.0,1953.0,43.0,0,0,5,CHAPEL ST,negative_T_minus_H_minus_3y
87984,1996-03-02,CI,150.0,1963.0,33.0,0,0,5,RUSKVIEW RD,negative_T_minus_H_minus_3y
95396,1996-03-02,CI,150.0,1958.0,38.0,0,0,5,WESTMOUNT RD E,negative_T_minus_H_minus_5y
9520,1996-03-03,CI,150.0,1955.0,41.0,0,0,5,DONALD ST,negative_T_minus_H_minus_2y
23980,1996-03-05,CI,100.0,1961.0,35.0,0,0,5,LINTON PL,negative_T_minus_H_minus_1y
33980,1996-03-06,CI,150.0,1963.0,33.0,0,0,5,SCENIC DR,negative_T_minus_H_minus_4y
27650,1996-03-07,DI,150.0,1980.0,16.0,0,0,5,NELSON AVE,negative_T_minus_H_minus_2y
7780,1996-03-07,CI,150.0,1966.0,30.0,0,0,5,CONFEDERATION DR,negative_T_minus_H_minus_4y
23980,1996-03-09,CI,100.0,1961.0,35.0,0,1,5,LINTON PL,positive_T_minus_H
29790,1996-03-10,CI,150.0,1967.0,29.0,0,0,5,OVERLEA DR,negative_T_minus_H_minus_1y
3490,1996-03-11,CI,100.0,1951.0,45.0,0,1,5,BLUCHER ST,positive_T_minus_H
37620,1996-03-13,CI,150.0,1961.0,35.0,0,1,5,THALER AVE,positive_T_minus_H
66360,1996-03-13,PVC,150.0,1965.0,31.0,0,0,5,CHAPEL HILL DR,negative_T_minus_H_minus_1y
32860,1996-03-14,DI,200.0,1974.0,22.0,0,1,5,,positive_T_minus_H
3960,1996-03-14,CI,150.0,1965.0,31.0,0,0,5,BRADLEY DR,negative_T_minus_H_minus_4y
4900,1996-03-14,CI,150.0,1953.0,43.0,0,0,5,BRUCE ST,negative_T_minus_H_minus_3y
10020,1996-03-15,CI,200.0,1963.0,33.0,0,0,5,DREGER AVE,negative_T_minus_H_minus_2y
27320,1996-03-15,CI,150.0,1961.0,35.0,0,0,5,MORGAN AVE,negative_T_minus_H_minus_5y
80156,1996-03-15,DI,300.0,1993.0,3.0,0,1,5,RIVERBEND DR,positive_T_minus_H
82894,1996-03-15,CI,150.0,1974.0,22.0,0,0,5,BOSWORTH CRES,negative_T_minus_H_minus_5y
7290,1996-03-19,CI,100.0,1956.0,40.0,0,1,5,CLAREMONT AVE,positive_T_minus_H
37080,1996-03-20,CI,150.0,1964.0,32.0,0,0,5,SUMMIT AVE,negative_T_minus_H_minus_5y
80774,1996-03-20,DI,300.0,1978.0,18.0,0,1,5,VICTORIA ST N,positive_T_minus_H
11600,1996-03-21,CI,150.0,1950.0,46.0,0,0,5,EDWIN ST,negative_T_minus_H_minus_2y
23530,1996-03-21,CI,150.0,1964.0,32.0,0,1,5,LARKSPUR CRES,positive_T_minus_H
5370,1996-03-22,DI,150.0,1982.0,14.0,0,0,5,CAMERON ST N,negative_T_minus_H_minus_2y
59980,1996-03-24,CI,150.0,1933.0,63.0,0,0,5,JOSEPH ST,negative_T_minus_H_minus_2y
8460,1996-03-24,DI,450.0,1970.0,26.0,0,0,5,COURTLAND AVE E,negative_T_minus_H_minus_3y
23060,1996-03-25,CI,150.0,1957.0,39.0,0,0,5,LAKESIDE DR,negative_T_minus_H_minus_2y
14000,1996-03-26,CI,150.0,1962.0,34.0,0,0,5,FALESY AVE,negative_T_minus_H_minus_2y
37210,1996-03-26,DI,150.0,1962.0,34.0,0,0,5,SWEETBRIAR DR,negative_T_minus_H_minus_4y
4101323,1996-03-26,XXX,13.0,1965.0,31.0,0,1,5,CLOVERDALE CRES,positive_T_minus_H
26010,1996-03-29,CI,150.0,1967.0,29.0,0,0,5,MCGEE AVE,negative_T_minus_H_minus_1y
42910,1996-04-02,DI,300.0,1969.0,27.0,0,0,5,WESTWOOD DR,negative_T_minus_H_minus_1y
6230,1996-04-04,CI,150.0,1962.0,34.0,0,0,5,CENTREVILLE ST,negative_T_minus_H_minus_3y
95310,1996-04-07,DI,300.0,1968.0,28.0,0,0,5,WESTMOUNT RD E,negative_T_minus_H_minus_5y
94382,1996-04-11,CI,150.0,1961.0,35.0,0,0,5,SWEETBRIAR DR,negative_T_minus_H_minus_4y
61814,1996-04-15,CI,150.0,1967.0,29.0,0,0,5,CARSON DR,negative_T_minus_H_minus_1y
18300,1996-04-25,DI,300.0,1968.0,28.0,0,1,5,HAZELGLEN DR,positive_T_minus_H
59980,1996-04-26,CI,150.0,1933.0,63.0,0,0,5,JOSEPH ST,negative_T_minus_H_minus_3y
37220,1996-04-28,CI,150.0,1961.0,35.0,0,0,5,SWEETBRIAR DR,negative_T_minus_H_minus_4y
12950,1996-05-01,DI,150.0,1981.0,15.0,0,0,5,WOODVIEW CRES,negative_T_minus_H_minus_4y
14930,1996-05-03,CI,150.0,1958.0,38.0,0,0,5,FOREST HILL DR,negative_T_minus_H_minus_5y
4096289,1996-05-06,XXX,50.0,1990.0,6.0,0,0,5,FAIRWAY RD S,negative_T_minus_H_minus_5y
4730,1996-05-07,CI,150.0,1953.0,43.0,0,0,5,BROADVIEW AVE,negative_T_minus_H_minus_2y
26080,1996-05-11,CI,150.0,1950.0,46.0,0,1,5,MCKENZIE AVE,positive_T_minus_H
42610,1996-05-11,CI,150.0,1958.0,38.0,0,0,5,WESTMOUNT RD E,negative_T_minus_H_minus_5y
84660,1996-05-12,DI,300.0,1991.0,5.0,0,0,5,KING ST E,negative_T_minus_H_minus_3y
14820,1996-05-17,CI,200.0,1962.0,34.0,0,0,5,FOREST HILL DR,negative_T_minus_H_minus_4y
21170,1996-05-22,CI,150.0,1926.0,70.0,0,0,5,KENT AVE,negative_T_minus_H_minus_1y
36010,1996-05-22,DI,300.0,1992.0,4.0,0,0,5,STANLEY AVE,negative_T_minus_H_minus_3y
4138965,1996-05-23,XXX,150.0,1976.0,20.0,0,0,5,RIVER RD E,negative_T_minus_H_minus_5y
87758,1996-05-23,DI,150.0,1968.0,28.0,0,0,5,CHOPIN DR,negative_T_minus_H_minus_5y
4010,1996-05-26,CI,150.0,1965.0,31.0,0,0,5,BRADLEY DR,negative_T_minus_H_minus_2y
37070,1996-05-28,CI,150.0,1964.0,32.0,0,1,5,SUMMIT AVE,positive_T_minus_H
90648,1996-05-28,DI,150.0,1969.0,27.0,0,0,5,ROSSFORD CRES,negative_T_minus_H_minus_5y
18250,1996-05-29,DI,300.0,1969.0,27.0,0,1,5,HAZELGLEN DR,positive_T_minus_H
16550,1996-05-31,CI,150.0,1969.0,27.0,0,1,5,GLEN LAKE CRES,positive_T_minus_H
22360,1996-05-31,CI,450.0,1962.0,34.0,0,0,5,KINGSWAY DR,negative_T_minus_H_minus_5y
32070,1996-06-01,DI,150.0,1971.0,25.0,0,1,5,RAMBLEWOOD WAY,positive_T_minus_H
21220,1996-06-11,CI,150.0,1964.0,32.0,0,0,5,KENWOOD DR,negative_T_minus_H_minus_5y
24220,1996-06-11,DI,150.0,1965.0,31.0,0,0,5,LORRAINE AVE,negative_T_minus_H_minus_5y
34640,1996-06-11,CI,150.0,1925.0,71.0,0,0,5,SHELDON AVE N,negative_T_minus_H_minus_2y
5160,1996-06-11,CI,150.0,1963.0,33.0,0,0,5,BUTTONWOOD DR,negative_T_minus_H_minus_2y
39040,1996-06-17,CI,200.0,1953.0,43.0,0,0,5,VANIER DR,negative_T_minus_H_minus_4y
7160,1996-06-18,DI,150.0,1968.0,28.0,0,1,5,CHOPIN DR,positive_T_minus_H
4096271,1996-06-23,XXX,50.0,1976.0,20.0,0,0,5,MANITOU DR,negative_T_minus_H_minus_4y
19710,1996-06-24,DI,150.0,1967.0,29.0,0,1,5,HOLBORN DR,positive_T_minus_H
33920,1996-06-24,CI,150.0,1954.0,42.0,0,1,5,SANDRA AVE,positive_T_minus_H
18230,1996-06-25,DI,300.0,1968.0,28.0,0,0,5,HAZELGLEN DR,negative_T_minus_H_minus_5y
4095182,1996-06-26,XXX,150.0,1975.0,21.0,0,0,5,KINGSWAY DR,negative_T_minus_H_minus_5y
5160,1996-06-29,CI,150.0,1963.0,33.0,0,1,5,BUTTONWOOD DR,positive_T_minus_H
5700,1996-07-09,CI,150.0,1958.0,38.0,0,1,5,CARWOOD AVE,positive_T_minus_H
34640,1996-07-13,CI,150.0,1925.0,71.0,0,0,5,SHELDON AVE N,negative_T_minus_H_minus_2y
37770,1996-07-25,CI,150.0,1953.0,43.0,0,0,5,THIRD AVE,negative_T_minus_H_minus_3y
88650,1996-07-26,DI,300.0,1969.0,27.0,0,0,5,MCGARRY DR,negative_T_minus_H_minus_5y
42930,1996-07-29,DI,300.0,1971.0,25.0,0,0,5,WESTWOOD DR,negative_T_minus_H_minus_4y
43480,1996-07-29,CI,200.0,1958.0,38.0,0,1,5,WILSON AVE,positive_T_minus_H
41640,1996-07-31,DI,200.0,1975.0,21.0,0,1,5,WELLINGTON ST N,positive_T_minus_H
8420,1996-08-01,CI,300.0,1967.0,29.0,0,0,5,COURTLAND AVE E,negative_T_minus_H_minus_5y
8600,1996-08-03,CI,100.0,1960.0,36.0,0,0,5,CRAY CRES,negative_T_minus_H_minus_5y
16080,1996-08-05,DI,150.0,1976.0,20.0,0,1,5,GEORGIAN CRES,positive_T_minus_H
91262,1996-08-05,DI,300.0,1968.0,28.0,0,0,5,HAZELGLEN DR,negative_T_minus_H_minus_5y
36040,1996-08-14,CI,150.0,1937.0,59.0,0,0,5,STEWART ST,negative_T_minus_H_minus_2y
8130,1996-08-20,DI,300.0,1971.0,25.0,0,0,5,COUNTRY HILL DR,negative_T_minus_H_minus_4y
21390,1996-08-23,CI,250.0,1889.0,107.0,0,1,5,KING ST W,positive_T_minus_H
23310,1996-08-23,CI,450.0,1937.0,59.0,0,0,5,LANCASTER ST W,negative_T_minus_H_minus_1y
42930,1996-08-23,DI,300.0,1971.0,25.0,0,0,5,WESTWOOD DR,negative_T_minus_H_minus_4y
87596,1996-08-24,DI,300.0,1978.0,18.0,0,1,5,CHARLES ST E,positive_T_minus_H
83918,1996-08-26,CI,150.0,1963.0,33.0,0,0,5,VOLTA AVE,negative_T_minus_H_minus_1y
33470,1996-08-27,DI,150.0,1974.0,22.0,0,1,5,ROSENEATH CRES,positive_T_minus_H
11060,1996-08-31,CI,300.0,1949.0,47.0,0,1,5,EAST AVE,positive_T_minus_H
21390,1996-09-02,CI,250.0,1889.0,107.0,0,1,5,KING ST W,positive_T_minus_H
4099987,1996-09-06,XXX,25.0,1967.0,29.0,0,0,5,WREN CRES,negative_T_minus_H_minus_5y
15030,1996-09-09,DI,150.0,1968.0,28.0,0,0,5,FORESTWOOD DR,negative_T_minus_H_minus_3y
21730,1996-09-10,CI,150.0,1922.0,74.0,0,0,5,KING ST E,negative_T_minus_H_minus_2y
12950,1996-09-11,DI,150.0,1981.0,15.0,0,0,5,WOODVIEW CRES,negative_T_minus_H_minus_4y
4642530,1996-09-11,PVC,25.0,1964.0,32.0,0,0,5,GREENBROOK DR,negative_T_minus_H_minus_5y
15930,1996-09-16,CI,450.0,1956.0,40.0,0,0,5,GATEWOOD RD,negative_T_minus_H_minus_3y
5270,1996-09-16,CI,100.0,1956.0,40.0,0,0,5,CAMDEN PL,negative_T_minus_H_minus_2y
42910,1996-09-17,DI,300.0,1969.0,27.0,0,0,5,WESTWOOD DR,negative_T_minus_H_minus_2y
61838,1996-09-18,CPP,600.0,1969.0,27.0,0,0,5,GRABER PL,negative_T_minus_H_minus_5y
88872,1996-09-22,DI,300.0,1974.0,22.0,0,0,5,BELMONT AVE W,negative_T_minus_H_minus_2y
38190,1996-09-24,CI,150.0,1958.0,38.0,0,0,5,TRAYNOR AVE,negative_T_minus_H_minus_3y
5470,1996-09-29,DI,150.0,1977.0,19.0,0,0,5,CARLYLE DR,negative_T_minus_H_minus_4y
1430,1996-10-01,CI,150.0,1967.0,29.0,0,0,5,BALFOUR CRES,negative_T_minus_H_minus_1y
37810,1996-10-01,CI,150.0,1964.0,32.0,0,1,5,THORNRIDGE CRES,positive_T_minus_H
41480,1996-10-01,CI,150.0,1958.0,38.0,0,0,5,WEDGEWOOD DR,negative_T_minus_H_minus_5y
59910,1996-10-01,DI,150.0,1964.0,32.0,0,0,5,CHARLES ST E,negative_T_minus_H_minus_5y
13550,1996-10-02,CI,450.0,1961.0,35.0,0,1,5,OTTAWA ST S,positive_T_minus_H
7740,1996-10-12,DI,150.0,1966.0,30.0,0,0,5,CONFEDERATION DR,negative_T_minus_H_minus_1y
28590,1996-10-14,DI,150.0,1967.0,29.0,0,0,5,OLD YORK CRES,negative_T_minus_H_minus_2y
88828,1996-10-14,CI,150.0,1967.0,29.0,0,0,5,BELWOOD CRES,negative_T_minus_H_minus_1y
15020,1996-10-16,DI,150.0,1968.0,28.0,0,1,5,FORESTWOOD DR,positive_T_minus_H
23310,1996-10-16,CI,450.0,1937.0,59.0,0,0,5,LANCASTER ST W,negative_T_minus_H_minus_4y
42910,1996-10-17,DI,300.0,1969.0,27.0,0,0,5,WESTWOOD DR,negative_T_minus_H_minus_3y
19720,1996-10-18,DI,150.0,1967.0,29.0,0,0,5,HOLBORN DR,negative_T_minus_H_minus_4y
25250,1996-10-18,CI,150.0,1953.0,43.0,0,1,5,MAPLEWOOD PL,positive_T_minus_H
2990,1996-10-21,DI,200.0,1967.0,29.0,0,0,5,BLACKFRIARS PL,negative_T_minus_H_minus_2y
28590,1996-10-22,DI,150.0,1967.0,29.0,0,1,5,OLD YORK CRES,positive_T_minus_H
39040,1996-10-22,CI,200.0,1953.0,43.0,0,0,5,VANIER DR,negative_T_minus_H_minus_2y
4040,1996-10-22,CI,150.0,1955.0,41.0,0,1,5,BRANDON AVE,positive_T_minus_H
40140,1996-10-24,CI,150.0,1962.0,34.0,0,0,5,VILLAGE CRES,negative_T_minus_H_minus_4y
85558,1996-10-24,DI,200.0,1966.0,30.0,0,0,5,MONTCALM DR,negative_T_minus_H_minus_4y
32670,1996-10-25,DI,300.0,1971.0,25.0,0,0,5,RIVER RD E,negative_T_minus_H_minus_4y
37770,1996-10-25,CI,150.0,1953.0,43.0,0,0,5,THIRD AVE,negative_T_minus_H_minus_1y
59400,1996-10-25,DI,150.0,1996.0,0.0,0,0,5,WHITNEY PL,negative_T_minus_H_minus_1y
11930,1996-10-29,CI,150.0,1953.0,43.0,0,0,5,EMERALD AVE,negative_T_minus_H_minus_1y
29850,1996-10-29,CI,150.0,1964.0,32.0,0,0,5,OWEN AVE,negative_T_minus_H_minus_5y
9560,1996-10-30,DI,150.0,1965.0,31.0,0,0,5,DOOLEY DR,negative_T_minus_H_minus_4y
89922,1996-10-31,CI,150.0,1961.0,35.0,0,0,5,DUNCAIRN AVE,negative_T_minus_H_minus_1y
23310,1996-11-02,CI,450.0,1937.0,59.0,0,0,5,LANCASTER ST W,negative_T_minus_H_minus_4y
5020,1996-11-02,CI,150.0,1959.0,37.0,0,0,5,BURBANK RD,negative_T_minus_H_minus_4y
35450,1996-11-07,CI,150.0,1927.0,69.0,1,0,5,SPADINA RD W,negative_T_minus_H_minus_1y
35920,1996-11-08,DI,300.0,1981.0,15.0,0,0,5,ST LEGER ST,negative_T_minus_H_minus_1y
42550,1996-11-08,CI,300.0,1958.0,38.0,0,0,5,WESTMOUNT RD E,negative_T_minus_H_minus_1y
9100,1996-11-08,CI,150.0,1962.0,34.0,0,0,5,DEERPARK CRES,negative_T_minus_H_minus_1y
37220,1996-11-10,CI,150.0,1961.0,35.0,0,0,5,SWEETBRIAR DR,negative_T_minus_H_minus_3y
90922,1996-11-11,CI,150.0,1960.0,36.0,0,0,5,CYPRUS DR,negative_T_minus_H_minus_3y
15060,1996-11-13,CI,150.0,1968.0,28.0,0,0,5,FORESTWOOD DR,negative_T_minus_H_minus_2y
22600,1996-11-13,CI,150.0,1959.0,37.0,0,0,5,KIPLING AVE,negative_T_minus_H_minus_4y
22360,1996-11-14,CI,450.0,1962.0,34.0,0,0,5,KINGSWAY DR,negative_T_minus_H_minus_5y
88528,1996-11-15,DI,150.0,1992.0,4.0,0,0,5,SCHUELLER ST,negative_T_minus_H_minus_3y
32900,1996-11-16,CI,300.0,1960.0,36.0,0,0,5,SHIRLEY AVE,negative_T_minus_H_minus_2y
42900,1996-11-16,DI,300.0,1969.0,27.0,0,1,5,WESTWOOD DR,positive_T_minus_H
20430,1996-11-18,CI,150.0,1966.0,30.0,0,0,5,INWOOD DR,negative_T_minus_H_minus_5y
31880,1996-11-18,CI,150.0,1966.0,30.0,0,0,5,QUEENSTON CRES,negative_T_minus_H_minus_5y
14840,1996-11-19,CI,200.0,1962.0,34.0,0,0,5,FOREST HILL DR,negative_T_minus_H_minus_1y
30680,1996-11-20,CI,150.0,1959.0,37.0,0,0,5,PINECREST DR,negative_T_minus_H_minus_1y
34340,1996-11-20,DI,300.0,1983.0,13.0,0,0,5,SEREDA RD,negative_T_minus_H_minus_2y
85090,1996-11-20,CI,150.0,1959.0,37.0,0,0,5,GRAYSTONE AVE,negative_T_minus_H_minus_1y
44190,1996-11-21,CI,150.0,1959.0,37.0,0,0,5,YAGER AVE,negative_T_minus_H_minus_1y
42990,1996-11-22,DI,300.0,1969.0,27.0,0,0,5,WESTWOOD DR,negative_T_minus_H_minus_3y
14950,1996-11-23,CI,150.0,1958.0,38.0,0,1,5,FOREST HILL DR,positive_T_minus_H
21730,1996-11-23,CI,150.0,1922.0,74.0,0,0,5,KING ST E,negative_T_minus_H_minus_2y
28590,1996-11-23,DI,150.0,1967.0,29.0,0,1,5,OLD YORK CRES,positive_T_minus_H
31890,1996-11-23,CI,150.0,1966.0,30.0,0,1,5,QUEENSTON DR,positive_T_minus_H
38850,1996-11-23,CI,150.0,1974.0,22.0,0,1,5,UPLANDS DR,positive_T_minus_H
17730,1996-11-24,CI,150.0,1957.0,39.0,0,1,5,SEREDA RD,positive_T_minus_H
19490,1996-11-24,DI,150.0,1981.0,15.0,0,0,5,HILLCREST CRT,negative_T_minus_H_minus_2y
7760,1996-11-24,CI,150.0,1966.0,30.0,0,1,5,CONFEDERATION DR,positive_T_minus_H
16240,1996-11-25,CI,150.0,1962.0,34.0,0,0,5,GILMOUR CRES,negative_T_minus_H_minus_1y
3460,1996-11-25,CI,300.0,1964.0,32.0,0,0,5,BLOOMINGDALE RD,negative_T_minus_H_minus_3y
85716,1996-11-25,CI,300.0,1967.0,29.0,0,0,5,HOMER WATSON BLVD,negative_T_minus_H_minus_2y
27320,1996-11-26,CI,150.0,1961.0,35.0,0,0,5,MORGAN AVE,negative_T_minus_H_minus_5y
25340,1996-11-27,CI,200.0,1904.0,92.0,0,0,5,MARGARET AVE,negative_T_minus_H_minus_1y
33460,1996-11-27,CI,150.0,1961.0,35.0,0,0,5,ROSEMOUNT DR,negative_T_minus_H_minus_3y
88756,1996-11-27,CI,150.0,1967.0,29.0,0,0,5,COVENTRY DR,negative_T_minus_H_minus_3y
34430,1996-11-28,CI,150.0,1958.0,38.0,0,0,5,SHADYWOOD CRES,negative_T_minus_H_minus_3y
38190,1996-11-28,CI,150.0,1958.0,38.0,0,0,5,TRAYNOR AVE,negative_T_minus_H_minus_3y
41450,1996-11-28,CI,150.0,1958.0,38.0,0,0,5,WEDGEWOOD DR,negative_T_minus_H_minus_5y
20430,1996-11-29,CI,150.0,1966.0,30.0,0,0,5,INWOOD DR,negative_T_minus_H_minus_2y
40140,1996-11-29,CI,150.0,1962.0,34.0,0,0,5,VILLAGE CRES,negative_T_minus_H_minus_5y
24410,1996-12-01,CI,150.0,1948.0,48.0,0,0,5,LANG CRES,negative_T_minus_H_minus_4y
2860,1996-12-01,CI,150.0,1963.0,33.0,0,1,5,BIRCHCLIFF AVE,positive_T_minus_H
30780,1996-12-02,DI,200.0,1972.0,24.0,0,0,5,PINNACLE DR,negative_T_minus_H_minus_5y
31750,1996-12-02,CI,150.0,1954.0,42.0,0,0,5,QUEENS BLVD,negative_T_minus_H_minus_1y
24600,1996-12-03,CI,150.0,1958.0,38.0,0,0,5,LYNDHURST DR,negative_T_minus_H_minus_3y
30440,1996-12-03,CI,150.0,1962.0,34.0,0,0,5,PEACHWOOD CRT,negative_T_minus_H_minus_1y
5620,1996-12-03,DI,200.0,1966.0,30.0,0,0,5,CARSON DR,negative_T_minus_H_minus_1y
42930,1996-12-04,DI,300.0,1971.0,25.0,0,0,5,WESTWOOD DR,negative_T_minus_H_minus_5y
14580,1996-12-06,CI,150.0,1962.0,34.0,0,0,5,FISCHER HALLMAN RD,negative_T_minus_H_minus_4y
41000,1996-12-06,CI,150.0,1948.0,48.0,0,0,5,WEBER ST E,negative_T_minus_H_minus_1y
33450,1996-12-07,CI,150.0,1959.0,37.0,0,0,5,ROSEMOUNT DR,negative_T_minus_H_minus_3y
34890,1996-12-07,DI,300.0,1979.0,17.0,0,0,5,SHIRLEY AVE,negative_T_minus_H_minus_1y
26010,1996-12-09,CI,150.0,1967.0,29.0,0,0,5,MCGEE AVE,negative_T_minus_H_minus_2y
9520,1996-12-09,CI,150.0,1955.0,41.0,0,0,5,DONALD ST,negative_T_minus_H_minus_1y
9560,1996-12-09,DI,150.0,1965.0,31.0,0,0,5,DOOLEY DR,negative_T_minus_H_minus_2y
27830,1996-12-11,CI,200.0,1961.0,35.0,0,1,5,NINTH AVE,positive_T_minus_H
5540,1996-12-11,CI,150.0,1962.0,34.0,0,0,5,CARROL ST,negative_T_minus_H_minus_2y
27420,1996-12-12,DI,200.0,1972.0,24.0,0,0,5,MORRISON RD,negative_T_minus_H_minus_1y
29790,1996-12-12,CI,150.0,1967.0,29.0,0,0,5,OVERLEA DR,negative_T_minus_H_minus_1y
37220,1996-12-12,CI,150.0,1961.0,35.0,0,0,5,SWEETBRIAR DR,negative_T_minus_H_minus_5y
5070,1996-12-12,CI,150.0,1961.0,35.0,0,0,5,BURLINGTON DR,negative_T_minus_H_minus_5y
88828,1996-12-12,CI,150.0,1967.0,29.0,0,0,5,BELWOOD CRES,negative_T_minus_H_minus_2y
9940,1996-12-12,DI,450.0,1969.0,27.0,0,0,5,DOON VILLAGE RD,negative_T_minus_H_minus_2y
13650,1996-12-13,CI,150.0,1955.0,41.0,0,1,5,ETON DR,positive_T_minus_H
14940,1996-12-13,CI,150.0,1958.0,38.0,0,0,5,FOREST HILL DR,negative_T_minus_H_minus_5y
27670,1996-12-13,CI,150.0,1964.0,32.0,0,0,5,NELSON AVE,negative_T_minus_H_minus_5y
14280,1996-12-14,CI,200.0,1959.0,37.0,0,0,5,FERGUS AVE,negative_T_minus_H_minus_1y
17340,1996-12-15,CI,150.0,1956.0,40.0,0,0,5,GREENFIELD AVE,negative_T_minus_H_minus_5y
33460,1996-12-15,CI,150.0,1961.0,35.0,0,0,5,ROSEMOUNT DR,negative_T_minus_H_minus_5y
8800,1996-12-15,CI,150.0,1960.0,36.0,0,1,5,CYPRUS DR,positive_T_minus_H
1430,1996-12-16,CI,150.0,1967.0,29.0,0,0,5,BALFOUR CRES,negative_T_minus_H_minus_2y
15200,1996-12-17,CI,150.0,1960.0,36.0,0,0,5,FOURTH AVE,negative_T_minus_H_minus_2y
36530,1996-12-18,CI,150.0,1958.0,38.0,0,0,5,STONYBROOK DR,negative_T_minus_H_minus_1y
83874,1996-12-19,CI,200.0,1953.0,43.0,0,0,5,VANIER DR,negative_T_minus_H_minus_1y
26520,1996-12-20,CI,150.0,1965.0,31.0,0,0,5,MIDLAND DR,negative_T_minus_H_minus_1y
59960,1996-12-20,CI,150.0,1957.0,39.0,0,0,5,GUELPH ST,negative_T_minus_H_minus_1y
88872,1996-12-20,DI,300.0,1974.0,22.0,0,1,5,BELMONT AVE W,positive_T_minus_H
89922,1996-12-20,CI,150.0,1961.0,35.0,0,0,5,DUNCAIRN AVE,negative_T_minus_H_minus_4y
33920,1996-12-21,CI,150.0,1954.0,42.0,0,1,5,SANDRA AVE,positive_T_minus_H
4950,1996-12-21,CI,150.0,1953.0,43.0,0,0,5,BRUCE ST,negative_T_minus_H_minus_3y
79750,1996-12-21,DI,150.0,1981.0,15.0,0,1,5,HILLCREST CRT,positive_T_minus_H
29790,1996-12-22,CI,150.0,1967.0,29.0,0,0,5,OVERLEA DR,negative_T_minus_H_minus_1y
43540,1996-12-22,CI,200.0,1954.0,42.0,0,0,5,WILSON AVE,negative_T_minus_H_minus_1y
14880,1996-12-23,CI,200.0,1962.0,34.0,0,0,5,FOREST HILL DR,negative_T_minus_H_minus_5y
31690,1996-12-23,CI,200.0,1966.0,30.0,0,1,5,QUEENS BLVD,positive_T_minus_H
36480,1996-12-23,CI,150.0,1962.0,34.0,0,0,5,STONYBROOK DR,negative_T_minus_H_minus_4y
4910,1996-12-23,CI,150.0,1953.0,43.0,0,0,5,BRUCE ST,negative_T_minus_H_minus_1y
24860,1996-12-24,CI,200.0,1961.0,35.0,0,0,5,MANCHESTER RD,negative_T_minus_H_minus_3y
36980,1996-12-25,DI,150.0,1965.0,31.0,0,0,5,STRATHCONA CRES,negative_T_minus_H_minus_4y
14830,1996-12-26,CI,200.0,1962.0,34.0,0,1,5,FOREST HILL DR,positive_T_minus_H
23740,1996-12-27,CI,150.0,1952.0,44.0,0,0,5,ST LEGER ST,negative_T_minus_H_minus_3y
40160,1996-12-27,CI,150.0,1957.0,39.0,0,0,5,VILLAGE RD,negative_T_minus_H_minus_3y
14280,1996-12-28,CI,200.0,1959.0,37.0,0,0,5,FERGUS AVE,negative_T_minus_H_minus_4y
22610,1996-12-29,CI,150.0,1959.0,37.0,0,0,5,KIPLING AVE,negative_T_minus_H_minus_5y
21140,1996-12-30,CI,150.0,1954.0,42.0,0,1,5,KENSINGTON AVE,positive_T_minus_H
23260,1996-12-30,DI,450.0,1968.0,28.0,0,0,5,LANCASTER ST W,negative_T_minus_H_minus_3y
80010,1996-12-30,CI,450.0,1968.0,28.0,0,1,5,LANCASTER ST W,positive_T_minus_H
8420,1996-12-30,CI,300.0,1967.0,29.0,0,1,5,COURTLAND AVE E,positive_T_minus_H
18230,1996-12-31,DI,300.0,1968.0,28.0,0,0,5,HAZELGLEN DR,negative_T_minus_H_minus_1y
14870,1997-01-02,CI,200.0,1962.0,35.0,0,1,5,FOREST HILL DR,positive_T_minus_H
37500,1997-01-03,CI,150.0,1921.0,76.0,0,0,5,TALBOT ST,negative_T_minus_H_minus_1y
31720,1997-01-06,DI,200.0,1966.0,31.0,0,0,5,QUEENS BLVD,negative_T_minus_H_minus_3y
36960,1997-01-07,DI,150.0,1965.0,32.0,0,1,5,STRATHCONA CRES,positive_T_minus_H
20260,1997-01-08,CI,150.0,1967.0,30.0,1,1,5,INDIAN RD,positive_T_minus_H
39060,1997-01-08,CI,200.0,1953.0,44.0,0,0,5,VANIER DR,negative_T_minus_H_minus_1y
77188,1997-01-08,DI,200.0,1959.0,38.0,0,0,5,RAITAR AVE,negative_T_minus_H_minus_5y
93410,1997-01-08,CI,150.0,1967.0,30.0,0,0,5,INDIAN RD,negative_T_minus_H_minus_3y
4050,1997-01-09,CI,150.0,1955.0,42.0,0,1,5,BRANDON AVE,positive_T_minus_H
800,1997-01-10,CI,150.0,1959.0,38.0,0,0,5,ARCHER PL,negative_T_minus_H_minus_1y
7960,1997-01-11,CI,150.0,1966.0,31.0,0,0,5,CONWAY DR,negative_T_minus_H_minus_4y
43000,1997-01-13,CI,300.0,1966.0,31.0,0,0,5,WESTWOOD DR,negative_T_minus_H_minus_3y
65470,1997-01-13,DI,300.0,1984.0,13.0,0,0,5,WHITNEY PL,negative_T_minus_H_minus_1y
79804,1997-01-13,DI,150.0,1980.0,17.0,0,0,5,NELSON AVE,negative_T_minus_H_minus_2y
86280,1997-01-13,CI,150.0,1953.0,44.0,0,0,5,PATRICIA AVE,negative_T_minus_H_minus_5y
90496,1997-01-13,CI,200.0,1969.0,28.0,0,0,5,ELMSDALE DR,negative_T_minus_H_minus_2y
15430,1997-01-14,CI,300.0,1956.0,41.0,0,1,5,FRANKLIN ST N,positive_T_minus_H
38860,1997-01-15,CI,150.0,1974.0,23.0,0,0,5,UPLANDS DR,negative_T_minus_H_minus_2y
38190,1997-01-16,CI,150.0,1958.0,39.0,0,0,5,TRAYNOR AVE,negative_T_minus_H_minus_4y
89516,1997-01-16,CI,150.0,1966.0,31.0,0,1,5,CONWAY DR,positive_T_minus_H
42520,1997-01-18,CI,300.0,1959.0,38.0,0,0,5,WESTMOUNT RD E,negative_T_minus_H_minus_2y
8150,1997-01-18,DI,300.0,1974.0,23.0,0,0,5,COUNTRY HILL DR,negative_T_minus_H_minus_2y
96080,1997-01-18,CI,150.0,1949.0,48.0,0,0,5,QUEENS BLVD,negative_T_minus_H_minus_2y
5620,1997-01-20,DI,200.0,1966.0,31.0,0,0,5,CARSON DR,negative_T_minus_H_minus_5y
23740,1997-01-21,CI,150.0,1952.0,45.0,0,0,5,ST LEGER ST,negative_T_minus_H_minus_5y
27000,1997-01-21,DI,200.0,1965.0,32.0,0,0,5,MONTCALM DR,negative_T_minus_H_minus_1y
87984,1997-01-21,CI,150.0,1963.0,34.0,0,0,5,RUSKVIEW RD,negative_T_minus_H_minus_5y
37610,1997-01-22,CI,150.0,1967.0,30.0,0,1,5,THALER AVE,positive_T_minus_H
17170,1997-01-24,CI,200.0,1964.0,33.0,0,1,5,GREENBROOK DR,positive_T_minus_H
1830,1997-01-25,CI,150.0,1952.0,45.0,0,0,5,BECKER ST,negative_T_minus_H_minus_1y
31670,1997-01-25,DI,200.0,1966.0,31.0,0,0,5,QUEENS BLVD,negative_T_minus_H_minus_5y
3990,1997-01-25,CI,150.0,1965.0,32.0,0,1,5,BRADLEY DR,positive_T_minus_H
86582,1997-01-25,CI,150.0,1958.0,39.0,0,1,5,HEARTH CRES,positive_T_minus_H
18070,1997-01-26,CI,200.0,1953.0,44.0,0,0,5,HARBER AVE,negative_T_minus_H_minus_2y
2300,1997-01-26,CI,150.0,1962.0,35.0,0,0,5,BELTON DR,negative_T_minus_H_minus_1y
5620,1997-01-26,DI,200.0,1966.0,31.0,0,1,5,CARSON DR,positive_T_minus_H
91676,1997-01-26,CI,200.0,1952.0,45.0,0,1,5,NINTH AVE,positive_T_minus_H
20990,1997-01-27,CI,150.0,1967.0,30.0,0,1,5,KELLY DR,positive_T_minus_H
31930,1997-01-27,DI,150.0,1966.0,31.0,0,0,5,QUEENSTON DR,negative_T_minus_H_minus_2y
33220,1997-01-27,DI,150.0,1978.0,19.0,0,0,5,ROLLING MEADOWS DR,negative_T_minus_H_minus_5y
41500,1997-01-27,CI,150.0,1963.0,34.0,0,0,5,WEICHEL ST,negative_T_minus_H_minus_3y
68709,1997-01-27,AC,450.0,1980.0,17.0,0,0,5,FISCHER HALLMAN RD,negative_T_minus_H_minus_5y
85090,1997-01-27,CI,150.0,1959.0,38.0,0,0,5,GRAYSTONE AVE,negative_T_minus_H_minus_4y
17330,1997-01-28,CI,150.0,1956.0,41.0,0,0,5,GREENFIELD AVE,negative_T_minus_H_minus_5y
59980,1997-01-29,CI,150.0,1933.0,64.0,0,0,5,JOSEPH ST,negative_T_minus_H_minus_1y
19530,1997-01-30,CI,150.0,1967.0,30.0,0,0,5,HILLMOUNT ST,negative_T_minus_H_minus_3y
19640,1997-01-30,CI,150.0,1956.0,41.0,0,0,5,HOFFMAN ST,negative_T_minus_H_minus_4y
27100,1997-01-30,DI,100.0,1963.0,34.0,0,0,5,MONTEREY CRES,negative_T_minus_H_minus_4y
32900,1997-01-30,CI,300.0,1960.0,37.0,0,0,5,SHIRLEY AVE,negative_T_minus_H_minus_1y
41460,1997-01-30,CI,150.0,1958.0,39.0,0,0,5,WEDGEWOOD DR,negative_T_minus_H_minus_1y
90282,1997-01-30,DI,150.0,1967.0,30.0,0,0,5,DALEWOOD DR,negative_T_minus_H_minus_2y
31140,1997-01-31,CI,150.0,1953.0,44.0,0,0,5,PROSPECT AVE,negative_T_minus_H_minus_1y
6230,1997-01-31,CI,150.0,1962.0,35.0,0,0,5,CENTREVILLE ST,negative_T_minus_H_minus_4y
15750,1997-02-01,CI,200.0,1958.0,39.0,0,0,5,FREDERICK ST,negative_T_minus_H_minus_1y
21060,1997-02-01,CI,150.0,1962.0,35.0,0,0,5,KENNETH AVE,negative_T_minus_H_minus_3y
36530,1997-02-01,CI,150.0,1958.0,39.0,0,0,5,STONYBROOK DR,negative_T_minus_H_minus_1y
44090,1997-02-01,CI,150.0,1951.0,46.0,0,0,5,WOODWARD AVE,negative_T_minus_H_minus_3y
8060,1997-02-01,CI,150.0,1958.0,39.0,0,0,5,CORNELL AVE,negative_T_minus_H_minus_1y
21030,1997-02-02,CI,150.0,1958.0,39.0,0,0,5,KENNETH AVE,negative_T_minus_H_minus_1y
22880,1997-02-02,CI,300.0,1955.0,42.0,0,1,5,KRUG ST,positive_T_minus_H
29190,1997-02-02,CI,150.0,1952.0,45.0,0,0,5,OTTAWA ST N,negative_T_minus_H_minus_5y
30070,1997-02-02,DI,300.0,1978.0,19.0,0,1,5,PANDORA AVE S,positive_T_minus_H
36240,1997-02-02,CI,300.0,1957.0,40.0,0,0,5,STIRLING AVE S,negative_T_minus_H_minus_1y
63680,1997-02-02,CI,150.0,1958.0,39.0,0,0,5,CONNAUGHT ST,negative_T_minus_H_minus_5y
88076,1997-02-02,CI,150.0,1960.0,37.0,0,0,5,RIPPLEWOOD CRES,negative_T_minus_H_minus_3y
36660,1997-02-03,DI,150.0,1973.0,24.0,0,0,5,STRASBURG RD,negative_T_minus_H_minus_1y
91628,1997-02-03,CI,150.0,1966.0,31.0,0,0,5,QUEENSTON CRES,negative_T_minus_H_minus_4y
14280,1997-02-04,CI,200.0,1959.0,38.0,0,0,5,FERGUS AVE,negative_T_minus_H_minus_2y
15870,1997-02-05,DI,150.0,1969.0,28.0,0,1,5,GALLARNO CRT,positive_T_minus_H
19770,1997-02-05,CI,150.0,1967.0,30.0,0,0,5,HOLBORN DR,negative_T_minus_H_minus_5y
35030,1997-02-05,CI,150.0,1967.0,30.0,0,1,5,SILVERSPRING CRES,positive_T_minus_H
35630,1997-02-05,CI,150.0,1960.0,37.0,0,1,5,SPRINGBANK CRES,positive_T_minus_H
42920,1997-02-05,DI,300.0,1969.0,28.0,0,1,5,WESTWOOD DR,positive_T_minus_H
23730,1997-02-06,CI,150.0,1949.0,48.0,0,1,5,LEANDER PL,positive_T_minus_H
5240,1997-02-07,CI,150.0,1955.0,42.0,0,1,5,CAMBRIDGE AVE,positive_T_minus_H
26260,1997-02-08,CI,150.0,1953.0,44.0,0,0,5,MELROSE AVE,negative_T_minus_H_minus_1y
31900,1997-02-08,CI,150.0,1966.0,31.0,0,0,5,QUEENSTON DR,negative_T_minus_H_minus_1y
94896,1997-02-08,DI,300.0,1969.0,28.0,0,1,5,WESTWOOD DR,positive_T_minus_H
7480,1997-02-10,CI,150.0,1947.0,50.0,0,0,5,CLIFTON RD,negative_T_minus_H_minus_2y
18350,1997-02-11,CI,150.0,1954.0,43.0,0,0,5,HEATHER AVE,negative_T_minus_H_minus_1y
7540,1997-02-11,CI,150.0,1965.0,32.0,0,0,5,CLOVERDALE CRES,negative_T_minus_H_minus_5y
92072,1997-02-11,CI,150.0,1961.0,36.0,0,0,5,ROSEMOUNT DR,negative_T_minus_H_minus_5y
1340,1997-02-12,CI,200.0,1961.0,36.0,0,0,5,AVON RD,negative_T_minus_H_minus_5y
14930,1997-02-12,CI,150.0,1958.0,39.0,0,0,5,FOREST HILL DR,negative_T_minus_H_minus_5y
22690,1997-02-12,DI,150.0,1988.0,9.0,0,0,5,KRISTI PL,negative_T_minus_H_minus_5y
1830,1997-02-13,CI,150.0,1952.0,45.0,0,0,5,BECKER ST,negative_T_minus_H_minus_1y
38560,1997-02-13,CI,150.0,1954.0,43.0,0,0,5,UNION BLVD,negative_T_minus_H_minus_4y
41460,1997-02-13,CI,150.0,1958.0,39.0,0,0,5,WEDGEWOOD DR,negative_T_minus_H_minus_2y
78574,1997-02-13,CI,300.0,1939.0,58.0,0,0,5,EAST AVE,negative_T_minus_H_minus_4y
88910,1997-02-13,CI,150.0,1965.0,32.0,0,1,5,TECUMSEH CRES,positive_T_minus_H
22200,1997-02-14,CI,150.0,1966.0,31.0,0,0,5,KINGSTON CRES,negative_T_minus_H_minus_2y
10940,1997-02-15,CI,200.0,1967.0,30.0,0,0,5,EAGEN DR,negative_T_minus_H_minus_5y
90648,1997-02-15,DI,150.0,1969.0,28.0,0,1,5,ROSSFORD CRES,positive_T_minus_H
34620,1997-02-16,CI,150.0,1922.0,75.0,0,0,5,SHELDON AVE N,negative_T_minus_H_minus_4y
34660,1997-02-16,CI,150.0,1946.0,51.0,0,0,5,SHELDON AVE N,negative_T_minus_H_minus_2y
1340,1997-02-17,CI,200.0,1961.0,36.0,0,0,5,AVON RD,negative_T_minus_H_minus_4y
16000,1997-02-17,CI,150.0,1967.0,30.0,0,0,5,GAY CRES,negative_T_minus_H_minus_1y
3880,1997-02-17,CI,150.0,1925.0,72.0,0,1,5,BORDEN AVE S,positive_T_minus_H
85712,1997-02-17,CI,300.0,1967.0,30.0,0,0,5,HOMER WATSON BLVD,negative_T_minus_H_minus_1y
86282,1997-02-17,CI,150.0,1966.0,31.0,0,0,5,TUPPER CRES,negative_T_minus_H_minus_1y
24600,1997-02-18,CI,150.0,1958.0,39.0,0,0,5,LYNDHURST DR,negative_T_minus_H_minus_3y
39040,1997-02-18,CI,200.0,1953.0,44.0,0,0,5,VANIER DR,negative_T_minus_H_minus_5y
79346,1997-02-18,CI,150.0,1962.0,35.0,0,0,5,ARCHER PL,negative_T_minus_H_minus_5y
16000,1997-02-19,CI,150.0,1967.0,30.0,0,0,5,GAY CRES,negative_T_minus_H_minus_1y
10530,1997-02-20,DI,100.0,1976.0,21.0,0,0,5,DUKE ST W,negative_T_minus_H_minus_1y
23730,1997-02-20,CI,150.0,1949.0,48.0,0,1,5,LEANDER PL,positive_T_minus_H
33450,1997-02-20,CI,150.0,1959.0,38.0,0,1,5,ROSEMOUNT DR,positive_T_minus_H
86632,1997-02-20,DI,200.0,1976.0,21.0,0,0,5,BIEHN DR,negative_T_minus_H_minus_5y
26270,1997-02-21,CI,150.0,1953.0,44.0,0,0,5,MELROSE AVE,negative_T_minus_H_minus_2y
660,1997-02-21,CI,150.0,1952.0,45.0,0,0,5,ANN ST,negative_T_minus_H_minus_1y
76264,1997-02-21,CPP,450.0,1974.0,23.0,0,0,5,DUKE ST W,negative_T_minus_H_minus_3y
16670,1997-02-22,CI,150.0,1965.0,32.0,0,0,5,GLENWOOD DR,negative_T_minus_H_minus_1y
63540,1997-02-22,CI,150.0,1954.0,43.0,0,0,5,FIFE AVE,negative_T_minus_H_minus_1y
660,1997-02-22,CI,150.0,1952.0,45.0,0,0,5,ANN ST,negative_T_minus_H_minus_1y
36530,1997-02-23,CI,150.0,1958.0,39.0,0,1,5,STONYBROOK DR,positive_T_minus_H
62550,1997-02-23,CI,300.0,1964.0,33.0,0,0,5,BLOOMINGDALE RD,negative_T_minus_H_minus_2y
63560,1997-02-24,CI,150.0,1953.0,44.0,0,0,5,METZLOFF DR,negative_T_minus_H_minus_4y
35640,1997-02-25,CI,150.0,1968.0,29.0,0,0,5,SPRINGDALE DR,negative_T_minus_H_minus_2y
4010,1997-02-25,CI,150.0,1965.0,32.0,0,0,5,BRADLEY DR,negative_T_minus_H_minus_5y
2010,1997-02-26,CI,300.0,1957.0,40.0,0,0,5,BELMONT AVE W,negative_T_minus_H_minus_2y
95692,1997-02-26,CI,300.0,1955.0,42.0,0,0,5,SHERWOOD AVE,negative_T_minus_H_minus_1y
80860,1997-02-27,CI,150.0,1951.0,46.0,0,0,5,VICTORIA ST N,negative_T_minus_H_minus_1y
12950,1997-02-28,DI,150.0,1981.0,16.0,0,0,5,WOODVIEW CRES,negative_T_minus_H_minus_2y
14940,1997-02-28,CI,150.0,1958.0,39.0,0,0,5,FOREST HILL DR,negative_T_minus_H_minus_1y
19780,1997-02-28,CI,150.0,1967.0,30.0,0,0,5,HOLBORN DR,negative_T_minus_H_minus_5y
6500,1997-02-28,CI,150.0,1953.0,44.0,0,0,5,CHAPEL ST,negative_T_minus_H_minus_2y
15200,1997-03-02,CI,150.0,1960.0,37.0,0,0,5,FOURTH AVE,negative_T_minus_H_minus_3y
57690,1997-03-02,CI,150.0,1954.0,43.0,0,0,5,CAMBRIDGE AVE,negative_T_minus_H_minus_2y
6500,1997-03-02,CI,150.0,1953.0,44.0,0,0,5,CHAPEL ST,negative_T_minus_H_minus_2y
87984,1997-03-02,CI,150.0,1963.0,34.0,0,0,5,RUSKVIEW RD,negative_T_minus_H_minus_2y
95396,1997-03-02,CI,150.0,1958.0,39.0,0,0,5,WESTMOUNT RD E,negative_T_minus_H_minus_4y
9520,1997-03-03,CI,150.0,1955.0,42.0,0,0,5,DONALD ST,negative_T_minus_H_minus_1y
26990,1997-03-04,DI,200.0,1966.0,31.0,0,0,5,MONTCALM DR,negative_T_minus_H_minus_5y
23980,1997-03-05,CI,100.0,1961.0,36.0,0,1,5,LINTON PL,positive_T_minus_H
36500,1997-03-05,CI,150.0,1962.0,35.0,0,0,5,STONYBROOK DR,negative_T_minus_H_minus_5y
33980,1997-03-06,CI,150.0,1963.0,34.0,0,0,5,SCENIC DR,negative_T_minus_H_minus_3y
27650,1997-03-07,DI,150.0,1980.0,17.0,0,0,5,NELSON AVE,negative_T_minus_H_minus_1y
7780,1997-03-07,CI,150.0,1966.0,31.0,0,0,5,CONFEDERATION DR,negative_T_minus_H_minus_3y
24640,1997-03-10,CI,150.0,1958.0,39.0,0,0,5,LYNDHURST DR,negative_T_minus_H_minus_5y
29790,1997-03-10,CI,150.0,1967.0,30.0,0,1,5,OVERLEA DR,positive_T_minus_H
66360,1997-03-13,PVC,150.0,1965.0,32.0,0,1,5,CHAPEL HILL DR,positive_T_minus_H
3960,1997-03-14,CI,150.0,1965.0,32.0,0,0,5,BRADLEY DR,negative_T_minus_H_minus_3y
4900,1997-03-14,CI,150.0,1953.0,44.0,0,0,5,BRUCE ST,negative_T_minus_H_minus_2y
10020,1997-03-15,CI,200.0,1963.0,34.0,0,0,5,DREGER AVE,negative_T_minus_H_minus_1y
27320,1997-03-15,CI,150.0,1961.0,36.0,0,0,5,MORGAN AVE,negative_T_minus_H_minus_4y
82894,1997-03-15,CI,150.0,1974.0,23.0,0,0,5,BOSWORTH CRES,negative_T_minus_H_minus_4y
35600,1997-03-16,CI,150.0,1924.0,73.0,0,0,5,SPRING VALLEY RD,negative_T_minus_H_minus_5y
36970,1997-03-20,DI,150.0,1965.0,32.0,0,0,5,STRATHCONA CRES,negative_T_minus_H_minus_5y
37080,1997-03-20,CI,150.0,1964.0,33.0,0,0,5,SUMMIT AVE,negative_T_minus_H_minus_4y
11600,1997-03-21,CI,150.0,1950.0,47.0,0,0,5,EDWIN ST,negative_T_minus_H_minus_1y
43540,1997-03-21,CI,200.0,1954.0,43.0,0,0,5,WILSON AVE,negative_T_minus_H_minus_5y
5370,1997-03-22,DI,150.0,1982.0,15.0,0,0,5,CAMERON ST N,negative_T_minus_H_minus_1y
59980,1997-03-24,CI,150.0,1933.0,64.0,0,0,5,JOSEPH ST,negative_T_minus_H_minus_1y
8460,1997-03-24,DI,450.0,1970.0,27.0,0,0,5,COURTLAND AVE E,negative_T_minus_H_minus_2y
23060,1997-03-25,CI,150.0,1957.0,40.0,0,0,5,LAKESIDE DR,negative_T_minus_H_minus_1y
14000,1997-03-26,CI,150.0,1962.0,35.0,0,0,5,FALESY AVE,negative_T_minus_H_minus_1y
37210,1997-03-26,DI,150.0,1962.0,35.0,0,0,5,SWEETBRIAR DR,negative_T_minus_H_minus_3y
26010,1997-03-29,CI,150.0,1967.0,30.0,0,1,5,MCGEE AVE,positive_T_minus_H
88528,1997-03-31,DI,150.0,1992.0,5.0,0,0,5,SCHUELLER ST,negative_T_minus_H_minus_5y
15370,1997-04-02,CI,300.0,1956.0,41.0,0,0,5,FRANKLIN ST N,negative_T_minus_H_minus_5y
42910,1997-04-02,DI,300.0,1969.0,28.0,0,1,5,WESTWOOD DR,positive_T_minus_H
6230,1997-04-04,CI,150.0,1962.0,35.0,0,0,5,CENTREVILLE ST,negative_T_minus_H_minus_2y
95310,1997-04-07,DI,300.0,1968.0,29.0,0,0,5,WESTMOUNT RD E,negative_T_minus_H_minus_4y
94382,1997-04-11,CI,150.0,1961.0,36.0,0,0,5,SWEETBRIAR DR,negative_T_minus_H_minus_3y
61814,1997-04-15,CI,150.0,1967.0,30.0,0,1,5,CARSON DR,positive_T_minus_H
42130,1997-04-23,DI,300.0,1974.0,23.0,0,0,5,WESTHEIGHTS DR,negative_T_minus_H_minus_5y
59980,1997-04-26,CI,150.0,1933.0,64.0,0,0,5,JOSEPH ST,negative_T_minus_H_minus_2y
37220,1997-04-28,CI,150.0,1961.0,36.0,0,0,5,SWEETBRIAR DR,negative_T_minus_H_minus_3y
12950,1997-05-01,DI,150.0,1981.0,16.0,0,0,5,WOODVIEW CRES,negative_T_minus_H_minus_3y
14930,1997-05-03,CI,150.0,1958.0,39.0,0,0,5,FOREST HILL DR,negative_T_minus_H_minus_4y
4096289,1997-05-06,XXX,50.0,1990.0,7.0,0,0,5,FAIRWAY RD S,negative_T_minus_H_minus_4y
4730,1997-05-07,CI,150.0,1953.0,44.0,0,0,5,BROADVIEW AVE,negative_T_minus_H_minus_1y
42610,1997-05-11,CI,150.0,1958.0,39.0,0,0,5,WESTMOUNT RD E,negative_T_minus_H_minus_4y
84660,1997-05-12,DI,300.0,1991.0,6.0,0,0,5,KING ST E,negative_T_minus_H_minus_2y
21890,1997-05-16,CI,100.0,1937.0,60.0,0,0,5,KING ST E,negative_T_minus_H_minus_5y
14820,1997-05-17,CI,200.0,1962.0,35.0,0,0,5,FOREST HILL DR,negative_T_minus_H_minus_3y
21890,1997-05-18,CI,100.0,1937.0,60.0,0,0,5,KING ST E,negative_T_minus_H_minus_5y
21170,1997-05-22,CI,150.0,1926.0,71.0,0,1,5,KENT AVE,positive_T_minus_H
36010,1997-05-22,DI,300.0,1992.0,5.0,0,0,5,STANLEY AVE,negative_T_minus_H_minus_2y
4138965,1997-05-23,XXX,150.0,1976.0,21.0,0,0,5,RIVER RD E,negative_T_minus_H_minus_4y
87758,1997-05-23,DI,150.0,1968.0,29.0,0,0,5,CHOPIN DR,negative_T_minus_H_minus_4y
4010,1997-05-26,CI,150.0,1965.0,32.0,0,0,5,BRADLEY DR,negative_T_minus_H_minus_1y
22360,1997-05-31,CI,450.0,1962.0,35.0,0,0,5,KINGSWAY DR,negative_T_minus_H_minus_4y
34390,1997-06-04,DI,150.0,1972.0,25.0,0,0,5,SHADELAND CRES,negative_T_minus_H_minus_5y
21220,1997-06-11,CI,150.0,1964.0,33.0,0,0,5,KENWOOD DR,negative_T_minus_H_minus_4y
24220,1997-06-11,DI,150.0,1965.0,32.0,0,0,5,LORRAINE AVE,negative_T_minus_H_minus_4y
34640,1997-06-11,CI,150.0,1925.0,72.0,0,0,5,SHELDON AVE N,negative_T_minus_H_minus_1y
39040,1997-06-17,CI,200.0,1953.0,44.0,0,0,5,VANIER DR,negative_T_minus_H_minus_3y
14130,1997-06-20,DI,150.0,1974.0,23.0,0,0,5,FARRIER PL,negative_T_minus_H_minus_5y
19480,1997-06-20,DI,150.0,1972.0,25.0,0,0,5,HILLBROOK CRES,negative_T_minus_H_minus_5y
7150,1997-06-21,DI,150.0,1968.0,29.0,1,0,5,CHOPIN DR,negative_T_minus_H_minus_3y
4096271,1997-06-23,XXX,50.0,1976.0,21.0,0,0,5,MANITOU DR,negative_T_minus_H_minus_3y
18230,1997-06-25,DI,300.0,1968.0,29.0,0,0,5,HAZELGLEN DR,negative_T_minus_H_minus_4y
4095182,1997-06-26,XXX,150.0,1975.0,22.0,0,0,5,KINGSWAY DR,negative_T_minus_H_minus_4y
34640,1997-07-13,CI,150.0,1925.0,72.0,0,0,5,SHELDON AVE N,negative_T_minus_H_minus_1y
33920,1997-07-22,CI,150.0,1954.0,43.0,0,1,5,SANDRA AVE,positive_T_minus_H
37770,1997-07-25,CI,150.0,1953.0,44.0,0,0,5,THIRD AVE,negative_T_minus_H_minus_2y
88650,1997-07-26,DI,300.0,1969.0,28.0,0,0,5,MCGARRY DR,negative_T_minus_H_minus_4y
42930,1997-07-29,DI,300.0,1971.0,26.0,0,0,5,WESTWOOD DR,negative_T_minus_H_minus_3y
42320,1997-08-03,DI,200.0,1975.0,22.0,0,1,5,WESTHEIGHTS DR,positive_T_minus_H
8600,1997-08-03,CI,100.0,1960.0,37.0,0,0,5,CRAY CRES,negative_T_minus_H_minus_4y
91262,1997-08-05,DI,300.0,1968.0,29.0,0,0,5,HAZELGLEN DR,negative_T_minus_H_minus_4y
35020,1997-08-08,DI,300.0,1975.0,22.0,0,0,5,MAPLE HILL DR,negative_T_minus_H_minus_5y
61919,1997-08-11,CPP,750.0,1987.0,10.0,0,0,5,KING ST E,negative_T_minus_H_minus_5y
36040,1997-08-14,CI,150.0,1937.0,60.0,0,0,5,STEWART ST,negative_T_minus_H_minus_1y
19530,1997-08-16,CI,150.0,1967.0,30.0,0,0,5,HILLMOUNT ST,negative_T_minus_H_minus_5y
8130,1997-08-20,DI,300.0,1971.0,26.0,0,0,5,COUNTRY HILL DR,negative_T_minus_H_minus_3y
23310,1997-08-23,CI,450.0,1937.0,60.0,0,1,5,LANCASTER ST W,positive_T_minus_H
42930,1997-08-23,DI,300.0,1971.0,26.0,0,0,5,WESTWOOD DR,negative_T_minus_H_minus_3y
83918,1997-08-26,CI,150.0,1963.0,34.0,0,1,5,VOLTA AVE,positive_T_minus_H
4099987,1997-09-06,XXX,25.0,1967.0,30.0,0,0,5,WREN CRES,negative_T_minus_H_minus_4y
15030,1997-09-09,DI,150.0,1968.0,29.0,0,0,5,FORESTWOOD DR,negative_T_minus_H_minus_2y
21730,1997-09-10,CI,150.0,1922.0,75.0,0,0,5,KING ST E,negative_T_minus_H_minus_1y
12950,1997-09-11,DI,150.0,1981.0,16.0,0,0,5,WOODVIEW CRES,negative_T_minus_H_minus_3y
4642530,1997-09-11,PVC,25.0,1964.0,33.0,0,0,5,GREENBROOK DR,negative_T_minus_H_minus_4y
15930,1997-09-16,CI,450.0,1956.0,41.0,0,0,5,GATEWOOD RD,negative_T_minus_H_minus_2y
5270,1997-09-16,CI,100.0,1956.0,41.0,0,0,5,CAMDEN PL,negative_T_minus_H_minus_1y
61838,1997-09-18,CPP,600.0,1969.0,28.0,0,0,5,GRABER PL,negative_T_minus_H_minus_4y
34900,1997-09-22,CI,150.0,1960.0,37.0,1,0,5,SHIRLEY AVE,negative_T_minus_H_minus_1y
35600,1997-09-24,CI,150.0,1924.0,73.0,0,0,5,SPRING VALLEY RD,negative_T_minus_H_minus_5y
38190,1997-09-24,CI,150.0,1958.0,39.0,0,0,5,TRAYNOR AVE,negative_T_minus_H_minus_2y
5470,1997-09-29,DI,150.0,1977.0,20.0,0,0,5,CARLYLE DR,negative_T_minus_H_minus_3y
1430,1997-10-01,CI,150.0,1967.0,30.0,0,1,5,BALFOUR CRES,positive_T_minus_H
41480,1997-10-01,CI,150.0,1958.0,39.0,0,0,5,WEDGEWOOD DR,negative_T_minus_H_minus_4y
59910,1997-10-01,DI,150.0,1964.0,33.0,0,0,5,CHARLES ST E,negative_T_minus_H_minus_4y
43490,1997-10-03,CI,200.0,1958.0,39.0,0,0,5,WILSON AVE,negative_T_minus_H_minus_5y
15440,1997-10-04,CI,150.0,1957.0,40.0,0,1,5,FRANKLIN ST S,positive_T_minus_H
7740,1997-10-12,DI,150.0,1966.0,31.0,0,1,5,CONFEDERATION DR,positive_T_minus_H
88828,1997-10-14,CI,150.0,1967.0,30.0,0,1,5,BELWOOD CRES,positive_T_minus_H
37090,1997-10-16,CI,150.0,1964.0,33.0,0,0,5,SUMMIT AVE,negative_T_minus_H_minus_5y
24390,1997-10-17,CI,150.0,1948.0,49.0,1,1,5,LANG CRES,positive_T_minus_H
19720,1997-10-18,DI,150.0,1967.0,30.0,0,0,5,HOLBORN DR,negative_T_minus_H_minus_3y
2990,1997-10-21,DI,200.0,1967.0,30.0,0,0,5,BLACKFRIARS PL,negative_T_minus_H_minus_1y
39040,1997-10-22,CI,200.0,1953.0,44.0,0,0,5,VANIER DR,negative_T_minus_H_minus_1y
40140,1997-10-24,CI,150.0,1962.0,35.0,0,0,5,VILLAGE CRES,negative_T_minus_H_minus_3y
85558,1997-10-24,DI,200.0,1966.0,31.0,0,0,5,MONTCALM DR,negative_T_minus_H_minus_3y
32670,1997-10-25,DI,300.0,1971.0,26.0,0,0,5,RIVER RD E,negative_T_minus_H_minus_3y
37770,1997-10-25,CI,150.0,1953.0,44.0,0,1,5,THIRD AVE,positive_T_minus_H
59400,1997-10-25,DI,150.0,1996.0,1.0,0,1,5,WHITNEY PL,positive_T_minus_H
19120,1997-10-28,CI,300.0,1964.0,33.0,0,0,5,HIGHLAND RD W,negative_T_minus_H_minus_5y
11930,1997-10-29,CI,150.0,1953.0,44.0,0,1,5,EMERALD AVE,positive_T_minus_H
29850,1997-10-29,CI,150.0,1964.0,33.0,0,0,5,OWEN AVE,negative_T_minus_H_minus_4y
9560,1997-10-30,DI,150.0,1965.0,32.0,0,0,5,DOOLEY DR,negative_T_minus_H_minus_3y
89922,1997-10-31,CI,150.0,1961.0,36.0,0,1,5,DUNCAIRN AVE,positive_T_minus_H
5020,1997-11-02,CI,150.0,1959.0,38.0,0,0,5,BURBANK RD,negative_T_minus_H_minus_3y
35450,1997-11-07,CI,150.0,1927.0,70.0,1,1,5,SPADINA RD W,positive_T_minus_H
19660,1997-11-08,CI,150.0,1956.0,41.0,1,1,5,HOFFMAN ST,positive_T_minus_H
35920,1997-11-08,DI,300.0,1981.0,16.0,0,1,5,ST LEGER ST,positive_T_minus_H
42550,1997-11-08,CI,300.0,1958.0,39.0,0,1,5,WESTMOUNT RD E,positive_T_minus_H
9100,1997-11-08,CI,150.0,1962.0,35.0,0,1,5,DEERPARK CRES,positive_T_minus_H
37220,1997-11-10,CI,150.0,1961.0,36.0,0,0,5,SWEETBRIAR DR,negative_T_minus_H_minus_2y
90922,1997-11-11,CI,150.0,1960.0,37.0,0,0,5,CYPRUS DR,negative_T_minus_H_minus_2y
7960,1997-11-12,CI,150.0,1966.0,31.0,0,0,5,CONWAY DR,negative_T_minus_H_minus_5y
15060,1997-11-13,CI,150.0,1968.0,29.0,0,0,5,FORESTWOOD DR,negative_T_minus_H_minus_1y
22600,1997-11-13,CI,150.0,1959.0,38.0,0,0,5,KIPLING AVE,negative_T_minus_H_minus_3y
22360,1997-11-14,CI,450.0,1962.0,35.0,0,0,5,KINGSWAY DR,negative_T_minus_H_minus_4y
23470,1997-11-15,CI,150.0,1961.0,36.0,0,1,5,LANG CRES,positive_T_minus_H
59960,1997-11-15,CI,150.0,1957.0,40.0,0,0,5,GUELPH ST,negative_T_minus_H_minus_5y
88528,1997-11-15,DI,150.0,1992.0,5.0,0,0,5,SCHUELLER ST,negative_T_minus_H_minus_2y
32900,1997-11-16,CI,300.0,1960.0,37.0,0,0,5,SHIRLEY AVE,negative_T_minus_H_minus_1y
5040,1997-11-16,CI,150.0,1958.0,39.0,1,0,5,BURBANK RD,negative_T_minus_H_minus_2y
20430,1997-11-18,CI,150.0,1966.0,31.0,0,0,5,INWOOD DR,negative_T_minus_H_minus_4y
31880,1997-11-18,CI,150.0,1966.0,31.0,0,0,5,QUEENSTON CRES,negative_T_minus_H_minus_4y
14840,1997-11-19,CI,200.0,1962.0,35.0,0,1,5,FOREST HILL DR,positive_T_minus_H
30680,1997-11-20,CI,150.0,1959.0,38.0,0,1,5,PINECREST DR,positive_T_minus_H
34340,1997-11-20,DI,300.0,1983.0,14.0,0,0,5,SEREDA RD,negative_T_minus_H_minus_1y
6940,1997-11-20,CI,150.0,1960.0,37.0,0,1,5,CHARLOTTE CRES,positive_T_minus_H
85090,1997-11-20,CI,150.0,1959.0,38.0,0,1,5,GRAYSTONE AVE,positive_T_minus_H
44190,1997-11-21,CI,150.0,1959.0,38.0,0,1,5,YAGER AVE,positive_T_minus_H
33540,1997-11-22,CI,150.0,1959.0,38.0,1,0,5,ROSS AVE,negative_T_minus_H_minus_1y
42990,1997-11-22,DI,300.0,1969.0,28.0,0,0,5,WESTWOOD DR,negative_T_minus_H_minus_2y
5040,1997-11-22,CI,150.0,1958.0,39.0,1,0,5,BURBANK RD,negative_T_minus_H_minus_4y
21730,1997-11-23,CI,150.0,1922.0,75.0,0,0,5,KING ST E,negative_T_minus_H_minus_1y
19490,1997-11-24,DI,150.0,1981.0,16.0,0,0,5,HILLCREST CRT,negative_T_minus_H_minus_1y
16240,1997-11-25,CI,150.0,1962.0,35.0,0,1,5,GILMOUR CRES,positive_T_minus_H
3460,1997-11-25,CI,300.0,1964.0,33.0,0,0,5,BLOOMINGDALE RD,negative_T_minus_H_minus_2y
85716,1997-11-25,CI,300.0,1967.0,30.0,0,0,5,HOMER WATSON BLVD,negative_T_minus_H_minus_1y
9590,1997-11-25,CI,150.0,1958.0,39.0,1,0,5,DOON RD,negative_T_minus_H_minus_5y
27320,1997-11-26,CI,150.0,1961.0,36.0,0,0,5,MORGAN AVE,negative_T_minus_H_minus_4y
33060,1997-11-26,CI,150.0,1950.0,47.0,0,0,5,ROCKWAY DR,negative_T_minus_H_minus_5y
38850,1997-11-26,CI,150.0,1974.0,23.0,0,1,5,UPLANDS DR,positive_T_minus_H
25340,1997-11-27,CI,200.0,1904.0,93.0,0,1,5,MARGARET AVE,positive_T_minus_H
33460,1997-11-27,CI,150.0,1961.0,36.0,0,0,5,ROSEMOUNT DR,negative_T_minus_H_minus_2y
88756,1997-11-27,CI,150.0,1967.0,30.0,0,0,5,COVENTRY DR,negative_T_minus_H_minus_2y
34430,1997-11-28,CI,150.0,1958.0,39.0,0,0,5,SHADYWOOD CRES,negative_T_minus_H_minus_2y
38190,1997-11-28,CI,150.0,1958.0,39.0,0,0,5,TRAYNOR AVE,negative_T_minus_H_minus_2y
41450,1997-11-28,CI,150.0,1958.0,39.0,0,0,5,WEDGEWOOD DR,negative_T_minus_H_minus_4y
19520,1997-11-29,CI,150.0,1967.0,30.0,0,0,5,HILLMOUNT ST,negative_T_minus_H_minus_5y
20430,1997-11-29,CI,150.0,1966.0,31.0,0,0,5,INWOOD DR,negative_T_minus_H_minus_1y
22530,1997-11-29,CI,150.0,1967.0,30.0,0,0,5,OBERMEYER DR,negative_T_minus_H_minus_5y
40140,1997-11-29,CI,150.0,1962.0,35.0,0,0,5,VILLAGE CRES,negative_T_minus_H_minus_4y
57690,1997-11-29,CI,150.0,1954.0,43.0,0,0,5,CAMBRIDGE AVE,negative_T_minus_H_minus_5y
670,1997-11-29,CI,150.0,1963.0,34.0,0,0,5,ANTHONY PL,negative_T_minus_H_minus_5y
22900,1997-11-30,CI,300.0,1955.0,42.0,0,0,5,KRUG ST,negative_T_minus_H_minus_5y
76847,1997-11-30,CI,150.0,1922.0,75.0,0,0,5,SCOTT ST,negative_T_minus_H_minus_5y
82752,1997-11-30,CI,300.0,1964.0,33.0,2,0,5,GAGE AVE,negative_T_minus_H_minus_4y
24410,1997-12-01,CI,150.0,1948.0,49.0,0,0,5,LANG CRES,negative_T_minus_H_minus_3y
25590,1997-12-01,CI,150.0,1958.0,39.0,0,0,5,MASSEY AVE,negative_T_minus_H_minus_5y
8870,1997-12-01,DI,150.0,1972.0,25.0,0,1,5,DALEGROVE DR,positive_T_minus_H
30780,1997-12-02,DI,200.0,1972.0,25.0,0,0,5,PINNACLE DR,negative_T_minus_H_minus_4y
31750,1997-12-02,CI,150.0,1954.0,43.0,0,1,5,QUEENS BLVD,positive_T_minus_H
19530,1997-12-03,CI,150.0,1967.0,30.0,0,0,5,HILLMOUNT ST,negative_T_minus_H_minus_5y
24600,1997-12-03,CI,150.0,1958.0,39.0,0,0,5,LYNDHURST DR,negative_T_minus_H_minus_2y
30440,1997-12-03,CI,150.0,1962.0,35.0,0,1,5,PEACHWOOD CRT,positive_T_minus_H
40390,1997-12-03,CI,200.0,1953.0,44.0,0,1,5,WALTON AVE,positive_T_minus_H
5620,1997-12-03,DI,200.0,1966.0,31.0,0,1,5,CARSON DR,positive_T_minus_H
7560,1997-12-03,CI,150.0,1971.0,26.0,0,0,5,COACH HILL DR,negative_T_minus_H_minus_5y
42930,1997-12-04,DI,300.0,1971.0,26.0,0,0,5,WESTWOOD DR,negative_T_minus_H_minus_4y
780,1997-12-04,CI,150.0,1959.0,38.0,0,1,5,ARCHER PL,positive_T_minus_H
14580,1997-12-06,CI,150.0,1962.0,35.0,0,0,5,FISCHER HALLMAN RD,negative_T_minus_H_minus_3y
41000,1997-12-06,CI,150.0,1948.0,49.0,0,1,5,WEBER ST E,positive_T_minus_H
34890,1997-12-07,DI,300.0,1979.0,18.0,0,1,5,SHIRLEY AVE,positive_T_minus_H
16000,1997-12-08,CI,150.0,1967.0,30.0,0,0,5,GAY CRES,negative_T_minus_H_minus_5y
33060,1997-12-09,CI,150.0,1950.0,47.0,0,0,5,ROCKWAY DR,negative_T_minus_H_minus_5y
9520,1997-12-09,CI,150.0,1955.0,42.0,0,1,5,DONALD ST,positive_T_minus_H
9560,1997-12-09,DI,150.0,1965.0,32.0,0,0,5,DOOLEY DR,negative_T_minus_H_minus_1y
43480,1997-12-11,CI,200.0,1958.0,39.0,0,1,5,WILSON AVE,positive_T_minus_H
5540,1997-12-11,CI,150.0,1962.0,35.0,0,0,5,CARROL ST,negative_T_minus_H_minus_1y
15440,1997-12-12,CI,150.0,1957.0,40.0,0,1,5,FRANKLIN ST S,positive_T_minus_H
27420,1997-12-12,DI,200.0,1972.0,25.0,0,1,5,MORRISON RD,positive_T_minus_H
29790,1997-12-12,CI,150.0,1967.0,30.0,0,1,5,OVERLEA DR,positive_T_minus_H
37220,1997-12-12,CI,150.0,1961.0,36.0,0,0,5,SWEETBRIAR DR,negative_T_minus_H_minus_4y
40440,1997-12-12,CI,150.0,1988.0,9.0,1,0,5,WARREN RD,negative_T_minus_H_minus_3y
5070,1997-12-12,CI,150.0,1961.0,36.0,0,0,5,BURLINGTON DR,negative_T_minus_H_minus_4y
7190,1997-12-12,CI,150.0,1964.0,33.0,1,0,5,CHRISTINE CRES,negative_T_minus_H_minus_5y
9940,1997-12-12,DI,450.0,1969.0,28.0,0,0,5,DOON VILLAGE RD,negative_T_minus_H_minus_1y
14940,1997-12-13,CI,150.0,1958.0,39.0,0,0,5,FOREST HILL DR,negative_T_minus_H_minus_4y
27670,1997-12-13,CI,150.0,1964.0,33.0,0,0,5,NELSON AVE,negative_T_minus_H_minus_4y
14280,1997-12-14,CI,200.0,1959.0,38.0,0,1,5,FERGUS AVE,positive_T_minus_H
17340,1997-12-15,CI,150.0,1956.0,41.0,0,0,5,GREENFIELD AVE,negative_T_minus_H_minus_4y
33460,1997-12-15,CI,150.0,1961.0,36.0,0,0,5,ROSEMOUNT DR,negative_T_minus_H_minus_4y
3640,1997-12-15,CI,150.0,1956.0,41.0,1,0,5,BLUERIDGE AVE,negative_T_minus_H_minus_2y
15200,1997-12-17,CI,150.0,1960.0,37.0,0,0,5,FOURTH AVE,negative_T_minus_H_minus_1y
24610,1997-12-17,CI,150.0,1958.0,39.0,1,0,5,LYNDHURST DR,negative_T_minus_H_minus_2y
36530,1997-12-18,CI,150.0,1958.0,39.0,0,1,5,STONYBROOK DR,positive_T_minus_H
83874,1997-12-19,CI,200.0,1953.0,44.0,0,1,5,VANIER DR,positive_T_minus_H
26150,1997-12-20,DI,100.0,1969.0,28.0,0,1,5,MEADOW CRES,positive_T_minus_H
26520,1997-12-20,CI,150.0,1965.0,32.0,0,1,5,MIDLAND DR,positive_T_minus_H
29630,1997-12-20,CI,150.0,1923.0,74.0,1,1,5,OTTAWA ST S,positive_T_minus_H
59960,1997-12-20,CI,150.0,1957.0,40.0,0,1,5,GUELPH ST,positive_T_minus_H
29200,1997-12-21,CI,150.0,1952.0,45.0,0,1,5,OTTAWA ST N,positive_T_minus_H
4950,1997-12-21,CI,150.0,1953.0,44.0,0,0,5,BRUCE ST,negative_T_minus_H_minus_2y
29790,1997-12-22,CI,150.0,1967.0,30.0,0,1,5,OVERLEA DR,positive_T_minus_H
43540,1997-12-22,CI,200.0,1954.0,43.0,0,1,5,WILSON AVE,positive_T_minus_H
14880,1997-12-23,CI,200.0,1962.0,35.0,0,0,5,FOREST HILL DR,negative_T_minus_H_minus_4y
36480,1997-12-23,CI,150.0,1962.0,35.0,0,0,5,STONYBROOK DR,negative_T_minus_H_minus_3y
4910,1997-12-23,CI,150.0,1953.0,44.0,0,1,5,BRUCE ST,positive_T_minus_H
5720,1997-12-23,CI,150.0,1960.0,37.0,0,1,5,CARWOOD AVE,positive_T_minus_H
24860,1997-12-24,CI,200.0,1961.0,36.0,0,0,5,MANCHESTER RD,negative_T_minus_H_minus_2y
3640,1997-12-25,CI,150.0,1956.0,41.0,1,1,5,BLUERIDGE AVE,positive_T_minus_H
36980,1997-12-25,DI,150.0,1965.0,32.0,0,0,5,STRATHCONA CRES,negative_T_minus_H_minus_3y
85070,1997-12-26,CI,150.0,1957.0,40.0,0,0,5,VILLAGE RD,negative_T_minus_H_minus_5y
23740,1997-12-27,CI,150.0,1952.0,45.0,0,0,5,ST LEGER ST,negative_T_minus_H_minus_2y
40160,1997-12-27,CI,150.0,1957.0,40.0,0,0,5,VILLAGE RD,negative_T_minus_H_minus_2y
22610,1997-12-29,CI,150.0,1959.0,38.0,0,0,5,KIPLING AVE,negative_T_minus_H_minus_4y
23260,1997-12-30,DI,450.0,1968.0,29.0,0,0,5,LANCASTER ST W,negative_T_minus_H_minus_2y
18230,1997-12-31,DI,300.0,1968.0,29.0,0,1,5,HAZELGLEN DR,positive_T_minus_H
37500,1998-01-03,CI,150.0,1921.0,77.0,0,1,5,TALBOT ST,positive_T_minus_H
31720,1998-01-06,DI,200.0,1966.0,32.0,0,0,5,QUEENS BLVD,negative_T_minus_H_minus_2y
76519,1998-01-07,CI,150.0,1968.0,30.0,2,0,5,HALIFAX DR,negative_T_minus_H_minus_2y
39060,1998-01-08,CI,200.0,1953.0,45.0,0,1,5,VANIER DR,positive_T_minus_H
77188,1998-01-08,DI,200.0,1959.0,39.0,0,0,5,RAITAR AVE,negative_T_minus_H_minus_4y
93410,1998-01-08,CI,150.0,1967.0,31.0,0,0,5,INDIAN RD,negative_T_minus_H_minus_2y
19760,1998-01-09,DI,150.0,1967.0,31.0,0,1,5,HOLBORN DR,positive_T_minus_H
17230,1998-01-10,CI,200.0,1957.0,41.0,0,1,5,GREENBROOK DR,positive_T_minus_H
800,1998-01-10,CI,150.0,1959.0,39.0,0,1,5,ARCHER PL,positive_T_minus_H
9590,1998-01-10,CI,150.0,1958.0,40.0,1,0,5,DOON RD,negative_T_minus_H_minus_5y
7960,1998-01-11,CI,150.0,1966.0,32.0,0,0,5,CONWAY DR,negative_T_minus_H_minus_3y
34030,1998-01-12,CI,150.0,1967.0,31.0,0,0,5,SCHOFIELD DR,negative_T_minus_H_minus_5y
43000,1998-01-13,CI,300.0,1966.0,32.0,0,0,5,WESTWOOD DR,negative_T_minus_H_minus_2y
65470,1998-01-13,DI,300.0,1984.0,14.0,0,1,5,WHITNEY PL,positive_T_minus_H
79804,1998-01-13,DI,150.0,1980.0,18.0,0,0,5,NELSON AVE,negative_T_minus_H_minus_1y
86280,1998-01-13,CI,150.0,1953.0,45.0,0,0,5,PATRICIA AVE,negative_T_minus_H_minus_4y
90496,1998-01-13,CI,200.0,1969.0,29.0,0,0,5,ELMSDALE DR,negative_T_minus_H_minus_1y
37620,1998-01-14,CI,150.0,1961.0,37.0,0,1,5,THALER AVE,positive_T_minus_H
440,1998-01-14,DI,300.0,1978.0,20.0,0,1,5,SCHWEITZER ST,positive_T_minus_H
94040,1998-01-14,CI,150.0,1966.0,32.0,0,0,5,KINGSTON CRES,negative_T_minus_H_minus_5y
38860,1998-01-15,CI,150.0,1974.0,24.0,0,0,5,UPLANDS DR,negative_T_minus_H_minus_1y
5110,1998-01-15,CI,100.0,1955.0,43.0,0,1,5,BURN PL,positive_T_minus_H
38190,1998-01-16,CI,150.0,1958.0,40.0,0,0,5,TRAYNOR AVE,negative_T_minus_H_minus_3y
19030,1998-01-17,CI,150.0,1933.0,65.0,0,0,5,HIGHLAND RD E,negative_T_minus_H_minus_5y
34860,1998-01-17,CI,150.0,1954.0,44.0,1,0,5,SHERWOOD AVE,negative_T_minus_H_minus_2y
42520,1998-01-18,CI,300.0,1959.0,39.0,0,0,5,WESTMOUNT RD E,negative_T_minus_H_minus_1y
8150,1998-01-18,DI,300.0,1974.0,24.0,0,0,5,COUNTRY HILL DR,negative_T_minus_H_minus_1y
96080,1998-01-18,CI,150.0,1949.0,49.0,0,0,5,QUEENS BLVD,negative_T_minus_H_minus_1y
43210,1998-01-20,CI,150.0,1953.0,45.0,0,1,5,WILFRED AVE,positive_T_minus_H
23740,1998-01-21,CI,150.0,1952.0,46.0,0,0,5,ST LEGER ST,negative_T_minus_H_minus_4y
27000,1998-01-21,DI,200.0,1965.0,33.0,0,1,5,MONTCALM DR,positive_T_minus_H
34670,1998-01-21,CI,150.0,1946.0,52.0,0,1,5,SHELDON AVE N,positive_T_minus_H
87984,1998-01-21,CI,150.0,1963.0,35.0,0,0,5,RUSKVIEW RD,negative_T_minus_H_minus_4y
76747,1998-01-22,CI,150.0,1940.0,58.0,1,1,5,STIRLING AVE S,positive_T_minus_H
1830,1998-01-25,CI,150.0,1952.0,46.0,0,1,5,BECKER ST,positive_T_minus_H
31670,1998-01-25,DI,200.0,1966.0,32.0,0,0,5,QUEENS BLVD,negative_T_minus_H_minus_4y
18070,1998-01-26,CI,200.0,1953.0,45.0,0,0,5,HARBER AVE,negative_T_minus_H_minus_1y
2300,1998-01-26,CI,150.0,1962.0,36.0,0,1,5,BELTON DR,positive_T_minus_H
31170,1998-01-27,CI,150.0,1954.0,44.0,1,0,5,PROSPECT AVE,negative_T_minus_H_minus_4y
31930,1998-01-27,DI,150.0,1966.0,32.0,0,0,5,QUEENSTON DR,negative_T_minus_H_minus_1y
33220,1998-01-27,DI,150.0,1978.0,20.0,0,0,5,ROLLING MEADOWS DR,negative_T_minus_H_minus_4y
41500,1998-01-27,CI,150.0,1963.0,35.0,0,0,5,WEICHEL ST,negative_T_minus_H_minus_2y
68709,1998-01-27,AC,450.0,1980.0,18.0,0,0,5,FISCHER HALLMAN RD,negative_T_minus_H_minus_4y
7300,1998-01-27,CI,150.0,1956.0,42.0,1,0,5,CLAREMONT AVE,negative_T_minus_H_minus_1y
17330,1998-01-28,CI,150.0,1956.0,42.0,0,0,5,GREENFIELD AVE,negative_T_minus_H_minus_4y
29200,1998-01-29,CI,150.0,1952.0,46.0,0,1,5,OTTAWA ST N,positive_T_minus_H
59980,1998-01-29,CI,150.0,1933.0,65.0,0,1,5,JOSEPH ST,positive_T_minus_H
19530,1998-01-30,CI,150.0,1967.0,31.0,0,0,5,HILLMOUNT ST,negative_T_minus_H_minus_2y
19640,1998-01-30,CI,150.0,1956.0,42.0,0,0,5,HOFFMAN ST,negative_T_minus_H_minus_3y
20430,1998-01-30,CI,150.0,1966.0,32.0,0,0,5,INWOOD DR,negative_T_minus_H_minus_5y
20670,1998-01-30,CI,200.0,1965.0,33.0,1,0,5,JOSEPH ST,negative_T_minus_H_minus_2y
27100,1998-01-30,DI,100.0,1963.0,35.0,0,0,5,MONTEREY CRES,negative_T_minus_H_minus_3y
32900,1998-01-30,CI,300.0,1960.0,38.0,0,1,5,SHIRLEY AVE,positive_T_minus_H
41460,1998-01-30,CI,150.0,1958.0,40.0,0,1,5,WEDGEWOOD DR,positive_T_minus_H
44440,1998-01-30,DI,100.0,1961.0,37.0,0,0,5,YULE PL,negative_T_minus_H_minus_5y
90282,1998-01-30,DI,150.0,1967.0,31.0,0,0,5,DALEWOOD DR,negative_T_minus_H_minus_1y
31140,1998-01-31,CI,150.0,1953.0,45.0,0,1,5,PROSPECT AVE,positive_T_minus_H
6230,1998-01-31,CI,150.0,1962.0,36.0,0,0,5,CENTREVILLE ST,negative_T_minus_H_minus_3y
15750,1998-02-01,CI,200.0,1958.0,40.0,0,1,5,FREDERICK ST,positive_T_minus_H
21060,1998-02-01,CI,150.0,1962.0,36.0,0,0,5,KENNETH AVE,negative_T_minus_H_minus_2y
36530,1998-02-01,CI,150.0,1958.0,40.0,0,1,5,STONYBROOK DR,positive_T_minus_H
44090,1998-02-01,CI,150.0,1951.0,47.0,0,0,5,WOODWARD AVE,negative_T_minus_H_minus_2y
8060,1998-02-01,CI,150.0,1958.0,40.0,0,1,5,CORNELL AVE,positive_T_minus_H
14870,1998-02-02,CI,200.0,1962.0,36.0,0,1,5,FOREST HILL DR,positive_T_minus_H
21030,1998-02-02,CI,150.0,1958.0,40.0,0,1,5,KENNETH AVE,positive_T_minus_H
29190,1998-02-02,CI,150.0,1952.0,46.0,0,0,5,OTTAWA ST N,negative_T_minus_H_minus_4y
36240,1998-02-02,CI,300.0,1957.0,41.0,0,1,5,STIRLING AVE S,positive_T_minus_H
63680,1998-02-02,CI,150.0,1958.0,40.0,0,0,5,CONNAUGHT ST,negative_T_minus_H_minus_4y
88076,1998-02-02,CI,150.0,1960.0,38.0,0,0,5,RIPPLEWOOD CRES,negative_T_minus_H_minus_2y
36660,1998-02-03,DI,150.0,1973.0,25.0,0,1,5,STRASBURG RD,positive_T_minus_H
91628,1998-02-03,CI,150.0,1966.0,32.0,0,0,5,QUEENSTON CRES,negative_T_minus_H_minus_3y
19770,1998-02-05,CI,150.0,1967.0,31.0,0,0,5,HOLBORN DR,negative_T_minus_H_minus_4y
43210,1998-02-05,CI,150.0,1953.0,45.0,0,1,5,WILFRED AVE,positive_T_minus_H
26260,1998-02-08,CI,150.0,1953.0,45.0,0,1,5,MELROSE AVE,positive_T_minus_H
31900,1998-02-08,CI,150.0,1966.0,32.0,0,1,5,QUEENSTON DR,positive_T_minus_H
19770,1998-02-09,CI,150.0,1967.0,31.0,0,0,5,HOLBORN DR,negative_T_minus_H_minus_5y
38560,1998-02-10,CI,150.0,1954.0,44.0,0,0,5,UNION BLVD,negative_T_minus_H_minus_5y
7480,1998-02-10,CI,150.0,1947.0,51.0,0,0,5,CLIFTON RD,negative_T_minus_H_minus_1y
18070,1998-02-11,CI,200.0,1953.0,45.0,0,0,5,HARBER AVE,negative_T_minus_H_minus_5y
18350,1998-02-11,CI,150.0,1954.0,44.0,0,1,5,HEATHER AVE,positive_T_minus_H
7540,1998-02-11,CI,150.0,1965.0,33.0,0,0,5,CLOVERDALE CRES,negative_T_minus_H_minus_4y
92072,1998-02-11,CI,150.0,1961.0,37.0,0,0,5,ROSEMOUNT DR,negative_T_minus_H_minus_4y
1340,1998-02-12,CI,200.0,1961.0,37.0,0,0,5,AVON RD,negative_T_minus_H_minus_4y
14930,1998-02-12,CI,150.0,1958.0,40.0,0,0,5,FOREST HILL DR,negative_T_minus_H_minus_4y
22690,1998-02-12,DI,150.0,1988.0,10.0,0,0,5,KRISTI PL,negative_T_minus_H_minus_4y
1830,1998-02-13,CI,150.0,1952.0,46.0,0,1,5,BECKER ST,positive_T_minus_H
38560,1998-02-13,CI,150.0,1954.0,44.0,0,0,5,UNION BLVD,negative_T_minus_H_minus_3y
78574,1998-02-13,CI,300.0,1939.0,59.0,0,0,5,EAST AVE,negative_T_minus_H_minus_3y
22200,1998-02-14,CI,150.0,1966.0,32.0,0,0,5,KINGSTON CRES,negative_T_minus_H_minus_1y
79756,1998-02-14,DI,150.0,1979.0,19.0,0,0,5,HILLCREST LANE,negative_T_minus_H_minus_5y
10940,1998-02-15,CI,200.0,1967.0,31.0,0,0,5,EAGEN DR,negative_T_minus_H_minus_4y
2860,1998-02-15,CI,150.0,1963.0,35.0,0,1,5,BIRCHCLIFF AVE,positive_T_minus_H
83826,1998-02-15,PVC,150.0,1995.0,3.0,0,1,5,FAIRWAY CRES,positive_T_minus_H
34620,1998-02-16,CI,150.0,1922.0,76.0,0,0,5,SHELDON AVE N,negative_T_minus_H_minus_3y
34660,1998-02-16,CI,150.0,1946.0,52.0,0,0,5,SHELDON AVE N,negative_T_minus_H_minus_1y
1340,1998-02-17,CI,200.0,1961.0,37.0,0,0,5,AVON RD,negative_T_minus_H_minus_3y
16000,1998-02-17,CI,150.0,1967.0,31.0,0,1,5,GAY CRES,positive_T_minus_H
85712,1998-02-17,CI,300.0,1967.0,31.0,0,1,5,HOMER WATSON BLVD,positive_T_minus_H
86282,1998-02-17,CI,150.0,1966.0,32.0,0,1,5,TUPPER CRES,positive_T_minus_H
18310,1998-02-18,DI,300.0,1969.0,29.0,0,1,5,HAZELGLEN DR,positive_T_minus_H
24600,1998-02-18,CI,150.0,1958.0,40.0,0,0,5,LYNDHURST DR,negative_T_minus_H_minus_2y
39040,1998-02-18,CI,200.0,1953.0,45.0,0,0,5,VANIER DR,negative_T_minus_H_minus_4y
79346,1998-02-18,CI,150.0,1962.0,36.0,0,0,5,ARCHER PL,negative_T_minus_H_minus_4y
16000,1998-02-19,CI,150.0,1967.0,31.0,0,1,5,GAY CRES,positive_T_minus_H
10530,1998-02-20,DI,100.0,1976.0,22.0,0,1,5,DUKE ST W,positive_T_minus_H
22460,1998-02-20,DI,150.0,1969.0,29.0,0,0,5,KINGSWOOD DR,negative_T_minus_H_minus_5y
86632,1998-02-20,DI,200.0,1976.0,22.0,0,0,5,BIEHN DR,negative_T_minus_H_minus_4y
26270,1998-02-21,CI,150.0,1953.0,45.0,0,0,5,MELROSE AVE,negative_T_minus_H_minus_1y
660,1998-02-21,CI,150.0,1952.0,46.0,0,1,5,ANN ST,positive_T_minus_H
76264,1998-02-21,CPP,450.0,1974.0,24.0,0,0,5,DUKE ST W,negative_T_minus_H_minus_2y
16670,1998-02-22,CI,150.0,1965.0,33.0,0,1,5,GLENWOOD DR,positive_T_minus_H
63540,1998-02-22,CI,150.0,1954.0,44.0,0,1,5,FIFE AVE,positive_T_minus_H
660,1998-02-22,CI,150.0,1952.0,46.0,0,1,5,ANN ST,positive_T_minus_H
62550,1998-02-23,CI,300.0,1964.0,34.0,0,0,5,BLOOMINGDALE RD,negative_T_minus_H_minus_1y
63560,1998-02-24,CI,150.0,1953.0,45.0,0,0,5,METZLOFF DR,negative_T_minus_H_minus_3y
35640,1998-02-25,CI,150.0,1968.0,30.0,0,0,5,SPRINGDALE DR,negative_T_minus_H_minus_1y
4010,1998-02-25,CI,150.0,1965.0,33.0,0,0,5,BRADLEY DR,negative_T_minus_H_minus_4y
2010,1998-02-26,CI,300.0,1957.0,41.0,0,0,5,BELMONT AVE W,negative_T_minus_H_minus_1y
95692,1998-02-26,CI,300.0,1955.0,43.0,0,1,5,SHERWOOD AVE,positive_T_minus_H
80860,1998-02-27,CI,150.0,1951.0,47.0,0,1,5,VICTORIA ST N,positive_T_minus_H
12950,1998-02-28,DI,150.0,1981.0,17.0,0,0,5,WOODVIEW CRES,negative_T_minus_H_minus_1y
14940,1998-02-28,CI,150.0,1958.0,40.0,0,1,5,FOREST HILL DR,positive_T_minus_H
19780,1998-02-28,CI,150.0,1967.0,31.0,0,0,5,HOLBORN DR,negative_T_minus_H_minus_4y
6500,1998-02-28,CI,150.0,1953.0,45.0,0,0,5,CHAPEL ST,negative_T_minus_H_minus_1y
15200,1998-03-02,CI,150.0,1960.0,38.0,0,0,5,FOURTH AVE,negative_T_minus_H_minus_2y
57690,1998-03-02,CI,150.0,1954.0,44.0,0,0,5,CAMBRIDGE AVE,negative_T_minus_H_minus_1y
6500,1998-03-02,CI,150.0,1953.0,45.0,0,0,5,CHAPEL ST,negative_T_minus_H_minus_1y
87984,1998-03-02,CI,150.0,1963.0,35.0,0,0,5,RUSKVIEW RD,negative_T_minus_H_minus_1y
95396,1998-03-02,CI,150.0,1958.0,40.0,0,0,5,WESTMOUNT RD E,negative_T_minus_H_minus_3y
9520,1998-03-03,CI,150.0,1955.0,43.0,0,1,5,DONALD ST,positive_T_minus_H
26990,1998-03-04,DI,200.0,1966.0,32.0,0,0,5,MONTCALM DR,negative_T_minus_H_minus_4y
42050,1998-03-04,CI,150.0,1959.0,39.0,1,1,5,WESTGATE WALK,positive_T_minus_H
36500,1998-03-05,CI,150.0,1962.0,36.0,0,0,5,STONYBROOK DR,negative_T_minus_H_minus_4y
3990,1998-03-05,CI,150.0,1965.0,33.0,0,1,5,BRADLEY DR,positive_T_minus_H
33980,1998-03-06,CI,150.0,1963.0,35.0,0,0,5,SCENIC DR,negative_T_minus_H_minus_2y
27650,1998-03-07,DI,150.0,1980.0,18.0,0,1,5,NELSON AVE,positive_T_minus_H
7780,1998-03-07,CI,150.0,1966.0,32.0,0,0,5,CONFEDERATION DR,negative_T_minus_H_minus_2y
24640,1998-03-10,CI,150.0,1958.0,40.0,0,0,5,LYNDHURST DR,negative_T_minus_H_minus_4y
4530,1998-03-11,CI,150.0,1958.0,40.0,0,1,5,BRIDGE ST W,positive_T_minus_H
8860,1998-03-13,DI,150.0,1969.0,29.0,2,1,5,DALEGROVE DR,positive_T_minus_H
3960,1998-03-14,CI,150.0,1965.0,33.0,0,0,5,BRADLEY DR,negative_T_minus_H_minus_2y
4900,1998-03-14,CI,150.0,1953.0,45.0,0,0,5,BRUCE ST,negative_T_minus_H_minus_1y
10020,1998-03-15,CI,200.0,1963.0,35.0,0,1,5,DREGER AVE,positive_T_minus_H
27320,1998-03-15,CI,150.0,1961.0,37.0,0,0,5,MORGAN AVE,negative_T_minus_H_minus_3y
82894,1998-03-15,CI,150.0,1974.0,24.0,0,0,5,BOSWORTH CRES,negative_T_minus_H_minus_3y
35600,1998-03-16,CI,150.0,1924.0,74.0,0,0,5,SPRING VALLEY RD,negative_T_minus_H_minus_4y
1100,1998-03-19,CI,150.0,1965.0,33.0,0,0,5,ASKIN PL,negative_T_minus_H_minus_5y
36970,1998-03-20,DI,150.0,1965.0,33.0,0,0,5,STRATHCONA CRES,negative_T_minus_H_minus_4y
37080,1998-03-20,CI,150.0,1964.0,34.0,0,0,5,SUMMIT AVE,negative_T_minus_H_minus_3y
11600,1998-03-21,CI,150.0,1950.0,48.0,0,1,5,EDWIN ST,positive_T_minus_H
5370,1998-03-22,DI,150.0,1982.0,16.0,0,1,5,CAMERON ST N,positive_T_minus_H
17290,1998-03-24,CI,300.0,1957.0,41.0,0,1,5,GREENBROOK DR,positive_T_minus_H
59980,1998-03-24,CI,150.0,1933.0,65.0,0,1,5,JOSEPH ST,positive_T_minus_H
8460,1998-03-24,DI,450.0,1970.0,28.0,0,0,5,COURTLAND AVE E,negative_T_minus_H_minus_1y
23060,1998-03-25,CI,150.0,1957.0,41.0,0,1,5,LAKESIDE DR,positive_T_minus_H
14000,1998-03-26,CI,150.0,1962.0,36.0,0,1,5,FALESY AVE,positive_T_minus_H
37210,1998-03-26,DI,150.0,1962.0,36.0,0,0,5,SWEETBRIAR DR,negative_T_minus_H_minus_2y
88528,1998-03-31,DI,150.0,1992.0,6.0,0,0,5,SCHUELLER ST,negative_T_minus_H_minus_4y
15370,1998-04-02,CI,300.0,1956.0,42.0,0,0,5,FRANKLIN ST N,negative_T_minus_H_minus_4y
6230,1998-04-04,CI,150.0,1962.0,36.0,0,0,5,CENTREVILLE ST,negative_T_minus_H_minus_1y
37210,1998-04-05,DI,150.0,1962.0,36.0,0,0,5,SWEETBRIAR DR,negative_T_minus_H_minus_5y
95310,1998-04-07,DI,300.0,1968.0,30.0,0,0,5,WESTMOUNT RD E,negative_T_minus_H_minus_3y
94382,1998-04-11,CI,150.0,1961.0,37.0,0,0,5,SWEETBRIAR DR,negative_T_minus_H_minus_2y
42130,1998-04-23,DI,300.0,1974.0,24.0,0,0,5,WESTHEIGHTS DR,negative_T_minus_H_minus_4y
37220,1998-04-28,CI,150.0,1961.0,37.0,0,0,5,SWEETBRIAR DR,negative_T_minus_H_minus_2y
12950,1998-05-01,DI,150.0,1981.0,17.0,0,0,5,WOODVIEW CRES,negative_T_minus_H_minus_2y
18310,1998-05-01,DI,300.0,1969.0,29.0,0,1,5,HAZELGLEN DR,positive_T_minus_H
8870,1998-05-01,DI,150.0,1972.0,26.0,0,1,5,DALEGROVE DR,positive_T_minus_H
14930,1998-05-03,CI,150.0,1958.0,40.0,0,0,5,FOREST HILL DR,negative_T_minus_H_minus_3y
7880,1998-05-05,CI,150.0,1953.0,45.0,0,0,5,CONNAUGHT ST,negative_T_minus_H_minus_5y
4096289,1998-05-06,XXX,50.0,1990.0,8.0,0,0,5,FAIRWAY RD S,negative_T_minus_H_minus_3y
4730,1998-05-07,CI,150.0,1953.0,45.0,0,1,5,BROADVIEW AVE,positive_T_minus_H
42610,1998-05-11,CI,150.0,1958.0,40.0,0,0,5,WESTMOUNT RD E,negative_T_minus_H_minus_3y
84660,1998-05-12,DI,300.0,1991.0,7.0,0,0,5,KING ST E,negative_T_minus_H_minus_1y
7950,1998-05-14,CI,150.0,1966.0,32.0,0,1,5,CONWAY DR,positive_T_minus_H
21890,1998-05-16,CI,100.0,1937.0,61.0,0,0,5,KING ST E,negative_T_minus_H_minus_4y
14820,1998-05-17,CI,200.0,1962.0,36.0,0,0,5,FOREST HILL DR,negative_T_minus_H_minus_2y
21890,1998-05-18,CI,100.0,1937.0,61.0,0,0,5,KING ST E,negative_T_minus_H_minus_4y
36010,1998-05-22,DI,300.0,1992.0,6.0,0,0,5,STANLEY AVE,negative_T_minus_H_minus_1y
4138965,1998-05-23,XXX,150.0,1976.0,22.0,0,0,5,RIVER RD E,negative_T_minus_H_minus_3y
87758,1998-05-23,DI,150.0,1968.0,30.0,0,0,5,CHOPIN DR,negative_T_minus_H_minus_3y
4010,1998-05-26,CI,150.0,1965.0,33.0,0,1,5,BRADLEY DR,positive_T_minus_H
22360,1998-05-31,CI,450.0,1962.0,36.0,0,0,5,KINGSWAY DR,negative_T_minus_H_minus_3y
32320,1998-06-01,CI,150.0,1960.0,38.0,1,0,5,RIPPLEWOOD CRES,negative_T_minus_H_minus_3y
34390,1998-06-04,DI,150.0,1972.0,26.0,0,0,5,SHADELAND CRES,negative_T_minus_H_minus_4y
21220,1998-06-11,CI,150.0,1964.0,34.0,0,0,5,KENWOOD DR,negative_T_minus_H_minus_3y
24220,1998-06-11,DI,150.0,1965.0,33.0,0,0,5,LORRAINE AVE,negative_T_minus_H_minus_3y
34640,1998-06-11,CI,150.0,1925.0,73.0,0,1,5,SHELDON AVE N,positive_T_minus_H
5160,1998-06-11,CI,150.0,1963.0,35.0,0,1,5,BUTTONWOOD DR,positive_T_minus_H
39040,1998-06-17,CI,200.0,1953.0,45.0,0,0,5,VANIER DR,negative_T_minus_H_minus_2y
14130,1998-06-20,DI,150.0,1974.0,24.0,0,0,5,FARRIER PL,negative_T_minus_H_minus_4y
19480,1998-06-20,DI,150.0,1972.0,26.0,0,0,5,HILLBROOK CRES,negative_T_minus_H_minus_4y
7150,1998-06-21,DI,150.0,1968.0,30.0,1,0,5,CHOPIN DR,negative_T_minus_H_minus_2y
4096271,1998-06-23,XXX,50.0,1976.0,22.0,0,0,5,MANITOU DR,negative_T_minus_H_minus_2y
4095182,1998-06-26,XXX,150.0,1975.0,23.0,0,0,5,KINGSWAY DR,negative_T_minus_H_minus_3y
34640,1998-07-13,CI,150.0,1925.0,73.0,0,1,5,SHELDON AVE N,positive_T_minus_H
88650,1998-07-26,DI,300.0,1969.0,29.0,0,0,5,MCGARRY DR,negative_T_minus_H_minus_3y
42930,1998-07-29,DI,300.0,1971.0,27.0,0,0,5,WESTWOOD DR,negative_T_minus_H_minus_2y
15520,1998-08-03,CI,150.0,1900.0,98.0,0,0,5,FREDERICK ST,negative_T_minus_H_minus_5y
8600,1998-08-03,CI,100.0,1960.0,38.0,0,0,5,CRAY CRES,negative_T_minus_H_minus_3y
91262,1998-08-05,DI,300.0,1968.0,30.0,0,0,5,HAZELGLEN DR,negative_T_minus_H_minus_3y
35020,1998-08-08,DI,300.0,1975.0,23.0,0,0,5,MAPLE HILL DR,negative_T_minus_H_minus_4y
61919,1998-08-11,CPP,750.0,1987.0,11.0,0,0,5,KING ST E,negative_T_minus_H_minus_4y
36040,1998-08-14,CI,150.0,1937.0,61.0,0,1,5,STEWART ST,positive_T_minus_H
19530,1998-08-16,CI,150.0,1967.0,31.0,0,0,5,HILLMOUNT ST,negative_T_minus_H_minus_4y
18970,1998-08-19,DI,300.0,1964.0,34.0,0,0,5,HIGHLAND RD W,negative_T_minus_H_minus_5y
8130,1998-08-20,DI,300.0,1971.0,27.0,0,0,5,COUNTRY HILL DR,negative_T_minus_H_minus_2y
42930,1998-08-23,DI,300.0,1971.0,27.0,0,0,5,WESTWOOD DR,negative_T_minus_H_minus_2y
4099987,1998-09-06,XXX,25.0,1967.0,31.0,0,0,5,WREN CRES,negative_T_minus_H_minus_3y
35230,1998-09-07,CI,150.0,1950.0,48.0,0,0,5,SOUTH DR,negative_T_minus_H_minus_5y
15030,1998-09-09,DI,150.0,1968.0,30.0,0,0,5,FORESTWOOD DR,negative_T_minus_H_minus_1y
21730,1998-09-10,CI,150.0,1922.0,76.0,0,1,5,KING ST E,positive_T_minus_H
12950,1998-09-11,DI,150.0,1981.0,17.0,0,0,5,WOODVIEW CRES,negative_T_minus_H_minus_2y
4642530,1998-09-11,PVC,25.0,1964.0,34.0,0,0,5,GREENBROOK DR,negative_T_minus_H_minus_3y
26000,1998-09-12,CI,150.0,1969.0,29.0,0,0,5,MCGARRY DR,negative_T_minus_H_minus_5y
15930,1998-09-16,CI,450.0,1956.0,42.0,0,0,5,GATEWOOD RD,negative_T_minus_H_minus_1y
5270,1998-09-16,CI,100.0,1956.0,42.0,0,1,5,CAMDEN PL,positive_T_minus_H
42910,1998-09-17,DI,300.0,1969.0,29.0,0,1,5,WESTWOOD DR,positive_T_minus_H
61838,1998-09-18,CPP,600.0,1969.0,29.0,0,0,5,GRABER PL,negative_T_minus_H_minus_3y
34900,1998-09-22,CI,150.0,1960.0,38.0,1,1,5,SHIRLEY AVE,positive_T_minus_H
88872,1998-09-22,DI,300.0,1974.0,24.0,0,1,5,BELMONT AVE W,positive_T_minus_H
35600,1998-09-24,CI,150.0,1924.0,74.0,0,0,5,SPRING VALLEY RD,negative_T_minus_H_minus_4y
38190,1998-09-24,CI,150.0,1958.0,40.0,0,0,5,TRAYNOR AVE,negative_T_minus_H_minus_1y
5470,1998-09-29,DI,150.0,1977.0,21.0,0,0,5,CARLYLE DR,negative_T_minus_H_minus_2y
41480,1998-10-01,CI,150.0,1958.0,40.0,0,0,5,WEDGEWOOD DR,negative_T_minus_H_minus_3y
59910,1998-10-01,DI,150.0,1964.0,34.0,0,0,5,CHARLES ST E,negative_T_minus_H_minus_3y
43490,1998-10-03,CI,200.0,1958.0,40.0,0,0,5,WILSON AVE,negative_T_minus_H_minus_4y
20570,1998-10-05,CI,150.0,1961.0,37.0,0,1,5,JANSEN AVE,positive_T_minus_H
21430,1998-10-10,CI,250.0,1889.0,109.0,1,0,5,KING ST W,negative_T_minus_H_minus_5y
8400,1998-10-11,CI,300.0,1967.0,31.0,0,1,5,COURTLAND AVE E,positive_T_minus_H
20470,1998-10-14,CI,150.0,1955.0,43.0,1,0,5,ISLINGTON AVE,negative_T_minus_H_minus_4y
28590,1998-10-14,DI,150.0,1967.0,31.0,0,1,5,OLD YORK CRES,positive_T_minus_H
37090,1998-10-16,CI,150.0,1964.0,34.0,0,0,5,SUMMIT AVE,negative_T_minus_H_minus_4y
19720,1998-10-18,DI,150.0,1967.0,31.0,0,0,5,HOLBORN DR,negative_T_minus_H_minus_2y
2990,1998-10-21,DI,200.0,1967.0,31.0,0,1,5,BLACKFRIARS PL,positive_T_minus_H
39040,1998-10-22,CI,200.0,1953.0,45.0,0,1,5,VANIER DR,positive_T_minus_H
40140,1998-10-24,CI,150.0,1962.0,36.0,0,0,5,VILLAGE CRES,negative_T_minus_H_minus_2y
85558,1998-10-24,DI,200.0,1966.0,32.0,0,0,5,MONTCALM DR,negative_T_minus_H_minus_2y
11160,1998-10-25,CI,150.0,1967.0,31.0,0,0,5,EASTWOOD DR,negative_T_minus_H_minus_5y
32670,1998-10-25,DI,300.0,1971.0,27.0,0,0,5,RIVER RD E,negative_T_minus_H_minus_2y
11830,1998-10-26,DI,250.0,1971.0,27.0,0,0,5,ELM RIDGE DR,negative_T_minus_H_minus_5y
19120,1998-10-28,CI,300.0,1964.0,34.0,0,0,5,HIGHLAND RD W,negative_T_minus_H_minus_4y
29850,1998-10-29,CI,150.0,1964.0,34.0,0,0,5,OWEN AVE,negative_T_minus_H_minus_3y
9560,1998-10-30,DI,150.0,1965.0,33.0,0,0,5,DOOLEY DR,negative_T_minus_H_minus_2y
57990,1998-10-31,CI,150.0,1959.0,39.0,0,1,5,EVERGREEN CRES,positive_T_minus_H
76747,1998-10-31,CI,150.0,1940.0,58.0,1,1,5,STIRLING AVE S,positive_T_minus_H
35280,1998-11-02,CI,150.0,1958.0,40.0,0,0,5,SOUTHMOOR DR,negative_T_minus_H_minus_5y
5020,1998-11-02,CI,150.0,1959.0,39.0,0,0,5,BURBANK RD,negative_T_minus_H_minus_2y
8910,1998-11-02,DI,150.0,1967.0,31.0,0,0,5,DALEWOOD DR,negative_T_minus_H_minus_5y
37220,1998-11-10,CI,150.0,1961.0,37.0,0,0,5,SWEETBRIAR DR,negative_T_minus_H_minus_1y
90922,1998-11-11,CI,150.0,1960.0,38.0,0,0,5,CYPRUS DR,negative_T_minus_H_minus_1y
7960,1998-11-12,CI,150.0,1966.0,32.0,0,0,5,CONWAY DR,negative_T_minus_H_minus_4y
15060,1998-11-13,CI,150.0,1968.0,30.0,0,1,5,FORESTWOOD DR,positive_T_minus_H
22600,1998-11-13,CI,150.0,1959.0,39.0,0,0,5,KIPLING AVE,negative_T_minus_H_minus_2y
22360,1998-11-14,CI,450.0,1962.0,36.0,0,0,5,KINGSWAY DR,negative_T_minus_H_minus_3y
88528,1998-11-15,DI,150.0,1992.0,6.0,0,0,5,SCHUELLER ST,negative_T_minus_H_minus_1y
32900,1998-11-16,CI,300.0,1960.0,38.0,0,1,5,SHIRLEY AVE,positive_T_minus_H
5040,1998-11-16,CI,150.0,1958.0,40.0,1,0,5,BURBANK RD,negative_T_minus_H_minus_1y
14660,1998-11-17,DI,150.0,1971.0,27.0,0,1,5,FLORAL CRES,positive_T_minus_H
20430,1998-11-18,CI,150.0,1966.0,32.0,0,0,5,INWOOD DR,negative_T_minus_H_minus_3y
31880,1998-11-18,CI,150.0,1966.0,32.0,0,0,5,QUEENSTON CRES,negative_T_minus_H_minus_3y
17800,1998-11-19,CI,150.0,1966.0,32.0,1,0,5,HALIFAX DR,negative_T_minus_H_minus_1y
34340,1998-11-20,DI,300.0,1983.0,15.0,0,1,5,SEREDA RD,positive_T_minus_H
17270,1998-11-22,CI,200.0,1957.0,41.0,0,0,5,GREENBROOK DR,negative_T_minus_H_minus_5y
33540,1998-11-22,CI,150.0,1959.0,39.0,1,1,5,ROSS AVE,positive_T_minus_H
42990,1998-11-22,DI,300.0,1969.0,29.0,0,0,5,WESTWOOD DR,negative_T_minus_H_minus_1y
5040,1998-11-22,CI,150.0,1958.0,40.0,1,0,5,BURBANK RD,negative_T_minus_H_minus_3y
21730,1998-11-23,CI,150.0,1922.0,76.0,0,1,5,KING ST E,positive_T_minus_H
19490,1998-11-24,DI,150.0,1981.0,17.0,0,1,5,HILLCREST CRT,positive_T_minus_H
63320,1998-11-24,CI,150.0,1956.0,42.0,0,0,5,ADMIRAL RD,negative_T_minus_H_minus_5y
3460,1998-11-25,CI,300.0,1964.0,34.0,0,0,5,BLOOMINGDALE RD,negative_T_minus_H_minus_1y
85716,1998-11-25,CI,300.0,1967.0,31.0,0,1,5,HOMER WATSON BLVD,positive_T_minus_H
9590,1998-11-25,CI,150.0,1958.0,40.0,1,0,5,DOON RD,negative_T_minus_H_minus_4y
27320,1998-11-26,CI,150.0,1961.0,37.0,0,0,5,MORGAN AVE,negative_T_minus_H_minus_3y
33060,1998-11-26,CI,150.0,1950.0,48.0,0,0,5,ROCKWAY DR,negative_T_minus_H_minus_4y
33460,1998-11-27,CI,150.0,1961.0,37.0,0,0,5,ROSEMOUNT DR,negative_T_minus_H_minus_1y
88756,1998-11-27,CI,150.0,1967.0,31.0,0,0,5,COVENTRY DR,negative_T_minus_H_minus_1y
34430,1998-11-28,CI,150.0,1958.0,40.0,0,0,5,SHADYWOOD CRES,negative_T_minus_H_minus_1y
38190,1998-11-28,CI,150.0,1958.0,40.0,0,0,5,TRAYNOR AVE,negative_T_minus_H_minus_1y
41450,1998-11-28,CI,150.0,1958.0,40.0,0,0,5,WEDGEWOOD DR,negative_T_minus_H_minus_3y
19520,1998-11-29,CI,150.0,1967.0,31.0,0,0,5,HILLMOUNT ST,negative_T_minus_H_minus_4y
20430,1998-11-29,CI,150.0,1966.0,32.0,0,1,5,INWOOD DR,positive_T_minus_H
22530,1998-11-29,CI,150.0,1967.0,31.0,0,0,5,OBERMEYER DR,negative_T_minus_H_minus_4y
40140,1998-11-29,CI,150.0,1962.0,36.0,0,0,5,VILLAGE CRES,negative_T_minus_H_minus_3y
57690,1998-11-29,CI,150.0,1954.0,44.0,0,0,5,CAMBRIDGE AVE,negative_T_minus_H_minus_4y
670,1998-11-29,CI,150.0,1963.0,35.0,0,0,5,ANTHONY PL,negative_T_minus_H_minus_4y
22900,1998-11-30,CI,300.0,1955.0,43.0,0,0,5,KRUG ST,negative_T_minus_H_minus_4y
36520,1998-11-30,CI,150.0,1962.0,36.0,1,0,5,STONYBROOK DR,negative_T_minus_H_minus_2y
76847,1998-11-30,CI,150.0,1922.0,76.0,0,0,5,SCOTT ST,negative_T_minus_H_minus_4y
82752,1998-11-30,CI,300.0,1964.0,34.0,2,0,5,GAGE AVE,negative_T_minus_H_minus_3y
15100,1998-12-01,DI,150.0,1977.0,21.0,0,0,5,FORFAR AVE,negative_T_minus_H_minus_5y
20470,1998-12-01,CI,150.0,1955.0,43.0,1,0,5,ISLINGTON AVE,negative_T_minus_H_minus_5y
24080,1998-12-01,CI,150.0,1950.0,48.0,0,0,5,LORNE AVE,negative_T_minus_H_minus_5y
24410,1998-12-01,CI,150.0,1948.0,50.0,0,0,5,LANG CRES,negative_T_minus_H_minus_2y
25590,1998-12-01,CI,150.0,1958.0,40.0,0,0,5,MASSEY AVE,negative_T_minus_H_minus_4y
27440,1998-12-01,DI,300.0,1979.0,19.0,0,0,5,MORRISON RD,negative_T_minus_H_minus_5y
29820,1998-12-01,DI,150.0,1966.0,32.0,0,0,5,OVERLEA DR,negative_T_minus_H_minus_5y
31580,1998-12-01,DI,300.0,1984.0,14.0,0,0,5,QUEEN ST S,negative_T_minus_H_minus_5y
32880,1998-12-01,CI,200.0,1962.0,36.0,0,1,5,RIVERBEND DR,positive_T_minus_H
35010,1998-12-01,DI,150.0,1972.0,26.0,0,0,5,SILVER ASPEN CRES,negative_T_minus_H_minus_5y
35150,1998-12-01,CI,150.0,1953.0,45.0,0,0,5,SIXTH AVE,negative_T_minus_H_minus_5y
4510,1998-12-01,DI,300.0,1981.0,17.0,0,0,5,BRIDGE ST E,negative_T_minus_H_minus_5y
62550,1998-12-01,CI,300.0,1964.0,34.0,0,0,5,BLOOMINGDALE RD,negative_T_minus_H_minus_5y
85102,1998-12-01,DI,150.0,1965.0,33.0,0,0,5,STRATHCONA CRES,negative_T_minus_H_minus_5y
85314,1998-12-01,CI,150.0,1965.0,33.0,0,0,5,CLOVERDALE CRES,negative_T_minus_H_minus_5y
8950,1998-12-01,CI,150.0,1964.0,34.0,0,0,5,DANIEL AVE,negative_T_minus_H_minus_5y
91090,1998-12-01,CI,100.0,1958.0,40.0,0,0,5,STONYBROOK DR,negative_T_minus_H_minus_5y
30780,1998-12-02,DI,200.0,1972.0,26.0,0,0,5,PINNACLE DR,negative_T_minus_H_minus_3y
19530,1998-12-03,CI,150.0,1967.0,31.0,0,0,5,HILLMOUNT ST,negative_T_minus_H_minus_4y
24600,1998-12-03,CI,150.0,1958.0,40.0,0,0,5,LYNDHURST DR,negative_T_minus_H_minus_1y
35270,1998-12-03,CI,150.0,1958.0,40.0,1,0,5,SOUTHMOOR DR,negative_T_minus_H_minus_4y
7560,1998-12-03,CI,150.0,1971.0,27.0,0,0,5,COACH HILL DR,negative_T_minus_H_minus_4y
15440,1998-12-04,CI,150.0,1957.0,41.0,0,1,5,FRANKLIN ST S,positive_T_minus_H
42930,1998-12-04,DI,300.0,1971.0,27.0,0,0,5,WESTWOOD DR,negative_T_minus_H_minus_3y
14580,1998-12-06,CI,150.0,1962.0,36.0,0,0,5,FISCHER HALLMAN RD,negative_T_minus_H_minus_2y
3770,1998-12-07,CI,150.0,1967.0,31.0,1,1,5,BONNYLYN DR,positive_T_minus_H
8890,1998-12-08,CI,150.0,1966.0,32.0,0,1,5,DALEWOOD DR,positive_T_minus_H
26010,1998-12-09,CI,150.0,1967.0,31.0,0,1,5,MCGEE AVE,positive_T_minus_H
33060,1998-12-09,CI,150.0,1950.0,48.0,0,0,5,ROCKWAY DR,negative_T_minus_H_minus_4y
9560,1998-12-09,DI,150.0,1965.0,33.0,0,1,5,DOOLEY DR,positive_T_minus_H
17800,1998-12-11,CI,150.0,1966.0,32.0,1,1,5,HALIFAX DR,positive_T_minus_H
34220,1998-12-11,CI,150.0,1963.0,35.0,1,1,5,SECORD AVE,positive_T_minus_H
5540,1998-12-11,CI,150.0,1962.0,36.0,0,1,5,CARROL ST,positive_T_minus_H
37220,1998-12-12,CI,150.0,1961.0,37.0,0,0,5,SWEETBRIAR DR,negative_T_minus_H_minus_3y
40440,1998-12-12,CI,150.0,1988.0,10.0,1,0,5,WARREN RD,negative_T_minus_H_minus_2y
5070,1998-12-12,CI,150.0,1961.0,37.0,0,0,5,BURLINGTON DR,negative_T_minus_H_minus_3y
7190,1998-12-12,CI,150.0,1964.0,34.0,1,0,5,CHRISTINE CRES,negative_T_minus_H_minus_4y
88828,1998-12-12,CI,150.0,1967.0,31.0,0,1,5,BELWOOD CRES,positive_T_minus_H
9940,1998-12-12,DI,450.0,1969.0,29.0,0,1,5,DOON VILLAGE RD,positive_T_minus_H
27670,1998-12-13,CI,150.0,1964.0,34.0,0,0,5,NELSON AVE,negative_T_minus_H_minus_3y
17340,1998-12-15,CI,150.0,1956.0,42.0,0,0,5,GREENFIELD AVE,negative_T_minus_H_minus_3y
33460,1998-12-15,CI,150.0,1961.0,37.0,0,0,5,ROSEMOUNT DR,negative_T_minus_H_minus_3y
1430,1998-12-16,CI,150.0,1967.0,31.0,0,1,5,BALFOUR CRES,positive_T_minus_H
15200,1998-12-17,CI,150.0,1960.0,38.0,0,1,5,FOURTH AVE,positive_T_minus_H
24610,1998-12-17,CI,150.0,1958.0,40.0,1,0,5,LYNDHURST DR,negative_T_minus_H_minus_1y
4950,1998-12-21,CI,150.0,1953.0,45.0,0,0,5,BRUCE ST,negative_T_minus_H_minus_1y
14880,1998-12-23,CI,200.0,1962.0,36.0,0,0,5,FOREST HILL DR,negative_T_minus_H_minus_3y
36480,1998-12-23,CI,150.0,1962.0,36.0,0,0,5,STONYBROOK DR,negative_T_minus_H_minus_2y
24860,1998-12-24,CI,200.0,1961.0,37.0,0,0,5,MANCHESTER RD,negative_T_minus_H_minus_1y
36980,1998-12-25,DI,150.0,1965.0,33.0,0,0,5,STRATHCONA CRES,negative_T_minus_H_minus_2y
5160,1998-12-26,CI,150.0,1963.0,35.0,0,1,5,BUTTONWOOD DR,positive_T_minus_H
85070,1998-12-26,CI,150.0,1957.0,41.0,0,0,5,VILLAGE RD,negative_T_minus_H_minus_4y
23740,1998-12-27,CI,150.0,1952.0,46.0,0,0,5,ST LEGER ST,negative_T_minus_H_minus_1y
40160,1998-12-27,CI,150.0,1957.0,41.0,0,0,5,VILLAGE RD,negative_T_minus_H_minus_1y
22610,1998-12-29,CI,150.0,1959.0,39.0,0,0,5,KIPLING AVE,negative_T_minus_H_minus_3y
23260,1998-12-30,DI,450.0,1968.0,30.0,0,0,5,LANCASTER ST W,negative_T_minus_H_minus_1y
31720,1999-01-06,DI,200.0,1966.0,33.0,0,0,5,QUEENS BLVD,negative_T_minus_H_minus_1y
76519,1999-01-07,CI,150.0,1968.0,31.0,2,0,5,HALIFAX DR,negative_T_minus_H_minus_1y
77188,1999-01-08,DI,200.0,1959.0,40.0,0,0,5,RAITAR AVE,negative_T_minus_H_minus_3y
93410,1999-01-08,CI,150.0,1967.0,32.0,0,0,5,INDIAN RD,negative_T_minus_H_minus_1y
22910,1999-01-10,CI,150.0,1955.0,44.0,0,0,5,,negative_T_minus_H_minus_5y
64130,1999-01-10,CI,150.0,1966.0,33.0,1,0,5,INVERNESS DR,negative_T_minus_H_minus_4y
9590,1999-01-10,CI,150.0,1958.0,41.0,1,0,5,DOON RD,negative_T_minus_H_minus_4y
7960,1999-01-11,CI,150.0,1966.0,33.0,0,0,5,CONWAY DR,negative_T_minus_H_minus_2y
21070,1999-01-12,CI,150.0,1962.0,37.0,0,0,5,KENNETH AVE,negative_T_minus_H_minus_5y
34030,1999-01-12,CI,150.0,1967.0,32.0,0,0,5,SCHOFIELD DR,negative_T_minus_H_minus_4y
81454,1999-01-12,CI,150.0,1956.0,43.0,0,0,5,ADMIRAL RD,negative_T_minus_H_minus_5y
43000,1999-01-13,CI,300.0,1966.0,33.0,0,0,5,WESTWOOD DR,negative_T_minus_H_minus_1y
79804,1999-01-13,DI,150.0,1980.0,19.0,0,1,5,NELSON AVE,positive_T_minus_H
86280,1999-01-13,CI,150.0,1953.0,46.0,0,0,5,PATRICIA AVE,negative_T_minus_H_minus_3y
90496,1999-01-13,CI,200.0,1969.0,30.0,0,1,5,ELMSDALE DR,positive_T_minus_H
94040,1999-01-14,CI,150.0,1966.0,33.0,0,0,5,KINGSTON CRES,negative_T_minus_H_minus_4y
38190,1999-01-15,CI,150.0,1958.0,41.0,0,0,5,TRAYNOR AVE,negative_T_minus_H_minus_5y
38860,1999-01-15,CI,150.0,1974.0,25.0,0,1,5,UPLANDS DR,positive_T_minus_H
27310,1999-01-16,CI,450.0,1961.0,38.0,0,0,5,MORGAN AVE,negative_T_minus_H_minus_5y
38190,1999-01-16,CI,150.0,1958.0,41.0,0,0,5,TRAYNOR AVE,negative_T_minus_H_minus_2y
19030,1999-01-17,CI,150.0,1933.0,66.0,0,0,5,HIGHLAND RD E,negative_T_minus_H_minus_4y
22200,1999-01-17,CI,150.0,1966.0,33.0,0,0,5,KINGSTON CRES,negative_T_minus_H_minus_5y
34860,1999-01-17,CI,150.0,1954.0,45.0,1,0,5,SHERWOOD AVE,negative_T_minus_H_minus_1y
64130,1999-01-17,CI,150.0,1966.0,33.0,1,0,5,INVERNESS DR,negative_T_minus_H_minus_3y
42520,1999-01-18,CI,300.0,1959.0,40.0,0,1,5,WESTMOUNT RD E,positive_T_minus_H
8150,1999-01-18,DI,300.0,1974.0,25.0,0,1,5,COUNTRY HILL DR,positive_T_minus_H
96080,1999-01-18,CI,150.0,1949.0,50.0,0,1,5,QUEENS BLVD,positive_T_minus_H
27050,1999-01-20,DI,150.0,1988.0,11.0,0,0,5,MONTE CARLO ST,negative_T_minus_H_minus_5y
58190,1999-01-20,DI,150.0,1971.0,28.0,0,0,5,KEVCO PL,negative_T_minus_H_minus_5y
23740,1999-01-21,CI,150.0,1952.0,47.0,0,0,5,ST LEGER ST,negative_T_minus_H_minus_3y
24130,1999-01-21,PVC,150.0,1994.0,5.0,0,0,5,LORNE CRES,negative_T_minus_H_minus_5y
270,1999-01-21,CI,150.0,1958.0,41.0,1,0,5,ABERDEEN RD,negative_T_minus_H_minus_3y
7150,1999-01-21,DI,150.0,1968.0,31.0,1,0,5,CHOPIN DR,negative_T_minus_H_minus_5y
87984,1999-01-21,CI,150.0,1963.0,36.0,0,0,5,RUSKVIEW RD,negative_T_minus_H_minus_3y
85842,1999-01-23,DI,150.0,1966.0,33.0,0,0,5,CONFEDERATION DR,negative_T_minus_H_minus_5y
27810,1999-01-24,CI,150.0,1960.0,39.0,0,1,5,NINE PINES RD,positive_T_minus_H
31670,1999-01-25,DI,200.0,1966.0,33.0,0,0,5,QUEENS BLVD,negative_T_minus_H_minus_3y
18070,1999-01-26,CI,200.0,1953.0,46.0,0,1,5,HARBER AVE,positive_T_minus_H
26970,1999-01-26,CI,200.0,1965.0,34.0,1,1,5,MONTCALM DR,positive_T_minus_H
31170,1999-01-27,CI,150.0,1954.0,45.0,1,0,5,PROSPECT AVE,negative_T_minus_H_minus_3y
31930,1999-01-27,DI,150.0,1966.0,33.0,0,1,5,QUEENSTON DR,positive_T_minus_H
33220,1999-01-27,DI,150.0,1978.0,21.0,0,0,5,ROLLING MEADOWS DR,negative_T_minus_H_minus_3y
41500,1999-01-27,CI,150.0,1963.0,36.0,0,0,5,WEICHEL ST,negative_T_minus_H_minus_1y
68709,1999-01-27,AC,450.0,1980.0,19.0,0,0,5,FISCHER HALLMAN RD,negative_T_minus_H_minus_3y
7300,1999-01-27,CI,150.0,1956.0,43.0,1,1,5,CLAREMONT AVE,positive_T_minus_H
17330,1999-01-28,CI,150.0,1956.0,43.0,0,0,5,GREENFIELD AVE,negative_T_minus_H_minus_3y
20470,1999-01-28,CI,150.0,1955.0,44.0,1,0,5,ISLINGTON AVE,negative_T_minus_H_minus_5y
5510,1999-01-28,CI,150.0,1967.0,32.0,3,0,5,CARNABY CRES,negative_T_minus_H_minus_3y
90738,1999-01-28,CI,150.0,1948.0,51.0,0,0,5,STIRLING AVE S,negative_T_minus_H_minus_5y
37030,1999-01-29,DI,150.0,1981.0,18.0,0,0,5,SUGAR MAPLE ST,negative_T_minus_H_minus_5y
6500,1999-01-29,CI,150.0,1953.0,46.0,0,0,5,CHAPEL ST,negative_T_minus_H_minus_5y
19530,1999-01-30,CI,150.0,1967.0,32.0,0,0,5,HILLMOUNT ST,negative_T_minus_H_minus_1y
19640,1999-01-30,CI,150.0,1956.0,43.0,0,0,5,HOFFMAN ST,negative_T_minus_H_minus_2y
20670,1999-01-30,CI,200.0,1965.0,34.0,1,0,5,JOSEPH ST,negative_T_minus_H_minus_1y
27100,1999-01-30,DI,100.0,1963.0,36.0,0,0,5,MONTEREY CRES,negative_T_minus_H_minus_2y
35140,1999-01-30,CI,150.0,1953.0,46.0,1,0,5,SIXTH AVE,negative_T_minus_H_minus_5y
44440,1999-01-30,DI,100.0,1961.0,38.0,0,0,5,YULE PL,negative_T_minus_H_minus_4y
90282,1999-01-30,DI,150.0,1967.0,32.0,0,1,5,DALEWOOD DR,positive_T_minus_H
6230,1999-01-31,CI,150.0,1962.0,37.0,0,0,5,CENTREVILLE ST,negative_T_minus_H_minus_2y
21060,1999-02-01,CI,150.0,1962.0,37.0,0,0,5,KENNETH AVE,negative_T_minus_H_minus_1y
44090,1999-02-01,CI,150.0,1951.0,48.0,0,0,5,WOODWARD AVE,negative_T_minus_H_minus_1y
29190,1999-02-02,CI,150.0,1952.0,47.0,0,0,5,OTTAWA ST N,negative_T_minus_H_minus_3y
63680,1999-02-02,CI,150.0,1958.0,41.0,0,0,5,CONNAUGHT ST,negative_T_minus_H_minus_3y
88076,1999-02-02,CI,150.0,1960.0,39.0,0,0,5,RIPPLEWOOD CRES,negative_T_minus_H_minus_1y
91628,1999-02-03,CI,150.0,1966.0,33.0,0,0,5,QUEENSTON CRES,negative_T_minus_H_minus_2y
14280,1999-02-04,CI,200.0,1959.0,40.0,0,1,5,FERGUS AVE,positive_T_minus_H
88512,1999-02-04,CI,150.0,1954.0,45.0,0,0,5,FRANKLIN ST S,negative_T_minus_H_minus_5y
19770,1999-02-05,CI,150.0,1967.0,32.0,0,0,5,HOLBORN DR,negative_T_minus_H_minus_3y
43920,1999-02-05,CI,150.0,1954.0,45.0,0,0,5,WOODHAVEN RD,negative_T_minus_H_minus_5y
30870,1999-02-08,DI,100.0,1976.0,23.0,0,0,5,PIONEER DR,negative_T_minus_H_minus_5y
19770,1999-02-09,CI,150.0,1967.0,32.0,0,0,5,HOLBORN DR,negative_T_minus_H_minus_4y
82894,1999-02-09,CI,150.0,1974.0,25.0,0,0,5,BOSWORTH CRES,negative_T_minus_H_minus_5y
38560,1999-02-10,CI,150.0,1954.0,45.0,0,0,5,UNION BLVD,negative_T_minus_H_minus_4y
7480,1999-02-10,CI,150.0,1947.0,52.0,0,1,5,CLIFTON RD,positive_T_minus_H
17400,1999-02-11,CI,150.0,1953.0,46.0,0,0,5,GREENFIELD AVE,negative_T_minus_H_minus_5y
7540,1999-02-11,CI,150.0,1965.0,34.0,0,0,5,CLOVERDALE CRES,negative_T_minus_H_minus_3y
92072,1999-02-11,CI,150.0,1961.0,38.0,0,0,5,ROSEMOUNT DR,negative_T_minus_H_minus_3y
1340,1999-02-12,CI,200.0,1961.0,38.0,0,0,5,AVON RD,negative_T_minus_H_minus_3y
14930,1999-02-12,CI,150.0,1958.0,41.0,0,0,5,FOREST HILL DR,negative_T_minus_H_minus_3y
22690,1999-02-12,DI,150.0,1988.0,11.0,0,0,5,KRISTI PL,negative_T_minus_H_minus_3y
38560,1999-02-13,CI,150.0,1954.0,45.0,0,0,5,UNION BLVD,negative_T_minus_H_minus_2y
41460,1999-02-13,CI,150.0,1958.0,41.0,0,1,5,WEDGEWOOD DR,positive_T_minus_H
78574,1999-02-13,CI,300.0,1939.0,60.0,0,0,5,EAST AVE,negative_T_minus_H_minus_2y
22200,1999-02-14,CI,150.0,1966.0,33.0,0,1,5,KINGSTON CRES,positive_T_minus_H
79756,1999-02-14,DI,150.0,1979.0,20.0,0,0,5,HILLCREST LANE,negative_T_minus_H_minus_4y
10940,1999-02-15,CI,200.0,1967.0,32.0,0,0,5,EAGEN DR,negative_T_minus_H_minus_3y
18160,1999-02-16,CI,100.0,1954.0,45.0,0,1,5,HARTWOOD PL,positive_T_minus_H
34620,1999-02-16,CI,150.0,1922.0,77.0,0,0,5,SHELDON AVE N,negative_T_minus_H_minus_2y
34660,1999-02-16,CI,150.0,1946.0,53.0,0,1,5,SHELDON AVE N,positive_T_minus_H
1340,1999-02-17,CI,200.0,1961.0,38.0,0,0,5,AVON RD,negative_T_minus_H_minus_2y
14330,1999-02-17,CI,150.0,1953.0,46.0,1,0,5,FIFE AVE,negative_T_minus_H_minus_3y
24600,1999-02-18,CI,150.0,1958.0,41.0,0,0,5,LYNDHURST DR,negative_T_minus_H_minus_1y
79346,1999-02-18,CI,150.0,1962.0,37.0,0,0,5,ARCHER PL,negative_T_minus_H_minus_3y
92028,1999-02-19,CI,150.0,1957.0,42.0,1,0,5,CORNELL AVE,negative_T_minus_H_minus_1y
20090,1999-02-20,CI,150.0,1966.0,33.0,1,1,5,HUNTLEY CRES,positive_T_minus_H
22460,1999-02-20,DI,150.0,1969.0,30.0,0,0,5,KINGSWOOD DR,negative_T_minus_H_minus_4y
86632,1999-02-20,DI,200.0,1976.0,23.0,0,0,5,BIEHN DR,negative_T_minus_H_minus_3y
26270,1999-02-21,CI,150.0,1953.0,46.0,0,1,5,MELROSE AVE,positive_T_minus_H
76264,1999-02-21,CPP,450.0,1974.0,25.0,0,0,5,DUKE ST W,negative_T_minus_H_minus_1y
62550,1999-02-23,CI,300.0,1964.0,35.0,0,1,5,BLOOMINGDALE RD,positive_T_minus_H
63560,1999-02-24,CI,150.0,1953.0,46.0,0,0,5,METZLOFF DR,negative_T_minus_H_minus_2y
84006,1999-02-24,DI,150.0,1967.0,32.0,1,0,5,HAYWARD AVE,negative_T_minus_H_minus_5y
33440,1999-02-25,CI,150.0,1959.0,40.0,1,1,5,ROSEMOUNT DR,positive_T_minus_H
35640,1999-02-25,CI,150.0,1968.0,31.0,0,1,5,SPRINGDALE DR,positive_T_minus_H
2010,1999-02-26,CI,300.0,1957.0,42.0,0,1,5,BELMONT AVE W,positive_T_minus_H
1330,1999-02-27,CI,200.0,1961.0,38.0,1,0,5,AVON RD,negative_T_minus_H_minus_2y
12950,1999-02-28,DI,150.0,1981.0,18.0,0,1,5,WOODVIEW CRES,positive_T_minus_H
14330,1999-02-28,CI,150.0,1953.0,46.0,1,0,5,FIFE AVE,negative_T_minus_H_minus_1y
19780,1999-02-28,CI,150.0,1967.0,32.0,0,0,5,HOLBORN DR,negative_T_minus_H_minus_3y
5830,1999-03-01,DI,150.0,1966.0,33.0,2,0,5,CECILE DR,negative_T_minus_H_minus_5y
40390,1999-03-02,CI,200.0,1953.0,46.0,0,1,5,WALTON AVE,positive_T_minus_H
57690,1999-03-02,CI,150.0,1954.0,45.0,0,1,5,CAMBRIDGE AVE,positive_T_minus_H
6500,1999-03-02,CI,150.0,1953.0,46.0,0,1,5,CHAPEL ST,positive_T_minus_H
87984,1999-03-02,CI,150.0,1963.0,36.0,0,1,5,RUSKVIEW RD,positive_T_minus_H
95396,1999-03-02,CI,150.0,1958.0,41.0,0,0,5,WESTMOUNT RD E,negative_T_minus_H_minus_2y
84696,1999-03-03,CI,150.0,1955.0,44.0,0,0,5,KRUG ST,negative_T_minus_H_minus_5y
26990,1999-03-04,DI,200.0,1966.0,33.0,0,0,5,MONTCALM DR,negative_T_minus_H_minus_3y
31910,1999-03-04,CI,150.0,1966.0,33.0,0,1,5,QUEENSTON DR,positive_T_minus_H
36500,1999-03-05,CI,150.0,1962.0,37.0,0,0,5,STONYBROOK DR,negative_T_minus_H_minus_3y
6710,1999-03-05,CI,100.0,1922.0,77.0,1,0,5,CHARLES ST E,negative_T_minus_H_minus_1y
33980,1999-03-06,CI,150.0,1963.0,36.0,0,0,5,SCENIC DR,negative_T_minus_H_minus_1y
7780,1999-03-07,CI,150.0,1966.0,33.0,0,0,5,CONFEDERATION DR,negative_T_minus_H_minus_1y
89516,1999-03-09,CI,150.0,1966.0,33.0,1,1,5,CONWAY DR,positive_T_minus_H
17740,1999-03-10,CI,200.0,1957.0,42.0,0,1,5,GUELPH ST,positive_T_minus_H
24640,1999-03-10,CI,150.0,1958.0,41.0,0,0,5,LYNDHURST DR,negative_T_minus_H_minus_3y
38560,1999-03-10,CI,150.0,1954.0,45.0,0,0,5,UNION BLVD,negative_T_minus_H_minus_5y
3960,1999-03-14,CI,150.0,1965.0,34.0,0,0,5,BRADLEY DR,negative_T_minus_H_minus_1y
4900,1999-03-14,CI,150.0,1953.0,46.0,0,1,5,BRUCE ST,positive_T_minus_H
27320,1999-03-15,CI,150.0,1961.0,38.0,0,0,5,MORGAN AVE,negative_T_minus_H_minus_2y
82894,1999-03-15,CI,150.0,1974.0,25.0,0,0,5,BOSWORTH CRES,negative_T_minus_H_minus_2y
35600,1999-03-16,CI,150.0,1924.0,75.0,0,0,5,SPRING VALLEY RD,negative_T_minus_H_minus_3y
1100,1999-03-19,CI,150.0,1965.0,34.0,0,0,5,ASKIN PL,negative_T_minus_H_minus_4y
11030,1999-03-19,CI,300.0,1949.0,50.0,0,0,5,GLENDALE RD,negative_T_minus_H_minus_5y
20250,1999-03-19,CI,150.0,1967.0,32.0,0,0,5,INDIAN RD,negative_T_minus_H_minus_5y
36970,1999-03-20,DI,150.0,1965.0,34.0,0,0,5,STRATHCONA CRES,negative_T_minus_H_minus_3y
37080,1999-03-20,CI,150.0,1964.0,35.0,0,0,5,SUMMIT AVE,negative_T_minus_H_minus_2y
8780,1999-03-23,CI,150.0,1963.0,36.0,1,0,5,CYPRUS DR,negative_T_minus_H_minus_2y
8460,1999-03-24,DI,450.0,1970.0,29.0,0,1,5,COURTLAND AVE E,positive_T_minus_H
37210,1999-03-26,DI,150.0,1962.0,37.0,0,0,5,SWEETBRIAR DR,negative_T_minus_H_minus_1y
88528,1999-03-31,DI,150.0,1992.0,7.0,0,0,5,SCHUELLER ST,negative_T_minus_H_minus_3y
36540,1999-04-01,CI,150.0,1958.0,41.0,1,0,5,STONYBROOK DR,negative_T_minus_H_minus_2y
15370,1999-04-02,CI,300.0,1956.0,43.0,0,0,5,FRANKLIN ST N,negative_T_minus_H_minus_3y
20280,1999-04-02,CI,150.0,1967.0,32.0,0,1,5,INDIAN RD,positive_T_minus_H
6230,1999-04-04,CI,150.0,1962.0,37.0,0,1,5,CENTREVILLE ST,positive_T_minus_H
37210,1999-04-05,DI,150.0,1962.0,37.0,0,0,5,SWEETBRIAR DR,negative_T_minus_H_minus_4y
95310,1999-04-07,DI,300.0,1968.0,31.0,0,0,5,WESTMOUNT RD E,negative_T_minus_H_minus_2y
94382,1999-04-11,CI,150.0,1961.0,38.0,0,0,5,SWEETBRIAR DR,negative_T_minus_H_minus_1y
43030,1999-04-15,CI,300.0,1971.0,28.0,1,0,5,WESTWOOD DR,negative_T_minus_H_minus_2y
96098,1999-04-22,CI,200.0,1957.0,42.0,0,0,5,WESTMOUNT RD E,negative_T_minus_H_minus_5y
42130,1999-04-23,DI,300.0,1974.0,25.0,0,0,5,WESTHEIGHTS DR,negative_T_minus_H_minus_3y
59980,1999-04-26,CI,150.0,1933.0,66.0,0,1,5,JOSEPH ST,positive_T_minus_H
37220,1999-04-28,CI,150.0,1961.0,38.0,0,0,5,SWEETBRIAR DR,negative_T_minus_H_minus_1y
14930,1999-05-03,CI,150.0,1958.0,41.0,0,0,5,FOREST HILL DR,negative_T_minus_H_minus_2y
17080,1999-05-05,DI,150.0,1977.0,22.0,0,1,5,GRAYWOOD CRT,positive_T_minus_H
7880,1999-05-05,CI,150.0,1953.0,46.0,0,0,5,CONNAUGHT ST,negative_T_minus_H_minus_4y
33660,1999-05-06,DI,200.0,1973.0,26.0,1,0,5,ROYAL ORCHARD DR,negative_T_minus_H_minus_4y
4096289,1999-05-06,XXX,50.0,1990.0,9.0,0,0,5,FAIRWAY RD S,negative_T_minus_H_minus_2y
42610,1999-05-11,CI,150.0,1958.0,41.0,0,0,5,WESTMOUNT RD E,negative_T_minus_H_minus_2y
84660,1999-05-12,DI,300.0,1991.0,8.0,0,1,5,KING ST E,positive_T_minus_H
21890,1999-05-16,CI,100.0,1937.0,62.0,0,0,5,KING ST E,negative_T_minus_H_minus_3y
14820,1999-05-17,CI,200.0,1962.0,37.0,0,0,5,FOREST HILL DR,negative_T_minus_H_minus_1y
21890,1999-05-18,CI,100.0,1937.0,62.0,0,0,5,KING ST E,negative_T_minus_H_minus_3y
38560,1999-05-21,CI,150.0,1954.0,45.0,0,0,5,UNION BLVD,negative_T_minus_H_minus_5y
36010,1999-05-22,DI,300.0,1992.0,7.0,0,1,5,STANLEY AVE,positive_T_minus_H
4138965,1999-05-23,XXX,150.0,1976.0,23.0,0,0,5,RIVER RD E,negative_T_minus_H_minus_2y
87758,1999-05-23,DI,150.0,1968.0,31.0,0,0,5,CHOPIN DR,negative_T_minus_H_minus_2y
15460,1999-05-28,CI,150.0,1953.0,46.0,0,0,5,FRANKLIN ST S,negative_T_minus_H_minus_5y
22360,1999-05-31,CI,450.0,1962.0,37.0,0,0,5,KINGSWAY DR,negative_T_minus_H_minus_2y
32320,1999-06-01,CI,150.0,1960.0,39.0,1,0,5,RIPPLEWOOD CRES,negative_T_minus_H_minus_2y
34390,1999-06-04,DI,150.0,1972.0,27.0,0,0,5,SHADELAND CRES,negative_T_minus_H_minus_3y
21220,1999-06-11,CI,150.0,1964.0,35.0,0,0,5,KENWOOD DR,negative_T_minus_H_minus_2y
24220,1999-06-11,DI,150.0,1965.0,34.0,0,0,5,LORRAINE AVE,negative_T_minus_H_minus_2y
14130,1999-06-20,DI,150.0,1974.0,25.0,0,0,5,FARRIER PL,negative_T_minus_H_minus_3y
19480,1999-06-20,DI,150.0,1972.0,27.0,0,0,5,HILLBROOK CRES,negative_T_minus_H_minus_3y
7150,1999-06-21,DI,150.0,1968.0,31.0,1,0,5,CHOPIN DR,negative_T_minus_H_minus_1y
42530,1999-06-22,CI,150.0,1959.0,40.0,1,0,5,WESTMOUNT RD E,negative_T_minus_H_minus_2y
4096271,1999-06-23,XXX,50.0,1976.0,23.0,0,0,5,MANITOU DR,negative_T_minus_H_minus_1y
4095182,1999-06-26,XXX,150.0,1975.0,24.0,0,0,5,KINGSWAY DR,negative_T_minus_H_minus_2y
78900,1999-07-02,DI,300.0,1974.0,25.0,0,0,5,BELMONT AVE W,negative_T_minus_H_minus_5y
6710,1999-07-03,CI,100.0,1922.0,77.0,1,0,5,CHARLES ST E,negative_T_minus_H_minus_3y
21870,1999-07-04,CI,100.0,1937.0,62.0,1,1,5,KING ST E,positive_T_minus_H
840,1999-07-22,CI,300.0,1959.0,40.0,0,0,5,ARDELT AVE,negative_T_minus_H_minus_5y
37770,1999-07-25,CI,150.0,1953.0,46.0,0,1,5,THIRD AVE,positive_T_minus_H
88650,1999-07-26,DI,300.0,1969.0,30.0,0,0,5,MCGARRY DR,negative_T_minus_H_minus_2y
42930,1999-07-29,DI,300.0,1971.0,28.0,0,0,5,WESTWOOD DR,negative_T_minus_H_minus_1y
15520,1999-08-03,CI,150.0,1900.0,99.0,0,0,5,FREDERICK ST,negative_T_minus_H_minus_4y
8600,1999-08-03,CI,100.0,1960.0,39.0,0,0,5,CRAY CRES,negative_T_minus_H_minus_2y
91262,1999-08-05,DI,300.0,1968.0,31.0,0,0,5,HAZELGLEN DR,negative_T_minus_H_minus_2y
35020,1999-08-08,DI,300.0,1975.0,24.0,0,0,5,MAPLE HILL DR,negative_T_minus_H_minus_3y
61919,1999-08-11,CPP,750.0,1987.0,12.0,0,0,5,KING ST E,negative_T_minus_H_minus_3y
19530,1999-08-16,CI,150.0,1967.0,32.0,0,0,5,HILLMOUNT ST,negative_T_minus_H_minus_3y
18970,1999-08-19,DI,300.0,1964.0,35.0,0,0,5,HIGHLAND RD W,negative_T_minus_H_minus_4y
8130,1999-08-20,DI,300.0,1971.0,28.0,0,0,5,COUNTRY HILL DR,negative_T_minus_H_minus_1y
42930,1999-08-23,DI,300.0,1971.0,28.0,0,0,5,WESTWOOD DR,negative_T_minus_H_minus_1y
4099987,1999-09-06,XXX,25.0,1967.0,32.0,0,0,5,WREN CRES,negative_T_minus_H_minus_2y
35230,1999-09-07,CI,150.0,1950.0,49.0,0,0,5,SOUTH DR,negative_T_minus_H_minus_4y
15030,1999-09-09,DI,150.0,1968.0,31.0,0,1,5,FORESTWOOD DR,positive_T_minus_H
91264,1999-09-09,PVC,150.0,1995.0,4.0,1,0,5,FAIRWAY CRT,negative_T_minus_H_minus_1y
37220,1999-09-11,CI,150.0,1961.0,38.0,0,0,5,SWEETBRIAR DR,negative_T_minus_H_minus_5y
4642530,1999-09-11,PVC,25.0,1964.0,35.0,0,0,5,GREENBROOK DR,negative_T_minus_H_minus_2y
26000,1999-09-12,CI,150.0,1969.0,30.0,0,0,5,MCGARRY DR,negative_T_minus_H_minus_4y
42930,1999-09-13,DI,300.0,1971.0,28.0,0,0,5,WESTWOOD DR,negative_T_minus_H_minus_5y
15930,1999-09-16,CI,450.0,1956.0,43.0,0,1,5,GATEWOOD RD,positive_T_minus_H
61838,1999-09-18,CPP,600.0,1969.0,30.0,0,0,5,GRABER PL,negative_T_minus_H_minus_2y
35600,1999-09-24,CI,150.0,1924.0,75.0,0,0,5,SPRING VALLEY RD,negative_T_minus_H_minus_3y
38190,1999-09-24,CI,150.0,1958.0,41.0,0,1,5,TRAYNOR AVE,positive_T_minus_H
5470,1999-09-29,DI,150.0,1977.0,22.0,0,0,5,CARLYLE DR,negative_T_minus_H_minus_1y
41480,1999-10-01,CI,150.0,1958.0,41.0,0,0,5,WEDGEWOOD DR,negative_T_minus_H_minus_2y
59910,1999-10-01,DI,150.0,1964.0,35.0,0,0,5,CHARLES ST E,negative_T_minus_H_minus_2y
43490,1999-10-03,CI,200.0,1958.0,41.0,0,0,5,WILSON AVE,negative_T_minus_H_minus_3y
21430,1999-10-10,CI,250.0,1889.0,110.0,1,0,5,KING ST W,negative_T_minus_H_minus_4y
20470,1999-10-14,CI,150.0,1955.0,44.0,1,0,5,ISLINGTON AVE,negative_T_minus_H_minus_3y
33550,1999-10-15,CI,150.0,1959.0,40.0,2,1,5,ROSS AVE,positive_T_minus_H
37090,1999-10-16,CI,150.0,1964.0,35.0,0,0,5,SUMMIT AVE,negative_T_minus_H_minus_3y
42910,1999-10-17,DI,300.0,1969.0,30.0,0,1,5,WESTWOOD DR,positive_T_minus_H
19720,1999-10-18,DI,150.0,1967.0,32.0,0,0,5,HOLBORN DR,negative_T_minus_H_minus_1y
14880,1999-10-20,CI,200.0,1962.0,37.0,0,0,5,FOREST HILL DR,negative_T_minus_H_minus_5y
40140,1999-10-24,CI,150.0,1962.0,37.0,0,0,5,VILLAGE CRES,negative_T_minus_H_minus_1y
85558,1999-10-24,DI,200.0,1966.0,33.0,0,0,5,MONTCALM DR,negative_T_minus_H_minus_1y
11160,1999-10-25,CI,150.0,1967.0,32.0,0,0,5,EASTWOOD DR,negative_T_minus_H_minus_4y
32670,1999-10-25,DI,300.0,1971.0,28.0,0,0,5,RIVER RD E,negative_T_minus_H_minus_1y
11830,1999-10-26,DI,250.0,1971.0,28.0,0,0,5,ELM RIDGE DR,negative_T_minus_H_minus_4y
20030,1999-10-27,CI,150.0,1963.0,36.0,2,0,5,HUGO CRES,negative_T_minus_H_minus_2y
19120,1999-10-28,CI,300.0,1964.0,35.0,0,0,5,HIGHLAND RD W,negative_T_minus_H_minus_3y
41030,1999-10-28,CI,150.0,1952.0,47.0,4,0,5,WEBER ST E,negative_T_minus_H_minus_4y
29850,1999-10-29,CI,150.0,1964.0,35.0,0,0,5,OWEN AVE,negative_T_minus_H_minus_2y
35280,1999-11-02,CI,150.0,1958.0,41.0,0,0,5,SOUTHMOOR DR,negative_T_minus_H_minus_4y
5020,1999-11-02,CI,150.0,1959.0,40.0,0,0,5,BURBANK RD,negative_T_minus_H_minus_1y
8910,1999-11-02,DI,150.0,1967.0,32.0,0,0,5,DALEWOOD DR,negative_T_minus_H_minus_4y
20410,1999-11-06,DI,150.0,1966.0,33.0,0,0,5,INWOOD CRES,negative_T_minus_H_minus_5y
37220,1999-11-10,CI,150.0,1961.0,38.0,0,1,5,SWEETBRIAR DR,positive_T_minus_H
90922,1999-11-11,CI,150.0,1960.0,39.0,0,1,5,CYPRUS DR,positive_T_minus_H
7960,1999-11-12,CI,150.0,1966.0,33.0,0,0,5,CONWAY DR,negative_T_minus_H_minus_3y
22600,1999-11-13,CI,150.0,1959.0,40.0,0,0,5,KIPLING AVE,negative_T_minus_H_minus_1y
22360,1999-11-14,CI,450.0,1962.0,37.0,0,0,5,KINGSWAY DR,negative_T_minus_H_minus_2y
19530,1999-11-15,CI,150.0,1967.0,32.0,0,0,5,HILLMOUNT ST,negative_T_minus_H_minus_5y
88528,1999-11-15,DI,150.0,1992.0,7.0,0,1,5,SCHUELLER ST,positive_T_minus_H
5040,1999-11-16,CI,150.0,1958.0,41.0,1,1,5,BURBANK RD,positive_T_minus_H
31880,1999-11-18,CI,150.0,1966.0,33.0,0,0,5,QUEENSTON CRES,negative_T_minus_H_minus_2y
17800,1999-11-19,CI,150.0,1966.0,33.0,1,1,5,HALIFAX DR,positive_T_minus_H
17270,1999-11-22,CI,200.0,1957.0,42.0,0,0,5,GREENBROOK DR,negative_T_minus_H_minus_4y
42990,1999-11-22,DI,300.0,1969.0,30.0,0,1,5,WESTWOOD DR,positive_T_minus_H
43960,1999-11-22,CI,150.0,1954.0,45.0,0,0,5,WOODHAVEN RD,negative_T_minus_H_minus_5y
63320,1999-11-24,CI,150.0,1956.0,43.0,0,0,5,ADMIRAL RD,negative_T_minus_H_minus_4y
3460,1999-11-25,CI,300.0,1964.0,35.0,0,1,5,BLOOMINGDALE RD,positive_T_minus_H
9590,1999-11-25,CI,150.0,1958.0,41.0,1,0,5,DOON RD,negative_T_minus_H_minus_3y
27320,1999-11-26,CI,150.0,1961.0,38.0,0,0,5,MORGAN AVE,negative_T_minus_H_minus_2y
33060,1999-11-26,CI,150.0,1950.0,49.0,0,0,5,ROCKWAY DR,negative_T_minus_H_minus_3y
33460,1999-11-27,CI,150.0,1961.0,38.0,0,1,5,ROSEMOUNT DR,positive_T_minus_H
88756,1999-11-27,CI,150.0,1967.0,32.0,0,1,5,COVENTRY DR,positive_T_minus_H
34430,1999-11-28,CI,150.0,1958.0,41.0,0,1,5,SHADYWOOD CRES,positive_T_minus_H
38190,1999-11-28,CI,150.0,1958.0,41.0,0,1,5,TRAYNOR AVE,positive_T_minus_H
41450,1999-11-28,CI,150.0,1958.0,41.0,0,0,5,WEDGEWOOD DR,negative_T_minus_H_minus_2y
19520,1999-11-29,CI,150.0,1967.0,32.0,0,0,5,HILLMOUNT ST,negative_T_minus_H_minus_3y
22530,1999-11-29,CI,150.0,1967.0,32.0,0,0,5,OBERMEYER DR,negative_T_minus_H_minus_3y
40140,1999-11-29,CI,150.0,1962.0,37.0,0,0,5,VILLAGE CRES,negative_T_minus_H_minus_2y
670,1999-11-29,CI,150.0,1963.0,36.0,0,0,5,ANTHONY PL,negative_T_minus_H_minus_3y
22900,1999-11-30,CI,300.0,1955.0,44.0,0,0,5,KRUG ST,negative_T_minus_H_minus_3y
36520,1999-11-30,CI,150.0,1962.0,37.0,1,0,5,STONYBROOK DR,negative_T_minus_H_minus_1y
76847,1999-11-30,CI,150.0,1922.0,77.0,0,0,5,SCOTT ST,negative_T_minus_H_minus_3y
82752,1999-11-30,CI,300.0,1964.0,35.0,2,0,5,GAGE AVE,negative_T_minus_H_minus_2y
15100,1999-12-01,DI,150.0,1977.0,22.0,0,0,5,FORFAR AVE,negative_T_minus_H_minus_4y
20470,1999-12-01,CI,150.0,1955.0,44.0,1,0,5,ISLINGTON AVE,negative_T_minus_H_minus_4y
24080,1999-12-01,CI,150.0,1950.0,49.0,0,0,5,LORNE AVE,negative_T_minus_H_minus_4y
24410,1999-12-01,CI,150.0,1948.0,51.0,0,0,5,LANG CRES,negative_T_minus_H_minus_1y
25590,1999-12-01,CI,150.0,1958.0,41.0,0,0,5,MASSEY AVE,negative_T_minus_H_minus_3y
27440,1999-12-01,DI,300.0,1979.0,20.0,0,0,5,MORRISON RD,negative_T_minus_H_minus_4y
29820,1999-12-01,DI,150.0,1966.0,33.0,0,0,5,OVERLEA DR,negative_T_minus_H_minus_4y
31580,1999-12-01,DI,300.0,1984.0,15.0,0,0,5,QUEEN ST S,negative_T_minus_H_minus_4y
35010,1999-12-01,DI,150.0,1972.0,27.0,0,0,5,SILVER ASPEN CRES,negative_T_minus_H_minus_4y
35150,1999-12-01,CI,150.0,1953.0,46.0,0,0,5,SIXTH AVE,negative_T_minus_H_minus_4y
4510,1999-12-01,DI,300.0,1981.0,18.0,0,0,5,BRIDGE ST E,negative_T_minus_H_minus_4y
85102,1999-12-01,DI,150.0,1965.0,34.0,0,0,5,STRATHCONA CRES,negative_T_minus_H_minus_4y
85314,1999-12-01,CI,150.0,1965.0,34.0,0,0,5,CLOVERDALE CRES,negative_T_minus_H_minus_4y
8950,1999-12-01,CI,150.0,1964.0,35.0,0,0,5,DANIEL AVE,negative_T_minus_H_minus_4y
91090,1999-12-01,CI,100.0,1958.0,41.0,0,0,5,STONYBROOK DR,negative_T_minus_H_minus_4y
30780,1999-12-02,DI,200.0,1972.0,27.0,0,0,5,PINNACLE DR,negative_T_minus_H_minus_2y
19530,1999-12-03,CI,150.0,1967.0,32.0,0,0,5,HILLMOUNT ST,negative_T_minus_H_minus_3y
24600,1999-12-03,CI,150.0,1958.0,41.0,0,1,5,LYNDHURST DR,positive_T_minus_H
35270,1999-12-03,CI,150.0,1958.0,41.0,1,0,5,SOUTHMOOR DR,negative_T_minus_H_minus_3y
7560,1999-12-03,CI,150.0,1971.0,28.0,0,0,5,COACH HILL DR,negative_T_minus_H_minus_3y
42930,1999-12-04,DI,300.0,1971.0,28.0,0,0,5,WESTWOOD DR,negative_T_minus_H_minus_2y
14580,1999-12-06,CI,150.0,1962.0,37.0,0,0,5,FISCHER HALLMAN RD,negative_T_minus_H_minus_1y
96010,1999-12-06,CI,200.0,1961.0,38.0,0,0,5,COURTLAND AVE E,negative_T_minus_H_minus_5y
33450,1999-12-07,CI,150.0,1959.0,40.0,0,1,5,ROSEMOUNT DR,positive_T_minus_H
29200,1999-12-09,CI,150.0,1952.0,47.0,1,1,5,OTTAWA ST N,positive_T_minus_H
33060,1999-12-09,CI,150.0,1950.0,49.0,0,0,5,ROCKWAY DR,negative_T_minus_H_minus_3y
40440,1999-12-12,CI,150.0,1988.0,11.0,1,0,5,WARREN RD,negative_T_minus_H_minus_1y
5070,1999-12-12,CI,150.0,1961.0,38.0,0,0,5,BURLINGTON DR,negative_T_minus_H_minus_2y
7190,1999-12-12,CI,150.0,1964.0,35.0,1,0,5,CHRISTINE CRES,negative_T_minus_H_minus_3y
18000,1999-12-13,CI,200.0,1967.0,32.0,1,0,5,HANSON AVE,negative_T_minus_H_minus_5y
25590,1999-12-13,CI,150.0,1958.0,41.0,0,0,5,MASSEY AVE,negative_T_minus_H_minus_5y
27670,1999-12-13,CI,150.0,1964.0,35.0,0,0,5,NELSON AVE,negative_T_minus_H_minus_2y
14580,1999-12-14,CI,150.0,1962.0,37.0,0,0,5,FISCHER HALLMAN RD,negative_T_minus_H_minus_5y
17340,1999-12-15,CI,150.0,1956.0,43.0,0,0,5,GREENFIELD AVE,negative_T_minus_H_minus_2y
19090,1999-12-15,CI,300.0,1955.0,44.0,1,0,5,HIGHLAND RD E,negative_T_minus_H_minus_2y
3640,1999-12-15,CI,150.0,1956.0,43.0,1,1,5,BLUERIDGE AVE,positive_T_minus_H
25590,1999-12-16,CI,150.0,1958.0,41.0,0,0,5,MASSEY AVE,negative_T_minus_H_minus_5y
31760,1999-12-16,CI,150.0,1953.0,46.0,0,0,5,QUEENS BLVD,negative_T_minus_H_minus_5y
24610,1999-12-17,CI,150.0,1958.0,41.0,1,1,5,LYNDHURST DR,positive_T_minus_H
4950,1999-12-21,CI,150.0,1953.0,46.0,0,1,5,BRUCE ST,positive_T_minus_H
14880,1999-12-23,CI,200.0,1962.0,37.0,0,0,5,FOREST HILL DR,negative_T_minus_H_minus_2y
36480,1999-12-23,CI,150.0,1962.0,37.0,0,0,5,STONYBROOK DR,negative_T_minus_H_minus_1y
24860,1999-12-24,CI,200.0,1961.0,38.0,0,1,5,MANCHESTER RD,positive_T_minus_H
94706,1999-12-24,CI,150.0,1954.0,45.0,0,0,5,GREENFIELD AVE,negative_T_minus_H_minus_5y
36980,1999-12-25,DI,150.0,1965.0,34.0,0,0,5,STRATHCONA CRES,negative_T_minus_H_minus_1y
85070,1999-12-26,CI,150.0,1957.0,42.0,0,0,5,VILLAGE RD,negative_T_minus_H_minus_3y
23740,1999-12-27,CI,150.0,1952.0,47.0,0,1,5,ST LEGER ST,positive_T_minus_H
40160,1999-12-27,CI,150.0,1957.0,42.0,0,1,5,VILLAGE RD,positive_T_minus_H
17280,1999-12-29,CI,200.0,1957.0,42.0,0,0,5,GREENBROOK DR,negative_T_minus_H_minus_5y
22610,1999-12-29,CI,150.0,1959.0,40.0,0,0,5,KIPLING AVE,negative_T_minus_H_minus_2y
40470,1999-12-29,DI,150.0,1988.0,11.0,0,0,5,WARREN RD,negative_T_minus_H_minus_5y
23260,1999-12-30,DI,450.0,1968.0,31.0,0,1,5,LANCASTER ST W,positive_T_minus_H
440,2000-01-01,DI,300.0,1978.0,22.0,1,1,5,SCHWEITZER ST,positive_T_minus_H
3990,2000-01-03,CI,150.0,1965.0,35.0,2,1,5,BRADLEY DR,positive_T_minus_H
5830,2000-01-03,DI,150.0,1966.0,34.0,2,1,5,CECILE DR,positive_T_minus_H
31690,2000-01-06,CI,200.0,1966.0,34.0,0,1,5,QUEENS BLVD,positive_T_minus_H
31720,2000-01-06,DI,200.0,1966.0,34.0,0,1,5,QUEENS BLVD,positive_T_minus_H
36510,2000-01-06,CI,150.0,1962.0,38.0,1,0,5,STONYBROOK DR,negative_T_minus_H_minus_5y
5830,2000-01-06,DI,150.0,1966.0,34.0,2,1,5,CECILE DR,positive_T_minus_H
57680,2000-01-07,CI,150.0,1955.0,45.0,0,1,5,EDNA ST,positive_T_minus_H
76519,2000-01-07,CI,150.0,1968.0,32.0,2,1,5,HALIFAX DR,positive_T_minus_H
77188,2000-01-08,DI,200.0,1959.0,41.0,0,0,5,RAITAR AVE,negative_T_minus_H_minus_2y
93410,2000-01-08,CI,150.0,1967.0,33.0,0,1,5,INDIAN RD,positive_T_minus_H
21220,2000-01-10,CI,150.0,1964.0,36.0,0,0,5,KENWOOD DR,negative_T_minus_H_minus_5y
22910,2000-01-10,CI,150.0,1955.0,45.0,0,0,5,,negative_T_minus_H_minus_4y
33810,2000-01-10,CI,150.0,1964.0,36.0,1,1,5,RUTHERFORD DR,positive_T_minus_H
64130,2000-01-10,CI,150.0,1966.0,34.0,1,0,5,INVERNESS DR,negative_T_minus_H_minus_3y
9590,2000-01-10,CI,150.0,1958.0,42.0,1,0,5,DOON RD,negative_T_minus_H_minus_3y
7960,2000-01-11,CI,150.0,1966.0,34.0,0,0,5,CONWAY DR,negative_T_minus_H_minus_1y
21070,2000-01-12,CI,150.0,1962.0,38.0,0,0,5,KENNETH AVE,negative_T_minus_H_minus_4y
34030,2000-01-12,CI,150.0,1967.0,33.0,0,0,5,SCHOFIELD DR,negative_T_minus_H_minus_3y
81454,2000-01-12,CI,150.0,1956.0,44.0,0,0,5,ADMIRAL RD,negative_T_minus_H_minus_4y
43000,2000-01-13,CI,300.0,1966.0,34.0,0,1,5,WESTWOOD DR,positive_T_minus_H
86280,2000-01-13,CI,150.0,1953.0,47.0,0,0,5,PATRICIA AVE,negative_T_minus_H_minus_2y
39600,2000-01-14,CI,200.0,1963.0,37.0,0,0,5,VICTORIA ST N,negative_T_minus_H_minus_5y
94040,2000-01-14,CI,150.0,1966.0,34.0,0,0,5,KINGSTON CRES,negative_T_minus_H_minus_3y
27310,2000-01-16,CI,450.0,1961.0,39.0,0,0,5,MORGAN AVE,negative_T_minus_H_minus_4y
7760,2000-01-16,CI,150.0,1966.0,34.0,1,1,5,CONFEDERATION DR,positive_T_minus_H
19030,2000-01-17,CI,150.0,1933.0,67.0,0,0,5,HIGHLAND RD E,negative_T_minus_H_minus_3y
34860,2000-01-17,CI,150.0,1954.0,46.0,1,1,5,SHERWOOD AVE,positive_T_minus_H
64130,2000-01-17,CI,150.0,1966.0,34.0,1,0,5,INVERNESS DR,negative_T_minus_H_minus_2y
38550,2000-01-18,CI,150.0,1954.0,46.0,1,1,5,UNION BLVD,positive_T_minus_H
5110,2000-01-18,CI,100.0,1955.0,45.0,1,1,5,BURN PL,positive_T_minus_H
35250,2000-01-19,CI,150.0,1959.0,41.0,0,0,5,SOUTHDALE AVE,negative_T_minus_H_minus_5y
27050,2000-01-20,DI,150.0,1988.0,12.0,0,0,5,MONTE CARLO ST,negative_T_minus_H_minus_4y
5250,2000-01-20,CI,150.0,1954.0,46.0,1,0,5,CAMBRIDGE AVE,negative_T_minus_H_minus_2y
58190,2000-01-20,DI,150.0,1971.0,29.0,0,0,5,KEVCO PL,negative_T_minus_H_minus_4y
11630,2000-01-21,CI,150.0,1956.0,44.0,1,1,5,EIGHTH AVE,positive_T_minus_H
24130,2000-01-21,PVC,150.0,1994.0,6.0,0,0,5,LORNE CRES,negative_T_minus_H_minus_4y
270,2000-01-21,CI,150.0,1958.0,42.0,1,0,5,ABERDEEN RD,negative_T_minus_H_minus_2y
7150,2000-01-21,DI,150.0,1968.0,32.0,1,0,5,CHOPIN DR,negative_T_minus_H_minus_4y
40950,2000-01-22,CI,150.0,1924.0,76.0,0,0,5,SIMEON ST,negative_T_minus_H_minus_5y
58030,2000-01-22,DI,150.0,1967.0,33.0,0,0,5,HAYWARD AVE,negative_T_minus_H_minus_5y
85842,2000-01-23,DI,150.0,1966.0,34.0,0,0,5,CONFEDERATION DR,negative_T_minus_H_minus_4y
25740,2000-01-25,CI,150.0,1951.0,49.0,1,1,5,MAUSSER AVE,positive_T_minus_H
31670,2000-01-25,DI,200.0,1966.0,34.0,0,0,5,QUEENS BLVD,negative_T_minus_H_minus_2y
31770,2000-01-25,CI,150.0,1949.0,51.0,1,0,5,QUEENS BLVD,negative_T_minus_H_minus_2y
20490,2000-01-26,CI,150.0,1956.0,44.0,0,0,5,ISLINGTON AVE,negative_T_minus_H_minus_5y
31170,2000-01-27,CI,150.0,1954.0,46.0,1,0,5,PROSPECT AVE,negative_T_minus_H_minus_2y
31770,2000-01-27,CI,150.0,1949.0,51.0,1,0,5,QUEENS BLVD,negative_T_minus_H_minus_2y
33220,2000-01-27,DI,150.0,1978.0,22.0,0,0,5,ROLLING MEADOWS DR,negative_T_minus_H_minus_2y
41500,2000-01-27,CI,150.0,1963.0,37.0,0,1,5,WEICHEL ST,positive_T_minus_H
68709,2000-01-27,AC,450.0,1980.0,20.0,0,0,5,FISCHER HALLMAN RD,negative_T_minus_H_minus_2y
17330,2000-01-28,CI,150.0,1956.0,44.0,0,0,5,GREENFIELD AVE,negative_T_minus_H_minus_2y
20470,2000-01-28,CI,150.0,1955.0,45.0,1,0,5,ISLINGTON AVE,negative_T_minus_H_minus_4y
5510,2000-01-28,CI,150.0,1967.0,33.0,3,0,5,CARNABY CRES,negative_T_minus_H_minus_2y
90738,2000-01-28,CI,150.0,1948.0,52.0,0,0,5,STIRLING AVE S,negative_T_minus_H_minus_4y
37030,2000-01-29,DI,150.0,1981.0,19.0,0,0,5,SUGAR MAPLE ST,negative_T_minus_H_minus_4y
19530,2000-01-30,CI,150.0,1967.0,33.0,0,1,5,HILLMOUNT ST,positive_T_minus_H
19640,2000-01-30,CI,150.0,1956.0,44.0,0,0,5,HOFFMAN ST,negative_T_minus_H_minus_1y
20670,2000-01-30,CI,200.0,1965.0,35.0,1,1,5,JOSEPH ST,positive_T_minus_H
27100,2000-01-30,DI,100.0,1963.0,37.0,0,0,5,MONTEREY CRES,negative_T_minus_H_minus_1y
35140,2000-01-30,CI,150.0,1953.0,47.0,1,0,5,SIXTH AVE,negative_T_minus_H_minus_4y
44440,2000-01-30,DI,100.0,1961.0,39.0,0,0,5,YULE PL,negative_T_minus_H_minus_3y
68677,2000-01-30,CI,200.0,1953.0,47.0,0,0,5,SHELLEY DR,negative_T_minus_H_minus_5y
21060,2000-02-01,CI,150.0,1962.0,38.0,0,1,5,KENNETH AVE,positive_T_minus_H
44090,2000-02-01,CI,150.0,1951.0,49.0,0,1,5,WOODWARD AVE,positive_T_minus_H
29190,2000-02-02,CI,150.0,1952.0,48.0,0,0,5,OTTAWA ST N,negative_T_minus_H_minus_2y
63680,2000-02-02,CI,150.0,1958.0,42.0,0,0,5,CONNAUGHT ST,negative_T_minus_H_minus_2y
88076,2000-02-02,CI,150.0,1960.0,40.0,0,1,5,RIPPLEWOOD CRES,positive_T_minus_H
87566,2000-02-03,PVC,300.0,2000.0,0.0,0,0,5,KING ST E,negative_T_minus_H_minus_3y
91628,2000-02-03,CI,150.0,1966.0,34.0,0,0,5,QUEENSTON CRES,negative_T_minus_H_minus_1y
88512,2000-02-04,CI,150.0,1954.0,46.0,0,0,5,FRANKLIN ST S,negative_T_minus_H_minus_4y
19770,2000-02-05,CI,150.0,1967.0,33.0,0,0,5,HOLBORN DR,negative_T_minus_H_minus_2y
30740,2000-02-05,DI,200.0,1968.0,32.0,0,0,5,PINEDALE DR,negative_T_minus_H_minus_5y
43920,2000-02-05,CI,150.0,1954.0,46.0,0,0,5,WOODHAVEN RD,negative_T_minus_H_minus_4y
16540,2000-02-06,DI,150.0,1970.0,30.0,1,0,5,GLEN AVON CRES,negative_T_minus_H_minus_4y
11060,2000-02-07,CI,300.0,1949.0,51.0,0,1,5,EAST AVE,positive_T_minus_H
8200,2000-02-07,DI,150.0,1978.0,22.0,0,0,5,COUNTRYSIDE CRES,negative_T_minus_H_minus_5y
14090,2000-02-08,DI,200.0,1974.0,26.0,1,0,5,FARRIER DR,negative_T_minus_H_minus_2y
30870,2000-02-08,DI,100.0,1976.0,24.0,0,0,5,PIONEER DR,negative_T_minus_H_minus_4y
19770,2000-02-09,CI,150.0,1967.0,33.0,0,0,5,HOLBORN DR,negative_T_minus_H_minus_3y
7720,2000-02-09,CI,100.0,1960.0,40.0,0,0,5,CHARLOTTE PL,negative_T_minus_H_minus_5y
82894,2000-02-09,CI,150.0,1974.0,26.0,0,0,5,BOSWORTH CRES,negative_T_minus_H_minus_4y
38560,2000-02-10,CI,150.0,1954.0,46.0,0,0,5,UNION BLVD,negative_T_minus_H_minus_3y
86390,2000-02-10,PVC,300.0,2000.0,0.0,0,0,5,KING ST E,negative_T_minus_H_minus_5y
8890,2000-02-10,CI,150.0,1966.0,34.0,1,1,5,DALEWOOD DR,positive_T_minus_H
17400,2000-02-11,CI,150.0,1953.0,47.0,0,0,5,GREENFIELD AVE,negative_T_minus_H_minus_4y
7540,2000-02-11,CI,150.0,1965.0,35.0,0,0,5,CLOVERDALE CRES,negative_T_minus_H_minus_2y
900,2000-02-11,CI,150.0,1953.0,47.0,1,0,5,ARLINGTON BLVD,negative_T_minus_H_minus_4y
92072,2000-02-11,CI,150.0,1961.0,39.0,0,0,5,ROSEMOUNT DR,negative_T_minus_H_minus_2y
1340,2000-02-12,CI,200.0,1961.0,39.0,0,0,5,AVON RD,negative_T_minus_H_minus_2y
14930,2000-02-12,CI,150.0,1958.0,42.0,0,0,5,FOREST HILL DR,negative_T_minus_H_minus_2y
22690,2000-02-12,DI,150.0,1988.0,12.0,0,0,5,KRISTI PL,negative_T_minus_H_minus_2y
39600,2000-02-12,CI,200.0,1963.0,37.0,0,0,5,VICTORIA ST N,negative_T_minus_H_minus_5y
38560,2000-02-13,CI,150.0,1954.0,46.0,0,0,5,UNION BLVD,negative_T_minus_H_minus_1y
78574,2000-02-13,CI,300.0,1939.0,61.0,0,0,5,EAST AVE,negative_T_minus_H_minus_1y
7830,2000-02-14,CI,150.0,1962.0,38.0,0,0,5,CONNAUGHT ST,negative_T_minus_H_minus_5y
79756,2000-02-14,DI,150.0,1979.0,21.0,0,0,5,HILLCREST LANE,negative_T_minus_H_minus_3y
10940,2000-02-15,CI,200.0,1967.0,33.0,0,0,5,EAGEN DR,negative_T_minus_H_minus_2y
6490,2000-02-15,CI,150.0,1953.0,47.0,0,0,5,CHAPEL ST,negative_T_minus_H_minus_5y
34620,2000-02-16,CI,150.0,1922.0,78.0,0,0,5,SHELDON AVE N,negative_T_minus_H_minus_1y
85972,2000-02-16,DI,150.0,1976.0,24.0,0,0,5,STRASBURG RD,negative_T_minus_H_minus_5y
1340,2000-02-17,CI,200.0,1961.0,39.0,0,0,5,AVON RD,negative_T_minus_H_minus_1y
14330,2000-02-17,CI,150.0,1953.0,47.0,1,0,5,FIFE AVE,negative_T_minus_H_minus_2y
24600,2000-02-18,CI,150.0,1958.0,42.0,0,1,5,LYNDHURST DR,positive_T_minus_H
5010,2000-02-18,CI,100.0,1959.0,41.0,0,0,5,BURBANK RD,negative_T_minus_H_minus_5y
79346,2000-02-18,CI,150.0,1962.0,38.0,0,0,5,ARCHER PL,negative_T_minus_H_minus_2y
92028,2000-02-19,CI,150.0,1957.0,43.0,1,1,5,CORNELL AVE,positive_T_minus_H
22460,2000-02-20,DI,150.0,1969.0,31.0,0,0,5,KINGSWOOD DR,negative_T_minus_H_minus_3y
86632,2000-02-20,DI,200.0,1976.0,24.0,0,0,5,BIEHN DR,negative_T_minus_H_minus_2y
76264,2000-02-21,CPP,450.0,1974.0,26.0,0,1,5,DUKE ST W,positive_T_minus_H
83746,2000-02-21,CI,150.0,1962.0,38.0,0,0,5,FOREST HILL DR,negative_T_minus_H_minus_5y
14580,2000-02-22,CI,150.0,1962.0,38.0,0,0,5,FISCHER HALLMAN RD,negative_T_minus_H_minus_5y
15830,2000-02-22,CI,150.0,1967.0,33.0,1,0,5,FURNESS DR,negative_T_minus_H_minus_3y
7960,2000-02-23,CI,150.0,1966.0,34.0,0,0,5,CONWAY DR,negative_T_minus_H_minus_5y
63560,2000-02-24,CI,150.0,1953.0,47.0,0,0,5,METZLOFF DR,negative_T_minus_H_minus_1y
84006,2000-02-24,DI,150.0,1967.0,33.0,1,0,5,HAYWARD AVE,negative_T_minus_H_minus_4y
1330,2000-02-27,CI,200.0,1961.0,39.0,1,0,5,AVON RD,negative_T_minus_H_minus_1y
14330,2000-02-28,CI,150.0,1953.0,47.0,1,1,5,FIFE AVE,positive_T_minus_H
19780,2000-02-28,CI,150.0,1967.0,33.0,0,0,5,HOLBORN DR,negative_T_minus_H_minus_2y
15200,2000-03-02,CI,150.0,1960.0,40.0,0,1,5,FOURTH AVE,positive_T_minus_H
95396,2000-03-02,CI,150.0,1958.0,42.0,0,0,5,WESTMOUNT RD E,negative_T_minus_H_minus_1y
29200,2000-03-03,CI,150.0,1952.0,48.0,3,1,5,OTTAWA ST N,positive_T_minus_H
84696,2000-03-03,CI,150.0,1955.0,45.0,0,0,5,KRUG ST,negative_T_minus_H_minus_4y
26990,2000-03-04,DI,200.0,1966.0,34.0,0,0,5,MONTCALM DR,negative_T_minus_H_minus_2y
36500,2000-03-05,CI,150.0,1962.0,38.0,0,0,5,STONYBROOK DR,negative_T_minus_H_minus_2y
6710,2000-03-05,CI,100.0,1922.0,78.0,1,1,5,CHARLES ST E,positive_T_minus_H
33980,2000-03-06,CI,150.0,1963.0,37.0,0,1,5,SCENIC DR,positive_T_minus_H
7780,2000-03-07,CI,150.0,1966.0,34.0,0,1,5,CONFEDERATION DR,positive_T_minus_H
4430,2000-03-08,DI,150.0,1952.0,48.0,6,1,5,BRICK ST,positive_T_minus_H
8070,2000-03-09,CI,150.0,1957.0,43.0,1,0,5,CORNELL AVE,negative_T_minus_H_minus_3y
24640,2000-03-10,CI,150.0,1958.0,42.0,0,0,5,LYNDHURST DR,negative_T_minus_H_minus_2y
38560,2000-03-10,CI,150.0,1954.0,46.0,0,0,5,UNION BLVD,negative_T_minus_H_minus_4y
15000,2000-03-11,DI,150.0,1969.0,31.0,0,0,5,FORESTWOOD DR,negative_T_minus_H_minus_5y
23480,2000-03-12,CI,150.0,1948.0,52.0,2,0,5,LANG CRES,negative_T_minus_H_minus_4y
38040,2000-03-13,CI,150.0,1958.0,42.0,0,0,5,TRAFALGAR AVE,negative_T_minus_H_minus_5y
3960,2000-03-14,CI,150.0,1965.0,35.0,0,1,5,BRADLEY DR,positive_T_minus_H
27320,2000-03-15,CI,150.0,1961.0,39.0,0,0,5,MORGAN AVE,negative_T_minus_H_minus_1y
82894,2000-03-15,CI,150.0,1974.0,26.0,0,0,5,BOSWORTH CRES,negative_T_minus_H_minus_1y
35600,2000-03-16,CI,150.0,1924.0,76.0,0,0,5,SPRING VALLEY RD,negative_T_minus_H_minus_2y
1100,2000-03-19,CI,150.0,1965.0,35.0,0,0,5,ASKIN PL,negative_T_minus_H_minus_3y
11030,2000-03-19,CI,300.0,1949.0,51.0,0,0,5,GLENDALE RD,negative_T_minus_H_minus_4y
20250,2000-03-19,CI,150.0,1967.0,33.0,0,0,5,INDIAN RD,negative_T_minus_H_minus_4y
34030,2000-03-20,CI,150.0,1967.0,33.0,0,0,5,SCHOFIELD DR,negative_T_minus_H_minus_5y
36970,2000-03-20,DI,150.0,1965.0,35.0,0,0,5,STRATHCONA CRES,negative_T_minus_H_minus_2y
37080,2000-03-20,CI,150.0,1964.0,36.0,0,0,5,SUMMIT AVE,negative_T_minus_H_minus_1y
8780,2000-03-23,CI,150.0,1963.0,37.0,1,0,5,CYPRUS DR,negative_T_minus_H_minus_1y
37210,2000-03-26,DI,150.0,1962.0,38.0,0,1,5,SWEETBRIAR DR,positive_T_minus_H
14920,2000-04-01,CI,200.0,1960.0,40.0,0,0,5,FOREST HILL DR,negative_T_minus_H_minus_5y
36540,2000-04-01,CI,150.0,1958.0,42.0,1,0,5,STONYBROOK DR,negative_T_minus_H_minus_1y
15370,2000-04-02,CI,300.0,1956.0,44.0,0,0,5,FRANKLIN ST N,negative_T_minus_H_minus_2y
95310,2000-04-07,DI,300.0,1968.0,32.0,0,0,5,WESTMOUNT RD E,negative_T_minus_H_minus_1y
5450,2000-04-09,CI,150.0,1953.0,47.0,0,0,5,CARLTON ST,negative_T_minus_H_minus_5y
94382,2000-04-11,CI,150.0,1961.0,39.0,0,1,5,SWEETBRIAR DR,positive_T_minus_H
90210,2000-04-12,CI,150.0,1967.0,33.0,1,0,5,CARNABY CRES,negative_T_minus_H_minus_5y
86864,2000-04-14,DI,150.0,1968.0,32.0,1,0,5,MARKWOOD DR,negative_T_minus_H_minus_3y
43030,2000-04-15,CI,300.0,1971.0,29.0,1,0,5,WESTWOOD DR,negative_T_minus_H_minus_1y
96098,2000-04-22,CI,200.0,1957.0,43.0,0,0,5,WESTMOUNT RD E,negative_T_minus_H_minus_4y
42130,2000-04-23,DI,300.0,1974.0,26.0,0,0,5,WESTHEIGHTS DR,negative_T_minus_H_minus_2y
87366,2000-04-26,CPP,1200.0,1989.0,11.0,1,1,5,BLEAMS RD,positive_T_minus_H
37220,2000-04-28,CI,150.0,1961.0,39.0,0,1,5,SWEETBRIAR DR,positive_T_minus_H
12950,2000-05-01,DI,150.0,1981.0,19.0,0,1,5,WOODVIEW CRES,positive_T_minus_H
14930,2000-05-03,CI,150.0,1958.0,42.0,0,0,5,FOREST HILL DR,negative_T_minus_H_minus_1y
7880,2000-05-05,CI,150.0,1953.0,47.0,0,0,5,CONNAUGHT ST,negative_T_minus_H_minus_3y
33660,2000-05-06,DI,200.0,1973.0,27.0,1,0,5,ROYAL ORCHARD DR,negative_T_minus_H_minus_3y
4096289,2000-05-06,XXX,50.0,1990.0,10.0,0,0,5,FAIRWAY RD S,negative_T_minus_H_minus_1y
42610,2000-05-11,CI,150.0,1958.0,42.0,0,0,5,WESTMOUNT RD E,negative_T_minus_H_minus_1y
21890,2000-05-16,CI,100.0,1937.0,63.0,0,0,5,KING ST E,negative_T_minus_H_minus_2y
81146,2000-05-16,CI,450.0,1960.0,40.0,0,0,5,BREITHAUPT ST,negative_T_minus_H_minus_5y
14820,2000-05-17,CI,200.0,1962.0,38.0,0,1,5,FOREST HILL DR,positive_T_minus_H
21890,2000-05-18,CI,100.0,1937.0,63.0,0,0,5,KING ST E,negative_T_minus_H_minus_2y
14090,2000-05-20,DI,200.0,1974.0,26.0,1,0,5,FARRIER DR,negative_T_minus_H_minus_5y
38560,2000-05-21,CI,150.0,1954.0,46.0,0,0,5,UNION BLVD,negative_T_minus_H_minus_4y
39700,2000-05-23,DI,300.0,1978.0,22.0,0,0,5,VICTORIA ST N,negative_T_minus_H_minus_5y
4138965,2000-05-23,XXX,150.0,1976.0,24.0,0,0,5,RIVER RD E,negative_T_minus_H_minus_1y
87758,2000-05-23,DI,150.0,1968.0,32.0,0,0,5,CHOPIN DR,negative_T_minus_H_minus_1y
29620,2000-05-25,CI,150.0,1929.0,71.0,1,0,5,OTTAWA ST S,negative_T_minus_H_minus_4y
93658,2000-05-26,DI,200.0,1978.0,22.0,0,0,5,OLD MILL RD,negative_T_minus_H_minus_5y
15460,2000-05-28,CI,150.0,1953.0,47.0,0,0,5,FRANKLIN ST S,negative_T_minus_H_minus_4y
22360,2000-05-31,CI,450.0,1962.0,38.0,0,0,5,KINGSWAY DR,negative_T_minus_H_minus_1y
32320,2000-06-01,CI,150.0,1960.0,40.0,1,0,5,RIPPLEWOOD CRES,negative_T_minus_H_minus_1y
5250,2000-06-01,CI,150.0,1954.0,46.0,1,0,5,CAMBRIDGE AVE,negative_T_minus_H_minus_4y
34390,2000-06-04,DI,150.0,1972.0,28.0,0,0,5,SHADELAND CRES,negative_T_minus_H_minus_2y
21220,2000-06-11,CI,150.0,1964.0,36.0,0,0,5,KENWOOD DR,negative_T_minus_H_minus_1y
24220,2000-06-11,DI,150.0,1965.0,35.0,0,0,5,LORRAINE AVE,negative_T_minus_H_minus_1y
80176,2000-06-11,CI,150.0,1958.0,42.0,0,0,5,BRIDGE ST W,negative_T_minus_H_minus_5y
76729,2000-06-13,DI,150.0,1967.0,33.0,2,0,5,HAYWARD AVE,negative_T_minus_H_minus_4y
11070,2000-06-15,CI,300.0,1949.0,51.0,1,1,5,EAST AVE,positive_T_minus_H
91264,2000-06-16,PVC,150.0,1995.0,5.0,1,0,5,FAIRWAY CRT,negative_T_minus_H_minus_5y
39040,2000-06-17,CI,200.0,1953.0,47.0,0,1,5,VANIER DR,positive_T_minus_H
14130,2000-06-20,DI,150.0,1974.0,26.0,0,0,5,FARRIER PL,negative_T_minus_H_minus_2y
19480,2000-06-20,DI,150.0,1972.0,28.0,0,0,5,HILLBROOK CRES,negative_T_minus_H_minus_2y
61873,2000-06-21,DI,450.0,1965.0,35.0,0,0,5,WAVERLY RD,negative_T_minus_H_minus_5y
7150,2000-06-21,DI,150.0,1968.0,32.0,1,1,5,CHOPIN DR,positive_T_minus_H
42530,2000-06-22,CI,150.0,1959.0,41.0,1,0,5,WESTMOUNT RD E,negative_T_minus_H_minus_1y
4096271,2000-06-23,XXX,50.0,1976.0,24.0,0,1,5,MANITOU DR,positive_T_minus_H
86674,2000-06-24,CI,150.0,1958.0,42.0,0,0,5,KENNETH AVE,negative_T_minus_H_minus_5y
4095182,2000-06-26,XXX,150.0,1975.0,25.0,0,0,5,KINGSWAY DR,negative_T_minus_H_minus_1y
78900,2000-07-02,DI,300.0,1974.0,26.0,0,0,5,BELMONT AVE W,negative_T_minus_H_minus_4y
56110,2000-07-05,PVC,150.0,1995.0,5.0,0,0,5,WINDWARD PL,negative_T_minus_H_minus_5y
840,2000-07-22,CI,300.0,1959.0,41.0,0,0,5,ARDELT AVE,negative_T_minus_H_minus_4y
31180,2000-07-23,CI,150.0,1954.0,46.0,0,0,5,PROSPECT AVE,negative_T_minus_H_minus_5y
88650,2000-07-26,DI,300.0,1969.0,31.0,0,0,5,MCGARRY DR,negative_T_minus_H_minus_1y
42930,2000-07-29,DI,300.0,1971.0,29.0,0,1,5,WESTWOOD DR,positive_T_minus_H
15520,2000-08-03,CI,150.0,1900.0,100.0,0,0,5,FREDERICK ST,negative_T_minus_H_minus_3y
8600,2000-08-03,CI,100.0,1960.0,40.0,0,0,5,CRAY CRES,negative_T_minus_H_minus_1y
91262,2000-08-05,DI,300.0,1968.0,32.0,0,0,5,HAZELGLEN DR,negative_T_minus_H_minus_1y
35020,2000-08-08,DI,300.0,1975.0,25.0,0,0,5,MAPLE HILL DR,negative_T_minus_H_minus_2y
21560,2000-08-09,DI,300.0,1974.0,26.0,0,0,5,KING ST W,negative_T_minus_H_minus_5y
61919,2000-08-11,CPP,750.0,1987.0,13.0,0,0,5,KING ST E,negative_T_minus_H_minus_2y
18970,2000-08-19,DI,300.0,1964.0,36.0,0,0,5,HIGHLAND RD W,negative_T_minus_H_minus_3y
27320,2000-08-19,CI,150.0,1961.0,39.0,0,0,5,MORGAN AVE,negative_T_minus_H_minus_5y
8130,2000-08-20,DI,300.0,1971.0,29.0,0,1,5,COUNTRY HILL DR,positive_T_minus_H
42930,2000-08-23,DI,300.0,1971.0,29.0,0,1,5,WESTWOOD DR,positive_T_minus_H
4099987,2000-09-06,XXX,25.0,1967.0,33.0,0,0,5,WREN CRES,negative_T_minus_H_minus_1y
35230,2000-09-07,CI,150.0,1950.0,50.0,0,0,5,SOUTH DR,negative_T_minus_H_minus_3y
80176,2000-09-08,CI,150.0,1958.0,42.0,0,0,5,BRIDGE ST W,negative_T_minus_H_minus_5y
91164,2000-09-09,CI,200.0,1960.0,40.0,0,0,5,FOREST HILL DR,negative_T_minus_H_minus_5y
91264,2000-09-09,PVC,150.0,1995.0,5.0,1,1,5,FAIRWAY CRT,positive_T_minus_H
12950,2000-09-11,DI,150.0,1981.0,19.0,0,1,5,WOODVIEW CRES,positive_T_minus_H
4642530,2000-09-11,PVC,25.0,1964.0,36.0,0,0,5,GREENBROOK DR,negative_T_minus_H_minus_1y
26000,2000-09-12,CI,150.0,1969.0,31.0,0,0,5,MCGARRY DR,negative_T_minus_H_minus_3y
40750,2000-09-12,DI,150.0,1966.0,34.0,1,0,5,WAYNE DR,negative_T_minus_H_minus_1y
61838,2000-09-18,CPP,600.0,1969.0,31.0,0,0,5,GRABER PL,negative_T_minus_H_minus_1y
27670,2000-09-21,CI,150.0,1964.0,36.0,0,0,5,NELSON AVE,negative_T_minus_H_minus_5y
35600,2000-09-24,CI,150.0,1924.0,76.0,0,0,5,SPRING VALLEY RD,negative_T_minus_H_minus_2y
5470,2000-09-29,DI,150.0,1977.0,23.0,0,1,5,CARLYLE DR,positive_T_minus_H
41480,2000-10-01,CI,150.0,1958.0,42.0,0,0,5,WEDGEWOOD DR,negative_T_minus_H_minus_1y
59910,2000-10-01,DI,150.0,1964.0,36.0,0,0,5,CHARLES ST E,negative_T_minus_H_minus_1y
43490,2000-10-03,CI,200.0,1958.0,42.0,0,0,5,WILSON AVE,negative_T_minus_H_minus_2y
21430,2000-10-10,CI,250.0,1889.0,111.0,1,0,5,KING ST W,negative_T_minus_H_minus_3y
15830,2000-10-13,CI,150.0,1967.0,33.0,1,0,5,FURNESS DR,negative_T_minus_H_minus_5y
20470,2000-10-14,CI,150.0,1955.0,45.0,1,0,5,ISLINGTON AVE,negative_T_minus_H_minus_2y
23310,2000-10-16,CI,450.0,1937.0,63.0,0,1,5,LANCASTER ST W,positive_T_minus_H
37090,2000-10-16,CI,150.0,1964.0,36.0,0,0,5,SUMMIT AVE,negative_T_minus_H_minus_2y
36970,2000-10-17,DI,150.0,1965.0,35.0,0,0,5,STRATHCONA CRES,negative_T_minus_H_minus_5y
19720,2000-10-18,DI,150.0,1967.0,33.0,0,1,5,HOLBORN DR,positive_T_minus_H
85102,2000-10-18,DI,150.0,1965.0,35.0,0,0,5,STRATHCONA CRES,negative_T_minus_H_minus_5y
14880,2000-10-20,CI,200.0,1962.0,38.0,0,0,5,FOREST HILL DR,negative_T_minus_H_minus_4y
39710,2000-10-21,DI,300.0,1978.0,22.0,0,0,5,VICTORIA ST N,negative_T_minus_H_minus_5y
29830,2000-10-22,DI,150.0,1966.0,34.0,1,0,5,OVERLEA DR,negative_T_minus_H_minus_1y
39710,2000-10-22,DI,300.0,1978.0,22.0,0,0,5,VICTORIA ST N,negative_T_minus_H_minus_5y
40140,2000-10-24,CI,150.0,1962.0,38.0,0,1,5,VILLAGE CRES,positive_T_minus_H
85558,2000-10-24,DI,200.0,1966.0,34.0,0,1,5,MONTCALM DR,positive_T_minus_H
11160,2000-10-25,CI,150.0,1967.0,33.0,0,0,5,EASTWOOD DR,negative_T_minus_H_minus_3y
21070,2000-10-25,CI,150.0,1962.0,38.0,0,0,5,KENNETH AVE,negative_T_minus_H_minus_5y
32670,2000-10-25,DI,300.0,1971.0,29.0,0,1,5,RIVER RD E,positive_T_minus_H
11830,2000-10-26,DI,250.0,1971.0,29.0,0,0,5,ELM RIDGE DR,negative_T_minus_H_minus_3y
28200,2000-10-26,CI,100.0,1952.0,48.0,0,0,5,OAKWOOD AVE,negative_T_minus_H_minus_5y
29800,2000-10-26,DI,150.0,1965.0,35.0,0,0,5,OVERLEA DR,negative_T_minus_H_minus_5y
20030,2000-10-27,CI,150.0,1963.0,37.0,2,0,5,HUGO CRES,negative_T_minus_H_minus_1y
19120,2000-10-28,CI,300.0,1964.0,36.0,0,0,5,HIGHLAND RD W,negative_T_minus_H_minus_2y
41030,2000-10-28,CI,150.0,1952.0,48.0,4,0,5,WEBER ST E,negative_T_minus_H_minus_3y
29850,2000-10-29,CI,150.0,1964.0,36.0,0,0,5,OWEN AVE,negative_T_minus_H_minus_1y
9560,2000-10-30,DI,150.0,1965.0,35.0,0,1,5,DOOLEY DR,positive_T_minus_H
23310,2000-11-02,CI,450.0,1937.0,63.0,0,1,5,LANCASTER ST W,positive_T_minus_H
35280,2000-11-02,CI,150.0,1958.0,42.0,0,0,5,SOUTHMOOR DR,negative_T_minus_H_minus_3y
5020,2000-11-02,CI,150.0,1959.0,41.0,0,1,5,BURBANK RD,positive_T_minus_H
8910,2000-11-02,DI,150.0,1967.0,33.0,0,0,5,DALEWOOD DR,negative_T_minus_H_minus_3y
32160,2000-11-05,CI,150.0,1963.0,37.0,3,0,5,RENNIE DR,negative_T_minus_H_minus_5y
20410,2000-11-06,DI,150.0,1966.0,34.0,0,0,5,INWOOD CRES,negative_T_minus_H_minus_4y
21840,2000-11-12,CI,150.0,1947.0,53.0,0,0,5,KING ST E,negative_T_minus_H_minus_5y
7960,2000-11-12,CI,150.0,1966.0,34.0,0,0,5,CONWAY DR,negative_T_minus_H_minus_2y
22600,2000-11-13,CI,150.0,1959.0,41.0,0,1,5,KIPLING AVE,positive_T_minus_H
22360,2000-11-14,CI,450.0,1962.0,38.0,0,0,5,KINGSWAY DR,negative_T_minus_H_minus_1y
31880,2000-11-18,CI,150.0,1966.0,34.0,0,0,5,QUEENSTON CRES,negative_T_minus_H_minus_1y
17270,2000-11-22,CI,200.0,1957.0,43.0,0,0,5,GREENBROOK DR,negative_T_minus_H_minus_3y
43960,2000-11-22,CI,150.0,1954.0,46.0,0,0,5,WOODHAVEN RD,negative_T_minus_H_minus_4y
63320,2000-11-24,CI,150.0,1956.0,44.0,0,0,5,ADMIRAL RD,negative_T_minus_H_minus_3y
9590,2000-11-25,CI,150.0,1958.0,42.0,1,0,5,DOON RD,negative_T_minus_H_minus_2y
27320,2000-11-26,CI,150.0,1961.0,39.0,0,0,5,MORGAN AVE,negative_T_minus_H_minus_1y
33060,2000-11-26,CI,150.0,1950.0,50.0,0,0,5,ROCKWAY DR,negative_T_minus_H_minus_2y
40150,2000-11-26,CI,150.0,1962.0,38.0,2,0,5,VILLAGE RD,negative_T_minus_H_minus_2y
41450,2000-11-28,CI,150.0,1958.0,42.0,0,0,5,WEDGEWOOD DR,negative_T_minus_H_minus_1y
19520,2000-11-29,CI,150.0,1967.0,33.0,0,0,5,HILLMOUNT ST,negative_T_minus_H_minus_2y
22530,2000-11-29,CI,150.0,1967.0,33.0,0,0,5,OBERMEYER DR,negative_T_minus_H_minus_2y
670,2000-11-29,CI,150.0,1963.0,37.0,0,0,5,ANTHONY PL,negative_T_minus_H_minus_2y
22900,2000-11-30,CI,300.0,1955.0,45.0,0,0,5,KRUG ST,negative_T_minus_H_minus_2y
36520,2000-11-30,CI,150.0,1962.0,38.0,1,1,5,STONYBROOK DR,positive_T_minus_H
76847,2000-11-30,CI,150.0,1922.0,78.0,0,0,5,SCOTT ST,negative_T_minus_H_minus_2y
82752,2000-11-30,CI,300.0,1964.0,36.0,2,0,5,GAGE AVE,negative_T_minus_H_minus_1y
14580,2000-12-01,CI,150.0,1962.0,38.0,0,0,5,FISCHER HALLMAN RD,negative_T_minus_H_minus_5y
15100,2000-12-01,DI,150.0,1977.0,23.0,0,0,5,FORFAR AVE,negative_T_minus_H_minus_3y
20470,2000-12-01,CI,150.0,1955.0,45.0,1,0,5,ISLINGTON AVE,negative_T_minus_H_minus_3y
24080,2000-12-01,CI,150.0,1950.0,50.0,0,0,5,LORNE AVE,negative_T_minus_H_minus_3y
24410,2000-12-01,CI,150.0,1948.0,52.0,0,1,5,LANG CRES,positive_T_minus_H
25590,2000-12-01,CI,150.0,1958.0,42.0,0,0,5,MASSEY AVE,negative_T_minus_H_minus_2y
27440,2000-12-01,DI,300.0,1979.0,21.0,0,0,5,MORRISON RD,negative_T_minus_H_minus_3y
29820,2000-12-01,DI,150.0,1966.0,34.0,0,0,5,OVERLEA DR,negative_T_minus_H_minus_3y
31580,2000-12-01,DI,300.0,1984.0,16.0,0,0,5,QUEEN ST S,negative_T_minus_H_minus_3y
35010,2000-12-01,DI,150.0,1972.0,28.0,0,0,5,SILVER ASPEN CRES,negative_T_minus_H_minus_3y
35150,2000-12-01,CI,150.0,1953.0,47.0,0,0,5,SIXTH AVE,negative_T_minus_H_minus_3y
4510,2000-12-01,DI,300.0,1981.0,19.0,0,0,5,BRIDGE ST E,negative_T_minus_H_minus_3y
85102,2000-12-01,DI,150.0,1965.0,35.0,0,0,5,STRATHCONA CRES,negative_T_minus_H_minus_3y
85314,2000-12-01,CI,150.0,1965.0,35.0,0,0,5,CLOVERDALE CRES,negative_T_minus_H_minus_3y
8950,2000-12-01,CI,150.0,1964.0,36.0,0,0,5,DANIEL AVE,negative_T_minus_H_minus_3y
91090,2000-12-01,CI,100.0,1958.0,42.0,0,0,5,STONYBROOK DR,negative_T_minus_H_minus_3y
14580,2000-12-02,CI,150.0,1962.0,38.0,0,0,5,FISCHER HALLMAN RD,negative_T_minus_H_minus_5y
30780,2000-12-02,DI,200.0,1972.0,28.0,0,0,5,PINNACLE DR,negative_T_minus_H_minus_1y
35270,2000-12-03,CI,150.0,1958.0,42.0,1,0,5,SOUTHMOOR DR,negative_T_minus_H_minus_2y
7560,2000-12-03,CI,150.0,1971.0,29.0,0,0,5,COACH HILL DR,negative_T_minus_H_minus_2y
14580,2000-12-06,CI,150.0,1962.0,38.0,0,1,5,FISCHER HALLMAN RD,positive_T_minus_H
96010,2000-12-06,CI,200.0,1961.0,39.0,0,0,5,COURTLAND AVE E,negative_T_minus_H_minus_4y
33060,2000-12-09,CI,150.0,1950.0,50.0,0,0,5,ROCKWAY DR,negative_T_minus_H_minus_2y
38490,2000-12-10,CI,150.0,1966.0,34.0,2,0,5,TUPPER CRES,negative_T_minus_H_minus_5y
23480,2000-12-12,CI,150.0,1948.0,52.0,2,0,5,LANG CRES,negative_T_minus_H_minus_1y
40440,2000-12-12,CI,150.0,1988.0,12.0,1,1,5,WARREN RD,positive_T_minus_H
5070,2000-12-12,CI,150.0,1961.0,39.0,0,0,5,BURLINGTON DR,negative_T_minus_H_minus_1y
7190,2000-12-12,CI,150.0,1964.0,36.0,1,0,5,CHRISTINE CRES,negative_T_minus_H_minus_2y
18000,2000-12-13,CI,200.0,1967.0,33.0,1,0,5,HANSON AVE,negative_T_minus_H_minus_4y
25590,2000-12-13,CI,150.0,1958.0,42.0,0,0,5,MASSEY AVE,negative_T_minus_H_minus_4y
27670,2000-12-13,CI,150.0,1964.0,36.0,0,0,5,NELSON AVE,negative_T_minus_H_minus_1y
31150,2000-12-13,CI,150.0,1955.0,45.0,0,0,5,PROSPECT AVE,negative_T_minus_H_minus_5y
17340,2000-12-15,CI,150.0,1956.0,44.0,0,0,5,GREENFIELD AVE,negative_T_minus_H_minus_1y
19090,2000-12-15,CI,300.0,1955.0,45.0,1,0,5,HIGHLAND RD E,negative_T_minus_H_minus_1y
12330,2000-12-16,CI,450.0,1964.0,36.0,0,0,5,TYSON DR,negative_T_minus_H_minus_5y
25590,2000-12-16,CI,150.0,1958.0,42.0,0,0,5,MASSEY AVE,negative_T_minus_H_minus_4y
31760,2000-12-16,CI,150.0,1953.0,47.0,0,0,5,QUEENS BLVD,negative_T_minus_H_minus_4y
10690,2000-12-17,CI,150.0,1955.0,45.0,0,0,5,DUNBAR RD,negative_T_minus_H_minus_5y
43570,2000-12-17,CI,200.0,1954.0,46.0,1,0,5,WILSON AVE,negative_T_minus_H_minus_5y
89922,2000-12-20,CI,150.0,1961.0,39.0,0,1,5,DUNCAIRN AVE,positive_T_minus_H
29860,2000-12-21,CI,150.0,1964.0,36.0,2,1,5,OWEN AVE,positive_T_minus_H
14880,2000-12-23,CI,200.0,1962.0,38.0,0,0,5,FOREST HILL DR,negative_T_minus_H_minus_1y
36480,2000-12-23,CI,150.0,1962.0,38.0,0,1,5,STONYBROOK DR,positive_T_minus_H
38560,2000-12-24,CI,150.0,1954.0,46.0,0,0,5,UNION BLVD,negative_T_minus_H_minus_5y
94706,2000-12-24,CI,150.0,1954.0,46.0,0,0,5,GREENFIELD AVE,negative_T_minus_H_minus_4y
21210,2000-12-25,CI,150.0,1958.0,42.0,2,0,5,KENWOOD DR,negative_T_minus_H_minus_4y
36980,2000-12-25,DI,150.0,1965.0,35.0,0,1,5,STRATHCONA CRES,positive_T_minus_H
85070,2000-12-26,CI,150.0,1957.0,43.0,0,0,5,VILLAGE RD,negative_T_minus_H_minus_2y
92734,2000-12-27,CI,150.0,1954.0,46.0,1,0,5,BYRON AVE,negative_T_minus_H_minus_5y
14010,2000-12-28,CI,150.0,1962.0,38.0,0,0,5,FALESY AVE,negative_T_minus_H_minus_5y
14280,2000-12-28,CI,200.0,1959.0,41.0,0,1,5,FERGUS AVE,positive_T_minus_H
14390,2000-12-29,CI,150.0,1957.0,43.0,1,1,5,FIRST AVE,positive_T_minus_H
17280,2000-12-29,CI,200.0,1957.0,43.0,0,0,5,GREENBROOK DR,negative_T_minus_H_minus_4y
21050,2000-12-29,CI,150.0,1958.0,42.0,0,0,5,KENNETH AVE,negative_T_minus_H_minus_5y
22610,2000-12-29,CI,150.0,1959.0,41.0,0,0,5,KIPLING AVE,negative_T_minus_H_minus_1y
40470,2000-12-29,DI,150.0,1988.0,12.0,0,0,5,WARREN RD,negative_T_minus_H_minus_4y
21050,2000-12-30,CI,150.0,1958.0,42.0,0,0,5,KENNETH AVE,negative_T_minus_H_minus_5y
78574,2001-01-02,CI,300.0,1939.0,62.0,0,0,5,EAST AVE,negative_T_minus_H_minus_5y
92920,2001-01-03,CI,150.0,1955.0,46.0,2,0,5,DONALD ST,negative_T_minus_H_minus_5y
25800,2001-01-04,CI,150.0,1954.0,47.0,0,0,5,MAYWOOD RD,negative_T_minus_H_minus_5y
30230,2001-01-04,DI,150.0,1966.0,35.0,0,0,5,PARKVIEW CRES,negative_T_minus_H_minus_5y
34210,2001-01-04,CI,200.0,1953.0,48.0,0,0,5,SECOND AVE,negative_T_minus_H_minus_5y
8070,2001-01-04,CI,150.0,1957.0,44.0,1,0,5,CORNELL AVE,negative_T_minus_H_minus_4y
37570,2001-01-05,CI,150.0,1965.0,36.0,0,0,5,TECUMSEH CRES,negative_T_minus_H_minus_5y
40150,2001-01-05,CI,150.0,1962.0,39.0,2,0,5,VILLAGE RD,negative_T_minus_H_minus_2y
36510,2001-01-06,CI,150.0,1962.0,39.0,1,0,5,STONYBROOK DR,negative_T_minus_H_minus_4y
77188,2001-01-08,DI,200.0,1959.0,42.0,0,0,5,RAITAR AVE,negative_T_minus_H_minus_1y
21220,2001-01-10,CI,150.0,1964.0,37.0,0,0,5,KENWOOD DR,negative_T_minus_H_minus_4y
22910,2001-01-10,CI,150.0,1955.0,46.0,0,0,5,,negative_T_minus_H_minus_3y
43900,2001-01-10,CI,150.0,1954.0,47.0,0,0,5,WOODHAVEN RD,negative_T_minus_H_minus_5y
64130,2001-01-10,CI,150.0,1966.0,35.0,1,0,5,INVERNESS DR,negative_T_minus_H_minus_2y
84006,2001-01-10,DI,150.0,1967.0,34.0,1,0,5,HAYWARD AVE,negative_T_minus_H_minus_5y
84400,2001-01-10,CI,150.0,1966.0,35.0,0,0,5,QUEENSTON DR,negative_T_minus_H_minus_5y
9590,2001-01-10,CI,150.0,1958.0,43.0,1,0,5,DOON RD,negative_T_minus_H_minus_2y
7960,2001-01-11,CI,150.0,1966.0,35.0,0,1,5,CONWAY DR,positive_T_minus_H
89754,2001-01-11,DI,100.0,1958.0,43.0,0,0,5,GREENBROOK DR,negative_T_minus_H_minus_5y
21070,2001-01-12,CI,150.0,1962.0,39.0,0,0,5,KENNETH AVE,negative_T_minus_H_minus_3y
34030,2001-01-12,CI,150.0,1967.0,34.0,0,0,5,SCHOFIELD DR,negative_T_minus_H_minus_2y
36550,2001-01-12,CI,150.0,1958.0,43.0,1,0,5,STONYBROOK DR,negative_T_minus_H_minus_4y
81454,2001-01-12,CI,150.0,1956.0,45.0,0,0,5,ADMIRAL RD,negative_T_minus_H_minus_3y
86280,2001-01-13,CI,150.0,1953.0,48.0,0,0,5,PATRICIA AVE,negative_T_minus_H_minus_1y
39600,2001-01-14,CI,200.0,1963.0,38.0,0,0,5,VICTORIA ST N,negative_T_minus_H_minus_4y
94040,2001-01-14,CI,150.0,1966.0,35.0,0,0,5,KINGSTON CRES,negative_T_minus_H_minus_2y
27310,2001-01-16,CI,450.0,1961.0,40.0,0,0,5,MORGAN AVE,negative_T_minus_H_minus_3y
38190,2001-01-16,CI,150.0,1958.0,43.0,0,1,5,TRAYNOR AVE,positive_T_minus_H
19030,2001-01-17,CI,150.0,1933.0,68.0,0,0,5,HIGHLAND RD E,negative_T_minus_H_minus_2y
64130,2001-01-17,CI,150.0,1966.0,35.0,1,0,5,INVERNESS DR,negative_T_minus_H_minus_1y
37540,2001-01-18,CI,150.0,1958.0,43.0,1,0,5,TANGLEWOOD AVE,negative_T_minus_H_minus_3y
27020,2001-01-19,CI,200.0,1965.0,36.0,0,0,5,MONTCALM DR,negative_T_minus_H_minus_5y
35250,2001-01-19,CI,150.0,1959.0,42.0,0,0,5,SOUTHDALE AVE,negative_T_minus_H_minus_4y
17720,2001-01-20,CI,150.0,1957.0,44.0,2,0,5,GUELPH ST,negative_T_minus_H_minus_5y
19320,2001-01-20,CI,150.0,1967.0,34.0,0,0,5,HIGHPARK AVE,negative_T_minus_H_minus_5y
27050,2001-01-20,DI,150.0,1988.0,13.0,0,0,5,MONTE CARLO ST,negative_T_minus_H_minus_3y
3440,2001-01-20,CI,300.0,1964.0,37.0,1,0,5,BLOOMINGDALE RD,negative_T_minus_H_minus_1y
37550,2001-01-20,CI,150.0,1965.0,36.0,2,0,5,TECUMSEH CRES,negative_T_minus_H_minus_5y
5250,2001-01-20,CI,150.0,1954.0,47.0,1,0,5,CAMBRIDGE AVE,negative_T_minus_H_minus_1y
58190,2001-01-20,DI,150.0,1971.0,30.0,0,0,5,KEVCO PL,negative_T_minus_H_minus_3y
94398,2001-01-20,CI,150.0,1960.0,41.0,0,0,5,WILKINS DR,negative_T_minus_H_minus_5y
21070,2001-01-21,CI,150.0,1962.0,39.0,0,0,5,KENNETH AVE,negative_T_minus_H_minus_5y
24130,2001-01-21,PVC,150.0,1994.0,7.0,0,0,5,LORNE CRES,negative_T_minus_H_minus_3y
270,2001-01-21,CI,150.0,1958.0,43.0,1,0,5,ABERDEEN RD,negative_T_minus_H_minus_1y
35140,2001-01-22,CI,150.0,1953.0,48.0,1,0,5,SIXTH AVE,negative_T_minus_H_minus_5y
40950,2001-01-22,CI,150.0,1924.0,77.0,0,0,5,SIMEON ST,negative_T_minus_H_minus_4y
58030,2001-01-22,DI,150.0,1967.0,34.0,0,0,5,HAYWARD AVE,negative_T_minus_H_minus_4y
85842,2001-01-23,DI,150.0,1966.0,35.0,0,0,5,CONFEDERATION DR,negative_T_minus_H_minus_3y
31670,2001-01-25,DI,200.0,1966.0,35.0,0,0,5,QUEENS BLVD,negative_T_minus_H_minus_1y
31770,2001-01-25,CI,150.0,1949.0,52.0,1,0,5,QUEENS BLVD,negative_T_minus_H_minus_1y
20490,2001-01-26,CI,150.0,1956.0,45.0,0,0,5,ISLINGTON AVE,negative_T_minus_H_minus_4y
79346,2001-01-26,CI,150.0,1962.0,39.0,0,0,5,ARCHER PL,negative_T_minus_H_minus_5y
31170,2001-01-27,CI,150.0,1954.0,47.0,1,0,5,PROSPECT AVE,negative_T_minus_H_minus_1y
31770,2001-01-27,CI,150.0,1949.0,52.0,1,0,5,QUEENS BLVD,negative_T_minus_H_minus_1y
33220,2001-01-27,DI,150.0,1978.0,23.0,0,0,5,ROLLING MEADOWS DR,negative_T_minus_H_minus_1y
68709,2001-01-27,AC,450.0,1980.0,21.0,0,0,5,FISCHER HALLMAN RD,negative_T_minus_H_minus_1y
85090,2001-01-27,CI,150.0,1959.0,42.0,0,1,5,GRAYSTONE AVE,positive_T_minus_H
86584,2001-01-27,CI,150.0,1958.0,43.0,0,0,5,HEARTH CRES,negative_T_minus_H_minus_5y
17330,2001-01-28,CI,150.0,1956.0,45.0,0,0,5,GREENFIELD AVE,negative_T_minus_H_minus_1y
20470,2001-01-28,CI,150.0,1955.0,46.0,1,0,5,ISLINGTON AVE,negative_T_minus_H_minus_3y
5510,2001-01-28,CI,150.0,1967.0,34.0,3,0,5,CARNABY CRES,negative_T_minus_H_minus_1y
90738,2001-01-28,CI,150.0,1948.0,53.0,0,0,5,STIRLING AVE S,negative_T_minus_H_minus_3y
37030,2001-01-29,DI,150.0,1981.0,20.0,0,0,5,SUGAR MAPLE ST,negative_T_minus_H_minus_3y
19640,2001-01-30,CI,150.0,1956.0,45.0,0,1,5,HOFFMAN ST,positive_T_minus_H
27100,2001-01-30,DI,100.0,1963.0,38.0,0,1,5,MONTEREY CRES,positive_T_minus_H
35140,2001-01-30,CI,150.0,1953.0,48.0,1,0,5,SIXTH AVE,negative_T_minus_H_minus_3y
44440,2001-01-30,DI,100.0,1961.0,40.0,0,0,5,YULE PL,negative_T_minus_H_minus_2y
68677,2001-01-30,CI,200.0,1953.0,48.0,0,0,5,SHELLEY DR,negative_T_minus_H_minus_4y
6230,2001-01-31,CI,150.0,1962.0,39.0,0,1,5,CENTREVILLE ST,positive_T_minus_H
29190,2001-02-02,CI,150.0,1952.0,49.0,0,0,5,OTTAWA ST N,negative_T_minus_H_minus_1y
42560,2001-02-02,CI,150.0,1958.0,43.0,0,0,5,VILLAGE RD,negative_T_minus_H_minus_5y
63680,2001-02-02,CI,150.0,1958.0,43.0,0,0,5,CONNAUGHT ST,negative_T_minus_H_minus_1y
87566,2001-02-03,PVC,300.0,2000.0,1.0,0,0,5,KING ST E,negative_T_minus_H_minus_2y
91628,2001-02-03,CI,150.0,1966.0,35.0,0,1,5,QUEENSTON CRES,positive_T_minus_H
88512,2001-02-04,CI,150.0,1954.0,47.0,0,0,5,FRANKLIN ST S,negative_T_minus_H_minus_3y
19770,2001-02-05,CI,150.0,1967.0,34.0,0,0,5,HOLBORN DR,negative_T_minus_H_minus_1y
30740,2001-02-05,DI,200.0,1968.0,33.0,0,0,5,PINEDALE DR,negative_T_minus_H_minus_4y
43920,2001-02-05,CI,150.0,1954.0,47.0,0,0,5,WOODHAVEN RD,negative_T_minus_H_minus_3y
16540,2001-02-06,DI,150.0,1970.0,31.0,1,0,5,GLEN AVON CRES,negative_T_minus_H_minus_3y
27010,2001-02-06,DI,200.0,1965.0,36.0,0,0,5,MONTCALM DR,negative_T_minus_H_minus_5y
8200,2001-02-07,DI,150.0,1978.0,23.0,0,0,5,COUNTRYSIDE CRES,negative_T_minus_H_minus_4y
14090,2001-02-08,DI,200.0,1974.0,27.0,1,0,5,FARRIER DR,negative_T_minus_H_minus_1y
30870,2001-02-08,DI,100.0,1976.0,25.0,0,0,5,PIONEER DR,negative_T_minus_H_minus_3y
19770,2001-02-09,CI,150.0,1967.0,34.0,0,0,5,HOLBORN DR,negative_T_minus_H_minus_2y
7720,2001-02-09,CI,100.0,1960.0,41.0,0,0,5,CHARLOTTE PL,negative_T_minus_H_minus_4y
82894,2001-02-09,CI,150.0,1974.0,27.0,0,0,5,BOSWORTH CRES,negative_T_minus_H_minus_3y
38560,2001-02-10,CI,150.0,1954.0,47.0,0,0,5,UNION BLVD,negative_T_minus_H_minus_2y
86390,2001-02-10,PVC,300.0,2000.0,1.0,0,0,5,KING ST E,negative_T_minus_H_minus_4y
17400,2001-02-11,CI,150.0,1953.0,48.0,0,0,5,GREENFIELD AVE,negative_T_minus_H_minus_3y
37280,2001-02-11,CI,300.0,1947.0,54.0,0,0,5,SYDNEY ST N,negative_T_minus_H_minus_5y
39030,2001-02-11,CI,200.0,1953.0,48.0,0,0,5,VANIER DR,negative_T_minus_H_minus_5y
7540,2001-02-11,CI,150.0,1965.0,36.0,0,0,5,CLOVERDALE CRES,negative_T_minus_H_minus_1y
900,2001-02-11,CI,150.0,1953.0,48.0,1,0,5,ARLINGTON BLVD,negative_T_minus_H_minus_3y
92072,2001-02-11,CI,150.0,1961.0,40.0,0,0,5,ROSEMOUNT DR,negative_T_minus_H_minus_1y
1340,2001-02-12,CI,200.0,1961.0,40.0,0,0,5,AVON RD,negative_T_minus_H_minus_1y
14930,2001-02-12,CI,150.0,1958.0,43.0,0,0,5,FOREST HILL DR,negative_T_minus_H_minus_1y
18960,2001-02-12,DI,200.0,1973.0,28.0,0,0,5,HIGHLAND CRES,negative_T_minus_H_minus_5y
22690,2001-02-12,DI,150.0,1988.0,13.0,0,0,5,KRISTI PL,negative_T_minus_H_minus_1y
39600,2001-02-12,CI,200.0,1963.0,38.0,0,0,5,VICTORIA ST N,negative_T_minus_H_minus_4y
38560,2001-02-13,CI,150.0,1954.0,47.0,0,1,5,UNION BLVD,positive_T_minus_H
78574,2001-02-13,CI,300.0,1939.0,62.0,0,1,5,EAST AVE,positive_T_minus_H
42890,2001-02-14,CI,150.0,1966.0,35.0,2,0,5,WESTWOOD CRES,negative_T_minus_H_minus_3y
7830,2001-02-14,CI,150.0,1962.0,39.0,0,0,5,CONNAUGHT ST,negative_T_minus_H_minus_4y
79756,2001-02-14,DI,150.0,1979.0,22.0,0,0,5,HILLCREST LANE,negative_T_minus_H_minus_2y
10940,2001-02-15,CI,200.0,1967.0,34.0,0,0,5,EAGEN DR,negative_T_minus_H_minus_1y
6490,2001-02-15,CI,150.0,1953.0,48.0,0,0,5,CHAPEL ST,negative_T_minus_H_minus_4y
34620,2001-02-16,CI,150.0,1922.0,79.0,0,1,5,SHELDON AVE N,positive_T_minus_H
85972,2001-02-16,DI,150.0,1976.0,25.0,0,0,5,STRASBURG RD,negative_T_minus_H_minus_4y
1340,2001-02-17,CI,200.0,1961.0,40.0,0,1,5,AVON RD,positive_T_minus_H
38980,2001-02-18,CI,150.0,1953.0,48.0,0,0,5,VALLEYVIEW RD,negative_T_minus_H_minus_5y
40150,2001-02-18,CI,150.0,1962.0,39.0,2,0,5,VILLAGE RD,negative_T_minus_H_minus_5y
5010,2001-02-18,CI,100.0,1959.0,42.0,0,0,5,BURBANK RD,negative_T_minus_H_minus_4y
79346,2001-02-18,CI,150.0,1962.0,39.0,0,0,5,ARCHER PL,negative_T_minus_H_minus_1y
22460,2001-02-20,DI,150.0,1969.0,32.0,0,0,5,KINGSWOOD DR,negative_T_minus_H_minus_2y
82460,2001-02-20,CI,150.0,1961.0,40.0,0,0,5,JANSEN AVE,negative_T_minus_H_minus_5y
86632,2001-02-20,DI,200.0,1976.0,25.0,0,0,5,BIEHN DR,negative_T_minus_H_minus_1y
96092,2001-02-20,CI,150.0,1962.0,39.0,0,0,5,ARCHER PL,negative_T_minus_H_minus_5y
39050,2001-02-21,CI,200.0,1953.0,48.0,0,0,5,VANIER DR,negative_T_minus_H_minus_5y
83746,2001-02-21,CI,150.0,1962.0,39.0,0,0,5,FOREST HILL DR,negative_T_minus_H_minus_4y
15830,2001-02-22,CI,150.0,1967.0,34.0,1,0,5,FURNESS DR,negative_T_minus_H_minus_2y
87828,2001-02-23,CI,150.0,1954.0,47.0,0,0,5,KRUG ST,negative_T_minus_H_minus_5y
57990,2001-02-24,CI,150.0,1959.0,42.0,2,1,5,EVERGREEN CRES,positive_T_minus_H
63560,2001-02-24,CI,150.0,1953.0,48.0,0,1,5,METZLOFF DR,positive_T_minus_H
670,2001-02-24,CI,150.0,1963.0,38.0,0,0,5,ANTHONY PL,negative_T_minus_H_minus_5y
84006,2001-02-24,DI,150.0,1967.0,34.0,1,0,5,HAYWARD AVE,negative_T_minus_H_minus_3y
24260,2001-02-25,DI,150.0,1965.0,36.0,1,0,5,LORRAINE AVE,negative_T_minus_H_minus_4y
29890,2001-02-25,CI,200.0,1946.0,55.0,0,0,5,OXFORD ST,negative_T_minus_H_minus_5y
1330,2001-02-27,CI,200.0,1961.0,40.0,1,1,5,AVON RD,positive_T_minus_H
19780,2001-02-28,CI,150.0,1967.0,34.0,0,0,5,HOLBORN DR,negative_T_minus_H_minus_1y
32320,2001-03-02,CI,150.0,1960.0,41.0,1,0,5,RIPPLEWOOD CRES,negative_T_minus_H_minus_5y
38970,2001-03-02,CI,150.0,1953.0,48.0,0,0,5,VALLEYVIEW RD,negative_T_minus_H_minus_5y
95396,2001-03-02,CI,150.0,1958.0,43.0,0,1,5,WESTMOUNT RD E,positive_T_minus_H
84696,2001-03-03,CI,150.0,1955.0,46.0,0,0,5,KRUG ST,negative_T_minus_H_minus_3y
26990,2001-03-04,DI,200.0,1966.0,35.0,0,0,5,MONTCALM DR,negative_T_minus_H_minus_1y
42890,2001-03-04,CI,150.0,1966.0,35.0,2,0,5,WESTWOOD CRES,negative_T_minus_H_minus_2y
36500,2001-03-05,CI,150.0,1962.0,39.0,0,0,5,STONYBROOK DR,negative_T_minus_H_minus_1y
17720,2001-03-07,CI,150.0,1957.0,44.0,2,0,5,GUELPH ST,negative_T_minus_H_minus_5y
8070,2001-03-09,CI,150.0,1957.0,44.0,1,0,5,CORNELL AVE,negative_T_minus_H_minus_2y
20620,2001-03-10,CI,150.0,1951.0,50.0,2,0,5,JOHNSTON ST,negative_T_minus_H_minus_2y
24640,2001-03-10,CI,150.0,1958.0,43.0,0,0,5,LYNDHURST DR,negative_T_minus_H_minus_1y
15000,2001-03-11,DI,150.0,1969.0,32.0,0,0,5,FORESTWOOD DR,negative_T_minus_H_minus_4y
23480,2001-03-12,CI,150.0,1948.0,53.0,2,0,5,LANG CRES,negative_T_minus_H_minus_3y
38040,2001-03-13,CI,150.0,1958.0,43.0,0,0,5,TRAFALGAR AVE,negative_T_minus_H_minus_4y
27320,2001-03-15,CI,150.0,1961.0,40.0,0,1,5,MORGAN AVE,positive_T_minus_H
82894,2001-03-15,CI,150.0,1974.0,27.0,0,1,5,BOSWORTH CRES,positive_T_minus_H
35600,2001-03-16,CI,150.0,1924.0,77.0,0,0,5,SPRING VALLEY RD,negative_T_minus_H_minus_1y
1100,2001-03-19,CI,150.0,1965.0,36.0,0,0,5,ASKIN PL,negative_T_minus_H_minus_2y
11030,2001-03-19,CI,300.0,1949.0,52.0,0,0,5,GLENDALE RD,negative_T_minus_H_minus_3y
20250,2001-03-19,CI,150.0,1967.0,34.0,0,0,5,INDIAN RD,negative_T_minus_H_minus_3y
34030,2001-03-20,CI,150.0,1967.0,34.0,0,0,5,SCHOFIELD DR,negative_T_minus_H_minus_4y
36970,2001-03-20,DI,150.0,1965.0,36.0,0,0,5,STRATHCONA CRES,negative_T_minus_H_minus_1y
37080,2001-03-20,CI,150.0,1964.0,37.0,0,1,5,SUMMIT AVE,positive_T_minus_H
8780,2001-03-23,CI,150.0,1963.0,38.0,1,1,5,CYPRUS DR,positive_T_minus_H
14920,2001-04-01,CI,200.0,1960.0,41.0,0,0,5,FOREST HILL DR,negative_T_minus_H_minus_4y
36540,2001-04-01,CI,150.0,1958.0,43.0,1,1,5,STONYBROOK DR,positive_T_minus_H
15370,2001-04-02,CI,300.0,1956.0,45.0,0,0,5,FRANKLIN ST N,negative_T_minus_H_minus_1y
95310,2001-04-07,DI,300.0,1968.0,33.0,0,1,5,WESTMOUNT RD E,positive_T_minus_H
30230,2001-04-08,DI,150.0,1966.0,35.0,0,0,5,PARKVIEW CRES,negative_T_minus_H_minus_5y
5450,2001-04-09,CI,150.0,1953.0,48.0,0,0,5,CARLTON ST,negative_T_minus_H_minus_4y
90210,2001-04-12,CI,150.0,1967.0,34.0,1,0,5,CARNABY CRES,negative_T_minus_H_minus_4y
86864,2001-04-14,DI,150.0,1968.0,33.0,1,0,5,MARKWOOD DR,negative_T_minus_H_minus_2y
43030,2001-04-15,CI,300.0,1971.0,30.0,1,1,5,WESTWOOD DR,positive_T_minus_H
96098,2001-04-22,CI,200.0,1957.0,44.0,0,0,5,WESTMOUNT RD E,negative_T_minus_H_minus_3y
42130,2001-04-23,DI,300.0,1974.0,27.0,0,0,5,WESTHEIGHTS DR,negative_T_minus_H_minus_1y
3440,2001-04-28,CI,300.0,1964.0,37.0,1,0,5,BLOOMINGDALE RD,negative_T_minus_H_minus_2y
19750,2001-04-29,DI,150.0,1967.0,34.0,0,0,5,HOLBORN DR,negative_T_minus_H_minus_5y
14930,2001-05-03,CI,150.0,1958.0,43.0,0,1,5,FOREST HILL DR,positive_T_minus_H
7880,2001-05-05,CI,150.0,1953.0,48.0,0,0,5,CONNAUGHT ST,negative_T_minus_H_minus_2y
33660,2001-05-06,DI,200.0,1973.0,28.0,1,0,5,ROYAL ORCHARD DR,negative_T_minus_H_minus_2y
4096289,2001-05-06,XXX,50.0,1990.0,11.0,0,1,5,FAIRWAY RD S,positive_T_minus_H
42610,2001-05-11,CI,150.0,1958.0,43.0,0,1,5,WESTMOUNT RD E,positive_T_minus_H
21890,2001-05-16,CI,100.0,1937.0,64.0,0,0,5,KING ST E,negative_T_minus_H_minus_1y
81146,2001-05-16,CI,450.0,1960.0,41.0,0,0,5,BREITHAUPT ST,negative_T_minus_H_minus_4y
21890,2001-05-18,CI,100.0,1937.0,64.0,0,0,5,KING ST E,negative_T_minus_H_minus_1y
14090,2001-05-20,DI,200.0,1974.0,27.0,1,0,5,FARRIER DR,negative_T_minus_H_minus_4y
39700,2001-05-23,DI,300.0,1978.0,23.0,0,0,5,VICTORIA ST N,negative_T_minus_H_minus_4y
4138965,2001-05-23,XXX,150.0,1976.0,25.0,0,1,5,RIVER RD E,positive_T_minus_H
87758,2001-05-23,DI,150.0,1968.0,33.0,0,1,5,CHOPIN DR,positive_T_minus_H
29620,2001-05-25,CI,150.0,1929.0,72.0,1,0,5,OTTAWA ST S,negative_T_minus_H_minus_3y
93658,2001-05-26,DI,200.0,1978.0,23.0,0,0,5,OLD MILL RD,negative_T_minus_H_minus_4y
15460,2001-05-28,CI,150.0,1953.0,48.0,0,0,5,FRANKLIN ST S,negative_T_minus_H_minus_3y
90648,2001-05-28,DI,150.0,1969.0,32.0,0,1,5,ROSSFORD CRES,positive_T_minus_H
22360,2001-05-31,CI,450.0,1962.0,39.0,0,1,5,KINGSWAY DR,positive_T_minus_H
32320,2001-06-01,CI,150.0,1960.0,41.0,1,1,5,RIPPLEWOOD CRES,positive_T_minus_H
43730,2001-06-01,DI,150.0,1975.0,26.0,0,0,5,WINDING WAY,negative_T_minus_H_minus_5y
5250,2001-06-01,CI,150.0,1954.0,47.0,1,0,5,CAMBRIDGE AVE,negative_T_minus_H_minus_3y
18280,2001-06-04,DI,300.0,1968.0,33.0,1,0,5,HAZELGLEN DR,negative_T_minus_H_minus_3y
34390,2001-06-04,DI,150.0,1972.0,29.0,0,0,5,SHADELAND CRES,negative_T_minus_H_minus_1y
15840,2001-06-06,CI,300.0,1969.0,32.0,1,0,5,GAGE AVE,negative_T_minus_H_minus_3y
3990,2001-06-08,CI,150.0,1965.0,36.0,3,1,5,BRADLEY DR,positive_T_minus_H
21220,2001-06-11,CI,150.0,1964.0,37.0,0,1,5,KENWOOD DR,positive_T_minus_H
24220,2001-06-11,DI,150.0,1965.0,36.0,0,1,5,LORRAINE AVE,positive_T_minus_H
80176,2001-06-11,CI,150.0,1958.0,43.0,0,0,5,BRIDGE ST W,negative_T_minus_H_minus_4y
76729,2001-06-13,DI,150.0,1967.0,34.0,2,0,5,HAYWARD AVE,negative_T_minus_H_minus_3y
84034,2001-06-14,DI,300.0,1974.0,27.0,0,0,5,DRIFTWOOD DR,negative_T_minus_H_minus_5y
14130,2001-06-20,DI,150.0,1974.0,27.0,0,0,5,FARRIER PL,negative_T_minus_H_minus_1y
19480,2001-06-20,DI,150.0,1972.0,29.0,0,0,5,HILLBROOK CRES,negative_T_minus_H_minus_1y
61873,2001-06-21,DI,450.0,1965.0,36.0,0,0,5,WAVERLY RD,negative_T_minus_H_minus_4y
42530,2001-06-22,CI,150.0,1959.0,42.0,1,1,5,WESTMOUNT RD E,positive_T_minus_H
86674,2001-06-24,CI,150.0,1958.0,43.0,0,0,5,KENNETH AVE,negative_T_minus_H_minus_4y
18230,2001-06-25,DI,300.0,1968.0,33.0,0,1,5,HAZELGLEN DR,positive_T_minus_H
4095182,2001-06-26,XXX,150.0,1975.0,26.0,0,1,5,KINGSWAY DR,positive_T_minus_H
59990,2001-07-02,CI,150.0,1950.0,51.0,0,0,5,EDNA ST,negative_T_minus_H_minus_5y
78900,2001-07-02,DI,300.0,1974.0,27.0,0,0,5,BELMONT AVE W,negative_T_minus_H_minus_3y
56110,2001-07-05,PVC,150.0,1995.0,6.0,0,0,5,WINDWARD PL,negative_T_minus_H_minus_4y
18280,2001-07-15,DI,300.0,1968.0,33.0,1,0,5,HAZELGLEN DR,negative_T_minus_H_minus_2y
840,2001-07-22,CI,300.0,1959.0,42.0,0,0,5,ARDELT AVE,negative_T_minus_H_minus_3y
31180,2001-07-23,CI,150.0,1954.0,47.0,0,0,5,PROSPECT AVE,negative_T_minus_H_minus_4y
2310,2001-07-26,CI,150.0,1967.0,34.0,0,0,5,BELWOOD CRES,negative_T_minus_H_minus_5y
88650,2001-07-26,DI,300.0,1969.0,32.0,0,1,5,MCGARRY DR,positive_T_minus_H
43970,2001-07-31,CI,150.0,1957.0,44.0,0,0,5,WOODHAVEN RD,negative_T_minus_H_minus_5y
8420,2001-08-01,CI,300.0,1967.0,34.0,0,1,5,COURTLAND AVE E,positive_T_minus_H
15520,2001-08-03,CI,150.0,1900.0,101.0,0,0,5,FREDERICK ST,negative_T_minus_H_minus_2y
8600,2001-08-03,CI,100.0,1960.0,41.0,0,1,5,CRAY CRES,positive_T_minus_H
91262,2001-08-05,DI,300.0,1968.0,33.0,0,1,5,HAZELGLEN DR,positive_T_minus_H
35020,2001-08-08,DI,300.0,1975.0,26.0,0,0,5,MAPLE HILL DR,negative_T_minus_H_minus_1y
21560,2001-08-09,DI,300.0,1974.0,27.0,0,0,5,KING ST W,negative_T_minus_H_minus_4y
61919,2001-08-11,CPP,750.0,1987.0,14.0,0,0,5,KING ST E,negative_T_minus_H_minus_1y
18970,2001-08-19,DI,300.0,1964.0,37.0,0,0,5,HIGHLAND RD W,negative_T_minus_H_minus_2y
76847,2001-08-30,CI,150.0,1922.0,79.0,0,0,5,SCOTT ST,negative_T_minus_H_minus_5y
4099987,2001-09-06,XXX,25.0,1967.0,34.0,0,1,5,WREN CRES,positive_T_minus_H
35230,2001-09-07,CI,150.0,1950.0,51.0,0,0,5,SOUTH DR,negative_T_minus_H_minus_2y
80176,2001-09-08,CI,150.0,1958.0,43.0,0,0,5,BRIDGE ST W,negative_T_minus_H_minus_4y
18180,2001-09-09,COP,50.0,1980.0,21.0,0,0,5,HARVEST CRT,negative_T_minus_H_minus_5y
91164,2001-09-09,CI,200.0,1960.0,41.0,0,0,5,FOREST HILL DR,negative_T_minus_H_minus_4y
4642530,2001-09-11,PVC,25.0,1964.0,37.0,0,1,5,GREENBROOK DR,positive_T_minus_H
26000,2001-09-12,CI,150.0,1969.0,32.0,0,0,5,MCGARRY DR,negative_T_minus_H_minus_2y
40750,2001-09-12,DI,150.0,1966.0,35.0,1,1,5,WAYNE DR,positive_T_minus_H
61838,2001-09-18,CPP,600.0,1969.0,32.0,0,1,5,GRABER PL,positive_T_minus_H
27670,2001-09-21,CI,150.0,1964.0,37.0,0,0,5,NELSON AVE,negative_T_minus_H_minus_4y
35600,2001-09-24,CI,150.0,1924.0,77.0,0,0,5,SPRING VALLEY RD,negative_T_minus_H_minus_1y
29640,2001-09-27,CI,150.0,1923.0,78.0,0,0,5,OTTAWA ST S,negative_T_minus_H_minus_5y
5600,2001-09-29,DI,200.0,1966.0,35.0,0,0,5,CARSON DR,negative_T_minus_H_minus_5y
41480,2001-10-01,CI,150.0,1958.0,43.0,0,1,5,WEDGEWOOD DR,positive_T_minus_H
59910,2001-10-01,DI,150.0,1964.0,37.0,0,1,5,CHARLES ST E,positive_T_minus_H
43490,2001-10-03,CI,200.0,1958.0,43.0,0,0,5,WILSON AVE,negative_T_minus_H_minus_1y
8400,2001-10-08,CI,300.0,1967.0,34.0,1,1,5,COURTLAND AVE E,positive_T_minus_H
21430,2001-10-10,CI,250.0,1889.0,112.0,1,0,5,KING ST W,negative_T_minus_H_minus_2y
15830,2001-10-13,CI,150.0,1967.0,34.0,1,0,5,FURNESS DR,negative_T_minus_H_minus_4y
20470,2001-10-14,CI,150.0,1955.0,46.0,1,0,5,ISLINGTON AVE,negative_T_minus_H_minus_1y
37090,2001-10-16,CI,150.0,1964.0,37.0,0,0,5,SUMMIT AVE,negative_T_minus_H_minus_1y
36970,2001-10-17,DI,150.0,1965.0,36.0,0,0,5,STRATHCONA CRES,negative_T_minus_H_minus_4y
85102,2001-10-18,DI,150.0,1965.0,36.0,0,0,5,STRATHCONA CRES,negative_T_minus_H_minus_4y
14880,2001-10-20,CI,200.0,1962.0,39.0,0,0,5,FOREST HILL DR,negative_T_minus_H_minus_3y
39710,2001-10-21,DI,300.0,1978.0,23.0,0,0,5,VICTORIA ST N,negative_T_minus_H_minus_4y
29830,2001-10-22,DI,150.0,1966.0,35.0,1,1,5,OVERLEA DR,positive_T_minus_H
39710,2001-10-22,DI,300.0,1978.0,23.0,0,0,5,VICTORIA ST N,negative_T_minus_H_minus_4y
11160,2001-10-25,CI,150.0,1967.0,34.0,0,0,5,EASTWOOD DR,negative_T_minus_H_minus_2y
17720,2001-10-25,CI,150.0,1957.0,44.0,2,0,5,GUELPH ST,negative_T_minus_H_minus_4y
21070,2001-10-25,CI,150.0,1962.0,39.0,0,0,5,KENNETH AVE,negative_T_minus_H_minus_4y
11830,2001-10-26,DI,250.0,1971.0,30.0,0,0,5,ELM RIDGE DR,negative_T_minus_H_minus_2y
28200,2001-10-26,CI,100.0,1952.0,49.0,0,0,5,OAKWOOD AVE,negative_T_minus_H_minus_4y
29800,2001-10-26,DI,150.0,1965.0,36.0,0,0,5,OVERLEA DR,negative_T_minus_H_minus_4y
20030,2001-10-27,CI,150.0,1963.0,38.0,2,1,5,HUGO CRES,positive_T_minus_H
19120,2001-10-28,CI,300.0,1964.0,37.0,0,0,5,HIGHLAND RD W,negative_T_minus_H_minus_1y
41030,2001-10-28,CI,150.0,1952.0,49.0,4,0,5,WEBER ST E,negative_T_minus_H_minus_2y
29850,2001-10-29,CI,150.0,1964.0,37.0,0,1,5,OWEN AVE,positive_T_minus_H
1230,2001-11-02,CI,150.0,1958.0,43.0,2,0,5,AVALON PL,negative_T_minus_H_minus_3y
35280,2001-11-02,CI,150.0,1958.0,43.0,0,0,5,SOUTHMOOR DR,negative_T_minus_H_minus_2y
8910,2001-11-02,DI,150.0,1967.0,34.0,0,0,5,DALEWOOD DR,negative_T_minus_H_minus_2y
32160,2001-11-05,CI,150.0,1963.0,38.0,3,0,5,RENNIE DR,negative_T_minus_H_minus_4y
20410,2001-11-06,DI,150.0,1966.0,35.0,0,0,5,INWOOD CRES,negative_T_minus_H_minus_3y
30740,2001-11-09,DI,200.0,1968.0,33.0,0,0,5,PINEDALE DR,negative_T_minus_H_minus_5y
7560,2001-11-11,CI,150.0,1971.0,30.0,0,0,5,COACH HILL DR,negative_T_minus_H_minus_5y
14390,2001-11-12,CI,150.0,1957.0,44.0,1,1,5,FIRST AVE,positive_T_minus_H
21840,2001-11-12,CI,150.0,1947.0,54.0,0,0,5,KING ST E,negative_T_minus_H_minus_4y
22360,2001-11-14,CI,450.0,1962.0,39.0,0,1,5,KINGSWAY DR,positive_T_minus_H
33530,2001-11-17,CI,150.0,1959.0,42.0,1,0,5,ROSS AVE,negative_T_minus_H_minus_5y
20430,2001-11-18,CI,150.0,1966.0,35.0,0,1,5,INWOOD DR,positive_T_minus_H
31880,2001-11-18,CI,150.0,1966.0,35.0,0,1,5,QUEENSTON CRES,positive_T_minus_H
17270,2001-11-22,CI,200.0,1957.0,44.0,0,0,5,GREENBROOK DR,negative_T_minus_H_minus_2y
43960,2001-11-22,CI,150.0,1954.0,47.0,0,0,5,WOODHAVEN RD,negative_T_minus_H_minus_3y
5040,2001-11-22,CI,150.0,1958.0,43.0,1,1,5,BURBANK RD,positive_T_minus_H
63320,2001-11-24,CI,150.0,1956.0,45.0,0,0,5,ADMIRAL RD,negative_T_minus_H_minus_2y
9590,2001-11-25,CI,150.0,1958.0,43.0,1,0,5,DOON RD,negative_T_minus_H_minus_1y
27320,2001-11-26,CI,150.0,1961.0,40.0,0,1,5,MORGAN AVE,positive_T_minus_H
33060,2001-11-26,CI,150.0,1950.0,51.0,0,0,5,ROCKWAY DR,negative_T_minus_H_minus_1y
40150,2001-11-26,CI,150.0,1962.0,39.0,2,0,5,VILLAGE RD,negative_T_minus_H_minus_1y
41450,2001-11-28,CI,150.0,1958.0,43.0,0,1,5,WEDGEWOOD DR,positive_T_minus_H
19520,2001-11-29,CI,150.0,1967.0,34.0,0,0,5,HILLMOUNT ST,negative_T_minus_H_minus_1y
22530,2001-11-29,CI,150.0,1967.0,34.0,0,0,5,OBERMEYER DR,negative_T_minus_H_minus_1y
40140,2001-11-29,CI,150.0,1962.0,39.0,0,1,5,VILLAGE CRES,positive_T_minus_H
670,2001-11-29,CI,150.0,1963.0,38.0,0,0,5,ANTHONY PL,negative_T_minus_H_minus_1y
22900,2001-11-30,CI,300.0,1955.0,46.0,0,0,5,KRUG ST,negative_T_minus_H_minus_1y
76847,2001-11-30,CI,150.0,1922.0,79.0,0,0,5,SCOTT ST,negative_T_minus_H_minus_1y
82752,2001-11-30,CI,300.0,1964.0,37.0,2,1,5,GAGE AVE,positive_T_minus_H
15100,2001-12-01,DI,150.0,1977.0,24.0,0,0,5,FORFAR AVE,negative_T_minus_H_minus_2y
20470,2001-12-01,CI,150.0,1955.0,46.0,1,0,5,ISLINGTON AVE,negative_T_minus_H_minus_2y
24080,2001-12-01,CI,150.0,1950.0,51.0,0,0,5,LORNE AVE,negative_T_minus_H_minus_2y
25590,2001-12-01,CI,150.0,1958.0,43.0,0,0,5,MASSEY AVE,negative_T_minus_H_minus_1y
27440,2001-12-01,DI,300.0,1979.0,22.0,0,0,5,MORRISON RD,negative_T_minus_H_minus_2y
29820,2001-12-01,DI,150.0,1966.0,35.0,0,0,5,OVERLEA DR,negative_T_minus_H_minus_2y
31580,2001-12-01,DI,300.0,1984.0,17.0,0,0,5,QUEEN ST S,negative_T_minus_H_minus_2y
35010,2001-12-01,DI,150.0,1972.0,29.0,0,0,5,SILVER ASPEN CRES,negative_T_minus_H_minus_2y
35150,2001-12-01,CI,150.0,1953.0,48.0,0,0,5,SIXTH AVE,negative_T_minus_H_minus_2y
4510,2001-12-01,DI,300.0,1981.0,20.0,0,0,5,BRIDGE ST E,negative_T_minus_H_minus_2y
85102,2001-12-01,DI,150.0,1965.0,36.0,0,0,5,STRATHCONA CRES,negative_T_minus_H_minus_2y
85314,2001-12-01,CI,150.0,1965.0,36.0,0,0,5,CLOVERDALE CRES,negative_T_minus_H_minus_2y
8950,2001-12-01,CI,150.0,1964.0,37.0,0,0,5,DANIEL AVE,negative_T_minus_H_minus_2y
91090,2001-12-01,CI,100.0,1958.0,43.0,0,0,5,STONYBROOK DR,negative_T_minus_H_minus_2y
30780,2001-12-02,DI,200.0,1972.0,29.0,0,1,5,PINNACLE DR,positive_T_minus_H
35270,2001-12-03,CI,150.0,1958.0,43.0,1,0,5,SOUTHMOOR DR,negative_T_minus_H_minus_1y
7560,2001-12-03,CI,150.0,1971.0,30.0,0,0,5,COACH HILL DR,negative_T_minus_H_minus_1y
42930,2001-12-04,DI,300.0,1971.0,30.0,0,1,5,WESTWOOD DR,positive_T_minus_H
63320,2001-12-06,CI,150.0,1956.0,45.0,0,0,5,ADMIRAL RD,negative_T_minus_H_minus_5y
96010,2001-12-06,CI,200.0,1961.0,40.0,0,0,5,COURTLAND AVE E,negative_T_minus_H_minus_3y
32070,2001-12-09,DI,150.0,1971.0,30.0,1,0,5,RAMBLEWOOD WAY,negative_T_minus_H_minus_3y
33060,2001-12-09,CI,150.0,1950.0,51.0,0,0,5,ROCKWAY DR,negative_T_minus_H_minus_1y
38040,2001-12-09,CI,150.0,1958.0,43.0,0,0,5,TRAFALGAR AVE,negative_T_minus_H_minus_5y
38490,2001-12-10,CI,150.0,1966.0,35.0,2,0,5,TUPPER CRES,negative_T_minus_H_minus_4y
18680,2001-12-11,CI,150.0,1960.0,41.0,1,0,5,HICKSON DR,negative_T_minus_H_minus_5y
23480,2001-12-12,CI,150.0,1948.0,53.0,2,1,5,LANG CRES,positive_T_minus_H
31160,2001-12-12,CI,150.0,1955.0,46.0,0,0,5,PROSPECT AVE,negative_T_minus_H_minus_5y
32170,2001-12-12,CI,150.0,1963.0,38.0,3,0,5,RENNIE DR,negative_T_minus_H_minus_5y
37220,2001-12-12,CI,150.0,1961.0,40.0,0,1,5,SWEETBRIAR DR,positive_T_minus_H
40740,2001-12-12,CI,150.0,1966.0,35.0,1,0,5,WAYNE DR,negative_T_minus_H_minus_5y
5070,2001-12-12,CI,150.0,1961.0,40.0,0,1,5,BURLINGTON DR,positive_T_minus_H
7190,2001-12-12,CI,150.0,1964.0,37.0,1,0,5,CHRISTINE CRES,negative_T_minus_H_minus_1y
14940,2001-12-13,CI,150.0,1958.0,43.0,0,1,5,FOREST HILL DR,positive_T_minus_H
18000,2001-12-13,CI,200.0,1967.0,34.0,1,0,5,HANSON AVE,negative_T_minus_H_minus_3y
25590,2001-12-13,CI,150.0,1958.0,43.0,0,0,5,MASSEY AVE,negative_T_minus_H_minus_3y
27670,2001-12-13,CI,150.0,1964.0,37.0,0,1,5,NELSON AVE,positive_T_minus_H
31150,2001-12-13,CI,150.0,1955.0,46.0,0,0,5,PROSPECT AVE,negative_T_minus_H_minus_4y
134092,2001-12-15,CI,300.0,1964.0,37.0,0,0,5,HIGHLAND RD E,negative_T_minus_H_minus_5y
138614,2001-12-15,PVC,300.0,1999.0,2.0,0,0,5,DAVID BERGEY DR,negative_T_minus_H_minus_5y
17340,2001-12-15,CI,150.0,1956.0,45.0,0,1,5,GREENFIELD AVE,positive_T_minus_H
19020,2001-12-15,CI,150.0,1933.0,68.0,0,0,5,HIGHLAND RD E,negative_T_minus_H_minus_5y
19090,2001-12-15,CI,300.0,1955.0,46.0,1,1,5,HIGHLAND RD E,positive_T_minus_H
21040,2001-12-15,CI,150.0,1958.0,43.0,1,0,5,KENNETH AVE,negative_T_minus_H_minus_5y
2270,2001-12-15,CI,450.0,1950.0,51.0,0,0,5,BELMONT AVE W,negative_T_minus_H_minus_5y
23040,2001-12-15,CI,150.0,1956.0,45.0,0,0,5,LAKESIDE DR,negative_T_minus_H_minus_5y
24100,2001-12-15,CI,150.0,1964.0,37.0,0,0,5,LORNE AVE,negative_T_minus_H_minus_5y
25520,2001-12-15,CI,150.0,1952.0,49.0,0,0,5,MARLBOROUGH AVE,negative_T_minus_H_minus_5y
26760,2001-12-15,CI,300.0,1930.0,71.0,0,0,5,MILL ST,negative_T_minus_H_minus_5y
29880,2001-12-15,CI,200.0,1946.0,55.0,0,0,5,OXFORD ST,negative_T_minus_H_minus_5y
31770,2001-12-15,CI,150.0,1949.0,52.0,1,0,5,QUEENS BLVD,negative_T_minus_H_minus_5y
31920,2001-12-15,CI,150.0,1966.0,35.0,0,0,5,QUEENSTON DR,negative_T_minus_H_minus_5y
33460,2001-12-15,CI,150.0,1961.0,40.0,0,1,5,ROSEMOUNT DR,positive_T_minus_H
35480,2001-12-15,CI,150.0,1927.0,74.0,0,0,5,SPADINA RD W,negative_T_minus_H_minus_5y
5000,2001-12-15,DI,250.0,1968.0,33.0,0,0,5,BRYBECK CRES,negative_T_minus_H_minus_5y
5510,2001-12-15,CI,150.0,1967.0,34.0,3,0,5,CARNABY CRES,negative_T_minus_H_minus_5y
61806,2001-12-15,DI,450.0,1968.0,33.0,0,0,5,LANCASTER ST W,negative_T_minus_H_minus_5y
64610,2001-12-15,PVC,150.0,1970.0,31.0,8,0,5,INGLESIDE DR,negative_T_minus_H_minus_5y
66040,2001-12-15,CPP,600.0,1994.0,7.0,0,0,5,FAIRWAY RD N,negative_T_minus_H_minus_5y
76566,2001-12-15,DI,150.0,1976.0,25.0,0,0,5,STONEGATE DR,negative_T_minus_H_minus_5y
76656,2001-12-15,CI,150.0,1925.0,76.0,0,0,5,STIRLING AVE S,negative_T_minus_H_minus_5y
78900,2001-12-15,DI,300.0,1974.0,27.0,0,0,5,BELMONT AVE W,negative_T_minus_H_minus_5y
80506,2001-12-15,DI,200.0,1994.0,7.0,0,0,5,WATERLOO ST,negative_T_minus_H_minus_5y
80852,2001-12-15,CI,200.0,1950.0,51.0,0,0,5,VICTORIA ST N,negative_T_minus_H_minus_5y
86864,2001-12-15,DI,150.0,1968.0,33.0,1,0,5,MARKWOOD DR,negative_T_minus_H_minus_5y
87930,2001-12-15,CI,150.0,1960.0,41.0,0,0,5,ROCKWAY DR,negative_T_minus_H_minus_5y
95686,2001-12-15,CI,300.0,1955.0,46.0,0,0,5,HIGHLAND RD E,negative_T_minus_H_minus_5y
12330,2001-12-16,CI,450.0,1964.0,37.0,0,0,5,TYSON DR,negative_T_minus_H_minus_4y
25590,2001-12-16,CI,150.0,1958.0,43.0,0,0,5,MASSEY AVE,negative_T_minus_H_minus_3y
31760,2001-12-16,CI,150.0,1953.0,48.0,0,0,5,QUEENS BLVD,negative_T_minus_H_minus_3y
10690,2001-12-17,CI,150.0,1955.0,46.0,0,0,5,DUNBAR RD,negative_T_minus_H_minus_4y
43570,2001-12-17,CI,200.0,1954.0,47.0,1,0,5,WILSON AVE,negative_T_minus_H_minus_4y
38850,2001-12-18,CI,150.0,1974.0,27.0,1,1,5,UPLANDS DR,positive_T_minus_H
14880,2001-12-23,CI,200.0,1962.0,39.0,0,1,5,FOREST HILL DR,positive_T_minus_H
94706,2001-12-24,CI,150.0,1954.0,47.0,0,0,5,GREENFIELD AVE,negative_T_minus_H_minus_3y
21210,2001-12-25,CI,150.0,1958.0,43.0,2,0,5,KENWOOD DR,negative_T_minus_H_minus_3y
85070,2001-12-26,CI,150.0,1957.0,44.0,0,0,5,VILLAGE RD,negative_T_minus_H_minus_1y
92734,2001-12-27,CI,150.0,1954.0,47.0,1,0,5,BYRON AVE,negative_T_minus_H_minus_4y
14010,2001-12-28,CI,150.0,1962.0,39.0,0,0,5,FALESY AVE,negative_T_minus_H_minus_4y
17280,2001-12-29,CI,200.0,1957.0,44.0,0,0,5,GREENBROOK DR,negative_T_minus_H_minus_3y
21050,2001-12-29,CI,150.0,1958.0,43.0,0,0,5,KENNETH AVE,negative_T_minus_H_minus_4y
22610,2001-12-29,CI,150.0,1959.0,42.0,0,1,5,KIPLING AVE,positive_T_minus_H
40470,2001-12-29,DI,150.0,1988.0,13.0,0,0,5,WARREN RD,negative_T_minus_H_minus_3y
21050,2001-12-30,CI,150.0,1958.0,43.0,0,0,5,KENNETH AVE,negative_T_minus_H_minus_4y
18700,2002-01-03,CI,150.0,1960.0,42.0,1,0,5,HICKSON DR,negative_T_minus_H_minus_5y
92920,2002-01-03,CI,150.0,1955.0,47.0,2,0,5,DONALD ST,negative_T_minus_H_minus_4y
25800,2002-01-04,CI,150.0,1954.0,48.0,0,0,5,MAYWOOD RD,negative_T_minus_H_minus_4y
30230,2002-01-04,DI,150.0,1966.0,36.0,0,0,5,PARKVIEW CRES,negative_T_minus_H_minus_4y
34210,2002-01-04,CI,200.0,1953.0,49.0,0,0,5,SECOND AVE,negative_T_minus_H_minus_4y
8070,2002-01-04,CI,150.0,1957.0,45.0,1,0,5,CORNELL AVE,negative_T_minus_H_minus_3y
37570,2002-01-05,CI,150.0,1965.0,37.0,0,0,5,TECUMSEH CRES,negative_T_minus_H_minus_4y
40150,2002-01-05,CI,150.0,1962.0,40.0,2,0,5,VILLAGE RD,negative_T_minus_H_minus_1y
36510,2002-01-06,CI,150.0,1962.0,40.0,1,0,5,STONYBROOK DR,negative_T_minus_H_minus_3y
4087857,2002-01-06,XXX,0.0,,,0,0,5,DUKE ST E,negative_T_minus_H_minus_5y
20570,2002-01-08,CI,150.0,1961.0,41.0,1,1,5,JANSEN AVE,positive_T_minus_H
68140,2002-01-08,HDPE,300.0,2002.0,0.0,0,0,5,HIGHLAND RD W,negative_T_minus_H_minus_3y
77188,2002-01-08,DI,200.0,1959.0,43.0,0,1,5,RAITAR AVE,positive_T_minus_H
87978,2002-01-09,CI,150.0,1953.0,49.0,0,0,5,PROSPECT AVE,negative_T_minus_H_minus_5y
22910,2002-01-10,CI,150.0,1955.0,47.0,0,0,5,,negative_T_minus_H_minus_2y
43900,2002-01-10,CI,150.0,1954.0,48.0,0,0,5,WOODHAVEN RD,negative_T_minus_H_minus_4y
64130,2002-01-10,CI,150.0,1966.0,36.0,1,0,5,INVERNESS DR,negative_T_minus_H_minus_1y
84006,2002-01-10,DI,150.0,1967.0,35.0,1,0,5,HAYWARD AVE,negative_T_minus_H_minus_4y
84400,2002-01-10,CI,150.0,1966.0,36.0,0,0,5,QUEENSTON DR,negative_T_minus_H_minus_4y
9590,2002-01-10,CI,150.0,1958.0,44.0,1,0,5,DOON RD,negative_T_minus_H_minus_1y
89754,2002-01-11,DI,100.0,1958.0,44.0,0,0,5,GREENBROOK DR,negative_T_minus_H_minus_4y
21070,2002-01-12,CI,150.0,1962.0,40.0,0,0,5,KENNETH AVE,negative_T_minus_H_minus_2y
34030,2002-01-12,CI,150.0,1967.0,35.0,0,0,5,SCHOFIELD DR,negative_T_minus_H_minus_1y
36550,2002-01-12,CI,150.0,1958.0,44.0,1,0,5,STONYBROOK DR,negative_T_minus_H_minus_3y
81454,2002-01-12,CI,150.0,1956.0,46.0,0,0,5,ADMIRAL RD,negative_T_minus_H_minus_2y
86280,2002-01-13,CI,150.0,1953.0,49.0,0,1,5,PATRICIA AVE,positive_T_minus_H
39600,2002-01-14,CI,200.0,1963.0,39.0,0,0,5,VICTORIA ST N,negative_T_minus_H_minus_3y
94040,2002-01-14,CI,150.0,1966.0,36.0,0,0,5,KINGSTON CRES,negative_T_minus_H_minus_1y
24310,2002-01-15,CI,150.0,1968.0,34.0,0,0,5,LORRAINE AVE,negative_T_minus_H_minus_5y
7280,2002-01-15,CI,150.0,1956.0,46.0,0,0,5,CLAREMONT AVE,negative_T_minus_H_minus_5y
27310,2002-01-16,CI,450.0,1961.0,41.0,0,0,5,MORGAN AVE,negative_T_minus_H_minus_2y
19030,2002-01-17,CI,150.0,1933.0,69.0,0,0,5,HIGHLAND RD E,negative_T_minus_H_minus_1y
64130,2002-01-17,CI,150.0,1966.0,36.0,1,1,5,INVERNESS DR,positive_T_minus_H
19860,2002-01-18,DI,150.0,1979.0,23.0,0,0,5,HOMESTEAD PL,negative_T_minus_H_minus_5y
37540,2002-01-18,CI,150.0,1958.0,44.0,1,0,5,TANGLEWOOD AVE,negative_T_minus_H_minus_2y
27020,2002-01-19,CI,200.0,1965.0,37.0,0,0,5,MONTCALM DR,negative_T_minus_H_minus_4y
35250,2002-01-19,CI,150.0,1959.0,43.0,0,0,5,SOUTHDALE AVE,negative_T_minus_H_minus_3y
17720,2002-01-20,CI,150.0,1957.0,45.0,2,0,5,GUELPH ST,negative_T_minus_H_minus_4y
19320,2002-01-20,CI,150.0,1967.0,35.0,0,0,5,HIGHPARK AVE,negative_T_minus_H_minus_4y
27050,2002-01-20,DI,150.0,1988.0,14.0,0,0,5,MONTE CARLO ST,negative_T_minus_H_minus_2y
3440,2002-01-20,CI,300.0,1964.0,38.0,1,1,5,BLOOMINGDALE RD,positive_T_minus_H
37550,2002-01-20,CI,150.0,1965.0,37.0,2,0,5,TECUMSEH CRES,negative_T_minus_H_minus_4y
38980,2002-01-20,CI,150.0,1953.0,49.0,0,0,5,VALLEYVIEW RD,negative_T_minus_H_minus_5y
5250,2002-01-20,CI,150.0,1954.0,48.0,1,1,5,CAMBRIDGE AVE,positive_T_minus_H
5620,2002-01-20,DI,200.0,1966.0,36.0,0,1,5,CARSON DR,positive_T_minus_H
58190,2002-01-20,DI,150.0,1971.0,31.0,0,0,5,KEVCO PL,negative_T_minus_H_minus_2y
85458,2002-01-20,DI,150.0,1962.0,40.0,0,0,5,MANCHESTER RD,negative_T_minus_H_minus_5y
94398,2002-01-20,CI,150.0,1960.0,42.0,0,0,5,WILKINS DR,negative_T_minus_H_minus_4y
21070,2002-01-21,CI,150.0,1962.0,40.0,0,0,5,KENNETH AVE,negative_T_minus_H_minus_4y
23740,2002-01-21,CI,150.0,1952.0,50.0,0,1,5,ST LEGER ST,positive_T_minus_H
24130,2002-01-21,PVC,150.0,1994.0,8.0,0,0,5,LORNE CRES,negative_T_minus_H_minus_2y
270,2002-01-21,CI,150.0,1958.0,44.0,1,1,5,ABERDEEN RD,positive_T_minus_H
87984,2002-01-21,CI,150.0,1963.0,39.0,0,1,5,RUSKVIEW RD,positive_T_minus_H
11710,2002-01-22,CI,150.0,1959.0,43.0,0,0,5,ELKINGTON DR,negative_T_minus_H_minus_5y
18120,2002-01-22,CI,150.0,1961.0,41.0,1,0,5,HAROLD AVE,negative_T_minus_H_minus_2y
20620,2002-01-22,CI,150.0,1951.0,51.0,2,0,5,JOHNSTON ST,negative_T_minus_H_minus_3y
35140,2002-01-22,CI,150.0,1953.0,49.0,1,0,5,SIXTH AVE,negative_T_minus_H_minus_4y
40950,2002-01-22,CI,150.0,1924.0,78.0,0,0,5,SIMEON ST,negative_T_minus_H_minus_3y
58030,2002-01-22,DI,150.0,1967.0,35.0,0,0,5,HAYWARD AVE,negative_T_minus_H_minus_3y
85842,2002-01-23,DI,150.0,1966.0,36.0,0,0,5,CONFEDERATION DR,negative_T_minus_H_minus_2y
31670,2002-01-25,DI,200.0,1966.0,36.0,0,1,5,QUEENS BLVD,positive_T_minus_H
31770,2002-01-25,CI,150.0,1949.0,53.0,1,1,5,QUEENS BLVD,positive_T_minus_H
34770,2002-01-25,DI,100.0,1968.0,34.0,0,0,5,SHELLEY PL,negative_T_minus_H_minus_5y
20490,2002-01-26,CI,150.0,1956.0,46.0,0,0,5,ISLINGTON AVE,negative_T_minus_H_minus_3y
79346,2002-01-26,CI,150.0,1962.0,40.0,0,0,5,ARCHER PL,negative_T_minus_H_minus_4y
31170,2002-01-27,CI,150.0,1954.0,48.0,1,1,5,PROSPECT AVE,positive_T_minus_H
31770,2002-01-27,CI,150.0,1949.0,53.0,1,1,5,QUEENS BLVD,positive_T_minus_H
33220,2002-01-27,DI,150.0,1978.0,24.0,0,1,5,ROLLING MEADOWS DR,positive_T_minus_H
68709,2002-01-27,AC,450.0,1980.0,22.0,0,1,5,FISCHER HALLMAN RD,positive_T_minus_H
86584,2002-01-27,CI,150.0,1958.0,44.0,0,0,5,HEARTH CRES,negative_T_minus_H_minus_4y
17330,2002-01-28,CI,150.0,1956.0,46.0,0,1,5,GREENFIELD AVE,positive_T_minus_H
20470,2002-01-28,CI,150.0,1955.0,47.0,1,0,5,ISLINGTON AVE,negative_T_minus_H_minus_2y
5510,2002-01-28,CI,150.0,1967.0,35.0,3,1,5,CARNABY CRES,positive_T_minus_H
90738,2002-01-28,CI,150.0,1948.0,54.0,0,0,5,STIRLING AVE S,negative_T_minus_H_minus_2y
37030,2002-01-29,DI,150.0,1981.0,21.0,0,0,5,SUGAR MAPLE ST,negative_T_minus_H_minus_2y
35140,2002-01-30,CI,150.0,1953.0,49.0,1,0,5,SIXTH AVE,negative_T_minus_H_minus_2y
44440,2002-01-30,DI,100.0,1961.0,41.0,0,0,5,YULE PL,negative_T_minus_H_minus_1y
68677,2002-01-30,CI,200.0,1953.0,49.0,0,0,5,SHELLEY DR,negative_T_minus_H_minus_3y
92140,2002-01-30,CI,150.0,1954.0,48.0,0,0,5,UNION BLVD,negative_T_minus_H_minus_5y
40130,2002-01-31,DI,150.0,1967.0,35.0,0,0,5,VIEWMONT CLOSE,negative_T_minus_H_minus_5y
29190,2002-02-02,CI,150.0,1952.0,50.0,0,1,5,OTTAWA ST N,positive_T_minus_H
42560,2002-02-02,CI,150.0,1958.0,44.0,0,0,5,VILLAGE RD,negative_T_minus_H_minus_4y
63680,2002-02-02,CI,150.0,1958.0,44.0,0,1,5,CONNAUGHT ST,positive_T_minus_H
87566,2002-02-03,PVC,300.0,2000.0,2.0,0,0,5,KING ST E,negative_T_minus_H_minus_1y
19760,2002-02-04,DI,150.0,1967.0,35.0,1,1,5,HOLBORN DR,positive_T_minus_H
88512,2002-02-04,CI,150.0,1954.0,48.0,0,0,5,FRANKLIN ST S,negative_T_minus_H_minus_2y
19770,2002-02-05,CI,150.0,1967.0,35.0,0,1,5,HOLBORN DR,positive_T_minus_H
30740,2002-02-05,DI,200.0,1968.0,34.0,0,0,5,PINEDALE DR,negative_T_minus_H_minus_3y
43920,2002-02-05,CI,150.0,1954.0,48.0,0,0,5,WOODHAVEN RD,negative_T_minus_H_minus_2y
16540,2002-02-06,DI,150.0,1970.0,32.0,1,0,5,GLEN AVON CRES,negative_T_minus_H_minus_2y
27010,2002-02-06,DI,200.0,1965.0,37.0,0,0,5,MONTCALM DR,negative_T_minus_H_minus_4y
8200,2002-02-07,DI,150.0,1978.0,24.0,0,0,5,COUNTRYSIDE CRES,negative_T_minus_H_minus_3y
14090,2002-02-08,DI,200.0,1974.0,28.0,1,1,5,FARRIER DR,positive_T_minus_H
30870,2002-02-08,DI,100.0,1976.0,26.0,0,0,5,PIONEER DR,negative_T_minus_H_minus_2y
35630,2002-02-08,CI,150.0,1960.0,42.0,2,1,5,SPRINGBANK CRES,positive_T_minus_H
5620,2002-02-08,DI,200.0,1966.0,36.0,1,1,5,CARSON DR,positive_T_minus_H
17230,2002-02-09,CI,200.0,1957.0,45.0,1,1,5,GREENBROOK DR,positive_T_minus_H
7720,2002-02-09,CI,100.0,1960.0,42.0,0,0,5,CHARLOTTE PL,negative_T_minus_H_minus_3y
57680,2002-02-10,CI,150.0,1955.0,47.0,1,1,5,EDNA ST,positive_T_minus_H
86390,2002-02-10,PVC,300.0,2000.0,2.0,0,0,5,KING ST E,negative_T_minus_H_minus_3y
17400,2002-02-11,CI,150.0,1953.0,49.0,0,0,5,GREENFIELD AVE,negative_T_minus_H_minus_2y
37280,2002-02-11,CI,300.0,1947.0,55.0,0,0,5,SYDNEY ST N,negative_T_minus_H_minus_4y
39030,2002-02-11,CI,200.0,1953.0,49.0,0,0,5,VANIER DR,negative_T_minus_H_minus_4y
7540,2002-02-11,CI,150.0,1965.0,37.0,0,1,5,CLOVERDALE CRES,positive_T_minus_H
900,2002-02-11,CI,150.0,1953.0,49.0,1,0,5,ARLINGTON BLVD,negative_T_minus_H_minus_2y
92072,2002-02-11,CI,150.0,1961.0,41.0,0,1,5,ROSEMOUNT DR,positive_T_minus_H
1340,2002-02-12,CI,200.0,1961.0,41.0,0,1,5,AVON RD,positive_T_minus_H
14930,2002-02-12,CI,150.0,1958.0,44.0,0,1,5,FOREST HILL DR,positive_T_minus_H
18960,2002-02-12,DI,200.0,1973.0,29.0,0,0,5,HIGHLAND CRES,negative_T_minus_H_minus_4y
22690,2002-02-12,DI,150.0,1988.0,14.0,0,1,5,KRISTI PL,positive_T_minus_H
39600,2002-02-12,CI,200.0,1963.0,39.0,0,0,5,VICTORIA ST N,negative_T_minus_H_minus_3y
42890,2002-02-14,CI,150.0,1966.0,36.0,2,0,5,WESTWOOD CRES,negative_T_minus_H_minus_2y
7830,2002-02-14,CI,150.0,1962.0,40.0,0,0,5,CONNAUGHT ST,negative_T_minus_H_minus_3y
79756,2002-02-14,DI,150.0,1979.0,23.0,0,0,5,HILLCREST LANE,negative_T_minus_H_minus_1y
10940,2002-02-15,CI,200.0,1967.0,35.0,0,1,5,EAGEN DR,positive_T_minus_H
21390,2002-02-15,CI,250.0,1889.0,113.0,2,0,5,KING ST W,negative_T_minus_H_minus_1y
6490,2002-02-15,CI,150.0,1953.0,49.0,0,0,5,CHAPEL ST,negative_T_minus_H_minus_3y
85972,2002-02-16,DI,150.0,1976.0,26.0,0,0,5,STRASBURG RD,negative_T_minus_H_minus_3y
14330,2002-02-17,CI,150.0,1953.0,49.0,1,1,5,FIFE AVE,positive_T_minus_H
42890,2002-02-17,CI,150.0,1966.0,36.0,2,0,5,WESTWOOD CRES,negative_T_minus_H_minus_5y
37810,2002-02-18,CI,150.0,1964.0,38.0,1,1,5,THORNRIDGE CRES,positive_T_minus_H
38980,2002-02-18,CI,150.0,1953.0,49.0,0,0,5,VALLEYVIEW RD,negative_T_minus_H_minus_4y
39040,2002-02-18,CI,200.0,1953.0,49.0,0,1,5,VANIER DR,positive_T_minus_H
40150,2002-02-18,CI,150.0,1962.0,40.0,2,0,5,VILLAGE RD,negative_T_minus_H_minus_4y
5010,2002-02-18,CI,100.0,1959.0,43.0,0,0,5,BURBANK RD,negative_T_minus_H_minus_3y
79346,2002-02-18,CI,150.0,1962.0,40.0,0,1,5,ARCHER PL,positive_T_minus_H
22460,2002-02-20,DI,150.0,1969.0,33.0,0,0,5,KINGSWOOD DR,negative_T_minus_H_minus_1y
82460,2002-02-20,CI,150.0,1961.0,41.0,0,0,5,JANSEN AVE,negative_T_minus_H_minus_4y
86632,2002-02-20,DI,200.0,1976.0,26.0,0,1,5,BIEHN DR,positive_T_minus_H
96092,2002-02-20,CI,150.0,1962.0,40.0,0,0,5,ARCHER PL,negative_T_minus_H_minus_4y
39050,2002-02-21,CI,200.0,1953.0,49.0,0,0,5,VANIER DR,negative_T_minus_H_minus_4y
83746,2002-02-21,CI,150.0,1962.0,40.0,0,0,5,FOREST HILL DR,negative_T_minus_H_minus_3y
15830,2002-02-22,CI,150.0,1967.0,35.0,1,0,5,FURNESS DR,negative_T_minus_H_minus_1y
85016,2002-02-23,CI,150.0,1967.0,35.0,2,0,5,THALER AVE,negative_T_minus_H_minus_5y
87828,2002-02-23,CI,150.0,1954.0,48.0,0,0,5,KRUG ST,negative_T_minus_H_minus_4y
670,2002-02-24,CI,150.0,1963.0,39.0,0,0,5,ANTHONY PL,negative_T_minus_H_minus_4y
84006,2002-02-24,DI,150.0,1967.0,35.0,1,0,5,HAYWARD AVE,negative_T_minus_H_minus_2y
24260,2002-02-25,DI,150.0,1965.0,37.0,1,0,5,LORRAINE AVE,negative_T_minus_H_minus_3y
29890,2002-02-25,CI,200.0,1946.0,56.0,0,0,5,OXFORD ST,negative_T_minus_H_minus_4y
4010,2002-02-25,CI,150.0,1965.0,37.0,0,1,5,BRADLEY DR,positive_T_minus_H
19780,2002-02-28,CI,150.0,1967.0,35.0,0,1,5,HOLBORN DR,positive_T_minus_H
38970,2002-03-02,CI,150.0,1953.0,49.0,0,0,5,VALLEYVIEW RD,negative_T_minus_H_minus_4y
84696,2002-03-03,CI,150.0,1955.0,47.0,0,0,5,KRUG ST,negative_T_minus_H_minus_2y
26990,2002-03-04,DI,200.0,1966.0,36.0,0,1,5,MONTCALM DR,positive_T_minus_H
42890,2002-03-04,CI,150.0,1966.0,36.0,2,0,5,WESTWOOD CRES,negative_T_minus_H_minus_1y
36500,2002-03-05,CI,150.0,1962.0,40.0,0,1,5,STONYBROOK DR,positive_T_minus_H
29200,2002-03-06,CI,150.0,1952.0,50.0,4,1,5,OTTAWA ST N,positive_T_minus_H
17720,2002-03-07,CI,150.0,1957.0,45.0,2,0,5,GUELPH ST,negative_T_minus_H_minus_4y
8070,2002-03-09,CI,150.0,1957.0,45.0,1,0,5,CORNELL AVE,negative_T_minus_H_minus_1y
20620,2002-03-10,CI,150.0,1951.0,51.0,2,0,5,JOHNSTON ST,negative_T_minus_H_minus_1y
24640,2002-03-10,CI,150.0,1958.0,44.0,0,1,5,LYNDHURST DR,positive_T_minus_H
15000,2002-03-11,DI,150.0,1969.0,33.0,0,0,5,FORESTWOOD DR,negative_T_minus_H_minus_3y
7290,2002-03-11,CI,100.0,1956.0,46.0,1,0,5,CLAREMONT AVE,negative_T_minus_H_minus_4y
38040,2002-03-13,CI,150.0,1958.0,44.0,0,0,5,TRAFALGAR AVE,negative_T_minus_H_minus_3y
6940,2002-03-13,CI,150.0,1960.0,42.0,2,1,5,CHARLOTTE CRES,positive_T_minus_H
35600,2002-03-16,CI,150.0,1924.0,78.0,0,1,5,SPRING VALLEY RD,positive_T_minus_H
38850,2002-03-16,CI,150.0,1974.0,28.0,1,1,5,UPLANDS DR,positive_T_minus_H
34670,2002-03-18,CI,150.0,1946.0,56.0,1,1,5,SHELDON AVE N,positive_T_minus_H
1100,2002-03-19,CI,150.0,1965.0,37.0,0,0,5,ASKIN PL,negative_T_minus_H_minus_1y
11030,2002-03-19,CI,300.0,1949.0,53.0,0,0,5,GLENDALE RD,negative_T_minus_H_minus_2y
20250,2002-03-19,CI,150.0,1967.0,35.0,0,0,5,INDIAN RD,negative_T_minus_H_minus_2y
7950,2002-03-19,CI,150.0,1966.0,36.0,1,1,5,CONWAY DR,positive_T_minus_H
34030,2002-03-20,CI,150.0,1967.0,35.0,0,0,5,SCHOFIELD DR,negative_T_minus_H_minus_3y
36970,2002-03-20,DI,150.0,1965.0,37.0,0,1,5,STRATHCONA CRES,positive_T_minus_H
43540,2002-03-21,CI,200.0,1954.0,48.0,0,1,5,WILSON AVE,positive_T_minus_H
88528,2002-03-31,DI,150.0,1992.0,10.0,0,1,5,SCHUELLER ST,positive_T_minus_H
14920,2002-04-01,CI,200.0,1960.0,42.0,0,0,5,FOREST HILL DR,negative_T_minus_H_minus_3y
15370,2002-04-02,CI,300.0,1956.0,46.0,0,1,5,FRANKLIN ST N,positive_T_minus_H
30230,2002-04-08,DI,150.0,1966.0,36.0,0,0,5,PARKVIEW CRES,negative_T_minus_H_minus_4y
5450,2002-04-09,CI,150.0,1953.0,49.0,0,0,5,CARLTON ST,negative_T_minus_H_minus_3y
90210,2002-04-12,CI,150.0,1967.0,35.0,1,0,5,CARNABY CRES,negative_T_minus_H_minus_3y
86864,2002-04-14,DI,150.0,1968.0,34.0,1,0,5,MARKWOOD DR,negative_T_minus_H_minus_1y
96098,2002-04-22,CI,200.0,1957.0,45.0,0,0,5,WESTMOUNT RD E,negative_T_minus_H_minus_2y
42130,2002-04-23,DI,300.0,1974.0,28.0,0,1,5,WESTHEIGHTS DR,positive_T_minus_H
85956,2002-04-27,PVC,450.0,2002.0,0.0,0,1,5,BLEAMS RD,positive_T_minus_H
19750,2002-04-29,DI,150.0,1967.0,35.0,0,0,5,HOLBORN DR,negative_T_minus_H_minus_4y
44100,2002-05-03,CI,100.0,1958.0,44.0,0,0,5,WOOLWICH ST,negative_T_minus_H_minus_5y
7880,2002-05-05,CI,150.0,1953.0,49.0,0,0,5,CONNAUGHT ST,negative_T_minus_H_minus_1y
33660,2002-05-06,DI,200.0,1973.0,29.0,1,0,5,ROYAL ORCHARD DR,negative_T_minus_H_minus_1y
21890,2002-05-16,CI,100.0,1937.0,65.0,0,1,5,KING ST E,positive_T_minus_H
81146,2002-05-16,CI,450.0,1960.0,42.0,0,0,5,BREITHAUPT ST,negative_T_minus_H_minus_3y
21890,2002-05-18,CI,100.0,1937.0,65.0,0,1,5,KING ST E,positive_T_minus_H
39700,2002-05-23,DI,300.0,1978.0,24.0,0,0,5,VICTORIA ST N,negative_T_minus_H_minus_3y
29620,2002-05-25,CI,150.0,1929.0,73.0,1,0,5,OTTAWA ST S,negative_T_minus_H_minus_2y
93658,2002-05-26,DI,200.0,1978.0,24.0,0,0,5,OLD MILL RD,negative_T_minus_H_minus_3y
15460,2002-05-28,CI,150.0,1953.0,49.0,0,0,5,FRANKLIN ST S,negative_T_minus_H_minus_2y
43730,2002-06-01,DI,150.0,1975.0,27.0,0,0,5,WINDING WAY,negative_T_minus_H_minus_4y
18280,2002-06-04,DI,300.0,1968.0,34.0,1,0,5,HAZELGLEN DR,negative_T_minus_H_minus_2y
34390,2002-06-04,DI,150.0,1972.0,30.0,0,1,5,SHADELAND CRES,positive_T_minus_H
15840,2002-06-06,CI,300.0,1969.0,33.0,1,0,5,GAGE AVE,negative_T_minus_H_minus_2y
63740,2002-06-11,DI,300.0,1991.0,11.0,0,0,5,DUKE ST E,negative_T_minus_H_minus_5y
80176,2002-06-11,CI,150.0,1958.0,44.0,0,0,5,BRIDGE ST W,negative_T_minus_H_minus_3y
76729,2002-06-13,DI,150.0,1967.0,35.0,2,0,5,HAYWARD AVE,negative_T_minus_H_minus_2y
84034,2002-06-14,DI,300.0,1974.0,28.0,0,0,5,DRIFTWOOD DR,negative_T_minus_H_minus_4y
14130,2002-06-20,DI,150.0,1974.0,28.0,0,1,5,FARRIER PL,positive_T_minus_H
19480,2002-06-20,DI,150.0,1972.0,30.0,0,1,5,HILLBROOK CRES,positive_T_minus_H
61873,2002-06-21,DI,450.0,1965.0,37.0,0,0,5,WAVERLY RD,negative_T_minus_H_minus_3y
86674,2002-06-24,CI,150.0,1958.0,44.0,0,0,5,KENNETH AVE,negative_T_minus_H_minus_3y
17720,2002-06-26,CI,150.0,1957.0,45.0,2,0,5,GUELPH ST,negative_T_minus_H_minus_5y
59990,2002-07-02,CI,150.0,1950.0,52.0,0,0,5,EDNA ST,negative_T_minus_H_minus_4y
78900,2002-07-02,DI,300.0,1974.0,28.0,0,0,5,BELMONT AVE W,negative_T_minus_H_minus_2y
6710,2002-07-03,CI,100.0,1922.0,80.0,1,1,5,CHARLES ST E,positive_T_minus_H
56110,2002-07-05,PVC,150.0,1995.0,7.0,0,0,5,WINDWARD PL,negative_T_minus_H_minus_3y
18280,2002-07-15,DI,300.0,1968.0,34.0,1,0,5,HAZELGLEN DR,negative_T_minus_H_minus_1y
21450,2002-07-18,CI,250.0,1889.0,113.0,0,0,5,KING ST W,negative_T_minus_H_minus_5y
8870,2002-07-19,DI,150.0,1972.0,30.0,3,1,5,DALEGROVE DR,positive_T_minus_H
840,2002-07-22,CI,300.0,1959.0,43.0,0,0,5,ARDELT AVE,negative_T_minus_H_minus_2y
31180,2002-07-23,CI,150.0,1954.0,48.0,0,0,5,PROSPECT AVE,negative_T_minus_H_minus_3y
2310,2002-07-26,CI,150.0,1967.0,35.0,0,0,5,BELWOOD CRES,negative_T_minus_H_minus_4y
43970,2002-07-31,CI,150.0,1957.0,45.0,0,0,5,WOODHAVEN RD,negative_T_minus_H_minus_4y
15520,2002-08-03,CI,150.0,1900.0,102.0,0,0,5,FREDERICK ST,negative_T_minus_H_minus_1y
4646730,2002-08-04,PVC,150.0,2002.0,0.0,0,0,5,KING ST W,negative_T_minus_H_minus_3y
5550,2002-08-04,DI,200.0,1968.0,34.0,0,0,5,CARSON DR,negative_T_minus_H_minus_5y
35020,2002-08-08,DI,300.0,1975.0,27.0,0,1,5,MAPLE HILL DR,positive_T_minus_H
21560,2002-08-09,DI,300.0,1974.0,28.0,0,0,5,KING ST W,negative_T_minus_H_minus_3y
61919,2002-08-11,CPP,750.0,1987.0,15.0,0,1,5,KING ST E,positive_T_minus_H
80176,2002-08-15,CI,150.0,1958.0,44.0,0,0,5,BRIDGE ST W,negative_T_minus_H_minus_5y
19530,2002-08-16,CI,150.0,1967.0,35.0,0,1,5,HILLMOUNT ST,positive_T_minus_H
18970,2002-08-19,DI,300.0,1964.0,38.0,0,0,5,HIGHLAND RD W,negative_T_minus_H_minus_1y
76847,2002-08-30,CI,150.0,1922.0,80.0,0,0,5,SCOTT ST,negative_T_minus_H_minus_4y
22530,2002-08-31,CI,150.0,1967.0,35.0,0,0,5,OBERMEYER DR,negative_T_minus_H_minus_5y
35230,2002-09-07,CI,150.0,1950.0,52.0,0,0,5,SOUTH DR,negative_T_minus_H_minus_1y
80176,2002-09-08,CI,150.0,1958.0,44.0,0,0,5,BRIDGE ST W,negative_T_minus_H_minus_3y
18180,2002-09-09,COP,50.0,1980.0,22.0,0,0,5,HARVEST CRT,negative_T_minus_H_minus_4y
91164,2002-09-09,CI,200.0,1960.0,42.0,0,0,5,FOREST HILL DR,negative_T_minus_H_minus_3y
26000,2002-09-12,CI,150.0,1969.0,33.0,0,0,5,MCGARRY DR,negative_T_minus_H_minus_1y
35600,2002-09-24,CI,150.0,1924.0,78.0,0,1,5,SPRING VALLEY RD,positive_T_minus_H
29640,2002-09-27,CI,150.0,1923.0,79.0,0,0,5,OTTAWA ST S,negative_T_minus_H_minus_4y
5600,2002-09-29,DI,200.0,1966.0,36.0,0,0,5,CARSON DR,negative_T_minus_H_minus_4y
43490,2002-10-03,CI,200.0,1958.0,44.0,0,1,5,WILSON AVE,positive_T_minus_H
21430,2002-10-10,CI,250.0,1889.0,113.0,1,0,5,KING ST W,negative_T_minus_H_minus_1y
15830,2002-10-13,CI,150.0,1967.0,35.0,1,0,5,FURNESS DR,negative_T_minus_H_minus_3y
20470,2002-10-14,CI,150.0,1955.0,47.0,1,1,5,ISLINGTON AVE,positive_T_minus_H
37090,2002-10-16,CI,150.0,1964.0,38.0,0,1,5,SUMMIT AVE,positive_T_minus_H
3880,2002-10-18,CI,150.0,1925.0,77.0,2,0,5,BORDEN AVE S,negative_T_minus_H_minus_3y
85102,2002-10-18,DI,150.0,1965.0,37.0,0,0,5,STRATHCONA CRES,negative_T_minus_H_minus_3y
42920,2002-10-19,DI,300.0,1969.0,33.0,1,0,5,WESTWOOD DR,negative_T_minus_H_minus_1y
39710,2002-10-21,DI,300.0,1978.0,24.0,0,0,5,VICTORIA ST N,negative_T_minus_H_minus_3y
39710,2002-10-22,DI,300.0,1978.0,24.0,0,0,5,VICTORIA ST N,negative_T_minus_H_minus_3y
11160,2002-10-25,CI,150.0,1967.0,35.0,0,0,5,EASTWOOD DR,negative_T_minus_H_minus_1y
17720,2002-10-25,CI,150.0,1957.0,45.0,2,0,5,GUELPH ST,negative_T_minus_H_minus_3y
21070,2002-10-25,CI,150.0,1962.0,40.0,0,0,5,KENNETH AVE,negative_T_minus_H_minus_3y
11830,2002-10-26,DI,250.0,1971.0,31.0,0,0,5,ELM RIDGE DR,negative_T_minus_H_minus_1y
28200,2002-10-26,CI,100.0,1952.0,50.0,0,0,5,OAKWOOD AVE,negative_T_minus_H_minus_3y
29800,2002-10-26,DI,150.0,1965.0,37.0,0,0,5,OVERLEA DR,negative_T_minus_H_minus_3y
21170,2002-10-27,CI,150.0,1926.0,76.0,1,0,5,KENT AVE,negative_T_minus_H_minus_4y
19120,2002-10-28,CI,300.0,1964.0,38.0,0,1,5,HIGHLAND RD W,positive_T_minus_H
41030,2002-10-28,CI,150.0,1952.0,50.0,4,0,5,WEBER ST E,negative_T_minus_H_minus_1y
29630,2002-10-30,CI,150.0,1923.0,79.0,1,1,5,OTTAWA ST S,positive_T_minus_H
1230,2002-11-02,CI,150.0,1958.0,44.0,2,0,5,AVALON PL,negative_T_minus_H_minus_2y
35280,2002-11-02,CI,150.0,1958.0,44.0,0,0,5,SOUTHMOOR DR,negative_T_minus_H_minus_1y
8910,2002-11-02,DI,150.0,1967.0,35.0,0,0,5,DALEWOOD DR,negative_T_minus_H_minus_1y
590,2002-11-03,DI,300.0,1965.0,37.0,0,0,5,ALPINE RD,negative_T_minus_H_minus_5y
32160,2002-11-05,CI,150.0,1963.0,39.0,3,0,5,RENNIE DR,negative_T_minus_H_minus_3y
20410,2002-11-06,DI,150.0,1966.0,36.0,0,0,5,INWOOD CRES,negative_T_minus_H_minus_2y
133314,2002-11-08,CI,300.0,1964.0,38.0,0,0,5,FRANKLIN ST N,negative_T_minus_H_minus_5y
30740,2002-11-09,DI,200.0,1968.0,34.0,0,0,5,PINEDALE DR,negative_T_minus_H_minus_4y
33630,2002-11-11,DI,200.0,1976.0,26.0,0,0,5,ROYAL ORCHARD DR,negative_T_minus_H_minus_5y
35250,2002-11-11,CI,150.0,1959.0,43.0,0,0,5,SOUTHDALE AVE,negative_T_minus_H_minus_5y
7560,2002-11-11,CI,150.0,1971.0,31.0,0,0,5,COACH HILL DR,negative_T_minus_H_minus_4y
21840,2002-11-12,CI,150.0,1947.0,55.0,0,0,5,KING ST E,negative_T_minus_H_minus_3y
7960,2002-11-12,CI,150.0,1966.0,36.0,0,1,5,CONWAY DR,positive_T_minus_H
59960,2002-11-15,CI,150.0,1957.0,45.0,0,1,5,GUELPH ST,positive_T_minus_H
28910,2002-11-17,CI,150.0,1956.0,46.0,0,0,5,OLYMPIC DR,negative_T_minus_H_minus_5y
33530,2002-11-17,CI,150.0,1959.0,43.0,1,0,5,ROSS AVE,negative_T_minus_H_minus_4y
17270,2002-11-22,CI,200.0,1957.0,45.0,0,0,5,GREENBROOK DR,negative_T_minus_H_minus_1y
43960,2002-11-22,CI,150.0,1954.0,48.0,0,0,5,WOODHAVEN RD,negative_T_minus_H_minus_2y
33810,2002-11-23,CI,150.0,1964.0,38.0,1,1,5,RUTHERFORD DR,positive_T_minus_H
63320,2002-11-24,CI,150.0,1956.0,46.0,0,0,5,ADMIRAL RD,negative_T_minus_H_minus_1y
9590,2002-11-25,CI,150.0,1958.0,44.0,1,1,5,DOON RD,positive_T_minus_H
10350,2002-11-26,DI,150.0,1994.0,8.0,0,0,5,DUKE ST W,negative_T_minus_H_minus_5y
33060,2002-11-26,CI,150.0,1950.0,52.0,0,1,5,ROCKWAY DR,positive_T_minus_H
40150,2002-11-26,CI,150.0,1962.0,40.0,2,1,5,VILLAGE RD,positive_T_minus_H
90092,2002-11-27,CI,150.0,1963.0,39.0,0,0,5,BIRCHCLIFF AVE,negative_T_minus_H_minus_5y
19520,2002-11-29,CI,150.0,1967.0,35.0,0,1,5,HILLMOUNT ST,positive_T_minus_H
22530,2002-11-29,CI,150.0,1967.0,35.0,0,1,5,OBERMEYER DR,positive_T_minus_H
57690,2002-11-29,CI,150.0,1954.0,48.0,0,1,5,CAMBRIDGE AVE,positive_T_minus_H
670,2002-11-29,CI,150.0,1963.0,39.0,0,1,5,ANTHONY PL,positive_T_minus_H
22900,2002-11-30,CI,300.0,1955.0,47.0,0,1,5,KRUG ST,positive_T_minus_H
76847,2002-11-30,CI,150.0,1922.0,80.0,0,1,5,SCOTT ST,positive_T_minus_H
15100,2002-12-01,DI,150.0,1977.0,25.0,0,0,5,FORFAR AVE,negative_T_minus_H_minus_1y
24080,2002-12-01,CI,150.0,1950.0,52.0,0,0,5,LORNE AVE,negative_T_minus_H_minus_1y
24390,2002-12-01,CI,150.0,1948.0,54.0,4,0,5,LANG CRES,negative_T_minus_H_minus_1y
25590,2002-12-01,CI,150.0,1958.0,44.0,0,1,5,MASSEY AVE,positive_T_minus_H
27440,2002-12-01,DI,300.0,1979.0,23.0,0,0,5,MORRISON RD,negative_T_minus_H_minus_1y
29820,2002-12-01,DI,150.0,1966.0,36.0,0,0,5,OVERLEA DR,negative_T_minus_H_minus_1y
31580,2002-12-01,DI,300.0,1984.0,18.0,0,0,5,QUEEN ST S,negative_T_minus_H_minus_1y
35010,2002-12-01,DI,150.0,1972.0,30.0,0,0,5,SILVER ASPEN CRES,negative_T_minus_H_minus_1y
35150,2002-12-01,CI,150.0,1953.0,49.0,0,0,5,SIXTH AVE,negative_T_minus_H_minus_1y
4510,2002-12-01,DI,300.0,1981.0,21.0,0,0,5,BRIDGE ST E,negative_T_minus_H_minus_1y
85102,2002-12-01,DI,150.0,1965.0,37.0,0,0,5,STRATHCONA CRES,negative_T_minus_H_minus_1y
85314,2002-12-01,CI,150.0,1965.0,37.0,0,0,5,CLOVERDALE CRES,negative_T_minus_H_minus_1y
8950,2002-12-01,CI,150.0,1964.0,38.0,0,0,5,DANIEL AVE,negative_T_minus_H_minus_1y
91090,2002-12-01,CI,100.0,1958.0,44.0,0,0,5,STONYBROOK DR,negative_T_minus_H_minus_1y
19660,2002-12-02,CI,150.0,1956.0,46.0,3,0,5,HOFFMAN ST,negative_T_minus_H_minus_2y
32880,2002-12-02,CI,200.0,1962.0,40.0,1,1,5,RIVERBEND DR,positive_T_minus_H
19530,2002-12-03,CI,150.0,1967.0,35.0,0,1,5,HILLMOUNT ST,positive_T_minus_H
35270,2002-12-03,CI,150.0,1958.0,44.0,1,1,5,SOUTHMOOR DR,positive_T_minus_H
7560,2002-12-03,CI,150.0,1971.0,31.0,0,1,5,COACH HILL DR,positive_T_minus_H
84266,2002-12-03,CI,200.0,1958.0,44.0,0,0,5,WILSON AVE,negative_T_minus_H_minus_5y
63320,2002-12-06,CI,150.0,1956.0,46.0,0,0,5,ADMIRAL RD,negative_T_minus_H_minus_4y
96010,2002-12-06,CI,200.0,1961.0,41.0,0,0,5,COURTLAND AVE E,negative_T_minus_H_minus_2y
16000,2002-12-08,CI,150.0,1967.0,35.0,0,1,5,GAY CRES,positive_T_minus_H
32070,2002-12-09,DI,150.0,1971.0,31.0,1,0,5,RAMBLEWOOD WAY,negative_T_minus_H_minus_2y
33060,2002-12-09,CI,150.0,1950.0,52.0,0,1,5,ROCKWAY DR,positive_T_minus_H
38040,2002-12-09,CI,150.0,1958.0,44.0,0,0,5,TRAFALGAR AVE,negative_T_minus_H_minus_4y
34330,2002-12-10,CI,150.0,1948.0,54.0,0,0,5,SEREDA RD,negative_T_minus_H_minus_5y
38490,2002-12-10,CI,150.0,1966.0,36.0,2,0,5,TUPPER CRES,negative_T_minus_H_minus_3y
84154,2002-12-10,CI,150.0,1959.0,43.0,0,0,5,ELKINGTON DR,negative_T_minus_H_minus_5y
18680,2002-12-11,CI,150.0,1960.0,42.0,1,0,5,HICKSON DR,negative_T_minus_H_minus_4y
31160,2002-12-12,CI,150.0,1955.0,47.0,0,0,5,PROSPECT AVE,negative_T_minus_H_minus_4y
32170,2002-12-12,CI,150.0,1963.0,39.0,3,0,5,RENNIE DR,negative_T_minus_H_minus_4y
40740,2002-12-12,CI,150.0,1966.0,36.0,1,0,5,WAYNE DR,negative_T_minus_H_minus_4y
7190,2002-12-12,CI,150.0,1964.0,38.0,1,1,5,CHRISTINE CRES,positive_T_minus_H
18000,2002-12-13,CI,200.0,1967.0,35.0,1,0,5,HANSON AVE,negative_T_minus_H_minus_2y
31150,2002-12-13,CI,150.0,1955.0,47.0,0,0,5,PROSPECT AVE,negative_T_minus_H_minus_3y
19730,2002-12-14,CI,150.0,1967.0,35.0,1,0,5,HOLBORN DR,negative_T_minus_H_minus_5y
86622,2002-12-14,CI,300.0,1960.0,42.0,0,0,5,MANCHESTER RD,negative_T_minus_H_minus_5y
12260,2002-12-15,AC,450.0,1961.0,41.0,0,0,5,GREENBROOK DR,negative_T_minus_H_minus_5y
134092,2002-12-15,CI,300.0,1964.0,38.0,0,0,5,HIGHLAND RD E,negative_T_minus_H_minus_4y
138614,2002-12-15,PVC,300.0,1999.0,3.0,0,0,5,DAVID BERGEY DR,negative_T_minus_H_minus_4y
19020,2002-12-15,CI,150.0,1933.0,69.0,0,0,5,HIGHLAND RD E,negative_T_minus_H_minus_4y
21040,2002-12-15,CI,150.0,1958.0,44.0,1,0,5,KENNETH AVE,negative_T_minus_H_minus_4y
2270,2002-12-15,CI,450.0,1950.0,52.0,0,0,5,BELMONT AVE W,negative_T_minus_H_minus_4y
23040,2002-12-15,CI,150.0,1956.0,46.0,0,0,5,LAKESIDE DR,negative_T_minus_H_minus_4y
24100,2002-12-15,CI,150.0,1964.0,38.0,0,0,5,LORNE AVE,negative_T_minus_H_minus_4y
25520,2002-12-15,CI,150.0,1952.0,50.0,0,0,5,MARLBOROUGH AVE,negative_T_minus_H_minus_4y
26760,2002-12-15,CI,300.0,1930.0,72.0,0,0,5,MILL ST,negative_T_minus_H_minus_4y
29880,2002-12-15,CI,200.0,1946.0,56.0,0,0,5,OXFORD ST,negative_T_minus_H_minus_4y
31920,2002-12-15,CI,150.0,1966.0,36.0,0,0,5,QUEENSTON DR,negative_T_minus_H_minus_4y
35480,2002-12-15,CI,150.0,1927.0,75.0,0,0,5,SPADINA RD W,negative_T_minus_H_minus_4y
5000,2002-12-15,DI,250.0,1968.0,34.0,0,0,5,BRYBECK CRES,negative_T_minus_H_minus_4y
61806,2002-12-15,DI,450.0,1968.0,34.0,0,0,5,LANCASTER ST W,negative_T_minus_H_minus_4y
64610,2002-12-15,PVC,150.0,1970.0,32.0,8,0,5,INGLESIDE DR,negative_T_minus_H_minus_4y
66040,2002-12-15,CPP,600.0,1994.0,8.0,0,0,5,FAIRWAY RD N,negative_T_minus_H_minus_4y
76566,2002-12-15,DI,150.0,1976.0,26.0,0,0,5,STONEGATE DR,negative_T_minus_H_minus_4y
76656,2002-12-15,CI,150.0,1925.0,77.0,0,0,5,STIRLING AVE S,negative_T_minus_H_minus_4y
78900,2002-12-15,DI,300.0,1974.0,28.0,0,0,5,BELMONT AVE W,negative_T_minus_H_minus_4y
80506,2002-12-15,DI,200.0,1994.0,8.0,0,0,5,WATERLOO ST,negative_T_minus_H_minus_4y
80852,2002-12-15,CI,200.0,1950.0,52.0,0,0,5,VICTORIA ST N,negative_T_minus_H_minus_4y
86864,2002-12-15,DI,150.0,1968.0,34.0,1,0,5,MARKWOOD DR,negative_T_minus_H_minus_4y
87930,2002-12-15,CI,150.0,1960.0,42.0,0,0,5,ROCKWAY DR,negative_T_minus_H_minus_4y
95686,2002-12-15,CI,300.0,1955.0,47.0,0,0,5,HIGHLAND RD E,negative_T_minus_H_minus_4y
12330,2002-12-16,CI,450.0,1964.0,38.0,0,0,5,TYSON DR,negative_T_minus_H_minus_3y
31760,2002-12-16,CI,150.0,1953.0,49.0,0,0,5,QUEENS BLVD,negative_T_minus_H_minus_2y
10690,2002-12-17,CI,150.0,1955.0,47.0,0,0,5,DUNBAR RD,negative_T_minus_H_minus_3y
20260,2002-12-17,CI,150.0,1967.0,35.0,3,1,5,INDIAN RD,positive_T_minus_H
43570,2002-12-17,CI,200.0,1954.0,48.0,1,0,5,WILSON AVE,negative_T_minus_H_minus_3y
24870,2002-12-18,CI,200.0,1962.0,40.0,0,0,5,MANCHESTER RD,negative_T_minus_H_minus_5y
41490,2002-12-18,CI,150.0,1963.0,39.0,0,0,5,WEICHEL ST,negative_T_minus_H_minus_5y
22490,2002-12-19,CI,150.0,1960.0,42.0,1,0,5,KINZIE AVE,negative_T_minus_H_minus_5y
89534,2002-12-19,CI,150.0,1965.0,37.0,0,0,5,BRADLEY DR,negative_T_minus_H_minus_5y
94706,2002-12-24,CI,150.0,1954.0,48.0,0,0,5,GREENFIELD AVE,negative_T_minus_H_minus_2y
21210,2002-12-25,CI,150.0,1958.0,44.0,2,0,5,KENWOOD DR,negative_T_minus_H_minus_2y
85070,2002-12-26,CI,150.0,1957.0,45.0,0,1,5,VILLAGE RD,positive_T_minus_H
92734,2002-12-27,CI,150.0,1954.0,48.0,1,0,5,BYRON AVE,negative_T_minus_H_minus_3y
14010,2002-12-28,CI,150.0,1962.0,40.0,0,0,5,FALESY AVE,negative_T_minus_H_minus_3y
88582,2002-12-28,CI,150.0,1953.0,49.0,0,0,5,VALLEYVIEW RD,negative_T_minus_H_minus_5y
17280,2002-12-29,CI,200.0,1957.0,45.0,0,0,5,GREENBROOK DR,negative_T_minus_H_minus_2y
21050,2002-12-29,CI,150.0,1958.0,44.0,0,0,5,KENNETH AVE,negative_T_minus_H_minus_3y
40470,2002-12-29,DI,150.0,1988.0,14.0,0,0,5,WARREN RD,negative_T_minus_H_minus_2y
21050,2002-12-30,CI,150.0,1958.0,44.0,0,0,5,KENNETH AVE,negative_T_minus_H_minus_3y
39090,2002-12-31,CI,200.0,1961.0,41.0,1,0,5,VANIER DR,negative_T_minus_H_minus_5y
19660,2003-01-01,CI,150.0,1956.0,47.0,3,0,5,HOFFMAN ST,negative_T_minus_H_minus_5y
18700,2003-01-03,CI,150.0,1960.0,43.0,1,0,5,HICKSON DR,negative_T_minus_H_minus_4y
92920,2003-01-03,CI,150.0,1955.0,48.0,2,0,5,DONALD ST,negative_T_minus_H_minus_3y
25800,2003-01-04,CI,150.0,1954.0,49.0,0,0,5,MAYWOOD RD,negative_T_minus_H_minus_3y
30230,2003-01-04,DI,150.0,1966.0,37.0,0,0,5,PARKVIEW CRES,negative_T_minus_H_minus_3y
34210,2003-01-04,CI,200.0,1953.0,50.0,0,0,5,SECOND AVE,negative_T_minus_H_minus_3y
8070,2003-01-04,CI,150.0,1957.0,46.0,1,0,5,CORNELL AVE,negative_T_minus_H_minus_2y
37570,2003-01-05,CI,150.0,1965.0,38.0,0,0,5,TECUMSEH CRES,negative_T_minus_H_minus_3y
40150,2003-01-05,CI,150.0,1962.0,41.0,2,1,5,VILLAGE RD,positive_T_minus_H
5160,2003-01-05,CI,150.0,1963.0,40.0,1,1,5,BUTTONWOOD DR,positive_T_minus_H
90256,2003-01-05,DI,150.0,1969.0,34.0,0,0,5,MEADOW CRES,negative_T_minus_H_minus_5y
9990,2003-01-05,CI,150.0,1955.0,48.0,0,0,5,DOWNEY ST,negative_T_minus_H_minus_5y
36510,2003-01-06,CI,150.0,1962.0,41.0,1,0,5,STONYBROOK DR,negative_T_minus_H_minus_2y
4087857,2003-01-06,XXX,0.0,,,0,0,5,DUKE ST E,negative_T_minus_H_minus_4y
43970,2003-01-06,CI,150.0,1957.0,46.0,0,0,5,WOODHAVEN RD,negative_T_minus_H_minus_5y
88910,2003-01-06,CI,150.0,1965.0,38.0,1,0,5,TECUMSEH CRES,negative_T_minus_H_minus_1y
44190,2003-01-07,CI,150.0,1959.0,44.0,1,0,5,YAGER AVE,negative_T_minus_H_minus_5y
68140,2003-01-08,HDPE,300.0,2002.0,1.0,0,0,5,HIGHLAND RD W,negative_T_minus_H_minus_2y
87978,2003-01-09,CI,150.0,1953.0,50.0,0,0,5,PROSPECT AVE,negative_T_minus_H_minus_4y
22910,2003-01-10,CI,150.0,1955.0,48.0,0,0,5,,negative_T_minus_H_minus_1y
43900,2003-01-10,CI,150.0,1954.0,49.0,0,0,5,WOODHAVEN RD,negative_T_minus_H_minus_3y
64130,2003-01-10,CI,150.0,1966.0,37.0,1,1,5,INVERNESS DR,positive_T_minus_H
84006,2003-01-10,DI,150.0,1967.0,36.0,1,0,5,HAYWARD AVE,negative_T_minus_H_minus_3y
84400,2003-01-10,CI,150.0,1966.0,37.0,0,0,5,QUEENSTON DR,negative_T_minus_H_minus_3y
9590,2003-01-10,CI,150.0,1958.0,45.0,1,1,5,DOON RD,positive_T_minus_H
89754,2003-01-11,DI,100.0,1958.0,45.0,0,0,5,GREENBROOK DR,negative_T_minus_H_minus_3y
21070,2003-01-12,CI,150.0,1962.0,41.0,0,0,5,KENNETH AVE,negative_T_minus_H_minus_1y
34030,2003-01-12,CI,150.0,1967.0,36.0,0,1,5,SCHOFIELD DR,positive_T_minus_H
36550,2003-01-12,CI,150.0,1958.0,45.0,1,0,5,STONYBROOK DR,negative_T_minus_H_minus_2y
81454,2003-01-12,CI,150.0,1956.0,47.0,0,0,5,ADMIRAL RD,negative_T_minus_H_minus_1y
39600,2003-01-14,CI,200.0,1963.0,40.0,0,0,5,VICTORIA ST N,negative_T_minus_H_minus_2y
94040,2003-01-14,CI,150.0,1966.0,37.0,0,1,5,KINGSTON CRES,positive_T_minus_H
24310,2003-01-15,CI,150.0,1968.0,35.0,0,0,5,LORRAINE AVE,negative_T_minus_H_minus_4y
7280,2003-01-15,CI,150.0,1956.0,47.0,0,0,5,CLAREMONT AVE,negative_T_minus_H_minus_4y
27310,2003-01-16,CI,450.0,1961.0,42.0,0,0,5,MORGAN AVE,negative_T_minus_H_minus_1y
19030,2003-01-17,CI,150.0,1933.0,70.0,0,1,5,HIGHLAND RD E,positive_T_minus_H
19660,2003-01-18,CI,150.0,1956.0,47.0,3,0,5,HOFFMAN ST,negative_T_minus_H_minus_1y
19860,2003-01-18,DI,150.0,1979.0,24.0,0,0,5,HOMESTEAD PL,negative_T_minus_H_minus_4y
37540,2003-01-18,CI,150.0,1958.0,45.0,1,0,5,TANGLEWOOD AVE,negative_T_minus_H_minus_1y
27020,2003-01-19,CI,200.0,1965.0,38.0,0,0,5,MONTCALM DR,negative_T_minus_H_minus_3y
35250,2003-01-19,CI,150.0,1959.0,44.0,0,0,5,SOUTHDALE AVE,negative_T_minus_H_minus_2y
43340,2003-01-19,CI,300.0,1959.0,44.0,0,0,5,WILLIAMSBURG RD,negative_T_minus_H_minus_5y
17720,2003-01-20,CI,150.0,1957.0,46.0,2,0,5,GUELPH ST,negative_T_minus_H_minus_3y
19320,2003-01-20,CI,150.0,1967.0,36.0,0,0,5,HIGHPARK AVE,negative_T_minus_H_minus_3y
27050,2003-01-20,DI,150.0,1988.0,15.0,0,0,5,MONTE CARLO ST,negative_T_minus_H_minus_1y
37550,2003-01-20,CI,150.0,1965.0,38.0,2,0,5,TECUMSEH CRES,negative_T_minus_H_minus_3y
38980,2003-01-20,CI,150.0,1953.0,50.0,0,0,5,VALLEYVIEW RD,negative_T_minus_H_minus_4y
58190,2003-01-20,DI,150.0,1971.0,32.0,0,0,5,KEVCO PL,negative_T_minus_H_minus_1y
85458,2003-01-20,DI,150.0,1962.0,41.0,0,0,5,MANCHESTER RD,negative_T_minus_H_minus_4y
94398,2003-01-20,CI,150.0,1960.0,43.0,0,0,5,WILKINS DR,negative_T_minus_H_minus_3y
21070,2003-01-21,CI,150.0,1962.0,41.0,0,0,5,KENNETH AVE,negative_T_minus_H_minus_3y
24130,2003-01-21,PVC,150.0,1994.0,9.0,0,0,5,LORNE CRES,negative_T_minus_H_minus_1y
11710,2003-01-22,CI,150.0,1959.0,44.0,0,0,5,ELKINGTON DR,negative_T_minus_H_minus_4y
18120,2003-01-22,CI,150.0,1961.0,42.0,1,0,5,HAROLD AVE,negative_T_minus_H_minus_1y
20620,2003-01-22,CI,150.0,1951.0,52.0,2,0,5,JOHNSTON ST,negative_T_minus_H_minus_2y
35140,2003-01-22,CI,150.0,1953.0,50.0,1,0,5,SIXTH AVE,negative_T_minus_H_minus_3y
40950,2003-01-22,CI,150.0,1924.0,79.0,0,0,5,SIMEON ST,negative_T_minus_H_minus_2y
58030,2003-01-22,DI,150.0,1967.0,36.0,0,0,5,HAYWARD AVE,negative_T_minus_H_minus_2y
85842,2003-01-23,DI,150.0,1966.0,37.0,0,0,5,CONFEDERATION DR,negative_T_minus_H_minus_1y
18680,2003-01-25,CI,150.0,1960.0,43.0,1,0,5,HICKSON DR,negative_T_minus_H_minus_5y
34770,2003-01-25,DI,100.0,1968.0,35.0,0,0,5,SHELLEY PL,negative_T_minus_H_minus_4y
20490,2003-01-26,CI,150.0,1956.0,47.0,0,0,5,ISLINGTON AVE,negative_T_minus_H_minus_2y
94198,2003-01-26,CI,150.0,1920.0,83.0,0,0,5,KING ST E,negative_T_minus_H_minus_5y
86584,2003-01-27,CI,150.0,1958.0,45.0,0,0,5,HEARTH CRES,negative_T_minus_H_minus_3y
41850,2003-01-28,DI,200.0,1992.0,11.0,0,0,5,WEST AVE,negative_T_minus_H_minus_5y
90738,2003-01-28,CI,150.0,1948.0,55.0,0,0,5,STIRLING AVE S,negative_T_minus_H_minus_1y
37030,2003-01-29,DI,150.0,1981.0,22.0,0,0,5,SUGAR MAPLE ST,negative_T_minus_H_minus_1y
20430,2003-01-30,CI,150.0,1966.0,37.0,0,1,5,INWOOD DR,positive_T_minus_H
29790,2003-01-30,CI,150.0,1967.0,36.0,3,0,5,OVERLEA DR,negative_T_minus_H_minus_5y
34890,2003-01-30,DI,300.0,1979.0,24.0,1,1,5,SHIRLEY AVE,positive_T_minus_H
35140,2003-01-30,CI,150.0,1953.0,50.0,1,0,5,SIXTH AVE,negative_T_minus_H_minus_1y
44440,2003-01-30,DI,100.0,1961.0,42.0,0,1,5,YULE PL,positive_T_minus_H
68677,2003-01-30,CI,200.0,1953.0,50.0,0,0,5,SHELLEY DR,negative_T_minus_H_minus_2y
92140,2003-01-30,CI,150.0,1954.0,49.0,0,0,5,UNION BLVD,negative_T_minus_H_minus_4y
40130,2003-01-31,DI,150.0,1967.0,36.0,0,0,5,VIEWMONT CLOSE,negative_T_minus_H_minus_4y
88430,2003-02-01,DI,300.0,1988.0,15.0,0,0,5,WESTFOREST TRAIL,negative_T_minus_H_minus_5y
42560,2003-02-02,CI,150.0,1958.0,45.0,0,0,5,VILLAGE RD,negative_T_minus_H_minus_3y
87566,2003-02-03,PVC,300.0,2000.0,3.0,0,1,5,KING ST E,positive_T_minus_H
85694,2003-02-04,CI,150.0,1952.0,51.0,0,0,5,OTTAWA ST N,negative_T_minus_H_minus_5y
88512,2003-02-04,CI,150.0,1954.0,49.0,0,0,5,FRANKLIN ST S,negative_T_minus_H_minus_1y
8940,2003-02-04,CI,150.0,1964.0,39.0,1,0,5,DANIEL AVE,negative_T_minus_H_minus_5y
29900,2003-02-05,CI,150.0,1947.0,56.0,0,0,5,OXFORD ST,negative_T_minus_H_minus_5y
30740,2003-02-05,DI,200.0,1968.0,35.0,0,0,5,PINEDALE DR,negative_T_minus_H_minus_2y
43920,2003-02-05,CI,150.0,1954.0,49.0,0,0,5,WOODHAVEN RD,negative_T_minus_H_minus_1y
16540,2003-02-06,DI,150.0,1970.0,33.0,1,0,5,GLEN AVON CRES,negative_T_minus_H_minus_1y
27010,2003-02-06,DI,200.0,1965.0,38.0,0,0,5,MONTCALM DR,negative_T_minus_H_minus_3y
8200,2003-02-07,DI,150.0,1978.0,25.0,0,0,5,COUNTRYSIDE CRES,negative_T_minus_H_minus_2y
20530,2003-02-08,CI,150.0,1947.0,56.0,2,0,5,JACKSON AVE,negative_T_minus_H_minus_5y
30870,2003-02-08,DI,100.0,1976.0,27.0,0,0,5,PIONEER DR,negative_T_minus_H_minus_1y
17950,2003-02-09,CI,150.0,1964.0,39.0,0,0,5,HAMEL AVE,negative_T_minus_H_minus_5y
19770,2003-02-09,CI,150.0,1967.0,36.0,0,1,5,HOLBORN DR,positive_T_minus_H
7720,2003-02-09,CI,100.0,1960.0,43.0,0,0,5,CHARLOTTE PL,negative_T_minus_H_minus_2y
7730,2003-02-09,CI,150.0,1966.0,37.0,1,0,5,CONFEDERATION DR,negative_T_minus_H_minus_5y
38560,2003-02-10,CI,150.0,1954.0,49.0,0,1,5,UNION BLVD,positive_T_minus_H
86390,2003-02-10,PVC,300.0,2000.0,3.0,0,0,5,KING ST E,negative_T_minus_H_minus_2y
17400,2003-02-11,CI,150.0,1953.0,50.0,0,0,5,GREENFIELD AVE,negative_T_minus_H_minus_1y
18070,2003-02-11,CI,200.0,1953.0,50.0,0,1,5,HARBER AVE,positive_T_minus_H
37280,2003-02-11,CI,300.0,1947.0,56.0,0,0,5,SYDNEY ST N,negative_T_minus_H_minus_3y
39030,2003-02-11,CI,200.0,1953.0,50.0,0,0,5,VANIER DR,negative_T_minus_H_minus_3y
900,2003-02-11,CI,150.0,1953.0,50.0,1,0,5,ARLINGTON BLVD,negative_T_minus_H_minus_1y
18960,2003-02-12,DI,200.0,1973.0,30.0,0,0,5,HIGHLAND CRES,negative_T_minus_H_minus_3y
39600,2003-02-12,CI,200.0,1963.0,40.0,0,0,5,VICTORIA ST N,negative_T_minus_H_minus_2y
42890,2003-02-14,CI,150.0,1966.0,37.0,2,0,5,WESTWOOD CRES,negative_T_minus_H_minus_1y
7830,2003-02-14,CI,150.0,1962.0,41.0,0,0,5,CONNAUGHT ST,negative_T_minus_H_minus_2y
79756,2003-02-14,DI,150.0,1979.0,24.0,0,1,5,HILLCREST LANE,positive_T_minus_H
136824,2003-02-15,PVC,150.0,,,0,0,5,ABERDEEN RD,negative_T_minus_H_minus_5y
21390,2003-02-15,CI,250.0,1889.0,114.0,2,1,5,KING ST W,positive_T_minus_H
39060,2003-02-15,CI,200.0,1953.0,50.0,1,0,5,VANIER DR,negative_T_minus_H_minus_2y
6490,2003-02-15,CI,150.0,1953.0,50.0,0,0,5,CHAPEL ST,negative_T_minus_H_minus_2y
85972,2003-02-16,DI,150.0,1976.0,27.0,0,0,5,STRASBURG RD,negative_T_minus_H_minus_2y
42890,2003-02-17,CI,150.0,1966.0,37.0,2,0,5,WESTWOOD CRES,negative_T_minus_H_minus_4y
38980,2003-02-18,CI,150.0,1953.0,50.0,0,0,5,VALLEYVIEW RD,negative_T_minus_H_minus_3y
5010,2003-02-18,CI,100.0,1959.0,44.0,0,0,5,BURBANK RD,negative_T_minus_H_minus_2y
14870,2003-02-19,CI,200.0,1962.0,41.0,4,0,5,FOREST HILL DR,negative_T_minus_H_minus_4y
22460,2003-02-20,DI,150.0,1969.0,34.0,0,1,5,KINGSWOOD DR,positive_T_minus_H
22490,2003-02-20,CI,150.0,1960.0,43.0,1,0,5,KINZIE AVE,negative_T_minus_H_minus_5y
290,2003-02-20,CI,150.0,1958.0,45.0,3,0,5,ABERDEEN RD,negative_T_minus_H_minus_5y
82460,2003-02-20,CI,150.0,1961.0,42.0,0,0,5,JANSEN AVE,negative_T_minus_H_minus_3y
96092,2003-02-20,CI,150.0,1962.0,41.0,0,0,5,ARCHER PL,negative_T_minus_H_minus_3y
39050,2003-02-21,CI,200.0,1953.0,50.0,0,0,5,VANIER DR,negative_T_minus_H_minus_3y
83746,2003-02-21,CI,150.0,1962.0,41.0,0,0,5,FOREST HILL DR,negative_T_minus_H_minus_2y
15830,2003-02-22,CI,150.0,1967.0,36.0,1,1,5,FURNESS DR,positive_T_minus_H
41690,2003-02-23,CI,300.0,1929.0,74.0,1,0,5,WELLINGTON ST N,negative_T_minus_H_minus_5y
85016,2003-02-23,CI,150.0,1967.0,36.0,2,0,5,THALER AVE,negative_T_minus_H_minus_4y
87828,2003-02-23,CI,150.0,1954.0,49.0,0,0,5,KRUG ST,negative_T_minus_H_minus_3y
26260,2003-02-24,CI,150.0,1953.0,50.0,1,1,5,MELROSE AVE,positive_T_minus_H
84006,2003-02-24,DI,150.0,1967.0,36.0,1,0,5,HAYWARD AVE,negative_T_minus_H_minus_1y
24260,2003-02-25,DI,150.0,1965.0,38.0,1,0,5,LORRAINE AVE,negative_T_minus_H_minus_2y
29890,2003-02-25,CI,200.0,1946.0,57.0,0,0,5,OXFORD ST,negative_T_minus_H_minus_3y
27160,2003-02-27,CI,150.0,1951.0,52.0,0,0,5,MONTGOMERY RD,negative_T_minus_H_minus_5y
85458,2003-02-28,DI,150.0,1962.0,41.0,0,0,5,MANCHESTER RD,negative_T_minus_H_minus_5y
9100,2003-03-01,CI,150.0,1962.0,41.0,1,0,5,DEERPARK CRES,negative_T_minus_H_minus_2y
38970,2003-03-02,CI,150.0,1953.0,50.0,0,0,5,VALLEYVIEW RD,negative_T_minus_H_minus_3y
8060,2003-03-02,CI,150.0,1958.0,45.0,1,0,5,CORNELL AVE,negative_T_minus_H_minus_5y
84696,2003-03-03,CI,150.0,1955.0,48.0,0,0,5,KRUG ST,negative_T_minus_H_minus_1y
21130,2003-03-04,CI,150.0,1954.0,49.0,0,0,5,KENSINGTON AVE,negative_T_minus_H_minus_5y
42890,2003-03-04,CI,150.0,1966.0,37.0,2,1,5,WESTWOOD CRES,positive_T_minus_H
37500,2003-03-05,CI,150.0,1921.0,82.0,1,1,5,TALBOT ST,positive_T_minus_H
84154,2003-03-06,CI,150.0,1959.0,44.0,0,0,5,ELKINGTON DR,negative_T_minus_H_minus_5y
17720,2003-03-07,CI,150.0,1957.0,46.0,2,0,5,GUELPH ST,negative_T_minus_H_minus_3y
43910,2003-03-07,CI,150.0,1954.0,49.0,0,0,5,WOODHAVEN RD,negative_T_minus_H_minus_5y
8070,2003-03-09,CI,150.0,1957.0,46.0,1,1,5,CORNELL AVE,positive_T_minus_H
20620,2003-03-10,CI,150.0,1951.0,52.0,2,1,5,JOHNSTON ST,positive_T_minus_H
31180,2003-03-10,CI,150.0,1954.0,49.0,0,0,5,PROSPECT AVE,negative_T_minus_H_minus_5y
15000,2003-03-11,DI,150.0,1969.0,34.0,0,0,5,FORESTWOOD DR,negative_T_minus_H_minus_2y
7290,2003-03-11,CI,100.0,1956.0,47.0,1,0,5,CLAREMONT AVE,negative_T_minus_H_minus_3y
38040,2003-03-13,CI,150.0,1958.0,45.0,0,0,5,TRAFALGAR AVE,negative_T_minus_H_minus_2y
32880,2003-03-15,CI,200.0,1962.0,41.0,1,1,5,RIVERBEND DR,positive_T_minus_H
4430,2003-03-18,DI,150.0,1952.0,51.0,7,1,5,BRICK ST,positive_T_minus_H
1100,2003-03-19,CI,150.0,1965.0,38.0,0,1,5,ASKIN PL,positive_T_minus_H
11030,2003-03-19,CI,300.0,1949.0,54.0,0,0,5,GLENDALE RD,negative_T_minus_H_minus_1y
20250,2003-03-19,CI,150.0,1967.0,36.0,0,0,5,INDIAN RD,negative_T_minus_H_minus_1y
11480,2003-03-21,CI,150.0,1949.0,54.0,0,0,5,EDMUND RD,negative_T_minus_H_minus_5y
33410,2003-03-21,CI,150.0,1958.0,45.0,3,0,5,ROSEMOUNT DR,negative_T_minus_H_minus_5y
37620,2003-03-22,CI,150.0,1961.0,42.0,3,1,5,THALER AVE,positive_T_minus_H
14920,2003-04-01,CI,200.0,1960.0,43.0,0,0,5,FOREST HILL DR,negative_T_minus_H_minus_2y
37210,2003-04-05,DI,150.0,1962.0,41.0,0,1,5,SWEETBRIAR DR,positive_T_minus_H
30230,2003-04-08,DI,150.0,1966.0,37.0,0,0,5,PARKVIEW CRES,negative_T_minus_H_minus_3y
5450,2003-04-09,CI,150.0,1953.0,50.0,0,0,5,CARLTON ST,negative_T_minus_H_minus_2y
90210,2003-04-12,CI,150.0,1967.0,36.0,1,0,5,CARNABY CRES,negative_T_minus_H_minus_2y
86864,2003-04-14,DI,150.0,1968.0,35.0,1,1,5,MARKWOOD DR,positive_T_minus_H
96098,2003-04-22,CI,200.0,1957.0,46.0,0,0,5,WESTMOUNT RD E,negative_T_minus_H_minus_1y
3440,2003-04-28,CI,300.0,1964.0,39.0,1,1,5,BLOOMINGDALE RD,positive_T_minus_H
19750,2003-04-29,DI,150.0,1967.0,36.0,0,0,5,HOLBORN DR,negative_T_minus_H_minus_3y
18310,2003-05-01,DI,300.0,1969.0,34.0,3,0,5,HAZELGLEN DR,negative_T_minus_H_minus_1y
89828,2003-05-01,CI,150.0,1963.0,40.0,0,0,5,RIVER RD E,negative_T_minus_H_minus_5y
44100,2003-05-03,CI,100.0,1958.0,45.0,0,0,5,WOOLWICH ST,negative_T_minus_H_minus_4y
7880,2003-05-05,CI,150.0,1953.0,50.0,0,1,5,CONNAUGHT ST,positive_T_minus_H
33660,2003-05-06,DI,200.0,1973.0,30.0,1,1,5,ROYAL ORCHARD DR,positive_T_minus_H
81146,2003-05-16,CI,450.0,1960.0,43.0,0,0,5,BREITHAUPT ST,negative_T_minus_H_minus_2y
89132,2003-05-17,DI,100.0,1961.0,42.0,0,0,5,CRAIG DR,negative_T_minus_H_minus_5y
39700,2003-05-23,DI,300.0,1978.0,25.0,0,0,5,VICTORIA ST N,negative_T_minus_H_minus_2y
29620,2003-05-25,CI,150.0,1929.0,74.0,1,0,5,OTTAWA ST S,negative_T_minus_H_minus_1y
93658,2003-05-26,DI,200.0,1978.0,25.0,0,0,5,OLD MILL RD,negative_T_minus_H_minus_2y
15460,2003-05-28,CI,150.0,1953.0,50.0,0,0,5,FRANKLIN ST S,negative_T_minus_H_minus_1y
43730,2003-06-01,DI,150.0,1975.0,28.0,0,0,5,WINDING WAY,negative_T_minus_H_minus_3y
16670,2003-06-03,CI,150.0,1965.0,38.0,1,0,5,GLENWOOD DR,negative_T_minus_H_minus_3y
18280,2003-06-04,DI,300.0,1968.0,35.0,1,0,5,HAZELGLEN DR,negative_T_minus_H_minus_1y
15840,2003-06-06,CI,300.0,1969.0,34.0,1,0,5,GAGE AVE,negative_T_minus_H_minus_1y
63740,2003-06-11,DI,300.0,1991.0,12.0,0,0,5,DUKE ST E,negative_T_minus_H_minus_4y
80176,2003-06-11,CI,150.0,1958.0,45.0,0,0,5,BRIDGE ST W,negative_T_minus_H_minus_2y
76729,2003-06-13,DI,150.0,1967.0,36.0,2,0,5,HAYWARD AVE,negative_T_minus_H_minus_1y
84034,2003-06-14,DI,300.0,1974.0,29.0,0,0,5,DRIFTWOOD DR,negative_T_minus_H_minus_3y
4530,2003-06-17,CI,150.0,1958.0,45.0,2,0,5,BRIDGE ST W,negative_T_minus_H_minus_2y
61873,2003-06-21,DI,450.0,1965.0,38.0,0,0,5,WAVERLY RD,negative_T_minus_H_minus_2y
86674,2003-06-24,CI,150.0,1958.0,45.0,0,0,5,KENNETH AVE,negative_T_minus_H_minus_2y
17720,2003-06-26,CI,150.0,1957.0,46.0,2,0,5,GUELPH ST,negative_T_minus_H_minus_4y
42320,2003-06-29,DI,200.0,1975.0,28.0,3,1,5,WESTHEIGHTS DR,positive_T_minus_H
59990,2003-07-02,CI,150.0,1950.0,53.0,0,0,5,EDNA ST,negative_T_minus_H_minus_3y
78900,2003-07-02,DI,300.0,1974.0,29.0,0,0,5,BELMONT AVE W,negative_T_minus_H_minus_1y
56110,2003-07-05,PVC,150.0,1995.0,8.0,0,0,5,WINDWARD PL,negative_T_minus_H_minus_2y
81208,2003-07-10,CI,250.0,1889.0,114.0,0,0,5,KING ST W,negative_T_minus_H_minus_5y
35280,2003-07-11,CI,150.0,1958.0,45.0,0,0,5,SOUTHMOOR DR,negative_T_minus_H_minus_5y
18280,2003-07-15,DI,300.0,1968.0,35.0,1,1,5,HAZELGLEN DR,positive_T_minus_H
44100,2003-07-15,CI,100.0,1958.0,45.0,0,0,5,WOOLWICH ST,negative_T_minus_H_minus_5y
21450,2003-07-18,CI,250.0,1889.0,114.0,0,0,5,KING ST W,negative_T_minus_H_minus_4y
840,2003-07-22,CI,300.0,1959.0,44.0,0,0,5,ARDELT AVE,negative_T_minus_H_minus_1y
31180,2003-07-23,CI,150.0,1954.0,49.0,0,0,5,PROSPECT AVE,negative_T_minus_H_minus_2y
2310,2003-07-26,CI,150.0,1967.0,36.0,0,0,5,BELWOOD CRES,negative_T_minus_H_minus_3y
43970,2003-07-31,CI,150.0,1957.0,46.0,0,0,5,WOODHAVEN RD,negative_T_minus_H_minus_3y
5660,2003-07-31,DI,150.0,1968.0,35.0,0,0,5,CARTIER DR,negative_T_minus_H_minus_5y
15520,2003-08-03,CI,150.0,1900.0,103.0,0,1,5,FREDERICK ST,positive_T_minus_H
4646730,2003-08-04,PVC,150.0,2002.0,1.0,0,0,5,KING ST W,negative_T_minus_H_minus_2y
5550,2003-08-04,DI,200.0,1968.0,35.0,0,0,5,CARSON DR,negative_T_minus_H_minus_4y
21560,2003-08-09,DI,300.0,1974.0,29.0,0,0,5,KING ST W,negative_T_minus_H_minus_2y
5720,2003-08-10,CI,150.0,1960.0,43.0,2,0,5,CARWOOD AVE,negative_T_minus_H_minus_2y
80176,2003-08-15,CI,150.0,1958.0,45.0,0,0,5,BRIDGE ST W,negative_T_minus_H_minus_4y
18970,2003-08-19,DI,300.0,1964.0,39.0,0,1,5,HIGHLAND RD W,positive_T_minus_H
23360,2003-09-04,CI,150.0,1927.0,76.0,0,0,5,HILL ST,negative_T_minus_H_minus_5y
35230,2003-09-07,CI,150.0,1950.0,53.0,0,1,5,SOUTH DR,positive_T_minus_H
4530,2003-09-08,CI,150.0,1958.0,45.0,2,0,5,BRIDGE ST W,negative_T_minus_H_minus_2y
80176,2003-09-08,CI,150.0,1958.0,45.0,0,0,5,BRIDGE ST W,negative_T_minus_H_minus_2y
18180,2003-09-09,COP,50.0,1980.0,23.0,0,0,5,HARVEST CRT,negative_T_minus_H_minus_3y
91164,2003-09-09,CI,200.0,1960.0,43.0,0,0,5,FOREST HILL DR,negative_T_minus_H_minus_2y
26000,2003-09-12,CI,150.0,1969.0,34.0,0,1,5,MCGARRY DR,positive_T_minus_H
91970,2003-09-16,DI,150.0,1972.0,31.0,0,0,5,DALEGROVE DR,negative_T_minus_H_minus_5y
15750,2003-09-23,CI,200.0,1958.0,45.0,1,0,5,FREDERICK ST,negative_T_minus_H_minus_3y
29640,2003-09-27,CI,150.0,1923.0,80.0,0,0,5,OTTAWA ST S,negative_T_minus_H_minus_3y
5600,2003-09-29,DI,200.0,1966.0,37.0,0,0,5,CARSON DR,negative_T_minus_H_minus_3y
5720,2003-10-08,CI,150.0,1960.0,43.0,2,0,5,CARWOOD AVE,negative_T_minus_H_minus_2y
21430,2003-10-10,CI,250.0,1889.0,114.0,1,1,5,KING ST W,positive_T_minus_H
3880,2003-10-18,CI,150.0,1925.0,78.0,2,0,5,BORDEN AVE S,negative_T_minus_H_minus_2y
85102,2003-10-18,DI,150.0,1965.0,38.0,0,0,5,STRATHCONA CRES,negative_T_minus_H_minus_2y
42920,2003-10-19,DI,300.0,1969.0,34.0,1,1,5,WESTWOOD DR,positive_T_minus_H
39710,2003-10-21,DI,300.0,1978.0,25.0,0,0,5,VICTORIA ST N,negative_T_minus_H_minus_2y
39710,2003-10-22,DI,300.0,1978.0,25.0,0,0,5,VICTORIA ST N,negative_T_minus_H_minus_2y
11160,2003-10-25,CI,150.0,1967.0,36.0,0,1,5,EASTWOOD DR,positive_T_minus_H
17720,2003-10-25,CI,150.0,1957.0,46.0,2,0,5,GUELPH ST,negative_T_minus_H_minus_2y
21070,2003-10-25,CI,150.0,1962.0,41.0,0,0,5,KENNETH AVE,negative_T_minus_H_minus_2y
11830,2003-10-26,DI,250.0,1971.0,32.0,0,1,5,ELM RIDGE DR,positive_T_minus_H
28200,2003-10-26,CI,100.0,1952.0,51.0,0,0,5,OAKWOOD AVE,negative_T_minus_H_minus_2y
29800,2003-10-26,DI,150.0,1965.0,38.0,0,0,5,OVERLEA DR,negative_T_minus_H_minus_2y
10530,2003-10-27,DI,100.0,1976.0,27.0,1,0,5,DUKE ST W,negative_T_minus_H_minus_2y
21170,2003-10-27,CI,150.0,1926.0,77.0,1,0,5,KENT AVE,negative_T_minus_H_minus_3y
41030,2003-10-28,CI,150.0,1952.0,51.0,4,1,5,WEBER ST E,positive_T_minus_H
13890,2003-11-01,CI,450.0,1962.0,41.0,0,0,5,FAIRWAY RD N,negative_T_minus_H_minus_5y
1230,2003-11-02,CI,150.0,1958.0,45.0,2,0,5,AVALON PL,negative_T_minus_H_minus_1y
35280,2003-11-02,CI,150.0,1958.0,45.0,0,1,5,SOUTHMOOR DR,positive_T_minus_H
42180,2003-11-02,DI,150.0,1973.0,30.0,0,0,5,WESTHEIGHTS DR,negative_T_minus_H_minus_5y
8910,2003-11-02,DI,150.0,1967.0,36.0,0,1,5,DALEWOOD DR,positive_T_minus_H
590,2003-11-03,DI,300.0,1965.0,38.0,0,0,5,ALPINE RD,negative_T_minus_H_minus_4y
32160,2003-11-05,CI,150.0,1963.0,40.0,3,0,5,RENNIE DR,negative_T_minus_H_minus_2y
20410,2003-11-06,DI,150.0,1966.0,37.0,0,0,5,INWOOD CRES,negative_T_minus_H_minus_1y
133314,2003-11-08,CI,300.0,1964.0,39.0,0,0,5,FRANKLIN ST N,negative_T_minus_H_minus_4y
30740,2003-11-09,DI,200.0,1968.0,35.0,0,0,5,PINEDALE DR,negative_T_minus_H_minus_3y
33630,2003-11-11,DI,200.0,1976.0,27.0,0,0,5,ROYAL ORCHARD DR,negative_T_minus_H_minus_4y
35250,2003-11-11,CI,150.0,1959.0,44.0,0,0,5,SOUTHDALE AVE,negative_T_minus_H_minus_4y
21840,2003-11-12,CI,150.0,1947.0,56.0,0,0,5,KING ST E,negative_T_minus_H_minus_2y
39360,2003-11-12,DI,300.0,1969.0,34.0,0,0,5,ST LEGER ST,negative_T_minus_H_minus_5y
1250,2003-11-15,CI,300.0,1955.0,48.0,0,0,5,AVALON PL,negative_T_minus_H_minus_5y
18000,2003-11-15,CI,200.0,1967.0,36.0,1,0,5,HANSON AVE,negative_T_minus_H_minus_5y
28910,2003-11-17,CI,150.0,1956.0,47.0,0,0,5,OLYMPIC DR,negative_T_minus_H_minus_4y
33530,2003-11-17,CI,150.0,1959.0,44.0,1,0,5,ROSS AVE,negative_T_minus_H_minus_3y
37070,2003-11-19,CI,150.0,1964.0,39.0,1,0,5,SUMMIT AVE,negative_T_minus_H_minus_5y
32900,2003-11-20,CI,300.0,1960.0,43.0,2,0,5,SHIRLEY AVE,negative_T_minus_H_minus_1y
86902,2003-11-20,CI,150.0,1960.0,43.0,0,0,5,HICKSON DR,negative_T_minus_H_minus_5y
17270,2003-11-22,CI,200.0,1957.0,46.0,0,1,5,GREENBROOK DR,positive_T_minus_H
43960,2003-11-22,CI,150.0,1954.0,49.0,0,0,5,WOODHAVEN RD,negative_T_minus_H_minus_1y
63320,2003-11-24,CI,150.0,1956.0,47.0,0,1,5,ADMIRAL RD,positive_T_minus_H
10350,2003-11-26,DI,150.0,1994.0,9.0,0,0,5,DUKE ST W,negative_T_minus_H_minus_4y
34340,2003-11-27,DI,300.0,1983.0,20.0,1,1,5,SEREDA RD,positive_T_minus_H
90092,2003-11-27,CI,150.0,1963.0,40.0,0,0,5,BIRCHCLIFF AVE,negative_T_minus_H_minus_4y
34640,2003-11-28,CI,150.0,1925.0,78.0,2,0,5,SHELDON AVE N,negative_T_minus_H_minus_5y
62940,2003-11-30,PVC,300.0,2000.0,3.0,0,0,5,MAX BECKER DR,negative_T_minus_H_minus_5y
15100,2003-12-01,DI,150.0,1977.0,26.0,0,1,5,FORFAR AVE,positive_T_minus_H
20470,2003-12-01,CI,150.0,1955.0,48.0,1,1,5,ISLINGTON AVE,positive_T_minus_H
24080,2003-12-01,CI,150.0,1950.0,53.0,0,1,5,LORNE AVE,positive_T_minus_H
24390,2003-12-01,CI,150.0,1948.0,55.0,4,1,5,LANG CRES,positive_T_minus_H
27440,2003-12-01,DI,300.0,1979.0,24.0,0,1,5,MORRISON RD,positive_T_minus_H
29820,2003-12-01,DI,150.0,1966.0,37.0,0,1,5,OVERLEA DR,positive_T_minus_H
31580,2003-12-01,DI,300.0,1984.0,19.0,0,1,5,QUEEN ST S,positive_T_minus_H
35010,2003-12-01,DI,150.0,1972.0,31.0,0,1,5,SILVER ASPEN CRES,positive_T_minus_H
35150,2003-12-01,CI,150.0,1953.0,50.0,0,1,5,SIXTH AVE,positive_T_minus_H
4510,2003-12-01,DI,300.0,1981.0,22.0,0,1,5,BRIDGE ST E,positive_T_minus_H
62550,2003-12-01,CI,300.0,1964.0,39.0,0,1,5,BLOOMINGDALE RD,positive_T_minus_H
85102,2003-12-01,DI,150.0,1965.0,38.0,0,1,5,STRATHCONA CRES,positive_T_minus_H
85314,2003-12-01,CI,150.0,1965.0,38.0,0,1,5,CLOVERDALE CRES,positive_T_minus_H
86828,2003-12-01,CI,150.0,1961.0,42.0,0,0,5,STONYBROOK DR,negative_T_minus_H_minus_5y
8950,2003-12-01,CI,150.0,1964.0,39.0,0,1,5,DANIEL AVE,positive_T_minus_H
91090,2003-12-01,CI,100.0,1958.0,45.0,0,1,5,STONYBROOK DR,positive_T_minus_H
19660,2003-12-02,CI,150.0,1956.0,47.0,3,0,5,HOFFMAN ST,negative_T_minus_H_minus_1y
43300,2003-12-03,CI,150.0,1960.0,43.0,0,0,5,WILKINS DR,negative_T_minus_H_minus_5y
84266,2003-12-03,CI,200.0,1958.0,45.0,0,0,5,WILSON AVE,negative_T_minus_H_minus_4y
96010,2003-12-06,CI,200.0,1961.0,42.0,0,0,5,COURTLAND AVE E,negative_T_minus_H_minus_1y
32070,2003-12-09,DI,150.0,1971.0,32.0,1,0,5,RAMBLEWOOD WAY,negative_T_minus_H_minus_1y
38040,2003-12-09,CI,150.0,1958.0,45.0,0,0,5,TRAFALGAR AVE,negative_T_minus_H_minus_3y
34330,2003-12-10,CI,150.0,1948.0,55.0,0,0,5,SEREDA RD,negative_T_minus_H_minus_4y
38490,2003-12-10,CI,150.0,1966.0,37.0,2,0,5,TUPPER CRES,negative_T_minus_H_minus_2y
84154,2003-12-10,CI,150.0,1959.0,44.0,0,0,5,ELKINGTON DR,negative_T_minus_H_minus_4y
18680,2003-12-11,CI,150.0,1960.0,43.0,1,0,5,HICKSON DR,negative_T_minus_H_minus_3y
31160,2003-12-12,CI,150.0,1955.0,48.0,0,0,5,PROSPECT AVE,negative_T_minus_H_minus_3y
32170,2003-12-12,CI,150.0,1963.0,40.0,3,0,5,RENNIE DR,negative_T_minus_H_minus_3y
40740,2003-12-12,CI,150.0,1966.0,37.0,1,0,5,WAYNE DR,negative_T_minus_H_minus_3y
18000,2003-12-13,CI,200.0,1967.0,36.0,1,0,5,HANSON AVE,negative_T_minus_H_minus_1y
31150,2003-12-13,CI,150.0,1955.0,48.0,0,0,5,PROSPECT AVE,negative_T_minus_H_minus_2y
38510,2003-12-13,DI,150.0,1966.0,37.0,0,0,5,TUPPER CRT,negative_T_minus_H_minus_5y
87122,2003-12-13,DI,150.0,1966.0,37.0,0,0,5,OVERLEA DR,negative_T_minus_H_minus_5y
19730,2003-12-14,CI,150.0,1967.0,36.0,1,0,5,HOLBORN DR,negative_T_minus_H_minus_4y
86622,2003-12-14,CI,300.0,1960.0,43.0,0,0,5,MANCHESTER RD,negative_T_minus_H_minus_4y
12260,2003-12-15,AC,450.0,1961.0,42.0,0,0,5,GREENBROOK DR,negative_T_minus_H_minus_4y
134092,2003-12-15,CI,300.0,1964.0,39.0,0,0,5,HIGHLAND RD E,negative_T_minus_H_minus_3y
138614,2003-12-15,PVC,300.0,1999.0,4.0,0,0,5,DAVID BERGEY DR,negative_T_minus_H_minus_3y
19020,2003-12-15,CI,150.0,1933.0,70.0,0,0,5,HIGHLAND RD E,negative_T_minus_H_minus_3y
21040,2003-12-15,CI,150.0,1958.0,45.0,1,0,5,KENNETH AVE,negative_T_minus_H_minus_3y
2270,2003-12-15,CI,450.0,1950.0,53.0,0,0,5,BELMONT AVE W,negative_T_minus_H_minus_3y
23040,2003-12-15,CI,150.0,1956.0,47.0,0,0,5,LAKESIDE DR,negative_T_minus_H_minus_3y
24100,2003-12-15,CI,150.0,1964.0,39.0,0,0,5,LORNE AVE,negative_T_minus_H_minus_3y
25520,2003-12-15,CI,150.0,1952.0,51.0,0,0,5,MARLBOROUGH AVE,negative_T_minus_H_minus_3y
26760,2003-12-15,CI,300.0,1930.0,73.0,0,0,5,MILL ST,negative_T_minus_H_minus_3y
29880,2003-12-15,CI,200.0,1946.0,57.0,0,0,5,OXFORD ST,negative_T_minus_H_minus_3y
31920,2003-12-15,CI,150.0,1966.0,37.0,0,0,5,QUEENSTON DR,negative_T_minus_H_minus_3y
35480,2003-12-15,CI,150.0,1927.0,76.0,0,0,5,SPADINA RD W,negative_T_minus_H_minus_3y
5000,2003-12-15,DI,250.0,1968.0,35.0,0,0,5,BRYBECK CRES,negative_T_minus_H_minus_3y
61806,2003-12-15,DI,450.0,1968.0,35.0,0,0,5,LANCASTER ST W,negative_T_minus_H_minus_3y
64610,2003-12-15,PVC,150.0,1970.0,33.0,8,0,5,INGLESIDE DR,negative_T_minus_H_minus_3y
66040,2003-12-15,CPP,600.0,1994.0,9.0,0,0,5,FAIRWAY RD N,negative_T_minus_H_minus_3y
76566,2003-12-15,DI,150.0,1976.0,27.0,0,0,5,STONEGATE DR,negative_T_minus_H_minus_3y
76656,2003-12-15,CI,150.0,1925.0,78.0,0,0,5,STIRLING AVE S,negative_T_minus_H_minus_3y
78900,2003-12-15,DI,300.0,1974.0,29.0,0,0,5,BELMONT AVE W,negative_T_minus_H_minus_3y
80506,2003-12-15,DI,200.0,1994.0,9.0,0,0,5,WATERLOO ST,negative_T_minus_H_minus_3y
80852,2003-12-15,CI,200.0,1950.0,53.0,0,0,5,VICTORIA ST N,negative_T_minus_H_minus_3y
87930,2003-12-15,CI,150.0,1960.0,43.0,0,0,5,ROCKWAY DR,negative_T_minus_H_minus_3y
8860,2003-12-15,DI,150.0,1969.0,34.0,5,0,5,DALEGROVE DR,negative_T_minus_H_minus_3y
95686,2003-12-15,CI,300.0,1955.0,48.0,0,0,5,HIGHLAND RD E,negative_T_minus_H_minus_3y
10110,2003-12-16,DI,450.0,1979.0,24.0,0,0,5,DRIFTWOOD DR,negative_T_minus_H_minus_5y
12330,2003-12-16,CI,450.0,1964.0,39.0,0,0,5,TYSON DR,negative_T_minus_H_minus_2y
31760,2003-12-16,CI,150.0,1953.0,50.0,0,0,5,QUEENS BLVD,negative_T_minus_H_minus_1y
82566,2003-12-16,DI,450.0,1979.0,24.0,0,0,5,DRIFTWOOD DR,negative_T_minus_H_minus_5y
10690,2003-12-17,CI,150.0,1955.0,48.0,0,0,5,DUNBAR RD,negative_T_minus_H_minus_2y
33540,2003-12-17,CI,150.0,1959.0,44.0,2,0,5,ROSS AVE,negative_T_minus_H_minus_4y
36530,2003-12-17,CI,150.0,1958.0,45.0,3,0,5,STONYBROOK DR,negative_T_minus_H_minus_4y
43570,2003-12-17,CI,200.0,1954.0,49.0,1,0,5,WILSON AVE,negative_T_minus_H_minus_2y
24870,2003-12-18,CI,200.0,1962.0,41.0,0,0,5,MANCHESTER RD,negative_T_minus_H_minus_4y
41490,2003-12-18,CI,150.0,1963.0,40.0,0,0,5,WEICHEL ST,negative_T_minus_H_minus_4y
22490,2003-12-19,CI,150.0,1960.0,43.0,1,0,5,KINZIE AVE,negative_T_minus_H_minus_4y
89534,2003-12-19,CI,150.0,1965.0,38.0,0,0,5,BRADLEY DR,negative_T_minus_H_minus_4y
86126,2003-12-21,DI,200.0,1980.0,23.0,0,0,5,OLD MILL RD,negative_T_minus_H_minus_5y
31610,2003-12-22,DI,300.0,1975.0,28.0,0,0,5,QUEENS BLVD,negative_T_minus_H_minus_5y
94706,2003-12-24,CI,150.0,1954.0,49.0,0,0,5,GREENFIELD AVE,negative_T_minus_H_minus_1y
1990,2003-12-25,DI,300.0,1974.0,29.0,0,0,5,GAGE AVE,negative_T_minus_H_minus_5y
21210,2003-12-25,CI,150.0,1958.0,45.0,2,0,5,KENWOOD DR,negative_T_minus_H_minus_1y
42650,2003-12-26,DI,300.0,1968.0,35.0,0,0,5,WESTMOUNT RD E,negative_T_minus_H_minus_5y
92734,2003-12-27,CI,150.0,1954.0,49.0,1,0,5,BYRON AVE,negative_T_minus_H_minus_2y
14010,2003-12-28,CI,150.0,1962.0,41.0,0,0,5,FALESY AVE,negative_T_minus_H_minus_2y
88582,2003-12-28,CI,150.0,1953.0,50.0,0,0,5,VALLEYVIEW RD,negative_T_minus_H_minus_4y
17280,2003-12-29,CI,200.0,1957.0,46.0,0,0,5,GREENBROOK DR,negative_T_minus_H_minus_1y
21050,2003-12-29,CI,150.0,1958.0,45.0,0,0,5,KENNETH AVE,negative_T_minus_H_minus_2y
40470,2003-12-29,DI,150.0,1988.0,15.0,0,0,5,WARREN RD,negative_T_minus_H_minus_1y
21050,2003-12-30,CI,150.0,1958.0,45.0,0,0,5,KENNETH AVE,negative_T_minus_H_minus_2y
39090,2003-12-31,CI,200.0,1961.0,42.0,1,0,5,VANIER DR,negative_T_minus_H_minus_4y
19660,2004-01-01,CI,150.0,1956.0,48.0,3,0,5,HOFFMAN ST,negative_T_minus_H_minus_4y
38120,2004-01-02,DI,200.0,1969.0,35.0,0,0,5,TRAYNOR AVE,negative_T_minus_H_minus_5y
18700,2004-01-03,CI,150.0,1960.0,44.0,1,0,5,HICKSON DR,negative_T_minus_H_minus_3y
91164,2004-01-03,CI,200.0,1960.0,44.0,0,0,5,FOREST HILL DR,negative_T_minus_H_minus_5y
92920,2004-01-03,CI,150.0,1955.0,49.0,2,0,5,DONALD ST,negative_T_minus_H_minus_2y
25800,2004-01-04,CI,150.0,1954.0,50.0,0,0,5,MAYWOOD RD,negative_T_minus_H_minus_2y
30230,2004-01-04,DI,150.0,1966.0,38.0,0,0,5,PARKVIEW CRES,negative_T_minus_H_minus_2y
34210,2004-01-04,CI,200.0,1953.0,51.0,0,0,5,SECOND AVE,negative_T_minus_H_minus_2y
37570,2004-01-05,CI,150.0,1965.0,39.0,0,0,5,TECUMSEH CRES,negative_T_minus_H_minus_2y
90256,2004-01-05,DI,150.0,1969.0,35.0,0,0,5,MEADOW CRES,negative_T_minus_H_minus_4y
9990,2004-01-05,CI,150.0,1955.0,49.0,0,0,5,DOWNEY ST,negative_T_minus_H_minus_4y
36510,2004-01-06,CI,150.0,1962.0,42.0,1,0,5,STONYBROOK DR,negative_T_minus_H_minus_1y
4087857,2004-01-06,XXX,0.0,,,0,0,5,DUKE ST E,negative_T_minus_H_minus_3y
43970,2004-01-06,CI,150.0,1957.0,47.0,0,0,5,WOODHAVEN RD,negative_T_minus_H_minus_4y
88910,2004-01-06,CI,150.0,1965.0,39.0,1,1,5,TECUMSEH CRES,positive_T_minus_H
3770,2004-01-07,CI,150.0,1967.0,37.0,2,0,5,BONNYLYN DR,negative_T_minus_H_minus_5y
44190,2004-01-07,CI,150.0,1959.0,45.0,1,0,5,YAGER AVE,negative_T_minus_H_minus_4y
68140,2004-01-08,HDPE,300.0,2002.0,2.0,0,0,5,HIGHLAND RD W,negative_T_minus_H_minus_1y
61814,2004-01-09,CI,150.0,1967.0,37.0,1,0,5,CARSON DR,negative_T_minus_H_minus_5y
87978,2004-01-09,CI,150.0,1953.0,51.0,0,0,5,PROSPECT AVE,negative_T_minus_H_minus_3y
22910,2004-01-10,CI,150.0,1955.0,49.0,0,1,5,,positive_T_minus_H
43900,2004-01-10,CI,150.0,1954.0,50.0,0,0,5,WOODHAVEN RD,negative_T_minus_H_minus_2y
84006,2004-01-10,DI,150.0,1967.0,37.0,1,0,5,HAYWARD AVE,negative_T_minus_H_minus_2y
84400,2004-01-10,CI,150.0,1966.0,38.0,0,0,5,QUEENSTON DR,negative_T_minus_H_minus_2y
91992,2004-01-10,DI,200.0,1977.0,27.0,0,0,5,,negative_T_minus_H_minus_5y
89754,2004-01-11,DI,100.0,1958.0,46.0,0,0,5,GREENBROOK DR,negative_T_minus_H_minus_2y
21070,2004-01-12,CI,150.0,1962.0,42.0,0,1,5,KENNETH AVE,positive_T_minus_H
36550,2004-01-12,CI,150.0,1958.0,46.0,1,0,5,STONYBROOK DR,negative_T_minus_H_minus_1y
81454,2004-01-12,CI,150.0,1956.0,48.0,0,1,5,ADMIRAL RD,positive_T_minus_H
9960,2004-01-12,DI,450.0,1969.0,35.0,0,0,5,DOON VILLAGE RD,negative_T_minus_H_minus_5y
39600,2004-01-14,CI,200.0,1963.0,41.0,0,0,5,VICTORIA ST N,negative_T_minus_H_minus_1y
4530,2004-01-14,CI,150.0,1958.0,46.0,2,1,5,BRIDGE ST W,positive_T_minus_H
24310,2004-01-15,CI,150.0,1968.0,36.0,0,0,5,LORRAINE AVE,negative_T_minus_H_minus_3y
38190,2004-01-15,CI,150.0,1958.0,46.0,0,1,5,TRAYNOR AVE,positive_T_minus_H
39600,2004-01-15,CI,200.0,1963.0,41.0,0,0,5,VICTORIA ST N,negative_T_minus_H_minus_5y
40740,2004-01-15,CI,150.0,1966.0,38.0,1,0,5,WAYNE DR,negative_T_minus_H_minus_5y
7280,2004-01-15,CI,150.0,1956.0,48.0,0,0,5,CLAREMONT AVE,negative_T_minus_H_minus_3y
18660,2004-01-16,CI,150.0,1960.0,44.0,0,0,5,HICKSON DR,negative_T_minus_H_minus_5y
27310,2004-01-16,CI,450.0,1961.0,43.0,0,1,5,MORGAN AVE,positive_T_minus_H
36530,2004-01-16,CI,150.0,1958.0,46.0,3,0,5,STONYBROOK DR,negative_T_minus_H_minus_5y
22200,2004-01-17,CI,150.0,1966.0,38.0,0,1,5,KINGSTON CRES,positive_T_minus_H
19660,2004-01-18,CI,150.0,1956.0,48.0,3,1,5,HOFFMAN ST,positive_T_minus_H
19860,2004-01-18,DI,150.0,1979.0,25.0,0,0,5,HOMESTEAD PL,negative_T_minus_H_minus_3y
37540,2004-01-18,CI,150.0,1958.0,46.0,1,1,5,TANGLEWOOD AVE,positive_T_minus_H
27020,2004-01-19,CI,200.0,1965.0,39.0,0,0,5,MONTCALM DR,negative_T_minus_H_minus_2y
35250,2004-01-19,CI,150.0,1959.0,45.0,0,0,5,SOUTHDALE AVE,negative_T_minus_H_minus_1y
43340,2004-01-19,CI,300.0,1959.0,45.0,0,0,5,WILLIAMSBURG RD,negative_T_minus_H_minus_4y
7140,2004-01-19,DI,150.0,1965.0,39.0,1,0,5,CHICOPEE TERR,negative_T_minus_H_minus_5y
17720,2004-01-20,CI,150.0,1957.0,47.0,2,0,5,GUELPH ST,negative_T_minus_H_minus_2y
19320,2004-01-20,CI,150.0,1967.0,37.0,0,0,5,HIGHPARK AVE,negative_T_minus_H_minus_2y
27050,2004-01-20,DI,150.0,1988.0,16.0,0,1,5,MONTE CARLO ST,positive_T_minus_H
37550,2004-01-20,CI,150.0,1965.0,39.0,2,0,5,TECUMSEH CRES,negative_T_minus_H_minus_2y
38980,2004-01-20,CI,150.0,1953.0,51.0,0,0,5,VALLEYVIEW RD,negative_T_minus_H_minus_3y
58190,2004-01-20,DI,150.0,1971.0,33.0,0,1,5,KEVCO PL,positive_T_minus_H
85458,2004-01-20,DI,150.0,1962.0,42.0,0,0,5,MANCHESTER RD,negative_T_minus_H_minus_3y
94398,2004-01-20,CI,150.0,1960.0,44.0,0,0,5,WILKINS DR,negative_T_minus_H_minus_2y
11710,2004-01-21,CI,150.0,1959.0,45.0,0,0,5,ELKINGTON DR,negative_T_minus_H_minus_5y
24130,2004-01-21,PVC,150.0,1994.0,10.0,0,1,5,LORNE CRES,positive_T_minus_H
37610,2004-01-21,CI,150.0,1967.0,37.0,1,0,5,THALER AVE,negative_T_minus_H_minus_5y
7150,2004-01-21,DI,150.0,1968.0,36.0,1,1,5,CHOPIN DR,positive_T_minus_H
11710,2004-01-22,CI,150.0,1959.0,45.0,0,0,5,ELKINGTON DR,negative_T_minus_H_minus_3y
18120,2004-01-22,CI,150.0,1961.0,43.0,1,1,5,HAROLD AVE,positive_T_minus_H
35140,2004-01-22,CI,150.0,1953.0,51.0,1,0,5,SIXTH AVE,negative_T_minus_H_minus_2y
40950,2004-01-22,CI,150.0,1924.0,80.0,0,0,5,SIMEON ST,negative_T_minus_H_minus_1y
58030,2004-01-22,DI,150.0,1967.0,37.0,0,0,5,HAYWARD AVE,negative_T_minus_H_minus_1y
7850,2004-01-22,CI,150.0,1953.0,51.0,0,0,5,CONNAUGHT ST,negative_T_minus_H_minus_5y
7770,2004-01-23,CI,150.0,1966.0,38.0,1,0,5,CONFEDERATION DR,negative_T_minus_H_minus_5y
85842,2004-01-23,DI,150.0,1966.0,38.0,0,1,5,CONFEDERATION DR,positive_T_minus_H
11600,2004-01-25,CI,150.0,1950.0,54.0,1,0,5,EDWIN ST,negative_T_minus_H_minus_5y
18680,2004-01-25,CI,150.0,1960.0,44.0,1,0,5,HICKSON DR,negative_T_minus_H_minus_4y
34770,2004-01-25,DI,100.0,1968.0,36.0,0,0,5,SHELLEY PL,negative_T_minus_H_minus_3y
20490,2004-01-26,CI,150.0,1956.0,48.0,0,0,5,ISLINGTON AVE,negative_T_minus_H_minus_1y
32020,2004-01-26,DI,200.0,1974.0,30.0,0,0,5,RADCLIFFE DR,negative_T_minus_H_minus_5y
94198,2004-01-26,CI,150.0,1920.0,84.0,0,0,5,KING ST E,negative_T_minus_H_minus_4y
38970,2004-01-27,CI,150.0,1953.0,51.0,0,0,5,VALLEYVIEW RD,negative_T_minus_H_minus_5y
43900,2004-01-27,CI,150.0,1954.0,50.0,0,0,5,WOODHAVEN RD,negative_T_minus_H_minus_5y
63540,2004-01-27,CI,150.0,1954.0,50.0,1,0,5,FIFE AVE,negative_T_minus_H_minus_2y
86584,2004-01-27,CI,150.0,1958.0,46.0,0,0,5,HEARTH CRES,negative_T_minus_H_minus_2y
20470,2004-01-28,CI,150.0,1955.0,49.0,1,1,5,ISLINGTON AVE,positive_T_minus_H
41850,2004-01-28,DI,200.0,1992.0,12.0,0,0,5,WEST AVE,negative_T_minus_H_minus_4y
4720,2004-01-28,CI,150.0,1953.0,51.0,0,0,5,BROADVIEW AVE,negative_T_minus_H_minus_5y
90738,2004-01-28,CI,150.0,1948.0,56.0,0,1,5,STIRLING AVE S,positive_T_minus_H
18670,2004-01-29,CI,200.0,1960.0,44.0,0,0,5,HICKSON DR,negative_T_minus_H_minus_5y
37030,2004-01-29,DI,150.0,1981.0,23.0,0,1,5,SUGAR MAPLE ST,positive_T_minus_H
6500,2004-01-29,CI,150.0,1953.0,51.0,0,1,5,CHAPEL ST,positive_T_minus_H
29790,2004-01-30,CI,150.0,1967.0,37.0,3,0,5,OVERLEA DR,negative_T_minus_H_minus_4y
35140,2004-01-30,CI,150.0,1953.0,51.0,1,1,5,SIXTH AVE,positive_T_minus_H
68677,2004-01-30,CI,200.0,1953.0,51.0,0,0,5,SHELLEY DR,negative_T_minus_H_minus_1y
92140,2004-01-30,CI,150.0,1954.0,50.0,0,0,5,UNION BLVD,negative_T_minus_H_minus_3y
1650,2004-01-31,DI,300.0,1991.0,13.0,0,0,5,BATTLER RD,negative_T_minus_H_minus_5y
40130,2004-01-31,DI,150.0,1967.0,37.0,0,0,5,VIEWMONT CLOSE,negative_T_minus_H_minus_3y
43730,2004-02-01,DI,150.0,1975.0,29.0,0,0,5,WINDING WAY,negative_T_minus_H_minus_5y
88430,2004-02-01,DI,300.0,1988.0,16.0,0,0,5,WESTFOREST TRAIL,negative_T_minus_H_minus_4y
42560,2004-02-02,CI,150.0,1958.0,46.0,0,0,5,VILLAGE RD,negative_T_minus_H_minus_2y
18310,2004-02-03,DI,300.0,1969.0,35.0,4,0,5,HAZELGLEN DR,negative_T_minus_H_minus_5y
24590,2004-02-03,CI,150.0,1958.0,46.0,0,0,5,LYNDHURST DR,negative_T_minus_H_minus_5y
3770,2004-02-03,CI,150.0,1967.0,37.0,2,1,5,BONNYLYN DR,positive_T_minus_H
42160,2004-02-03,DI,300.0,1973.0,31.0,1,0,5,WESTHEIGHTS DR,negative_T_minus_H_minus_5y
82468,2004-02-03,AC,450.0,1952.0,52.0,0,0,5,WINDALE CRES,negative_T_minus_H_minus_5y
82686,2004-02-03,DI,150.0,1976.0,28.0,0,0,5,PARKLAND CRES,negative_T_minus_H_minus_5y
85694,2004-02-04,CI,150.0,1952.0,52.0,0,0,5,OTTAWA ST N,negative_T_minus_H_minus_4y
88512,2004-02-04,CI,150.0,1954.0,50.0,0,1,5,FRANKLIN ST S,positive_T_minus_H
8940,2004-02-04,CI,150.0,1964.0,40.0,1,0,5,DANIEL AVE,negative_T_minus_H_minus_4y
29900,2004-02-05,CI,150.0,1947.0,57.0,0,0,5,OXFORD ST,negative_T_minus_H_minus_4y
30740,2004-02-05,DI,200.0,1968.0,36.0,0,0,5,PINEDALE DR,negative_T_minus_H_minus_1y
43920,2004-02-05,CI,150.0,1954.0,50.0,0,1,5,WOODHAVEN RD,positive_T_minus_H
16540,2004-02-06,DI,150.0,1970.0,34.0,1,1,5,GLEN AVON CRES,positive_T_minus_H
27010,2004-02-06,DI,200.0,1965.0,39.0,0,0,5,MONTCALM DR,negative_T_minus_H_minus_2y
8200,2004-02-07,DI,150.0,1978.0,26.0,0,0,5,COUNTRYSIDE CRES,negative_T_minus_H_minus_1y
20530,2004-02-08,CI,150.0,1947.0,57.0,2,0,5,JACKSON AVE,negative_T_minus_H_minus_4y
30870,2004-02-08,DI,100.0,1976.0,28.0,0,1,5,PIONEER DR,positive_T_minus_H
43210,2004-02-08,CI,150.0,1953.0,51.0,3,0,5,WILFRED AVE,negative_T_minus_H_minus_5y
17950,2004-02-09,CI,150.0,1964.0,40.0,0,0,5,HAMEL AVE,negative_T_minus_H_minus_4y
7720,2004-02-09,CI,100.0,1960.0,44.0,0,0,5,CHARLOTTE PL,negative_T_minus_H_minus_1y
7730,2004-02-09,CI,150.0,1966.0,38.0,1,0,5,CONFEDERATION DR,negative_T_minus_H_minus_4y
82894,2004-02-09,CI,150.0,1974.0,30.0,0,1,5,BOSWORTH CRES,positive_T_minus_H
42050,2004-02-10,CI,150.0,1959.0,45.0,3,0,5,WESTGATE WALK,negative_T_minus_H_minus_4y
59990,2004-02-10,CI,150.0,1950.0,54.0,0,0,5,EDNA ST,negative_T_minus_H_minus_5y
6490,2004-02-10,CI,150.0,1953.0,51.0,0,0,5,CHAPEL ST,negative_T_minus_H_minus_5y
86390,2004-02-10,PVC,300.0,2000.0,4.0,0,0,5,KING ST E,negative_T_minus_H_minus_1y
17400,2004-02-11,CI,150.0,1953.0,51.0,0,1,5,GREENFIELD AVE,positive_T_minus_H
37280,2004-02-11,CI,300.0,1947.0,57.0,0,0,5,SYDNEY ST N,negative_T_minus_H_minus_2y
39030,2004-02-11,CI,200.0,1953.0,51.0,0,0,5,VANIER DR,negative_T_minus_H_minus_2y
900,2004-02-11,CI,150.0,1953.0,51.0,1,1,5,ARLINGTON BLVD,positive_T_minus_H
18960,2004-02-12,DI,200.0,1973.0,31.0,0,0,5,HIGHLAND CRES,negative_T_minus_H_minus_2y
22500,2004-02-12,CI,150.0,1961.0,43.0,0,0,5,KINZIE AVE,negative_T_minus_H_minus_5y
39600,2004-02-12,CI,200.0,1963.0,41.0,0,0,5,VICTORIA ST N,negative_T_minus_H_minus_1y
83602,2004-02-12,CI,150.0,1945.0,59.0,0,0,5,DOON RD,negative_T_minus_H_minus_5y
16140,2004-02-13,PVC,150.0,1976.0,28.0,0,0,5,GEORGIAN ST,negative_T_minus_H_minus_5y
43970,2004-02-13,CI,150.0,1957.0,47.0,0,0,5,WOODHAVEN RD,negative_T_minus_H_minus_5y
16320,2004-02-14,DI,300.0,1975.0,29.0,0,0,5,GLASGOW ST,negative_T_minus_H_minus_5y
20570,2004-02-14,CI,150.0,1961.0,43.0,2,1,5,JANSEN AVE,positive_T_minus_H
36160,2004-02-14,CI,300.0,1932.0,72.0,0,0,5,STIRLING AVE S,negative_T_minus_H_minus_5y
42890,2004-02-14,CI,150.0,1966.0,38.0,2,1,5,WESTWOOD CRES,positive_T_minus_H
7830,2004-02-14,CI,150.0,1962.0,42.0,0,0,5,CONNAUGHT ST,negative_T_minus_H_minus_1y
136824,2004-02-15,PVC,150.0,,,0,0,5,ABERDEEN RD,negative_T_minus_H_minus_4y
39060,2004-02-15,CI,200.0,1953.0,51.0,1,0,5,VANIER DR,negative_T_minus_H_minus_1y
6490,2004-02-15,CI,150.0,1953.0,51.0,0,0,5,CHAPEL ST,negative_T_minus_H_minus_1y
41490,2004-02-16,CI,150.0,1963.0,41.0,0,0,5,WEICHEL ST,negative_T_minus_H_minus_5y
43830,2004-02-16,CI,150.0,1960.0,44.0,0,0,5,WINSLOW DR,negative_T_minus_H_minus_5y
85972,2004-02-16,DI,150.0,1976.0,28.0,0,0,5,STRASBURG RD,negative_T_minus_H_minus_1y
95640,2004-02-17,CI,150.0,1964.0,40.0,0,0,5,BARBARA CRES,negative_T_minus_H_minus_5y
38980,2004-02-18,CI,150.0,1953.0,51.0,0,0,5,VALLEYVIEW RD,negative_T_minus_H_minus_2y
5010,2004-02-18,CI,100.0,1959.0,45.0,0,0,5,BURBANK RD,negative_T_minus_H_minus_1y
14870,2004-02-19,CI,200.0,1962.0,42.0,4,0,5,FOREST HILL DR,negative_T_minus_H_minus_3y
39860,2004-02-19,CI,150.0,1947.0,57.0,0,0,5,VICTORIA ST S,negative_T_minus_H_minus_5y
22490,2004-02-20,CI,150.0,1960.0,44.0,1,0,5,KINZIE AVE,negative_T_minus_H_minus_4y
290,2004-02-20,CI,150.0,1958.0,46.0,3,0,5,ABERDEEN RD,negative_T_minus_H_minus_4y
82460,2004-02-20,CI,150.0,1961.0,43.0,0,0,5,JANSEN AVE,negative_T_minus_H_minus_2y
96092,2004-02-20,CI,150.0,1962.0,42.0,0,0,5,ARCHER PL,negative_T_minus_H_minus_2y
1120,2004-02-21,DI,150.0,1973.0,31.0,0,0,5,AUTUMN HILL CRES,negative_T_minus_H_minus_5y
39050,2004-02-21,CI,200.0,1953.0,51.0,0,0,5,VANIER DR,negative_T_minus_H_minus_2y
83746,2004-02-21,CI,150.0,1962.0,42.0,0,0,5,FOREST HILL DR,negative_T_minus_H_minus_1y
34220,2004-02-22,CI,150.0,1963.0,41.0,2,0,5,SECORD AVE,negative_T_minus_H_minus_2y
43970,2004-02-22,CI,150.0,1957.0,47.0,0,0,5,WOODHAVEN RD,negative_T_minus_H_minus_5y
41690,2004-02-23,CI,300.0,1929.0,75.0,1,0,5,WELLINGTON ST N,negative_T_minus_H_minus_4y
85016,2004-02-23,CI,150.0,1967.0,37.0,2,0,5,THALER AVE,negative_T_minus_H_minus_3y
87828,2004-02-23,CI,150.0,1954.0,50.0,0,0,5,KRUG ST,negative_T_minus_H_minus_2y
34680,2004-02-24,CI,150.0,1946.0,58.0,1,0,5,SHELDON AVE N,negative_T_minus_H_minus_5y
41630,2004-02-24,CI,100.0,1916.0,88.0,0,0,5,WELLINGTON ST N,negative_T_minus_H_minus_5y
84006,2004-02-24,DI,150.0,1967.0,37.0,1,1,5,HAYWARD AVE,positive_T_minus_H
24260,2004-02-25,DI,150.0,1965.0,39.0,1,0,5,LORRAINE AVE,negative_T_minus_H_minus_1y
29890,2004-02-25,CI,200.0,1946.0,58.0,0,0,5,OXFORD ST,negative_T_minus_H_minus_2y
64370,2004-02-25,CI,450.0,1951.0,53.0,0,0,5,BELMONT AVE E,negative_T_minus_H_minus_5y
25160,2004-02-26,CI,150.0,1949.0,55.0,0,0,5,MAPLE AVE,negative_T_minus_H_minus_5y
27160,2004-02-27,CI,150.0,1951.0,53.0,0,0,5,MONTGOMERY RD,negative_T_minus_H_minus_4y
27810,2004-02-27,CI,150.0,1960.0,44.0,2,0,5,NINE PINES RD,negative_T_minus_H_minus_5y
26270,2004-02-28,CI,150.0,1953.0,51.0,1,0,5,MELROSE AVE,negative_T_minus_H_minus_5y
85458,2004-02-28,DI,150.0,1962.0,42.0,0,0,5,MANCHESTER RD,negative_T_minus_H_minus_4y
5830,2004-03-01,DI,150.0,1966.0,38.0,2,1,5,CECILE DR,positive_T_minus_H
9100,2004-03-01,CI,150.0,1962.0,42.0,1,0,5,DEERPARK CRES,negative_T_minus_H_minus_1y
38970,2004-03-02,CI,150.0,1953.0,51.0,0,0,5,VALLEYVIEW RD,negative_T_minus_H_minus_2y
40410,2004-03-02,CI,150.0,1953.0,51.0,0,0,5,WANDSWORTH PL,negative_T_minus_H_minus_5y
8060,2004-03-02,CI,150.0,1958.0,46.0,1,0,5,CORNELL AVE,negative_T_minus_H_minus_4y
84696,2004-03-03,CI,150.0,1955.0,49.0,0,1,5,KRUG ST,positive_T_minus_H
21130,2004-03-04,CI,150.0,1954.0,50.0,0,0,5,KENSINGTON AVE,negative_T_minus_H_minus_4y
32030,2004-03-05,DI,200.0,1974.0,30.0,0,0,5,RADCLIFFE DR,negative_T_minus_H_minus_5y
84154,2004-03-06,CI,150.0,1959.0,45.0,0,0,5,ELKINGTON DR,negative_T_minus_H_minus_4y
17720,2004-03-07,CI,150.0,1957.0,47.0,2,0,5,GUELPH ST,negative_T_minus_H_minus_2y
43910,2004-03-07,CI,150.0,1954.0,50.0,0,0,5,WOODHAVEN RD,negative_T_minus_H_minus_4y
9090,2004-03-09,CI,150.0,1958.0,46.0,0,0,5,DEERFIELD AVE,negative_T_minus_H_minus_5y
11030,2004-03-10,CI,300.0,1949.0,55.0,0,0,5,GLENDALE RD,negative_T_minus_H_minus_5y
31180,2004-03-10,CI,150.0,1954.0,50.0,0,0,5,PROSPECT AVE,negative_T_minus_H_minus_4y
38560,2004-03-10,CI,150.0,1954.0,50.0,0,1,5,UNION BLVD,positive_T_minus_H
15000,2004-03-11,DI,150.0,1969.0,35.0,0,0,5,FORESTWOOD DR,negative_T_minus_H_minus_1y
7290,2004-03-11,CI,100.0,1956.0,48.0,1,0,5,CLAREMONT AVE,negative_T_minus_H_minus_2y
23480,2004-03-12,CI,150.0,1948.0,56.0,2,1,5,LANG CRES,positive_T_minus_H
38040,2004-03-13,CI,150.0,1958.0,46.0,0,0,5,TRAFALGAR AVE,negative_T_minus_H_minus_1y
89534,2004-03-15,CI,150.0,1965.0,39.0,0,0,5,BRADLEY DR,negative_T_minus_H_minus_5y
4430,2004-03-17,DI,150.0,1952.0,52.0,7,1,5,BRICK ST,positive_T_minus_H
11030,2004-03-19,CI,300.0,1949.0,55.0,0,1,5,GLENDALE RD,positive_T_minus_H
20250,2004-03-19,CI,150.0,1967.0,37.0,0,1,5,INDIAN RD,positive_T_minus_H
31930,2004-03-19,DI,150.0,1966.0,38.0,1,0,5,QUEENSTON DR,negative_T_minus_H_minus_4y
11480,2004-03-21,CI,150.0,1949.0,55.0,0,0,5,EDMUND RD,negative_T_minus_H_minus_4y
33410,2004-03-21,CI,150.0,1958.0,46.0,3,0,5,ROSEMOUNT DR,negative_T_minus_H_minus_4y
26260,2004-03-22,CI,150.0,1953.0,51.0,1,1,5,MELROSE AVE,positive_T_minus_H
33050,2004-03-22,CI,300.0,1935.0,69.0,1,0,5,ROCKWAY DR,negative_T_minus_H_minus_5y
27810,2004-03-23,CI,150.0,1960.0,44.0,2,0,5,NINE PINES RD,negative_T_minus_H_minus_4y
19080,2004-03-27,CI,150.0,1952.0,52.0,1,0,5,HIGHLAND RD E,negative_T_minus_H_minus_5y
40740,2004-03-29,CI,150.0,1966.0,38.0,1,0,5,WAYNE DR,negative_T_minus_H_minus_5y
16550,2004-03-30,CI,150.0,1969.0,35.0,1,0,5,GLEN LAKE CRES,negative_T_minus_H_minus_5y
4940,2004-03-30,CI,150.0,1953.0,51.0,0,0,5,BRUCE ST,negative_T_minus_H_minus_5y
14920,2004-04-01,CI,200.0,1960.0,44.0,0,0,5,FOREST HILL DR,negative_T_minus_H_minus_1y
16550,2004-04-01,CI,150.0,1969.0,35.0,1,0,5,GLEN LAKE CRES,negative_T_minus_H_minus_5y
7940,2004-04-02,DI,150.0,1966.0,38.0,1,0,5,CONWAY DR,negative_T_minus_H_minus_5y
30230,2004-04-08,DI,150.0,1966.0,38.0,0,0,5,PARKVIEW CRES,negative_T_minus_H_minus_2y
5450,2004-04-09,CI,150.0,1953.0,51.0,0,0,5,CARLTON ST,negative_T_minus_H_minus_1y
90210,2004-04-12,CI,150.0,1967.0,37.0,1,0,5,CARNABY CRES,negative_T_minus_H_minus_1y
15080,2004-04-14,DI,150.0,1969.0,35.0,0,0,5,FORESTWOOD DR,negative_T_minus_H_minus_5y
40630,2004-04-17,DI,300.0,1975.0,29.0,0,0,5,WATER ST S,negative_T_minus_H_minus_5y
96098,2004-04-22,CI,200.0,1957.0,47.0,0,1,5,WESTMOUNT RD E,positive_T_minus_H
10560,2004-04-26,DI,300.0,1981.0,23.0,0,0,5,DUMART PL,negative_T_minus_H_minus_5y
19750,2004-04-29,DI,150.0,1967.0,37.0,0,0,5,HOLBORN DR,negative_T_minus_H_minus_2y
18310,2004-05-01,DI,300.0,1969.0,35.0,4,1,5,HAZELGLEN DR,positive_T_minus_H
89828,2004-05-01,CI,150.0,1963.0,41.0,0,0,5,RIVER RD E,negative_T_minus_H_minus_4y
44100,2004-05-03,CI,100.0,1958.0,46.0,0,0,5,WOOLWICH ST,negative_T_minus_H_minus_3y
34770,2004-05-14,DI,100.0,1968.0,36.0,0,0,5,SHELLEY PL,negative_T_minus_H_minus_5y
81146,2004-05-16,CI,450.0,1960.0,44.0,0,0,5,BREITHAUPT ST,negative_T_minus_H_minus_1y
89132,2004-05-17,DI,100.0,1961.0,43.0,0,0,5,CRAIG DR,negative_T_minus_H_minus_4y
35640,2004-05-20,CI,150.0,1968.0,36.0,1,0,5,SPRINGDALE DR,negative_T_minus_H_minus_1y
38560,2004-05-21,CI,150.0,1954.0,50.0,0,1,5,UNION BLVD,positive_T_minus_H
89828,2004-05-21,CI,150.0,1963.0,41.0,0,0,5,RIVER RD E,negative_T_minus_H_minus_5y
39700,2004-05-23,DI,300.0,1978.0,26.0,0,0,5,VICTORIA ST N,negative_T_minus_H_minus_1y
78900,2004-05-23,DI,300.0,1974.0,30.0,0,0,5,BELMONT AVE W,negative_T_minus_H_minus_5y
29620,2004-05-25,CI,150.0,1929.0,75.0,1,1,5,OTTAWA ST S,positive_T_minus_H
93658,2004-05-26,DI,200.0,1978.0,26.0,0,0,5,OLD MILL RD,negative_T_minus_H_minus_1y
15460,2004-05-28,CI,150.0,1953.0,51.0,0,1,5,FRANKLIN ST S,positive_T_minus_H
43730,2004-06-01,DI,150.0,1975.0,29.0,0,0,5,WINDING WAY,negative_T_minus_H_minus_2y
5250,2004-06-01,CI,150.0,1954.0,50.0,1,1,5,CAMBRIDGE AVE,positive_T_minus_H
16670,2004-06-03,CI,150.0,1965.0,39.0,1,0,5,GLENWOOD DR,negative_T_minus_H_minus_2y
35300,2004-06-03,DI,150.0,1974.0,30.0,0,0,5,SOUTHWOOD DR,negative_T_minus_H_minus_5y
7140,2004-06-03,DI,150.0,1965.0,39.0,1,0,5,CHICOPEE TERR,negative_T_minus_H_minus_5y
94002,2004-06-03,DI,150.0,1974.0,30.0,0,0,5,DEVONGLEN DR,negative_T_minus_H_minus_5y
18280,2004-06-04,DI,300.0,1968.0,36.0,1,1,5,HAZELGLEN DR,positive_T_minus_H
15840,2004-06-06,CI,300.0,1969.0,35.0,1,1,5,GAGE AVE,positive_T_minus_H
63740,2004-06-11,DI,300.0,1991.0,13.0,0,0,5,DUKE ST E,negative_T_minus_H_minus_3y
80176,2004-06-11,CI,150.0,1958.0,46.0,0,0,5,BRIDGE ST W,negative_T_minus_H_minus_1y
76729,2004-06-13,DI,150.0,1967.0,37.0,2,1,5,HAYWARD AVE,positive_T_minus_H
84034,2004-06-14,DI,300.0,1974.0,30.0,0,0,5,DRIFTWOOD DR,negative_T_minus_H_minus_2y
90106,2004-06-17,DI,200.0,1975.0,29.0,0,0,5,QUEENS BLVD,negative_T_minus_H_minus_5y
61873,2004-06-21,DI,450.0,1965.0,39.0,0,0,5,WAVERLY RD,negative_T_minus_H_minus_1y
86674,2004-06-24,CI,150.0,1958.0,46.0,0,0,5,KENNETH AVE,negative_T_minus_H_minus_1y
17720,2004-06-26,CI,150.0,1957.0,47.0,2,0,5,GUELPH ST,negative_T_minus_H_minus_3y
59990,2004-07-02,CI,150.0,1950.0,54.0,0,0,5,EDNA ST,negative_T_minus_H_minus_2y
78900,2004-07-02,DI,300.0,1974.0,30.0,0,1,5,BELMONT AVE W,positive_T_minus_H
56110,2004-07-05,PVC,150.0,1995.0,9.0,0,0,5,WINDWARD PL,negative_T_minus_H_minus_1y
85458,2004-07-05,DI,150.0,1962.0,42.0,0,0,5,MANCHESTER RD,negative_T_minus_H_minus_5y
81208,2004-07-10,CI,250.0,1889.0,115.0,0,0,5,KING ST W,negative_T_minus_H_minus_4y
62930,2004-07-11,PVC,150.0,1999.0,5.0,0,0,5,BERRY MOSS ST,negative_T_minus_H_minus_5y
44100,2004-07-15,CI,100.0,1958.0,46.0,0,0,5,WOOLWICH ST,negative_T_minus_H_minus_4y
8870,2004-07-16,DI,150.0,1972.0,32.0,5,1,5,DALEGROVE DR,positive_T_minus_H
21450,2004-07-18,CI,250.0,1889.0,115.0,0,0,5,KING ST W,negative_T_minus_H_minus_3y
840,2004-07-22,CI,300.0,1959.0,45.0,0,1,5,ARDELT AVE,positive_T_minus_H
31180,2004-07-23,CI,150.0,1954.0,50.0,0,0,5,PROSPECT AVE,negative_T_minus_H_minus_1y
2310,2004-07-26,CI,150.0,1967.0,37.0,0,0,5,BELWOOD CRES,negative_T_minus_H_minus_2y
43970,2004-07-31,CI,150.0,1957.0,47.0,0,0,5,WOODHAVEN RD,negative_T_minus_H_minus_2y
5660,2004-07-31,DI,150.0,1968.0,36.0,0,0,5,CARTIER DR,negative_T_minus_H_minus_4y
4646730,2004-08-04,PVC,150.0,2002.0,2.0,0,0,5,KING ST W,negative_T_minus_H_minus_1y
5550,2004-08-04,DI,200.0,1968.0,36.0,0,0,5,CARSON DR,negative_T_minus_H_minus_3y
21560,2004-08-09,DI,300.0,1974.0,30.0,0,0,5,KING ST W,negative_T_minus_H_minus_1y
5720,2004-08-10,CI,150.0,1960.0,44.0,2,0,5,CARWOOD AVE,negative_T_minus_H_minus_1y
7160,2004-08-12,DI,150.0,1968.0,36.0,3,0,5,CHOPIN DR,negative_T_minus_H_minus_5y
80176,2004-08-15,CI,150.0,1958.0,46.0,0,0,5,BRIDGE ST W,negative_T_minus_H_minus_3y
89608,2004-08-20,CI,150.0,1961.0,43.0,0,0,5,LANG CRES,negative_T_minus_H_minus_5y
23360,2004-09-04,CI,150.0,1927.0,77.0,0,0,5,HILL ST,negative_T_minus_H_minus_4y
80176,2004-09-08,CI,150.0,1958.0,46.0,0,0,5,BRIDGE ST W,negative_T_minus_H_minus_1y
18180,2004-09-09,COP,50.0,1980.0,24.0,0,0,5,HARVEST CRT,negative_T_minus_H_minus_2y
91164,2004-09-09,CI,200.0,1960.0,44.0,0,0,5,FOREST HILL DR,negative_T_minus_H_minus_1y
37220,2004-09-11,CI,150.0,1961.0,43.0,0,1,5,SWEETBRIAR DR,positive_T_minus_H
42930,2004-09-13,DI,300.0,1971.0,33.0,0,1,5,WESTWOOD DR,positive_T_minus_H
91970,2004-09-16,DI,150.0,1972.0,32.0,0,0,5,DALEGROVE DR,negative_T_minus_H_minus_4y
40400,2004-09-19,CI,200.0,1953.0,51.0,0,0,5,WALTON AVE,negative_T_minus_H_minus_5y
27820,2004-09-20,CI,200.0,1961.0,43.0,0,0,5,NINTH AVE,negative_T_minus_H_minus_5y
15750,2004-09-23,CI,200.0,1958.0,46.0,1,0,5,FREDERICK ST,negative_T_minus_H_minus_2y
76747,2004-09-23,CI,150.0,1940.0,64.0,5,0,5,STIRLING AVE S,negative_T_minus_H_minus_5y
38140,2004-09-26,DI,200.0,1967.0,37.0,0,0,5,TRAYNOR AVE,negative_T_minus_H_minus_5y
29640,2004-09-27,CI,150.0,1923.0,81.0,0,0,5,OTTAWA ST S,negative_T_minus_H_minus_2y
5600,2004-09-29,DI,200.0,1966.0,38.0,0,0,5,CARSON DR,negative_T_minus_H_minus_2y
7480,2004-10-06,CI,150.0,1947.0,57.0,1,0,5,CLIFTON RD,negative_T_minus_H_minus_2y
5720,2004-10-08,CI,150.0,1960.0,44.0,2,0,5,CARWOOD AVE,negative_T_minus_H_minus_1y
8370,2004-10-12,CI,300.0,1963.0,41.0,1,0,5,COURTLAND AVE E,negative_T_minus_H_minus_5y
3880,2004-10-18,CI,150.0,1925.0,79.0,2,0,5,BORDEN AVE S,negative_T_minus_H_minus_1y
14880,2004-10-20,CI,200.0,1962.0,42.0,0,1,5,FOREST HILL DR,positive_T_minus_H
39710,2004-10-21,DI,300.0,1978.0,26.0,0,0,5,VICTORIA ST N,negative_T_minus_H_minus_1y
39710,2004-10-22,DI,300.0,1978.0,26.0,0,0,5,VICTORIA ST N,negative_T_minus_H_minus_1y
17720,2004-10-25,CI,150.0,1957.0,47.0,2,0,5,GUELPH ST,negative_T_minus_H_minus_1y
28200,2004-10-26,CI,100.0,1952.0,52.0,0,0,5,OAKWOOD AVE,negative_T_minus_H_minus_1y
29800,2004-10-26,DI,150.0,1965.0,39.0,0,0,5,OVERLEA DR,negative_T_minus_H_minus_1y
10530,2004-10-27,DI,100.0,1976.0,28.0,1,0,5,DUKE ST W,negative_T_minus_H_minus_1y
15030,2004-10-27,DI,150.0,1968.0,36.0,1,1,5,FORESTWOOD DR,positive_T_minus_H
21170,2004-10-27,CI,150.0,1926.0,78.0,1,0,5,KENT AVE,negative_T_minus_H_minus_2y
27620,2004-10-29,PVC,150.0,1976.0,28.0,0,0,5,NATCHEZ RD,negative_T_minus_H_minus_5y
13890,2004-11-01,CI,450.0,1962.0,42.0,0,0,5,FAIRWAY RD N,negative_T_minus_H_minus_4y
1230,2004-11-02,CI,150.0,1958.0,46.0,2,1,5,AVALON PL,positive_T_minus_H
42180,2004-11-02,DI,150.0,1973.0,31.0,0,0,5,WESTHEIGHTS DR,negative_T_minus_H_minus_4y
65890,2004-11-02,PVC,300.0,2000.0,4.0,0,0,5,MAX BECKER DR,negative_T_minus_H_minus_5y
590,2004-11-03,DI,300.0,1965.0,39.0,0,0,5,ALPINE RD,negative_T_minus_H_minus_3y
30500,2004-11-04,DI,150.0,1966.0,38.0,0,0,5,PENROSE AVE,negative_T_minus_H_minus_5y
32160,2004-11-05,CI,150.0,1963.0,41.0,3,0,5,RENNIE DR,negative_T_minus_H_minus_1y
20410,2004-11-06,DI,150.0,1966.0,38.0,0,1,5,INWOOD CRES,positive_T_minus_H
90768,2004-11-06,CI,300.0,1935.0,69.0,0,0,5,ROCKWAY DR,negative_T_minus_H_minus_5y
133314,2004-11-08,CI,300.0,1964.0,40.0,0,0,5,FRANKLIN ST N,negative_T_minus_H_minus_3y
30740,2004-11-09,DI,200.0,1968.0,36.0,0,0,5,PINEDALE DR,negative_T_minus_H_minus_2y
33630,2004-11-11,DI,200.0,1976.0,28.0,0,0,5,ROYAL ORCHARD DR,negative_T_minus_H_minus_3y
35250,2004-11-11,CI,150.0,1959.0,45.0,0,0,5,SOUTHDALE AVE,negative_T_minus_H_minus_3y
21840,2004-11-12,CI,150.0,1947.0,57.0,0,0,5,KING ST E,negative_T_minus_H_minus_1y
39360,2004-11-12,DI,300.0,1969.0,35.0,0,0,5,ST LEGER ST,negative_T_minus_H_minus_4y
1250,2004-11-15,CI,300.0,1955.0,49.0,0,0,5,AVALON PL,negative_T_minus_H_minus_4y
18000,2004-11-15,CI,200.0,1967.0,37.0,1,0,5,HANSON AVE,negative_T_minus_H_minus_4y
19530,2004-11-15,CI,150.0,1967.0,37.0,0,1,5,HILLMOUNT ST,positive_T_minus_H
28910,2004-11-17,CI,150.0,1956.0,48.0,0,0,5,OLYMPIC DR,negative_T_minus_H_minus_3y
33530,2004-11-17,CI,150.0,1959.0,45.0,1,0,5,ROSS AVE,negative_T_minus_H_minus_2y
37070,2004-11-19,CI,150.0,1964.0,40.0,1,0,5,SUMMIT AVE,negative_T_minus_H_minus_4y
31910,2004-11-20,CI,150.0,1966.0,38.0,2,0,5,QUEENSTON DR,negative_T_minus_H_minus_5y
32900,2004-11-20,CI,300.0,1960.0,44.0,2,1,5,SHIRLEY AVE,positive_T_minus_H
86902,2004-11-20,CI,150.0,1960.0,44.0,0,0,5,HICKSON DR,negative_T_minus_H_minus_4y
43960,2004-11-22,CI,150.0,1954.0,50.0,0,1,5,WOODHAVEN RD,positive_T_minus_H
21040,2004-11-23,CI,150.0,1958.0,46.0,1,0,5,KENNETH AVE,negative_T_minus_H_minus_5y
59960,2004-11-23,CI,150.0,1957.0,47.0,1,1,5,GUELPH ST,positive_T_minus_H
10350,2004-11-26,DI,150.0,1994.0,10.0,0,0,5,DUKE ST W,negative_T_minus_H_minus_3y
27810,2004-11-26,CI,150.0,1960.0,44.0,2,0,5,NINE PINES RD,negative_T_minus_H_minus_2y
38140,2004-11-26,DI,200.0,1967.0,37.0,0,0,5,TRAYNOR AVE,negative_T_minus_H_minus_5y
82724,2004-11-27,DI,300.0,1975.0,29.0,0,0,5,DUKE ST W,negative_T_minus_H_minus_5y
90092,2004-11-27,CI,150.0,1963.0,41.0,0,0,5,BIRCHCLIFF AVE,negative_T_minus_H_minus_3y
34640,2004-11-28,CI,150.0,1925.0,79.0,2,0,5,SHELDON AVE N,negative_T_minus_H_minus_4y
7940,2004-11-28,DI,150.0,1966.0,38.0,1,0,5,CONWAY DR,negative_T_minus_H_minus_5y
62940,2004-11-30,PVC,300.0,2000.0,4.0,0,0,5,MAX BECKER DR,negative_T_minus_H_minus_4y
86828,2004-12-01,CI,150.0,1961.0,43.0,0,0,5,STONYBROOK DR,negative_T_minus_H_minus_4y
19660,2004-12-02,CI,150.0,1956.0,48.0,3,1,5,HOFFMAN ST,positive_T_minus_H
43300,2004-12-03,CI,150.0,1960.0,44.0,0,0,5,WILKINS DR,negative_T_minus_H_minus_4y
84266,2004-12-03,CI,200.0,1958.0,46.0,0,0,5,WILSON AVE,negative_T_minus_H_minus_3y
17800,2004-12-04,CI,150.0,1966.0,38.0,3,0,5,HALIFAX DR,negative_T_minus_H_minus_4y
37770,2004-12-04,CI,150.0,1953.0,51.0,2,1,5,THIRD AVE,positive_T_minus_H
90694,2004-12-06,CI,150.0,1956.0,48.0,0,0,5,EIGHTH AVE,negative_T_minus_H_minus_5y
96010,2004-12-06,CI,200.0,1961.0,43.0,0,1,5,COURTLAND AVE E,positive_T_minus_H
1430,2004-12-07,CI,150.0,1967.0,37.0,2,0,5,BALFOUR CRES,negative_T_minus_H_minus_4y
14940,2004-12-07,CI,150.0,1958.0,46.0,1,1,5,FOREST HILL DR,positive_T_minus_H
32070,2004-12-09,DI,150.0,1971.0,33.0,1,1,5,RAMBLEWOOD WAY,positive_T_minus_H
38040,2004-12-09,CI,150.0,1958.0,46.0,0,0,5,TRAFALGAR AVE,negative_T_minus_H_minus_2y
34330,2004-12-10,CI,150.0,1948.0,56.0,0,0,5,SEREDA RD,negative_T_minus_H_minus_3y
38490,2004-12-10,CI,150.0,1966.0,38.0,2,0,5,TUPPER CRES,negative_T_minus_H_minus_1y
84154,2004-12-10,CI,150.0,1959.0,45.0,0,0,5,ELKINGTON DR,negative_T_minus_H_minus_3y
18680,2004-12-11,CI,150.0,1960.0,44.0,1,0,5,HICKSON DR,negative_T_minus_H_minus_2y
31160,2004-12-12,CI,150.0,1955.0,49.0,0,0,5,PROSPECT AVE,negative_T_minus_H_minus_2y
32170,2004-12-12,CI,150.0,1963.0,41.0,3,0,5,RENNIE DR,negative_T_minus_H_minus_2y
40740,2004-12-12,CI,150.0,1966.0,38.0,1,0,5,WAYNE DR,negative_T_minus_H_minus_2y
18000,2004-12-13,CI,200.0,1967.0,37.0,1,1,5,HANSON AVE,positive_T_minus_H
25590,2004-12-13,CI,150.0,1958.0,46.0,0,1,5,MASSEY AVE,positive_T_minus_H
31150,2004-12-13,CI,150.0,1955.0,49.0,0,0,5,PROSPECT AVE,negative_T_minus_H_minus_1y
38510,2004-12-13,DI,150.0,1966.0,38.0,0,0,5,TUPPER CRT,negative_T_minus_H_minus_4y
87122,2004-12-13,DI,150.0,1966.0,38.0,0,0,5,OVERLEA DR,negative_T_minus_H_minus_4y
14580,2004-12-14,CI,150.0,1962.0,42.0,0,1,5,FISCHER HALLMAN RD,positive_T_minus_H
19730,2004-12-14,CI,150.0,1967.0,37.0,1,0,5,HOLBORN DR,negative_T_minus_H_minus_3y
86622,2004-12-14,CI,300.0,1960.0,44.0,0,0,5,MANCHESTER RD,negative_T_minus_H_minus_3y
12260,2004-12-15,AC,450.0,1961.0,43.0,0,0,5,GREENBROOK DR,negative_T_minus_H_minus_3y
134092,2004-12-15,CI,300.0,1964.0,40.0,0,0,5,HIGHLAND RD E,negative_T_minus_H_minus_2y
138614,2004-12-15,PVC,300.0,1999.0,5.0,0,0,5,DAVID BERGEY DR,negative_T_minus_H_minus_2y
17230,2004-12-15,CI,200.0,1957.0,47.0,2,1,5,GREENBROOK DR,positive_T_minus_H
19020,2004-12-15,CI,150.0,1933.0,71.0,0,0,5,HIGHLAND RD E,negative_T_minus_H_minus_2y
21040,2004-12-15,CI,150.0,1958.0,46.0,1,0,5,KENNETH AVE,negative_T_minus_H_minus_2y
2270,2004-12-15,CI,450.0,1950.0,54.0,0,0,5,BELMONT AVE W,negative_T_minus_H_minus_2y
23040,2004-12-15,CI,150.0,1956.0,48.0,0,0,5,LAKESIDE DR,negative_T_minus_H_minus_2y
24100,2004-12-15,CI,150.0,1964.0,40.0,0,0,5,LORNE AVE,negative_T_minus_H_minus_2y
25520,2004-12-15,CI,150.0,1952.0,52.0,0,0,5,MARLBOROUGH AVE,negative_T_minus_H_minus_2y
26760,2004-12-15,CI,300.0,1930.0,74.0,0,0,5,MILL ST,negative_T_minus_H_minus_2y
29880,2004-12-15,CI,200.0,1946.0,58.0,0,0,5,OXFORD ST,negative_T_minus_H_minus_2y
31920,2004-12-15,CI,150.0,1966.0,38.0,0,0,5,QUEENSTON DR,negative_T_minus_H_minus_2y
33550,2004-12-15,CI,150.0,1959.0,45.0,3,0,5,ROSS AVE,negative_T_minus_H_minus_2y
35480,2004-12-15,CI,150.0,1927.0,77.0,0,0,5,SPADINA RD W,negative_T_minus_H_minus_2y
5000,2004-12-15,DI,250.0,1968.0,36.0,0,0,5,BRYBECK CRES,negative_T_minus_H_minus_2y
61806,2004-12-15,DI,450.0,1968.0,36.0,0,0,5,LANCASTER ST W,negative_T_minus_H_minus_2y
64610,2004-12-15,PVC,150.0,1970.0,34.0,8,0,5,INGLESIDE DR,negative_T_minus_H_minus_2y
66040,2004-12-15,CPP,600.0,1994.0,10.0,0,0,5,FAIRWAY RD N,negative_T_minus_H_minus_2y
76566,2004-12-15,DI,150.0,1976.0,28.0,0,0,5,STONEGATE DR,negative_T_minus_H_minus_2y
76656,2004-12-15,CI,150.0,1925.0,79.0,0,0,5,STIRLING AVE S,negative_T_minus_H_minus_2y
80506,2004-12-15,DI,200.0,1994.0,10.0,0,0,5,WATERLOO ST,negative_T_minus_H_minus_2y
80852,2004-12-15,CI,200.0,1950.0,54.0,0,0,5,VICTORIA ST N,negative_T_minus_H_minus_2y
87930,2004-12-15,CI,150.0,1960.0,44.0,0,0,5,ROCKWAY DR,negative_T_minus_H_minus_2y
8860,2004-12-15,DI,150.0,1969.0,35.0,5,0,5,DALEGROVE DR,negative_T_minus_H_minus_2y
95686,2004-12-15,CI,300.0,1955.0,49.0,0,0,5,HIGHLAND RD E,negative_T_minus_H_minus_2y
10110,2004-12-16,DI,450.0,1979.0,25.0,0,0,5,DRIFTWOOD DR,negative_T_minus_H_minus_4y
12330,2004-12-16,CI,450.0,1964.0,40.0,0,0,5,TYSON DR,negative_T_minus_H_minus_1y
25590,2004-12-16,CI,150.0,1958.0,46.0,0,1,5,MASSEY AVE,positive_T_minus_H
31760,2004-12-16,CI,150.0,1953.0,51.0,0,1,5,QUEENS BLVD,positive_T_minus_H
8150,2004-12-16,DI,300.0,1974.0,30.0,1,1,5,COUNTRY HILL DR,positive_T_minus_H
82566,2004-12-16,DI,450.0,1979.0,25.0,0,0,5,DRIFTWOOD DR,negative_T_minus_H_minus_4y
10690,2004-12-17,CI,150.0,1955.0,49.0,0,0,5,DUNBAR RD,negative_T_minus_H_minus_1y
33540,2004-12-17,CI,150.0,1959.0,45.0,2,0,5,ROSS AVE,negative_T_minus_H_minus_3y
36530,2004-12-17,CI,150.0,1958.0,46.0,3,0,5,STONYBROOK DR,negative_T_minus_H_minus_3y
43570,2004-12-17,CI,200.0,1954.0,50.0,1,0,5,WILSON AVE,negative_T_minus_H_minus_1y
24870,2004-12-18,CI,200.0,1962.0,42.0,0,0,5,MANCHESTER RD,negative_T_minus_H_minus_3y
41490,2004-12-18,CI,150.0,1963.0,41.0,0,0,5,WEICHEL ST,negative_T_minus_H_minus_3y
22490,2004-12-19,CI,150.0,1960.0,44.0,1,0,5,KINZIE AVE,negative_T_minus_H_minus_3y
26270,2004-12-19,CI,150.0,1953.0,51.0,1,0,5,MELROSE AVE,negative_T_minus_H_minus_1y
89534,2004-12-19,CI,150.0,1965.0,39.0,0,0,5,BRADLEY DR,negative_T_minus_H_minus_3y
86126,2004-12-21,DI,200.0,1980.0,24.0,0,0,5,OLD MILL RD,negative_T_minus_H_minus_4y
31610,2004-12-22,DI,300.0,1975.0,29.0,0,0,5,QUEENS BLVD,negative_T_minus_H_minus_4y
29860,2004-12-23,CI,150.0,1964.0,40.0,2,1,5,OWEN AVE,positive_T_minus_H
94706,2004-12-24,CI,150.0,1954.0,50.0,0,1,5,GREENFIELD AVE,positive_T_minus_H
1990,2004-12-25,DI,300.0,1974.0,30.0,0,0,5,GAGE AVE,negative_T_minus_H_minus_4y
21210,2004-12-25,CI,150.0,1958.0,46.0,2,1,5,KENWOOD DR,positive_T_minus_H
42650,2004-12-26,DI,300.0,1968.0,36.0,0,0,5,WESTMOUNT RD E,negative_T_minus_H_minus_4y
92734,2004-12-27,CI,150.0,1954.0,50.0,1,0,5,BYRON AVE,negative_T_minus_H_minus_1y
14010,2004-12-28,CI,150.0,1962.0,42.0,0,0,5,FALESY AVE,negative_T_minus_H_minus_1y
88582,2004-12-28,CI,150.0,1953.0,51.0,0,0,5,VALLEYVIEW RD,negative_T_minus_H_minus_3y
17280,2004-12-29,CI,200.0,1957.0,47.0,0,1,5,GREENBROOK DR,positive_T_minus_H
21050,2004-12-29,CI,150.0,1958.0,46.0,0,0,5,KENNETH AVE,negative_T_minus_H_minus_1y
40470,2004-12-29,DI,150.0,1988.0,16.0,0,1,5,WARREN RD,positive_T_minus_H
21050,2004-12-30,CI,150.0,1958.0,46.0,0,0,5,KENNETH AVE,negative_T_minus_H_minus_1y
39090,2004-12-31,CI,200.0,1961.0,43.0,1,0,5,VANIER DR,negative_T_minus_H_minus_3y
38120,2005-01-02,DI,200.0,1969.0,36.0,0,0,5,TRAYNOR AVE,negative_T_minus_H_minus_4y
18700,2005-01-03,CI,150.0,1960.0,45.0,1,0,5,HICKSON DR,negative_T_minus_H_minus_2y
33440,2005-01-03,CI,150.0,1959.0,46.0,2,0,5,ROSEMOUNT DR,negative_T_minus_H_minus_2y
91164,2005-01-03,CI,200.0,1960.0,45.0,0,0,5,FOREST HILL DR,negative_T_minus_H_minus_4y
92920,2005-01-03,CI,150.0,1955.0,50.0,2,0,5,DONALD ST,negative_T_minus_H_minus_1y
25800,2005-01-04,CI,150.0,1954.0,51.0,0,0,5,MAYWOOD RD,negative_T_minus_H_minus_1y
30230,2005-01-04,DI,150.0,1966.0,39.0,0,0,5,PARKVIEW CRES,negative_T_minus_H_minus_1y
34210,2005-01-04,CI,200.0,1953.0,52.0,0,0,5,SECOND AVE,negative_T_minus_H_minus_1y
8070,2005-01-04,CI,150.0,1957.0,48.0,1,1,5,CORNELL AVE,positive_T_minus_H
37570,2005-01-05,CI,150.0,1965.0,40.0,0,0,5,TECUMSEH CRES,negative_T_minus_H_minus_1y
90256,2005-01-05,DI,150.0,1969.0,36.0,0,0,5,MEADOW CRES,negative_T_minus_H_minus_3y
9990,2005-01-05,CI,150.0,1955.0,50.0,0,0,5,DOWNEY ST,negative_T_minus_H_minus_3y
29200,2005-01-06,CI,150.0,1952.0,53.0,7,1,5,OTTAWA ST N,positive_T_minus_H
36510,2005-01-06,CI,150.0,1962.0,43.0,1,1,5,STONYBROOK DR,positive_T_minus_H
4087857,2005-01-06,XXX,0.0,,,0,0,5,DUKE ST E,negative_T_minus_H_minus_2y
43830,2005-01-06,CI,150.0,1960.0,45.0,0,0,5,WINSLOW DR,negative_T_minus_H_minus_5y
43970,2005-01-06,CI,150.0,1957.0,48.0,0,0,5,WOODHAVEN RD,negative_T_minus_H_minus_3y
44190,2005-01-07,CI,150.0,1959.0,46.0,1,0,5,YAGER AVE,negative_T_minus_H_minus_3y
17230,2005-01-08,CI,200.0,1957.0,48.0,2,1,5,GREENBROOK DR,positive_T_minus_H
68140,2005-01-08,HDPE,300.0,2002.0,3.0,0,1,5,HIGHLAND RD W,positive_T_minus_H
61814,2005-01-09,CI,150.0,1967.0,38.0,1,0,5,CARSON DR,negative_T_minus_H_minus_4y
83480,2005-01-09,CI,150.0,1951.0,54.0,0,0,5,LAWRENCE AVE,negative_T_minus_H_minus_5y
87978,2005-01-09,CI,150.0,1953.0,52.0,0,0,5,PROSPECT AVE,negative_T_minus_H_minus_2y
21220,2005-01-10,CI,150.0,1964.0,41.0,0,1,5,KENWOOD DR,positive_T_minus_H
43900,2005-01-10,CI,150.0,1954.0,51.0,0,0,5,WOODHAVEN RD,negative_T_minus_H_minus_1y
84400,2005-01-10,CI,150.0,1966.0,39.0,0,0,5,QUEENSTON DR,negative_T_minus_H_minus_1y
91992,2005-01-10,DI,200.0,1977.0,28.0,0,0,5,,negative_T_minus_H_minus_4y
24610,2005-01-11,CI,150.0,1958.0,47.0,2,0,5,LYNDHURST DR,negative_T_minus_H_minus_2y
89754,2005-01-11,DI,100.0,1958.0,47.0,0,0,5,GREENBROOK DR,negative_T_minus_H_minus_1y
36550,2005-01-12,CI,150.0,1958.0,47.0,1,1,5,STONYBROOK DR,positive_T_minus_H
9960,2005-01-12,DI,450.0,1969.0,36.0,0,0,5,DOON VILLAGE RD,negative_T_minus_H_minus_4y
21760,2005-01-13,CI,150.0,1922.0,83.0,0,0,5,KING ST E,negative_T_minus_H_minus_5y
91366,2005-01-13,CI,150.0,1940.0,65.0,0,0,5,STIRLING AVE S,negative_T_minus_H_minus_5y
39600,2005-01-14,CI,200.0,1963.0,42.0,0,1,5,VICTORIA ST N,positive_T_minus_H
23060,2005-01-15,CI,150.0,1957.0,48.0,1,0,5,LAKESIDE DR,negative_T_minus_H_minus_5y
24310,2005-01-15,CI,150.0,1968.0,37.0,0,0,5,LORRAINE AVE,negative_T_minus_H_minus_2y
40740,2005-01-15,CI,150.0,1966.0,39.0,1,0,5,WAYNE DR,negative_T_minus_H_minus_4y
7280,2005-01-15,CI,150.0,1956.0,49.0,0,0,5,CLAREMONT AVE,negative_T_minus_H_minus_2y
18660,2005-01-16,CI,150.0,1960.0,45.0,0,0,5,HICKSON DR,negative_T_minus_H_minus_4y
36530,2005-01-16,CI,150.0,1958.0,47.0,3,0,5,STONYBROOK DR,negative_T_minus_H_minus_4y
15420,2005-01-18,CI,300.0,1956.0,49.0,0,0,5,FRANKLIN ST N,negative_T_minus_H_minus_5y
19860,2005-01-18,DI,150.0,1979.0,26.0,0,0,5,HOMESTEAD PL,negative_T_minus_H_minus_2y
27020,2005-01-19,CI,200.0,1965.0,40.0,0,0,5,MONTCALM DR,negative_T_minus_H_minus_1y
35250,2005-01-19,CI,150.0,1959.0,46.0,0,1,5,SOUTHDALE AVE,positive_T_minus_H
43340,2005-01-19,CI,300.0,1959.0,46.0,0,0,5,WILLIAMSBURG RD,negative_T_minus_H_minus_3y
5530,2005-01-19,DI,150.0,1967.0,38.0,0,0,5,CARNABY PL,negative_T_minus_H_minus_5y
7140,2005-01-19,DI,150.0,1965.0,40.0,1,0,5,CHICOPEE TERR,negative_T_minus_H_minus_4y
17720,2005-01-20,CI,150.0,1957.0,48.0,2,0,5,GUELPH ST,negative_T_minus_H_minus_1y
19320,2005-01-20,CI,150.0,1967.0,38.0,0,0,5,HIGHPARK AVE,negative_T_minus_H_minus_1y
37550,2005-01-20,CI,150.0,1965.0,40.0,2,0,5,TECUMSEH CRES,negative_T_minus_H_minus_1y
38980,2005-01-20,CI,150.0,1953.0,52.0,0,0,5,VALLEYVIEW RD,negative_T_minus_H_minus_2y
85458,2005-01-20,DI,150.0,1962.0,43.0,0,0,5,MANCHESTER RD,negative_T_minus_H_minus_2y
94398,2005-01-20,CI,150.0,1960.0,45.0,0,0,5,WILKINS DR,negative_T_minus_H_minus_1y
11710,2005-01-21,CI,150.0,1959.0,46.0,0,0,5,ELKINGTON DR,negative_T_minus_H_minus_4y
37610,2005-01-21,CI,150.0,1967.0,38.0,1,0,5,THALER AVE,negative_T_minus_H_minus_4y
38550,2005-01-21,CI,150.0,1954.0,51.0,2,0,5,UNION BLVD,negative_T_minus_H_minus_4y
43930,2005-01-21,CI,150.0,1954.0,51.0,0,0,5,WOODHAVEN RD,negative_T_minus_H_minus_5y
81440,2005-01-21,CI,150.0,1958.0,47.0,0,0,5,SHADYWOOD CRES,negative_T_minus_H_minus_5y
85890,2005-01-21,DI,150.0,1952.0,53.0,0,0,5,BRICK ST,negative_T_minus_H_minus_5y
11710,2005-01-22,CI,150.0,1959.0,46.0,0,0,5,ELKINGTON DR,negative_T_minus_H_minus_2y
20620,2005-01-22,CI,150.0,1951.0,54.0,2,1,5,JOHNSTON ST,positive_T_minus_H
40950,2005-01-22,CI,150.0,1924.0,81.0,0,1,5,SIMEON ST,positive_T_minus_H
58030,2005-01-22,DI,150.0,1967.0,38.0,0,1,5,HAYWARD AVE,positive_T_minus_H
7850,2005-01-22,CI,150.0,1953.0,52.0,0,0,5,CONNAUGHT ST,negative_T_minus_H_minus_4y
17800,2005-01-23,CI,150.0,1966.0,39.0,3,0,5,HALIFAX DR,negative_T_minus_H_minus_3y
63330,2005-01-23,CI,150.0,1952.0,53.0,0,0,5,ADMIRAL RD,negative_T_minus_H_minus_5y
7770,2005-01-23,CI,150.0,1966.0,39.0,1,0,5,CONFEDERATION DR,negative_T_minus_H_minus_4y
11600,2005-01-25,CI,150.0,1950.0,55.0,1,0,5,EDWIN ST,negative_T_minus_H_minus_4y
18680,2005-01-25,CI,150.0,1960.0,45.0,1,0,5,HICKSON DR,negative_T_minus_H_minus_3y
33550,2005-01-25,CI,150.0,1959.0,46.0,3,0,5,ROSS AVE,negative_T_minus_H_minus_4y
34770,2005-01-25,DI,100.0,1968.0,37.0,0,0,5,SHELLEY PL,negative_T_minus_H_minus_2y
20490,2005-01-26,CI,150.0,1956.0,49.0,0,1,5,ISLINGTON AVE,positive_T_minus_H
32020,2005-01-26,DI,200.0,1974.0,31.0,0,0,5,RADCLIFFE DR,negative_T_minus_H_minus_4y
3640,2005-01-26,CI,150.0,1956.0,49.0,3,1,5,BLUERIDGE AVE,positive_T_minus_H
92854,2005-01-26,DI,200.0,1966.0,39.0,0,0,5,CARSON DR,negative_T_minus_H_minus_5y
94198,2005-01-26,CI,150.0,1920.0,85.0,0,0,5,KING ST E,negative_T_minus_H_minus_3y
38970,2005-01-27,CI,150.0,1953.0,52.0,0,0,5,VALLEYVIEW RD,negative_T_minus_H_minus_4y
43900,2005-01-27,CI,150.0,1954.0,51.0,0,0,5,WOODHAVEN RD,negative_T_minus_H_minus_4y
63540,2005-01-27,CI,150.0,1954.0,51.0,1,0,5,FIFE AVE,negative_T_minus_H_minus_1y
86584,2005-01-27,CI,150.0,1958.0,47.0,0,0,5,HEARTH CRES,negative_T_minus_H_minus_1y
41850,2005-01-28,DI,200.0,1992.0,13.0,0,0,5,WEST AVE,negative_T_minus_H_minus_3y
4720,2005-01-28,CI,150.0,1953.0,52.0,0,0,5,BROADVIEW AVE,negative_T_minus_H_minus_4y
18670,2005-01-29,CI,200.0,1960.0,45.0,0,0,5,HICKSON DR,negative_T_minus_H_minus_4y
33550,2005-01-29,CI,150.0,1959.0,46.0,3,0,5,ROSS AVE,negative_T_minus_H_minus_4y
43600,2005-01-29,DI,200.0,1969.0,36.0,0,0,5,WILSON AVE,negative_T_minus_H_minus_5y
29790,2005-01-30,CI,150.0,1967.0,38.0,3,0,5,OVERLEA DR,negative_T_minus_H_minus_3y
68677,2005-01-30,CI,200.0,1953.0,52.0,0,1,5,SHELLEY DR,positive_T_minus_H
92140,2005-01-30,CI,150.0,1954.0,51.0,0,0,5,UNION BLVD,negative_T_minus_H_minus_2y
1650,2005-01-31,DI,300.0,1991.0,14.0,0,0,5,BATTLER RD,negative_T_minus_H_minus_4y
40130,2005-01-31,DI,150.0,1967.0,38.0,0,0,5,VIEWMONT CLOSE,negative_T_minus_H_minus_2y
43730,2005-02-01,DI,150.0,1975.0,30.0,0,0,5,WINDING WAY,negative_T_minus_H_minus_4y
88430,2005-02-01,DI,300.0,1988.0,17.0,0,0,5,WESTFOREST TRAIL,negative_T_minus_H_minus_3y
42560,2005-02-02,CI,150.0,1958.0,47.0,0,0,5,VILLAGE RD,negative_T_minus_H_minus_1y
20580,2005-02-03,CI,150.0,1970.0,35.0,2,0,5,JANSEN AVE,negative_T_minus_H_minus_5y
24590,2005-02-03,CI,150.0,1958.0,47.0,0,0,5,LYNDHURST DR,negative_T_minus_H_minus_4y
42160,2005-02-03,DI,300.0,1973.0,32.0,1,0,5,WESTHEIGHTS DR,negative_T_minus_H_minus_4y
82468,2005-02-03,AC,450.0,1952.0,53.0,0,0,5,WINDALE CRES,negative_T_minus_H_minus_4y
82686,2005-02-03,DI,150.0,1976.0,29.0,0,0,5,PARKLAND CRES,negative_T_minus_H_minus_4y
85694,2005-02-04,CI,150.0,1952.0,53.0,0,0,5,OTTAWA ST N,negative_T_minus_H_minus_3y
8940,2005-02-04,CI,150.0,1964.0,41.0,1,0,5,DANIEL AVE,negative_T_minus_H_minus_3y
29900,2005-02-05,CI,150.0,1947.0,58.0,0,0,5,OXFORD ST,negative_T_minus_H_minus_3y
30740,2005-02-05,DI,200.0,1968.0,37.0,0,1,5,PINEDALE DR,positive_T_minus_H
72500,2005-02-05,PVC,200.0,2005.0,0.0,0,1,5,DOON VALLEY DR,positive_T_minus_H
20610,2005-02-06,CI,150.0,1962.0,43.0,0,0,5,JEAN AVE,negative_T_minus_H_minus_5y
27010,2005-02-06,DI,200.0,1965.0,40.0,0,0,5,MONTCALM DR,negative_T_minus_H_minus_1y
61826,2005-02-07,DI,150.0,1967.0,38.0,0,0,5,PARKVIEW CRES,negative_T_minus_H_minus_5y
8200,2005-02-07,DI,150.0,1978.0,27.0,0,1,5,COUNTRYSIDE CRES,positive_T_minus_H
95188,2005-02-07,CI,300.0,1961.0,44.0,0,0,5,FAIRWAY RD S,negative_T_minus_H_minus_5y
20530,2005-02-08,CI,150.0,1947.0,58.0,2,0,5,JACKSON AVE,negative_T_minus_H_minus_3y
28590,2005-02-08,DI,150.0,1967.0,38.0,3,0,5,OLD YORK CRES,negative_T_minus_H_minus_5y
43210,2005-02-08,CI,150.0,1953.0,52.0,3,0,5,WILFRED AVE,negative_T_minus_H_minus_4y
76747,2005-02-08,CI,150.0,1940.0,65.0,5,0,5,STIRLING AVE S,negative_T_minus_H_minus_5y
94556,2005-02-08,DI,300.0,1964.0,41.0,0,0,5,HIGHLAND RD W,negative_T_minus_H_minus_5y
17950,2005-02-09,CI,150.0,1964.0,41.0,0,0,5,HAMEL AVE,negative_T_minus_H_minus_3y
31930,2005-02-09,DI,150.0,1966.0,39.0,1,0,5,QUEENSTON DR,negative_T_minus_H_minus_5y
7720,2005-02-09,CI,100.0,1960.0,45.0,0,1,5,CHARLOTTE PL,positive_T_minus_H
7730,2005-02-09,CI,150.0,1966.0,39.0,1,0,5,CONFEDERATION DR,negative_T_minus_H_minus_3y
42050,2005-02-10,CI,150.0,1959.0,46.0,3,0,5,WESTGATE WALK,negative_T_minus_H_minus_3y
59990,2005-02-10,CI,150.0,1950.0,55.0,0,0,5,EDNA ST,negative_T_minus_H_minus_4y
6490,2005-02-10,CI,150.0,1953.0,52.0,0,0,5,CHAPEL ST,negative_T_minus_H_minus_4y
86390,2005-02-10,PVC,300.0,2000.0,5.0,0,1,5,KING ST E,positive_T_minus_H
37280,2005-02-11,CI,300.0,1947.0,58.0,0,0,5,SYDNEY ST N,negative_T_minus_H_minus_1y
39030,2005-02-11,CI,200.0,1953.0,52.0,0,0,5,VANIER DR,negative_T_minus_H_minus_1y
18960,2005-02-12,DI,200.0,1973.0,32.0,0,0,5,HIGHLAND CRES,negative_T_minus_H_minus_1y
20530,2005-02-12,CI,150.0,1947.0,58.0,2,0,5,JACKSON AVE,negative_T_minus_H_minus_5y
22500,2005-02-12,CI,150.0,1961.0,44.0,0,0,5,KINZIE AVE,negative_T_minus_H_minus_4y
23260,2005-02-12,DI,450.0,1968.0,37.0,1,0,5,LANCASTER ST W,negative_T_minus_H_minus_4y
39600,2005-02-12,CI,200.0,1963.0,42.0,0,1,5,VICTORIA ST N,positive_T_minus_H
440,2005-02-12,DI,300.0,1978.0,27.0,3,0,5,SCHWEITZER ST,negative_T_minus_H_minus_4y
83602,2005-02-12,CI,150.0,1945.0,60.0,0,0,5,DOON RD,negative_T_minus_H_minus_4y
10900,2005-02-13,DI,200.0,1967.0,38.0,0,0,5,RALGREEN CRES,negative_T_minus_H_minus_5y
16140,2005-02-13,PVC,150.0,1976.0,29.0,0,0,5,GEORGIAN ST,negative_T_minus_H_minus_4y
43970,2005-02-13,CI,150.0,1957.0,48.0,0,0,5,WOODHAVEN RD,negative_T_minus_H_minus_4y
16320,2005-02-14,DI,300.0,1975.0,30.0,0,0,5,GLASGOW ST,negative_T_minus_H_minus_4y
36160,2005-02-14,CI,300.0,1932.0,73.0,0,0,5,STIRLING AVE S,negative_T_minus_H_minus_4y
7830,2005-02-14,CI,150.0,1962.0,43.0,0,1,5,CONNAUGHT ST,positive_T_minus_H
136824,2005-02-15,PVC,150.0,,,0,0,5,ABERDEEN RD,negative_T_minus_H_minus_3y
39060,2005-02-15,CI,200.0,1953.0,52.0,1,1,5,VANIER DR,positive_T_minus_H
6490,2005-02-15,CI,150.0,1953.0,52.0,0,1,5,CHAPEL ST,positive_T_minus_H
21140,2005-02-16,CI,150.0,1954.0,51.0,2,0,5,KENSINGTON AVE,negative_T_minus_H_minus_5y
41490,2005-02-16,CI,150.0,1963.0,42.0,0,0,5,WEICHEL ST,negative_T_minus_H_minus_4y
43830,2005-02-16,CI,150.0,1960.0,45.0,0,0,5,WINSLOW DR,negative_T_minus_H_minus_4y
85972,2005-02-16,DI,150.0,1976.0,29.0,0,1,5,STRASBURG RD,positive_T_minus_H
9100,2005-02-17,CI,150.0,1962.0,43.0,1,0,5,DEERPARK CRES,negative_T_minus_H_minus_5y
95640,2005-02-17,CI,150.0,1964.0,41.0,0,0,5,BARBARA CRES,negative_T_minus_H_minus_4y
38980,2005-02-18,CI,150.0,1953.0,52.0,0,0,5,VALLEYVIEW RD,negative_T_minus_H_minus_1y
5010,2005-02-18,CI,100.0,1959.0,46.0,0,1,5,BURBANK RD,positive_T_minus_H
14870,2005-02-19,CI,200.0,1962.0,43.0,4,0,5,FOREST HILL DR,negative_T_minus_H_minus_2y
39050,2005-02-19,CI,200.0,1953.0,52.0,0,0,5,VANIER DR,negative_T_minus_H_minus_5y
39860,2005-02-19,CI,150.0,1947.0,58.0,0,0,5,VICTORIA ST S,negative_T_minus_H_minus_4y
88076,2005-02-19,CI,150.0,1960.0,45.0,1,0,5,RIPPLEWOOD CRES,negative_T_minus_H_minus_3y
16240,2005-02-20,CI,150.0,1962.0,43.0,1,0,5,GILMOUR CRES,negative_T_minus_H_minus_5y
22490,2005-02-20,CI,150.0,1960.0,45.0,1,0,5,KINZIE AVE,negative_T_minus_H_minus_3y
290,2005-02-20,CI,150.0,1958.0,47.0,3,0,5,ABERDEEN RD,negative_T_minus_H_minus_3y
82460,2005-02-20,CI,150.0,1961.0,44.0,0,0,5,JANSEN AVE,negative_T_minus_H_minus_1y
88076,2005-02-20,CI,150.0,1960.0,45.0,1,0,5,RIPPLEWOOD CRES,negative_T_minus_H_minus_5y
96092,2005-02-20,CI,150.0,1962.0,43.0,0,0,5,ARCHER PL,negative_T_minus_H_minus_1y
1120,2005-02-21,DI,150.0,1973.0,32.0,0,0,5,AUTUMN HILL CRES,negative_T_minus_H_minus_4y
39050,2005-02-21,CI,200.0,1953.0,52.0,0,0,5,VANIER DR,negative_T_minus_H_minus_1y
83746,2005-02-21,CI,150.0,1962.0,43.0,0,1,5,FOREST HILL DR,positive_T_minus_H
14580,2005-02-22,CI,150.0,1962.0,43.0,0,1,5,FISCHER HALLMAN RD,positive_T_minus_H
34220,2005-02-22,CI,150.0,1963.0,42.0,2,0,5,SECORD AVE,negative_T_minus_H_minus_1y
41630,2005-02-22,CI,100.0,1916.0,89.0,0,0,5,WELLINGTON ST N,negative_T_minus_H_minus_5y
43970,2005-02-22,CI,150.0,1957.0,48.0,0,0,5,WOODHAVEN RD,negative_T_minus_H_minus_4y
86562,2005-02-22,CI,150.0,1954.0,51.0,0,0,5,WOODHAVEN RD,negative_T_minus_H_minus_5y
33530,2005-02-23,CI,150.0,1959.0,46.0,1,0,5,ROSS AVE,negative_T_minus_H_minus_5y
41690,2005-02-23,CI,300.0,1929.0,76.0,1,0,5,WELLINGTON ST N,negative_T_minus_H_minus_3y
7960,2005-02-23,CI,150.0,1966.0,39.0,0,1,5,CONWAY DR,positive_T_minus_H
85016,2005-02-23,CI,150.0,1967.0,38.0,2,0,5,THALER AVE,negative_T_minus_H_minus_2y
87828,2005-02-23,CI,150.0,1954.0,51.0,0,0,5,KRUG ST,negative_T_minus_H_minus_1y
31910,2005-02-24,CI,150.0,1966.0,39.0,2,0,5,QUEENSTON DR,negative_T_minus_H_minus_5y
34680,2005-02-24,CI,150.0,1946.0,59.0,1,0,5,SHELDON AVE N,negative_T_minus_H_minus_4y
41630,2005-02-24,CI,100.0,1916.0,89.0,0,0,5,WELLINGTON ST N,negative_T_minus_H_minus_4y
24260,2005-02-25,DI,150.0,1965.0,40.0,1,1,5,LORRAINE AVE,positive_T_minus_H
29890,2005-02-25,CI,200.0,1946.0,59.0,0,0,5,OXFORD ST,negative_T_minus_H_minus_1y
64370,2005-02-25,CI,450.0,1951.0,54.0,0,0,5,BELMONT AVE E,negative_T_minus_H_minus_4y
25160,2005-02-26,CI,150.0,1949.0,56.0,0,0,5,MAPLE AVE,negative_T_minus_H_minus_4y
8560,2005-02-26,CI,200.0,1960.0,45.0,0,0,5,CRAIG DR,negative_T_minus_H_minus_5y
27160,2005-02-27,CI,150.0,1951.0,54.0,0,0,5,MONTGOMERY RD,negative_T_minus_H_minus_3y
27810,2005-02-27,CI,150.0,1960.0,45.0,2,0,5,NINE PINES RD,negative_T_minus_H_minus_4y
70980,2005-02-27,PVC,300.0,2004.0,1.0,0,0,5,JOSEPH ST,negative_T_minus_H_minus_5y
18670,2005-02-28,CI,200.0,1960.0,45.0,0,0,5,HICKSON DR,negative_T_minus_H_minus_5y
26270,2005-02-28,CI,150.0,1953.0,52.0,1,0,5,MELROSE AVE,negative_T_minus_H_minus_4y
85458,2005-02-28,DI,150.0,1962.0,43.0,0,0,5,MANCHESTER RD,negative_T_minus_H_minus_3y
4700,2005-03-01,CI,150.0,1957.0,48.0,0,0,5,LAKESIDE DR,negative_T_minus_H_minus_5y
59990,2005-03-01,CI,150.0,1950.0,55.0,0,0,5,EDNA ST,negative_T_minus_H_minus_5y
9100,2005-03-01,CI,150.0,1962.0,43.0,1,1,5,DEERPARK CRES,positive_T_minus_H
34650,2005-03-02,CI,150.0,1946.0,59.0,0,0,5,SHELDON AVE N,negative_T_minus_H_minus_5y
38970,2005-03-02,CI,150.0,1953.0,52.0,0,0,5,VALLEYVIEW RD,negative_T_minus_H_minus_1y
40410,2005-03-02,CI,150.0,1953.0,52.0,0,0,5,WANDSWORTH PL,negative_T_minus_H_minus_4y
8060,2005-03-02,CI,150.0,1958.0,47.0,1,0,5,CORNELL AVE,negative_T_minus_H_minus_3y
40740,2005-03-03,CI,150.0,1966.0,39.0,1,0,5,WAYNE DR,negative_T_minus_H_minus_5y
21130,2005-03-04,CI,150.0,1954.0,51.0,0,0,5,KENSINGTON AVE,negative_T_minus_H_minus_3y
7760,2005-03-04,CI,150.0,1966.0,39.0,3,0,5,CONFEDERATION DR,negative_T_minus_H_minus_3y
89056,2005-03-04,CI,150.0,1962.0,43.0,0,0,5,VILLAGE RD,negative_T_minus_H_minus_5y
31930,2005-03-05,DI,150.0,1966.0,39.0,1,0,5,QUEENSTON DR,negative_T_minus_H_minus_5y
32030,2005-03-05,DI,200.0,1974.0,31.0,0,0,5,RADCLIFFE DR,negative_T_minus_H_minus_4y
33540,2005-03-05,CI,150.0,1959.0,46.0,2,0,5,ROSS AVE,negative_T_minus_H_minus_5y
84436,2005-03-05,CI,150.0,1952.0,53.0,0,0,5,OTTAWA ST N,negative_T_minus_H_minus_5y
8580,2005-03-05,DI,150.0,1987.0,18.0,0,0,5,CRAIG DR,negative_T_minus_H_minus_5y
90536,2005-03-05,DI,150.0,1987.0,18.0,0,0,5,SUMMERHILL CRES,negative_T_minus_H_minus_5y
84154,2005-03-06,CI,150.0,1959.0,46.0,0,0,5,ELKINGTON DR,negative_T_minus_H_minus_3y
17720,2005-03-07,CI,150.0,1957.0,48.0,2,0,5,GUELPH ST,negative_T_minus_H_minus_1y
43910,2005-03-07,CI,150.0,1954.0,51.0,0,0,5,WOODHAVEN RD,negative_T_minus_H_minus_3y
78074,2005-03-09,CI,150.0,1925.0,80.0,1,0,5,AHRENS ST W,negative_T_minus_H_minus_5y
9090,2005-03-09,CI,150.0,1958.0,47.0,0,0,5,DEERFIELD AVE,negative_T_minus_H_minus_4y
31180,2005-03-10,CI,150.0,1954.0,51.0,0,0,5,PROSPECT AVE,negative_T_minus_H_minus_3y
15000,2005-03-11,DI,150.0,1969.0,36.0,0,1,5,FORESTWOOD DR,positive_T_minus_H
7290,2005-03-11,CI,100.0,1956.0,49.0,1,0,5,CLAREMONT AVE,negative_T_minus_H_minus_1y
38040,2005-03-13,CI,150.0,1958.0,47.0,0,1,5,TRAFALGAR AVE,positive_T_minus_H
25450,2005-03-15,CI,150.0,1964.0,41.0,0,0,5,MARKET ST,negative_T_minus_H_minus_5y
89504,2005-03-15,DI,150.0,1974.0,31.0,0,0,5,FOUR SEASONS CRT,negative_T_minus_H_minus_5y
89534,2005-03-15,CI,150.0,1965.0,40.0,0,0,5,BRADLEY DR,negative_T_minus_H_minus_4y
15190,2005-03-17,DI,150.0,1974.0,31.0,1,0,5,FOUR SEASONS CRT,negative_T_minus_H_minus_5y
10530,2005-03-18,DI,100.0,1976.0,29.0,1,0,5,DUKE ST W,negative_T_minus_H_minus_5y
31930,2005-03-19,DI,150.0,1966.0,39.0,1,0,5,QUEENSTON DR,negative_T_minus_H_minus_3y
34030,2005-03-20,CI,150.0,1967.0,38.0,0,1,5,SCHOFIELD DR,positive_T_minus_H
11480,2005-03-21,CI,150.0,1949.0,56.0,0,0,5,EDMUND RD,negative_T_minus_H_minus_3y
33410,2005-03-21,CI,150.0,1958.0,47.0,3,0,5,ROSEMOUNT DR,negative_T_minus_H_minus_3y
33050,2005-03-22,CI,300.0,1935.0,70.0,1,0,5,ROCKWAY DR,negative_T_minus_H_minus_4y
27810,2005-03-23,CI,150.0,1960.0,45.0,2,0,5,NINE PINES RD,negative_T_minus_H_minus_3y
34800,2005-03-24,CI,150.0,1953.0,52.0,0,0,5,SHERIDAN CRT,negative_T_minus_H_minus_5y
25800,2005-03-25,CI,150.0,1954.0,51.0,0,0,5,MAYWOOD RD,negative_T_minus_H_minus_5y
19080,2005-03-27,CI,150.0,1952.0,53.0,1,0,5,HIGHLAND RD E,negative_T_minus_H_minus_4y
76577,2005-03-28,DI,150.0,1955.0,50.0,0,0,5,MANCHESTER RD,negative_T_minus_H_minus_5y
25190,2005-03-29,DI,300.0,1976.0,29.0,0,0,5,MAPLE AVE,negative_T_minus_H_minus_5y
40740,2005-03-29,CI,150.0,1966.0,39.0,1,0,5,WAYNE DR,negative_T_minus_H_minus_4y
11640,2005-03-30,CI,150.0,1953.0,52.0,0,0,5,EIGHTH AVE,negative_T_minus_H_minus_5y
16550,2005-03-30,CI,150.0,1969.0,36.0,1,0,5,GLEN LAKE CRES,negative_T_minus_H_minus_4y
4940,2005-03-30,CI,150.0,1953.0,52.0,0,0,5,BRUCE ST,negative_T_minus_H_minus_4y
15330,2005-03-31,CI,300.0,1963.0,42.0,1,0,5,FRANKLIN ST N,negative_T_minus_H_minus_5y
14920,2005-04-01,CI,200.0,1960.0,45.0,0,1,5,FOREST HILL DR,positive_T_minus_H
16550,2005-04-01,CI,150.0,1969.0,36.0,1,0,5,GLEN LAKE CRES,negative_T_minus_H_minus_4y
7940,2005-04-02,DI,150.0,1966.0,39.0,1,0,5,CONWAY DR,negative_T_minus_H_minus_4y
76738,2005-04-04,CI,150.0,1923.0,82.0,0,0,5,MT HOPE ST,negative_T_minus_H_minus_5y
17720,2005-04-06,CI,150.0,1957.0,48.0,2,0,5,GUELPH ST,negative_T_minus_H_minus_5y
30230,2005-04-08,DI,150.0,1966.0,39.0,0,0,5,PARKVIEW CRES,negative_T_minus_H_minus_1y
5450,2005-04-09,CI,150.0,1953.0,52.0,0,1,5,CARLTON ST,positive_T_minus_H
58280,2005-04-09,DI,300.0,1981.0,24.0,0,0,5,OTTAWA ST S,negative_T_minus_H_minus_5y
90210,2005-04-12,CI,150.0,1967.0,38.0,1,1,5,CARNABY CRES,positive_T_minus_H
15080,2005-04-14,DI,150.0,1969.0,36.0,0,0,5,FORESTWOOD DR,negative_T_minus_H_minus_4y
40630,2005-04-17,DI,300.0,1975.0,30.0,0,0,5,WATER ST S,negative_T_minus_H_minus_4y
18100,2005-04-20,DI,150.0,1976.0,29.0,0,0,5,HARCOURT CRES,negative_T_minus_H_minus_5y
10520,2005-04-23,CI,150.0,1974.0,31.0,0,0,5,DUKE ST W,negative_T_minus_H_minus_5y
15440,2005-04-23,CI,150.0,1957.0,48.0,4,0,5,FRANKLIN ST S,negative_T_minus_H_minus_5y
16240,2005-04-23,CI,150.0,1962.0,43.0,1,0,5,GILMOUR CRES,negative_T_minus_H_minus_5y
21140,2005-04-23,CI,150.0,1954.0,51.0,2,0,5,KENSINGTON AVE,negative_T_minus_H_minus_5y
92756,2005-04-23,DI,150.0,1971.0,34.0,0,0,5,VICMOUNT DR,negative_T_minus_H_minus_5y
10560,2005-04-26,DI,300.0,1981.0,24.0,0,0,5,DUMART PL,negative_T_minus_H_minus_4y
19750,2005-04-29,DI,150.0,1967.0,38.0,0,0,5,HOLBORN DR,negative_T_minus_H_minus_1y
89828,2005-05-01,CI,150.0,1963.0,42.0,0,0,5,RIVER RD E,negative_T_minus_H_minus_3y
44100,2005-05-03,CI,100.0,1958.0,47.0,0,0,5,WOOLWICH ST,negative_T_minus_H_minus_2y
6710,2005-05-05,CI,100.0,1922.0,83.0,2,1,5,CHARLES ST E,positive_T_minus_H
34770,2005-05-14,DI,100.0,1968.0,37.0,0,0,5,SHELLEY PL,negative_T_minus_H_minus_4y
81146,2005-05-16,CI,450.0,1960.0,45.0,0,1,5,BREITHAUPT ST,positive_T_minus_H
89132,2005-05-17,DI,100.0,1961.0,44.0,0,0,5,CRAIG DR,negative_T_minus_H_minus_3y
14090,2005-05-20,DI,200.0,1974.0,31.0,1,1,5,FARRIER DR,positive_T_minus_H
35640,2005-05-20,CI,150.0,1968.0,37.0,1,1,5,SPRINGDALE DR,positive_T_minus_H
89828,2005-05-21,CI,150.0,1963.0,42.0,0,0,5,RIVER RD E,negative_T_minus_H_minus_4y
39700,2005-05-23,DI,300.0,1978.0,27.0,0,1,5,VICTORIA ST N,positive_T_minus_H
93658,2005-05-26,DI,200.0,1978.0,27.0,0,1,5,OLD MILL RD,positive_T_minus_H
43730,2005-06-01,DI,150.0,1975.0,30.0,0,0,5,WINDING WAY,negative_T_minus_H_minus_1y
16670,2005-06-03,CI,150.0,1965.0,40.0,1,0,5,GLENWOOD DR,negative_T_minus_H_minus_1y
35300,2005-06-03,DI,150.0,1974.0,31.0,0,0,5,SOUTHWOOD DR,negative_T_minus_H_minus_4y
7140,2005-06-03,DI,150.0,1965.0,40.0,1,0,5,CHICOPEE TERR,negative_T_minus_H_minus_4y
94002,2005-06-03,DI,150.0,1974.0,31.0,0,0,5,DEVONGLEN DR,negative_T_minus_H_minus_4y
35030,2005-06-06,CI,150.0,1967.0,38.0,3,0,5,SILVERSPRING CRES,negative_T_minus_H_minus_5y
63740,2005-06-11,DI,300.0,1991.0,14.0,0,0,5,DUKE ST E,negative_T_minus_H_minus_2y
80176,2005-06-11,CI,150.0,1958.0,47.0,0,1,5,BRIDGE ST W,positive_T_minus_H
84034,2005-06-14,DI,300.0,1974.0,31.0,0,0,5,DRIFTWOOD DR,negative_T_minus_H_minus_1y
91264,2005-06-16,PVC,150.0,1995.0,10.0,1,1,5,FAIRWAY CRT,positive_T_minus_H
4530,2005-06-17,CI,150.0,1958.0,47.0,2,1,5,BRIDGE ST W,positive_T_minus_H
90106,2005-06-17,DI,200.0,1975.0,30.0,0,0,5,QUEENS BLVD,negative_T_minus_H_minus_4y
86808,2005-06-19,DI,150.0,1980.0,25.0,0,0,5,OLD FOREST CRES,negative_T_minus_H_minus_5y
61873,2005-06-21,DI,450.0,1965.0,40.0,0,1,5,WAVERLY RD,positive_T_minus_H
86674,2005-06-24,CI,150.0,1958.0,47.0,0,1,5,KENNETH AVE,positive_T_minus_H
17720,2005-06-26,CI,150.0,1957.0,48.0,2,0,5,GUELPH ST,negative_T_minus_H_minus_2y
59990,2005-07-02,CI,150.0,1950.0,55.0,0,0,5,EDNA ST,negative_T_minus_H_minus_1y
56110,2005-07-05,PVC,150.0,1995.0,10.0,0,1,5,WINDWARD PL,positive_T_minus_H
85458,2005-07-05,DI,150.0,1962.0,43.0,0,0,5,MANCHESTER RD,negative_T_minus_H_minus_4y
33550,2005-07-07,CI,150.0,1959.0,46.0,3,1,5,ROSS AVE,positive_T_minus_H
81208,2005-07-10,CI,250.0,1889.0,116.0,0,0,5,KING ST W,negative_T_minus_H_minus_3y
62930,2005-07-11,PVC,150.0,1999.0,6.0,0,0,5,BERRY MOSS ST,negative_T_minus_H_minus_4y
44100,2005-07-15,CI,100.0,1958.0,47.0,0,0,5,WOOLWICH ST,negative_T_minus_H_minus_3y
21450,2005-07-18,CI,250.0,1889.0,116.0,0,0,5,KING ST W,negative_T_minus_H_minus_2y
21970,2005-07-18,CPP,450.0,1988.0,17.0,2,0,5,KING ST E,negative_T_minus_H_minus_5y
38550,2005-07-21,CI,150.0,1954.0,51.0,2,0,5,UNION BLVD,negative_T_minus_H_minus_3y
31180,2005-07-23,CI,150.0,1954.0,51.0,0,1,5,PROSPECT AVE,positive_T_minus_H
15200,2005-07-26,CI,150.0,1960.0,45.0,2,0,5,FOURTH AVE,negative_T_minus_H_minus_1y
2310,2005-07-26,CI,150.0,1967.0,38.0,0,0,5,BELWOOD CRES,negative_T_minus_H_minus_1y
87118,2005-07-28,CI,150.0,1957.0,48.0,0,0,5,GUELPH ST,negative_T_minus_H_minus_5y
43970,2005-07-31,CI,150.0,1957.0,48.0,0,0,5,WOODHAVEN RD,negative_T_minus_H_minus_1y
5660,2005-07-31,DI,150.0,1968.0,37.0,0,0,5,CARTIER DR,negative_T_minus_H_minus_3y
4646730,2005-08-04,PVC,150.0,2002.0,3.0,0,1,5,KING ST W,positive_T_minus_H
5550,2005-08-04,DI,200.0,1968.0,37.0,0,0,5,CARSON DR,negative_T_minus_H_minus_2y
24770,2005-08-06,DI,150.0,1965.0,40.0,0,0,5,MADISON AVE S,negative_T_minus_H_minus_5y
21560,2005-08-09,DI,300.0,1974.0,31.0,0,1,5,KING ST W,positive_T_minus_H
5720,2005-08-10,CI,150.0,1960.0,45.0,2,1,5,CARWOOD AVE,positive_T_minus_H
7160,2005-08-12,DI,150.0,1968.0,37.0,3,0,5,CHOPIN DR,negative_T_minus_H_minus_4y
35610,2005-08-13,CI,150.0,1924.0,81.0,0,0,5,SPRING VALLEY RD,negative_T_minus_H_minus_5y
15730,2005-08-14,CI,200.0,1962.0,43.0,0,0,5,FREDERICK ST,negative_T_minus_H_minus_5y
27320,2005-08-19,CI,150.0,1961.0,44.0,0,1,5,MORGAN AVE,positive_T_minus_H
29630,2005-08-19,CI,150.0,1923.0,82.0,2,1,5,OTTAWA ST S,positive_T_minus_H
89608,2005-08-20,CI,150.0,1961.0,44.0,0,0,5,LANG CRES,negative_T_minus_H_minus_4y
23360,2005-09-04,CI,150.0,1927.0,78.0,0,0,5,HILL ST,negative_T_minus_H_minus_3y
4530,2005-09-08,CI,150.0,1958.0,47.0,2,1,5,BRIDGE ST W,positive_T_minus_H
80176,2005-09-08,CI,150.0,1958.0,47.0,0,1,5,BRIDGE ST W,positive_T_minus_H
18180,2005-09-09,COP,50.0,1980.0,25.0,0,0,5,HARVEST CRT,negative_T_minus_H_minus_1y
91164,2005-09-09,CI,200.0,1960.0,45.0,0,1,5,FOREST HILL DR,positive_T_minus_H
18620,2005-09-11,DI,150.0,1972.0,33.0,0,0,5,HICKORY HEIGHTS CRES,negative_T_minus_H_minus_5y
91970,2005-09-16,DI,150.0,1972.0,33.0,0,0,5,DALEGROVE DR,negative_T_minus_H_minus_3y
40400,2005-09-19,CI,200.0,1953.0,52.0,0,0,5,WALTON AVE,negative_T_minus_H_minus_4y
27820,2005-09-20,CI,200.0,1961.0,44.0,0,0,5,NINTH AVE,negative_T_minus_H_minus_4y
27670,2005-09-21,CI,150.0,1964.0,41.0,0,1,5,NELSON AVE,positive_T_minus_H
15750,2005-09-23,CI,200.0,1958.0,47.0,1,0,5,FREDERICK ST,negative_T_minus_H_minus_1y
76519,2005-09-23,CI,150.0,1968.0,37.0,3,0,5,HALIFAX DR,negative_T_minus_H_minus_3y
76747,2005-09-23,CI,150.0,1940.0,65.0,5,0,5,STIRLING AVE S,negative_T_minus_H_minus_4y
20670,2005-09-26,CI,200.0,1965.0,40.0,2,0,5,JOSEPH ST,negative_T_minus_H_minus_2y
38140,2005-09-26,DI,200.0,1967.0,38.0,0,0,5,TRAYNOR AVE,negative_T_minus_H_minus_4y
29640,2005-09-27,CI,150.0,1923.0,82.0,0,0,5,OTTAWA ST S,negative_T_minus_H_minus_1y
5600,2005-09-29,DI,200.0,1966.0,39.0,0,0,5,CARSON DR,negative_T_minus_H_minus_1y
34860,2005-10-06,CI,150.0,1954.0,51.0,2,1,5,SHERWOOD AVE,positive_T_minus_H
7480,2005-10-06,CI,150.0,1947.0,58.0,1,0,5,CLIFTON RD,negative_T_minus_H_minus_1y
5720,2005-10-08,CI,150.0,1960.0,45.0,2,1,5,CARWOOD AVE,positive_T_minus_H
8370,2005-10-12,CI,300.0,1963.0,42.0,1,0,5,COURTLAND AVE E,negative_T_minus_H_minus_4y
15830,2005-10-13,CI,150.0,1967.0,38.0,1,1,5,FURNESS DR,positive_T_minus_H
17830,2005-10-14,DI,200.0,1964.0,41.0,0,0,5,OWEN AVE,negative_T_minus_H_minus_5y
27380,2005-10-15,DI,200.0,1971.0,34.0,0,0,5,MORGAN AVE,negative_T_minus_H_minus_5y
36970,2005-10-17,DI,150.0,1965.0,40.0,0,1,5,STRATHCONA CRES,positive_T_minus_H
3880,2005-10-18,CI,150.0,1925.0,80.0,2,1,5,BORDEN AVE S,positive_T_minus_H
85102,2005-10-18,DI,150.0,1965.0,40.0,0,1,5,STRATHCONA CRES,positive_T_minus_H
39710,2005-10-21,DI,300.0,1978.0,27.0,0,1,5,VICTORIA ST N,positive_T_minus_H
39710,2005-10-22,DI,300.0,1978.0,27.0,0,1,5,VICTORIA ST N,positive_T_minus_H
17720,2005-10-25,CI,150.0,1957.0,48.0,2,1,5,GUELPH ST,positive_T_minus_H
21070,2005-10-25,CI,150.0,1962.0,43.0,0,1,5,KENNETH AVE,positive_T_minus_H
28200,2005-10-26,CI,100.0,1952.0,53.0,0,1,5,OAKWOOD AVE,positive_T_minus_H
29800,2005-10-26,DI,150.0,1965.0,40.0,0,1,5,OVERLEA DR,positive_T_minus_H
10530,2005-10-27,DI,100.0,1976.0,29.0,1,1,5,DUKE ST W,positive_T_minus_H
21170,2005-10-27,CI,150.0,1926.0,79.0,1,0,5,KENT AVE,negative_T_minus_H_minus_1y
31900,2005-10-27,CI,150.0,1966.0,39.0,1,0,5,QUEENSTON DR,negative_T_minus_H_minus_5y
27620,2005-10-29,PVC,150.0,1976.0,29.0,0,0,5,NATCHEZ RD,negative_T_minus_H_minus_4y
13890,2005-11-01,CI,450.0,1962.0,43.0,0,0,5,FAIRWAY RD N,negative_T_minus_H_minus_3y
42180,2005-11-02,DI,150.0,1973.0,32.0,0,0,5,WESTHEIGHTS DR,negative_T_minus_H_minus_3y
65890,2005-11-02,PVC,300.0,2000.0,5.0,0,0,5,MAX BECKER DR,negative_T_minus_H_minus_4y
590,2005-11-03,DI,300.0,1965.0,40.0,0,0,5,ALPINE RD,negative_T_minus_H_minus_2y
83342,2005-11-03,CI,450.0,1964.0,41.0,0,0,5,OVERLEA DR,negative_T_minus_H_minus_5y
30500,2005-11-04,DI,150.0,1966.0,39.0,0,0,5,PENROSE AVE,negative_T_minus_H_minus_4y
32160,2005-11-05,CI,150.0,1963.0,42.0,3,1,5,RENNIE DR,positive_T_minus_H
90768,2005-11-06,CI,300.0,1935.0,70.0,0,0,5,ROCKWAY DR,negative_T_minus_H_minus_4y
133314,2005-11-08,CI,300.0,1964.0,41.0,0,0,5,FRANKLIN ST N,negative_T_minus_H_minus_2y
33630,2005-11-11,DI,200.0,1976.0,29.0,0,0,5,ROYAL ORCHARD DR,negative_T_minus_H_minus_2y
21840,2005-11-12,CI,150.0,1947.0,58.0,0,1,5,KING ST E,positive_T_minus_H
39360,2005-11-12,DI,300.0,1969.0,36.0,0,0,5,ST LEGER ST,negative_T_minus_H_minus_3y
1250,2005-11-15,CI,300.0,1955.0,50.0,0,0,5,AVALON PL,negative_T_minus_H_minus_3y
28910,2005-11-17,CI,150.0,1956.0,49.0,0,0,5,OLYMPIC DR,negative_T_minus_H_minus_2y
33530,2005-11-17,CI,150.0,1959.0,46.0,1,0,5,ROSS AVE,negative_T_minus_H_minus_1y
37070,2005-11-19,CI,150.0,1964.0,41.0,1,0,5,SUMMIT AVE,negative_T_minus_H_minus_3y
31910,2005-11-20,CI,150.0,1966.0,39.0,2,0,5,QUEENSTON DR,negative_T_minus_H_minus_4y
86902,2005-11-20,CI,150.0,1960.0,45.0,0,0,5,HICKSON DR,negative_T_minus_H_minus_3y
21040,2005-11-23,CI,150.0,1958.0,47.0,1,0,5,KENNETH AVE,negative_T_minus_H_minus_4y
81112,2005-11-24,DI,300.0,1974.0,31.0,0,0,5,DUKE ST W,negative_T_minus_H_minus_5y
10350,2005-11-26,DI,150.0,1994.0,11.0,0,0,5,DUKE ST W,negative_T_minus_H_minus_2y
27810,2005-11-26,CI,150.0,1960.0,45.0,2,0,5,NINE PINES RD,negative_T_minus_H_minus_1y
38140,2005-11-26,DI,200.0,1967.0,38.0,0,0,5,TRAYNOR AVE,negative_T_minus_H_minus_4y
82724,2005-11-27,DI,300.0,1975.0,30.0,0,0,5,DUKE ST W,negative_T_minus_H_minus_4y
90092,2005-11-27,CI,150.0,1963.0,42.0,0,0,5,BIRCHCLIFF AVE,negative_T_minus_H_minus_2y
34640,2005-11-28,CI,150.0,1925.0,80.0,2,0,5,SHELDON AVE N,negative_T_minus_H_minus_3y
7940,2005-11-28,DI,150.0,1966.0,39.0,1,0,5,CONWAY DR,negative_T_minus_H_minus_4y
24090,2005-11-29,CI,150.0,1952.0,53.0,0,0,5,LORNE AVE,negative_T_minus_H_minus_5y
33800,2005-11-29,CI,150.0,1964.0,41.0,0,0,5,RUTHERFORD DR,negative_T_minus_H_minus_5y
62940,2005-11-30,PVC,300.0,2000.0,5.0,0,0,5,MAX BECKER DR,negative_T_minus_H_minus_3y
63740,2005-11-30,DI,300.0,1991.0,14.0,0,0,5,DUKE ST E,negative_T_minus_H_minus_5y
14580,2005-12-01,CI,150.0,1962.0,43.0,0,1,5,FISCHER HALLMAN RD,positive_T_minus_H
86828,2005-12-01,CI,150.0,1961.0,44.0,0,0,5,STONYBROOK DR,negative_T_minus_H_minus_3y
14580,2005-12-02,CI,150.0,1962.0,43.0,0,1,5,FISCHER HALLMAN RD,positive_T_minus_H
43300,2005-12-03,CI,150.0,1960.0,45.0,0,0,5,WILKINS DR,negative_T_minus_H_minus_3y
84266,2005-12-03,CI,200.0,1958.0,47.0,0,0,5,WILSON AVE,negative_T_minus_H_minus_2y
17800,2005-12-04,CI,150.0,1966.0,39.0,3,0,5,HALIFAX DR,negative_T_minus_H_minus_3y
90694,2005-12-06,CI,150.0,1956.0,49.0,0,0,5,EIGHTH AVE,negative_T_minus_H_minus_4y
1430,2005-12-07,CI,150.0,1967.0,38.0,2,0,5,BALFOUR CRES,negative_T_minus_H_minus_3y
34330,2005-12-10,CI,150.0,1948.0,57.0,0,0,5,SEREDA RD,negative_T_minus_H_minus_2y
38490,2005-12-10,CI,150.0,1966.0,39.0,2,1,5,TUPPER CRES,positive_T_minus_H
84154,2005-12-10,CI,150.0,1959.0,46.0,0,0,5,ELKINGTON DR,negative_T_minus_H_minus_2y
18680,2005-12-11,CI,150.0,1960.0,45.0,1,0,5,HICKSON DR,negative_T_minus_H_minus_1y
31160,2005-12-12,CI,150.0,1955.0,50.0,0,0,5,PROSPECT AVE,negative_T_minus_H_minus_1y
32170,2005-12-12,CI,150.0,1963.0,42.0,3,0,5,RENNIE DR,negative_T_minus_H_minus_1y
40740,2005-12-12,CI,150.0,1966.0,39.0,1,0,5,WAYNE DR,negative_T_minus_H_minus_1y
31150,2005-12-13,CI,150.0,1955.0,50.0,0,1,5,PROSPECT AVE,positive_T_minus_H
38510,2005-12-13,DI,150.0,1966.0,39.0,0,0,5,TUPPER CRT,negative_T_minus_H_minus_3y
4010,2005-12-13,CI,150.0,1965.0,40.0,1,1,5,BRADLEY DR,positive_T_minus_H
87122,2005-12-13,DI,150.0,1966.0,39.0,0,0,5,OVERLEA DR,negative_T_minus_H_minus_3y
19730,2005-12-14,CI,150.0,1967.0,38.0,1,0,5,HOLBORN DR,negative_T_minus_H_minus_2y
6230,2005-12-14,CI,150.0,1962.0,43.0,1,1,5,CENTREVILLE ST,positive_T_minus_H
86622,2005-12-14,CI,300.0,1960.0,45.0,0,0,5,MANCHESTER RD,negative_T_minus_H_minus_2y
12260,2005-12-15,AC,450.0,1961.0,44.0,0,0,5,GREENBROOK DR,negative_T_minus_H_minus_2y
134092,2005-12-15,CI,300.0,1964.0,41.0,0,0,5,HIGHLAND RD E,negative_T_minus_H_minus_1y
138614,2005-12-15,PVC,300.0,1999.0,6.0,0,0,5,DAVID BERGEY DR,negative_T_minus_H_minus_1y
19020,2005-12-15,CI,150.0,1933.0,72.0,0,0,5,HIGHLAND RD E,negative_T_minus_H_minus_1y
21040,2005-12-15,CI,150.0,1958.0,47.0,1,0,5,KENNETH AVE,negative_T_minus_H_minus_1y
2270,2005-12-15,CI,450.0,1950.0,55.0,0,0,5,BELMONT AVE W,negative_T_minus_H_minus_1y
23040,2005-12-15,CI,150.0,1956.0,49.0,0,0,5,LAKESIDE DR,negative_T_minus_H_minus_1y
24100,2005-12-15,CI,150.0,1964.0,41.0,0,0,5,LORNE AVE,negative_T_minus_H_minus_1y
25520,2005-12-15,CI,150.0,1952.0,53.0,0,0,5,MARLBOROUGH AVE,negative_T_minus_H_minus_1y
26760,2005-12-15,CI,300.0,1930.0,75.0,0,0,5,MILL ST,negative_T_minus_H_minus_1y
29880,2005-12-15,CI,200.0,1946.0,59.0,0,0,5,OXFORD ST,negative_T_minus_H_minus_1y
31920,2005-12-15,CI,150.0,1966.0,39.0,0,0,5,QUEENSTON DR,negative_T_minus_H_minus_1y
35480,2005-12-15,CI,150.0,1927.0,78.0,0,0,5,SPADINA RD W,negative_T_minus_H_minus_1y
5000,2005-12-15,DI,250.0,1968.0,37.0,0,0,5,BRYBECK CRES,negative_T_minus_H_minus_1y
61806,2005-12-15,DI,450.0,1968.0,37.0,0,0,5,LANCASTER ST W,negative_T_minus_H_minus_1y
64610,2005-12-15,PVC,150.0,1970.0,35.0,8,0,5,INGLESIDE DR,negative_T_minus_H_minus_1y
66040,2005-12-15,CPP,600.0,1994.0,11.0,0,0,5,FAIRWAY RD N,negative_T_minus_H_minus_1y
76566,2005-12-15,DI,150.0,1976.0,29.0,0,0,5,STONEGATE DR,negative_T_minus_H_minus_1y
76656,2005-12-15,CI,150.0,1925.0,80.0,0,0,5,STIRLING AVE S,negative_T_minus_H_minus_1y
80506,2005-12-15,DI,200.0,1994.0,11.0,0,0,5,WATERLOO ST,negative_T_minus_H_minus_1y
80852,2005-12-15,CI,200.0,1950.0,55.0,0,0,5,VICTORIA ST N,negative_T_minus_H_minus_1y
82202,2005-12-15,CI,150.0,2005.0,0.0,0,0,5,HIGHLAND RD E,negative_T_minus_H_minus_1y
87930,2005-12-15,CI,150.0,1960.0,45.0,0,0,5,ROCKWAY DR,negative_T_minus_H_minus_1y
8860,2005-12-15,DI,150.0,1969.0,36.0,5,0,5,DALEGROVE DR,negative_T_minus_H_minus_1y
95686,2005-12-15,CI,300.0,1955.0,50.0,0,0,5,HIGHLAND RD E,negative_T_minus_H_minus_1y
10110,2005-12-16,DI,450.0,1979.0,26.0,0,0,5,DRIFTWOOD DR,negative_T_minus_H_minus_3y
12330,2005-12-16,CI,450.0,1964.0,41.0,0,1,5,TYSON DR,positive_T_minus_H
82566,2005-12-16,DI,450.0,1979.0,26.0,0,0,5,DRIFTWOOD DR,negative_T_minus_H_minus_3y
10690,2005-12-17,CI,150.0,1955.0,50.0,0,1,5,DUNBAR RD,positive_T_minus_H
33540,2005-12-17,CI,150.0,1959.0,46.0,2,0,5,ROSS AVE,negative_T_minus_H_minus_2y
36530,2005-12-17,CI,150.0,1958.0,47.0,3,0,5,STONYBROOK DR,negative_T_minus_H_minus_2y
43570,2005-12-17,CI,200.0,1954.0,51.0,1,1,5,WILSON AVE,positive_T_minus_H
24870,2005-12-18,CI,200.0,1962.0,43.0,0,0,5,MANCHESTER RD,negative_T_minus_H_minus_2y
41490,2005-12-18,CI,150.0,1963.0,42.0,0,0,5,WEICHEL ST,negative_T_minus_H_minus_2y
22490,2005-12-19,CI,150.0,1960.0,45.0,1,0,5,KINZIE AVE,negative_T_minus_H_minus_2y
24410,2005-12-19,CI,150.0,1948.0,57.0,1,1,5,LANG CRES,positive_T_minus_H
26270,2005-12-19,CI,150.0,1953.0,52.0,1,1,5,MELROSE AVE,positive_T_minus_H
89534,2005-12-19,CI,150.0,1965.0,40.0,0,0,5,BRADLEY DR,negative_T_minus_H_minus_2y
17800,2005-12-20,CI,150.0,1966.0,39.0,3,0,5,HALIFAX DR,negative_T_minus_H_minus_5y
86126,2005-12-21,DI,200.0,1980.0,25.0,0,0,5,OLD MILL RD,negative_T_minus_H_minus_3y
31610,2005-12-22,DI,300.0,1975.0,30.0,0,0,5,QUEENS BLVD,negative_T_minus_H_minus_3y
32790,2005-12-23,CI,300.0,1960.0,45.0,0,0,5,RIVER RD E,negative_T_minus_H_minus_5y
86120,2005-12-23,CI,300.0,1967.0,38.0,0,0,5,COURTLAND AVE E,negative_T_minus_H_minus_5y
20430,2005-12-24,CI,150.0,1966.0,39.0,1,1,5,INWOOD DR,positive_T_minus_H
38560,2005-12-24,CI,150.0,1954.0,51.0,0,1,5,UNION BLVD,positive_T_minus_H
1990,2005-12-25,DI,300.0,1974.0,31.0,0,0,5,GAGE AVE,negative_T_minus_H_minus_3y
42650,2005-12-26,DI,300.0,1968.0,37.0,0,0,5,WESTMOUNT RD E,negative_T_minus_H_minus_3y
20280,2005-12-27,CI,150.0,1967.0,38.0,2,0,5,INDIAN RD,negative_T_minus_H_minus_5y
440,2005-12-27,DI,300.0,1978.0,27.0,3,1,5,SCHWEITZER ST,positive_T_minus_H
92734,2005-12-27,CI,150.0,1954.0,51.0,1,1,5,BYRON AVE,positive_T_minus_H
14010,2005-12-28,CI,150.0,1962.0,43.0,0,1,5,FALESY AVE,positive_T_minus_H
7780,2005-12-28,CI,150.0,1966.0,39.0,1,0,5,CONFEDERATION DR,negative_T_minus_H_minus_3y
88582,2005-12-28,CI,150.0,1953.0,52.0,0,0,5,VALLEYVIEW RD,negative_T_minus_H_minus_2y
21050,2005-12-29,CI,150.0,1958.0,47.0,0,1,5,KENNETH AVE,positive_T_minus_H
37770,2005-12-29,CI,150.0,1953.0,52.0,2,1,5,THIRD AVE,positive_T_minus_H
21050,2005-12-30,CI,150.0,1958.0,47.0,0,1,5,KENNETH AVE,positive_T_minus_H
39090,2005-12-31,CI,200.0,1961.0,44.0,1,0,5,VANIER DR,negative_T_minus_H_minus_2y
15200,2006-01-01,CI,150.0,1960.0,46.0,2,1,5,FOURTH AVE,positive_T_minus_H
1430,2006-01-02,CI,150.0,1967.0,39.0,2,0,5,BALFOUR CRES,negative_T_minus_H_minus_5y
38120,2006-01-02,DI,200.0,1969.0,37.0,0,0,5,TRAYNOR AVE,negative_T_minus_H_minus_3y
78574,2006-01-02,CI,300.0,1939.0,67.0,0,1,5,EAST AVE,positive_T_minus_H
18700,2006-01-03,CI,150.0,1960.0,46.0,1,0,5,HICKSON DR,negative_T_minus_H_minus_1y
33440,2006-01-03,CI,150.0,1959.0,47.0,2,0,5,ROSEMOUNT DR,negative_T_minus_H_minus_1y
92920,2006-01-03,CI,150.0,1955.0,51.0,2,1,5,DONALD ST,positive_T_minus_H
25800,2006-01-04,CI,150.0,1954.0,52.0,0,1,5,MAYWOOD RD,positive_T_minus_H
30230,2006-01-04,DI,150.0,1966.0,40.0,0,1,5,PARKVIEW CRES,positive_T_minus_H
34210,2006-01-04,CI,200.0,1953.0,53.0,0,1,5,SECOND AVE,positive_T_minus_H
40170,2006-01-04,CI,150.0,1957.0,49.0,0,0,5,VILLAGE RD,negative_T_minus_H_minus_5y
37570,2006-01-05,CI,150.0,1965.0,41.0,0,1,5,TECUMSEH CRES,positive_T_minus_H
90256,2006-01-05,DI,150.0,1969.0,37.0,0,0,5,MEADOW CRES,negative_T_minus_H_minus_2y
95888,2006-01-05,CI,150.0,1958.0,48.0,0,0,5,MASSEY AVE,negative_T_minus_H_minus_5y
9990,2006-01-05,CI,150.0,1955.0,51.0,0,0,5,DOWNEY ST,negative_T_minus_H_minus_2y
4087857,2006-01-06,XXX,0.0,,,0,0,5,DUKE ST E,negative_T_minus_H_minus_1y
43830,2006-01-06,CI,150.0,1960.0,46.0,0,0,5,WINSLOW DR,negative_T_minus_H_minus_4y
43970,2006-01-06,CI,150.0,1957.0,49.0,0,0,5,WOODHAVEN RD,negative_T_minus_H_minus_2y
44190,2006-01-07,CI,150.0,1959.0,47.0,1,0,5,YAGER AVE,negative_T_minus_H_minus_2y
61814,2006-01-09,CI,150.0,1967.0,39.0,1,0,5,CARSON DR,negative_T_minus_H_minus_3y
83480,2006-01-09,CI,150.0,1951.0,55.0,0,0,5,LAWRENCE AVE,negative_T_minus_H_minus_4y
87978,2006-01-09,CI,150.0,1953.0,53.0,0,0,5,PROSPECT AVE,negative_T_minus_H_minus_1y
88744,2006-01-09,CI,150.0,1957.0,49.0,0,0,5,GREENFIELD AVE,negative_T_minus_H_minus_5y
29790,2006-01-10,CI,150.0,1967.0,39.0,3,0,5,OVERLEA DR,negative_T_minus_H_minus_5y
40440,2006-01-10,CI,150.0,1988.0,18.0,2,0,5,WARREN RD,negative_T_minus_H_minus_1y
43900,2006-01-10,CI,150.0,1954.0,52.0,0,1,5,WOODHAVEN RD,positive_T_minus_H
84006,2006-01-10,DI,150.0,1967.0,39.0,1,1,5,HAYWARD AVE,positive_T_minus_H
84400,2006-01-10,CI,150.0,1966.0,40.0,0,1,5,QUEENSTON DR,positive_T_minus_H
91992,2006-01-10,DI,200.0,1977.0,29.0,0,0,5,,negative_T_minus_H_minus_3y
24610,2006-01-11,CI,150.0,1958.0,48.0,2,0,5,LYNDHURST DR,negative_T_minus_H_minus_1y
89754,2006-01-11,DI,100.0,1958.0,48.0,0,1,5,GREENBROOK DR,positive_T_minus_H
21070,2006-01-12,CI,150.0,1962.0,44.0,0,1,5,KENNETH AVE,positive_T_minus_H
9960,2006-01-12,DI,450.0,1969.0,37.0,0,0,5,DOON VILLAGE RD,negative_T_minus_H_minus_3y
21760,2006-01-13,CI,150.0,1922.0,84.0,0,0,5,KING ST E,negative_T_minus_H_minus_4y
23310,2006-01-13,CI,450.0,1937.0,69.0,3,0,5,LANCASTER ST W,negative_T_minus_H_minus_1y
91366,2006-01-13,CI,150.0,1940.0,66.0,0,0,5,STIRLING AVE S,negative_T_minus_H_minus_4y
23060,2006-01-15,CI,150.0,1957.0,49.0,1,0,5,LAKESIDE DR,negative_T_minus_H_minus_4y
24310,2006-01-15,CI,150.0,1968.0,38.0,0,0,5,LORRAINE AVE,negative_T_minus_H_minus_1y
32880,2006-01-15,CI,200.0,1962.0,44.0,2,1,5,RIVERBEND DR,positive_T_minus_H
40740,2006-01-15,CI,150.0,1966.0,40.0,1,0,5,WAYNE DR,negative_T_minus_H_minus_3y
59980,2006-01-15,CI,150.0,1933.0,73.0,3,0,5,JOSEPH ST,negative_T_minus_H_minus_5y
7280,2006-01-15,CI,150.0,1956.0,50.0,0,0,5,CLAREMONT AVE,negative_T_minus_H_minus_1y
18660,2006-01-16,CI,150.0,1960.0,46.0,0,0,5,HICKSON DR,negative_T_minus_H_minus_3y
36530,2006-01-16,CI,150.0,1958.0,48.0,3,0,5,STONYBROOK DR,negative_T_minus_H_minus_3y
15420,2006-01-18,CI,300.0,1956.0,50.0,0,0,5,FRANKLIN ST N,negative_T_minus_H_minus_4y
19860,2006-01-18,DI,150.0,1979.0,27.0,0,0,5,HOMESTEAD PL,negative_T_minus_H_minus_1y
29630,2006-01-18,CI,150.0,1923.0,83.0,2,1,5,OTTAWA ST S,positive_T_minus_H
21040,2006-01-19,CI,150.0,1958.0,48.0,1,0,5,KENNETH AVE,negative_T_minus_H_minus_5y
27020,2006-01-19,CI,200.0,1965.0,41.0,0,1,5,MONTCALM DR,positive_T_minus_H
38970,2006-01-19,CI,150.0,1953.0,53.0,0,0,5,VALLEYVIEW RD,negative_T_minus_H_minus_5y
43340,2006-01-19,CI,300.0,1959.0,47.0,0,0,5,WILLIAMSBURG RD,negative_T_minus_H_minus_2y
5530,2006-01-19,DI,150.0,1967.0,39.0,0,0,5,CARNABY PL,negative_T_minus_H_minus_4y
7140,2006-01-19,DI,150.0,1965.0,41.0,1,0,5,CHICOPEE TERR,negative_T_minus_H_minus_3y
17720,2006-01-20,CI,150.0,1957.0,49.0,2,1,5,GUELPH ST,positive_T_minus_H
19320,2006-01-20,CI,150.0,1967.0,39.0,0,1,5,HIGHPARK AVE,positive_T_minus_H
37550,2006-01-20,CI,150.0,1965.0,41.0,2,1,5,TECUMSEH CRES,positive_T_minus_H
38980,2006-01-20,CI,150.0,1953.0,53.0,0,0,5,VALLEYVIEW RD,negative_T_minus_H_minus_1y
85458,2006-01-20,DI,150.0,1962.0,44.0,0,0,5,MANCHESTER RD,negative_T_minus_H_minus_1y
94398,2006-01-20,CI,150.0,1960.0,46.0,0,1,5,WILKINS DR,positive_T_minus_H
11710,2006-01-21,CI,150.0,1959.0,47.0,0,0,5,ELKINGTON DR,negative_T_minus_H_minus_3y
21070,2006-01-21,CI,150.0,1962.0,44.0,0,1,5,KENNETH AVE,positive_T_minus_H
37610,2006-01-21,CI,150.0,1967.0,39.0,1,0,5,THALER AVE,negative_T_minus_H_minus_3y
38550,2006-01-21,CI,150.0,1954.0,52.0,2,0,5,UNION BLVD,negative_T_minus_H_minus_3y
43930,2006-01-21,CI,150.0,1954.0,52.0,0,0,5,WOODHAVEN RD,negative_T_minus_H_minus_4y
81440,2006-01-21,CI,150.0,1958.0,48.0,0,0,5,SHADYWOOD CRES,negative_T_minus_H_minus_4y
85890,2006-01-21,DI,150.0,1952.0,54.0,0,0,5,BRICK ST,negative_T_minus_H_minus_4y
11710,2006-01-22,CI,150.0,1959.0,47.0,0,0,5,ELKINGTON DR,negative_T_minus_H_minus_1y
35140,2006-01-22,CI,150.0,1953.0,53.0,1,1,5,SIXTH AVE,positive_T_minus_H
7850,2006-01-22,CI,150.0,1953.0,53.0,0,0,5,CONNAUGHT ST,negative_T_minus_H_minus_3y
17800,2006-01-23,CI,150.0,1966.0,40.0,3,0,5,HALIFAX DR,negative_T_minus_H_minus_2y
63330,2006-01-23,CI,150.0,1952.0,54.0,0,0,5,ADMIRAL RD,negative_T_minus_H_minus_4y
7770,2006-01-23,CI,150.0,1966.0,40.0,1,0,5,CONFEDERATION DR,negative_T_minus_H_minus_3y
11600,2006-01-25,CI,150.0,1950.0,56.0,1,0,5,EDWIN ST,negative_T_minus_H_minus_3y
18680,2006-01-25,CI,150.0,1960.0,46.0,1,0,5,HICKSON DR,negative_T_minus_H_minus_2y
34770,2006-01-25,DI,100.0,1968.0,38.0,0,0,5,SHELLEY PL,negative_T_minus_H_minus_1y
35610,2006-01-25,CI,150.0,1924.0,82.0,0,0,5,SPRING VALLEY RD,negative_T_minus_H_minus_5y
32020,2006-01-26,DI,200.0,1974.0,32.0,0,0,5,RADCLIFFE DR,negative_T_minus_H_minus_3y
79346,2006-01-26,CI,150.0,1962.0,44.0,0,1,5,ARCHER PL,positive_T_minus_H
92854,2006-01-26,DI,200.0,1966.0,40.0,0,0,5,CARSON DR,negative_T_minus_H_minus_4y
94198,2006-01-26,CI,150.0,1920.0,86.0,0,0,5,KING ST E,negative_T_minus_H_minus_2y
38970,2006-01-27,CI,150.0,1953.0,53.0,0,0,5,VALLEYVIEW RD,negative_T_minus_H_minus_3y
63540,2006-01-27,CI,150.0,1954.0,52.0,1,1,5,FIFE AVE,positive_T_minus_H
86584,2006-01-27,CI,150.0,1958.0,48.0,0,1,5,HEARTH CRES,positive_T_minus_H
41470,2006-01-28,CI,150.0,1958.0,48.0,0,0,5,WEDGEWOOD DR,negative_T_minus_H_minus_5y
41850,2006-01-28,DI,200.0,1992.0,14.0,0,0,5,WEST AVE,negative_T_minus_H_minus_2y
4720,2006-01-28,CI,150.0,1953.0,53.0,0,0,5,BROADVIEW AVE,negative_T_minus_H_minus_3y
76656,2006-01-28,CI,150.0,1925.0,81.0,0,0,5,STIRLING AVE S,negative_T_minus_H_minus_5y
18670,2006-01-29,CI,200.0,1960.0,46.0,0,0,5,HICKSON DR,negative_T_minus_H_minus_3y
43600,2006-01-29,DI,200.0,1969.0,37.0,0,0,5,WILSON AVE,negative_T_minus_H_minus_4y
29790,2006-01-30,CI,150.0,1967.0,39.0,3,0,5,OVERLEA DR,negative_T_minus_H_minus_2y
92140,2006-01-30,CI,150.0,1954.0,52.0,0,0,5,UNION BLVD,negative_T_minus_H_minus_1y
1650,2006-01-31,DI,300.0,1991.0,15.0,0,0,5,BATTLER RD,negative_T_minus_H_minus_3y
40130,2006-01-31,DI,150.0,1967.0,39.0,0,0,5,VIEWMONT CLOSE,negative_T_minus_H_minus_1y
43730,2006-02-01,DI,150.0,1975.0,31.0,0,0,5,WINDING WAY,negative_T_minus_H_minus_3y
88430,2006-02-01,DI,300.0,1988.0,18.0,0,0,5,WESTFOREST TRAIL,negative_T_minus_H_minus_2y
42560,2006-02-02,CI,150.0,1958.0,48.0,0,1,5,VILLAGE RD,positive_T_minus_H
20580,2006-02-03,CI,150.0,1970.0,36.0,2,0,5,JANSEN AVE,negative_T_minus_H_minus_4y
24590,2006-02-03,CI,150.0,1958.0,48.0,0,0,5,LYNDHURST DR,negative_T_minus_H_minus_3y
42160,2006-02-03,DI,300.0,1973.0,33.0,1,0,5,WESTHEIGHTS DR,negative_T_minus_H_minus_3y
82468,2006-02-03,AC,450.0,1952.0,54.0,0,0,5,WINDALE CRES,negative_T_minus_H_minus_3y
82686,2006-02-03,DI,150.0,1976.0,30.0,0,0,5,PARKLAND CRES,negative_T_minus_H_minus_3y
43480,2006-02-04,CI,200.0,1958.0,48.0,3,0,5,WILSON AVE,negative_T_minus_H_minus_5y
85694,2006-02-04,CI,150.0,1952.0,54.0,0,0,5,OTTAWA ST N,negative_T_minus_H_minus_2y
8940,2006-02-04,CI,150.0,1964.0,42.0,1,0,5,DANIEL AVE,negative_T_minus_H_minus_2y
11720,2006-02-05,CI,150.0,1959.0,47.0,0,0,5,ELKINGTON DR,negative_T_minus_H_minus_5y
29900,2006-02-05,CI,150.0,1947.0,59.0,0,0,5,OXFORD ST,negative_T_minus_H_minus_2y
20610,2006-02-06,CI,150.0,1962.0,44.0,0,0,5,JEAN AVE,negative_T_minus_H_minus_4y
27010,2006-02-06,DI,200.0,1965.0,41.0,0,1,5,MONTCALM DR,positive_T_minus_H
4430,2006-02-06,DI,150.0,1952.0,54.0,8,1,5,BRICK ST,positive_T_minus_H
33420,2006-02-07,CI,150.0,1959.0,47.0,0,0,5,ROSEMOUNT DR,negative_T_minus_H_minus_5y
61826,2006-02-07,DI,150.0,1967.0,39.0,0,0,5,PARKVIEW CRES,negative_T_minus_H_minus_4y
95188,2006-02-07,CI,300.0,1961.0,45.0,0,0,5,FAIRWAY RD S,negative_T_minus_H_minus_4y
20530,2006-02-08,CI,150.0,1947.0,59.0,2,0,5,JACKSON AVE,negative_T_minus_H_minus_2y
28590,2006-02-08,DI,150.0,1967.0,39.0,3,0,5,OLD YORK CRES,negative_T_minus_H_minus_4y
43210,2006-02-08,CI,150.0,1953.0,53.0,3,0,5,WILFRED AVE,negative_T_minus_H_minus_3y
5620,2006-02-08,DI,200.0,1966.0,40.0,2,1,5,CARSON DR,positive_T_minus_H
76747,2006-02-08,CI,150.0,1940.0,66.0,5,0,5,STIRLING AVE S,negative_T_minus_H_minus_4y
94556,2006-02-08,DI,300.0,1964.0,42.0,0,0,5,HIGHLAND RD W,negative_T_minus_H_minus_4y
17950,2006-02-09,CI,150.0,1964.0,42.0,0,0,5,HAMEL AVE,negative_T_minus_H_minus_2y
31930,2006-02-09,DI,150.0,1966.0,40.0,1,0,5,QUEENSTON DR,negative_T_minus_H_minus_4y
7730,2006-02-09,CI,150.0,1966.0,40.0,1,0,5,CONFEDERATION DR,negative_T_minus_H_minus_2y
29200,2006-02-10,CI,150.0,1952.0,54.0,8,1,5,OTTAWA ST N,positive_T_minus_H
42050,2006-02-10,CI,150.0,1959.0,47.0,3,0,5,WESTGATE WALK,negative_T_minus_H_minus_2y
59990,2006-02-10,CI,150.0,1950.0,56.0,0,0,5,EDNA ST,negative_T_minus_H_minus_3y
8560,2006-02-10,CI,200.0,1960.0,46.0,0,0,5,CRAIG DR,negative_T_minus_H_minus_5y
37280,2006-02-11,CI,300.0,1947.0,59.0,0,1,5,SYDNEY ST N,positive_T_minus_H
39030,2006-02-11,CI,200.0,1953.0,53.0,0,1,5,VANIER DR,positive_T_minus_H
18960,2006-02-12,DI,200.0,1973.0,33.0,0,1,5,HIGHLAND CRES,positive_T_minus_H
20530,2006-02-12,CI,150.0,1947.0,59.0,2,0,5,JACKSON AVE,negative_T_minus_H_minus_4y
22500,2006-02-12,CI,150.0,1961.0,45.0,0,0,5,KINZIE AVE,negative_T_minus_H_minus_3y
23260,2006-02-12,DI,450.0,1968.0,38.0,1,0,5,LANCASTER ST W,negative_T_minus_H_minus_3y
83602,2006-02-12,CI,150.0,1945.0,61.0,0,0,5,DOON RD,negative_T_minus_H_minus_3y
10700,2006-02-13,CI,150.0,1961.0,45.0,0,0,5,DUNCAIRN AVE,negative_T_minus_H_minus_5y
10900,2006-02-13,DI,200.0,1967.0,39.0,0,0,5,RALGREEN CRES,negative_T_minus_H_minus_4y
16140,2006-02-13,PVC,150.0,1976.0,30.0,0,0,5,GEORGIAN ST,negative_T_minus_H_minus_3y
43970,2006-02-13,CI,150.0,1957.0,49.0,0,0,5,WOODHAVEN RD,negative_T_minus_H_minus_3y
16320,2006-02-14,DI,300.0,1975.0,31.0,0,0,5,GLASGOW ST,negative_T_minus_H_minus_3y
24600,2006-02-14,CI,150.0,1958.0,48.0,2,1,5,LYNDHURST DR,positive_T_minus_H
36160,2006-02-14,CI,300.0,1932.0,74.0,0,0,5,STIRLING AVE S,negative_T_minus_H_minus_3y
136824,2006-02-15,PVC,150.0,,,0,0,5,ABERDEEN RD,negative_T_minus_H_minus_2y
39060,2006-02-15,CI,200.0,1953.0,53.0,1,1,5,VANIER DR,positive_T_minus_H
21140,2006-02-16,CI,150.0,1954.0,52.0,2,0,5,KENSINGTON AVE,negative_T_minus_H_minus_4y
38520,2006-02-16,CI,150.0,1957.0,49.0,0,0,5,TURNER AVE,negative_T_minus_H_minus_5y
41490,2006-02-16,CI,150.0,1963.0,43.0,0,0,5,WEICHEL ST,negative_T_minus_H_minus_3y
43830,2006-02-16,CI,150.0,1960.0,46.0,0,0,5,WINSLOW DR,negative_T_minus_H_minus_3y
95640,2006-02-17,CI,150.0,1964.0,42.0,0,0,5,BARBARA CRES,negative_T_minus_H_minus_3y
24580,2006-02-18,CI,150.0,1961.0,45.0,1,0,5,LYLE PL,negative_T_minus_H_minus_5y
31730,2006-02-18,DI,200.0,1966.0,40.0,0,0,5,QUEENS BLVD,negative_T_minus_H_minus_5y
37810,2006-02-18,CI,150.0,1964.0,42.0,1,1,5,THORNRIDGE CRES,positive_T_minus_H
38980,2006-02-18,CI,150.0,1953.0,53.0,0,1,5,VALLEYVIEW RD,positive_T_minus_H
40150,2006-02-18,CI,150.0,1962.0,44.0,2,1,5,VILLAGE RD,positive_T_minus_H
14870,2006-02-19,CI,200.0,1962.0,44.0,4,0,5,FOREST HILL DR,negative_T_minus_H_minus_1y
39050,2006-02-19,CI,200.0,1953.0,53.0,0,0,5,VANIER DR,negative_T_minus_H_minus_4y
39860,2006-02-19,CI,150.0,1947.0,59.0,0,0,5,VICTORIA ST S,negative_T_minus_H_minus_3y
88076,2006-02-19,CI,150.0,1960.0,46.0,1,0,5,RIPPLEWOOD CRES,negative_T_minus_H_minus_2y
16240,2006-02-20,CI,150.0,1962.0,44.0,1,0,5,GILMOUR CRES,negative_T_minus_H_minus_4y
22490,2006-02-20,CI,150.0,1960.0,46.0,1,0,5,KINZIE AVE,negative_T_minus_H_minus_2y
290,2006-02-20,CI,150.0,1958.0,48.0,3,0,5,ABERDEEN RD,negative_T_minus_H_minus_2y
82460,2006-02-20,CI,150.0,1961.0,45.0,0,1,5,JANSEN AVE,positive_T_minus_H
88076,2006-02-20,CI,150.0,1960.0,46.0,1,0,5,RIPPLEWOOD CRES,negative_T_minus_H_minus_4y
96092,2006-02-20,CI,150.0,1962.0,44.0,0,1,5,ARCHER PL,positive_T_minus_H
1120,2006-02-21,DI,150.0,1973.0,33.0,0,0,5,AUTUMN HILL CRES,negative_T_minus_H_minus_3y
39050,2006-02-21,CI,200.0,1953.0,53.0,0,1,5,VANIER DR,positive_T_minus_H
260,2006-02-22,CI,150.0,1955.0,51.0,1,0,5,ABERDEEN RD,negative_T_minus_H_minus_5y
34220,2006-02-22,CI,150.0,1963.0,43.0,2,1,5,SECORD AVE,positive_T_minus_H
41630,2006-02-22,CI,100.0,1916.0,90.0,0,0,5,WELLINGTON ST N,negative_T_minus_H_minus_4y
43970,2006-02-22,CI,150.0,1957.0,49.0,0,0,5,WOODHAVEN RD,negative_T_minus_H_minus_3y
86562,2006-02-22,CI,150.0,1954.0,52.0,0,0,5,WOODHAVEN RD,negative_T_minus_H_minus_4y
33530,2006-02-23,CI,150.0,1959.0,47.0,1,0,5,ROSS AVE,negative_T_minus_H_minus_4y
41690,2006-02-23,CI,300.0,1929.0,77.0,1,0,5,WELLINGTON ST N,negative_T_minus_H_minus_2y
85016,2006-02-23,CI,150.0,1967.0,39.0,2,0,5,THALER AVE,negative_T_minus_H_minus_1y
87828,2006-02-23,CI,150.0,1954.0,52.0,0,1,5,KRUG ST,positive_T_minus_H
31910,2006-02-24,CI,150.0,1966.0,40.0,2,0,5,QUEENSTON DR,negative_T_minus_H_minus_4y
34680,2006-02-24,CI,150.0,1946.0,60.0,1,0,5,SHELDON AVE N,negative_T_minus_H_minus_3y
41630,2006-02-24,CI,100.0,1916.0,90.0,0,0,5,WELLINGTON ST N,negative_T_minus_H_minus_3y
670,2006-02-24,CI,150.0,1963.0,43.0,0,1,5,ANTHONY PL,positive_T_minus_H
29890,2006-02-25,CI,200.0,1946.0,60.0,0,1,5,OXFORD ST,positive_T_minus_H
64370,2006-02-25,CI,450.0,1951.0,55.0,0,0,5,BELMONT AVE E,negative_T_minus_H_minus_3y
25160,2006-02-26,CI,150.0,1949.0,57.0,0,0,5,MAPLE AVE,negative_T_minus_H_minus_3y
8560,2006-02-26,CI,200.0,1960.0,46.0,0,0,5,CRAIG DR,negative_T_minus_H_minus_4y
27160,2006-02-27,CI,150.0,1951.0,55.0,0,0,5,MONTGOMERY RD,negative_T_minus_H_minus_2y
27810,2006-02-27,CI,150.0,1960.0,46.0,2,0,5,NINE PINES RD,negative_T_minus_H_minus_3y
70980,2006-02-27,PVC,300.0,2004.0,2.0,0,0,5,JOSEPH ST,negative_T_minus_H_minus_4y
18670,2006-02-28,CI,200.0,1960.0,46.0,0,0,5,HICKSON DR,negative_T_minus_H_minus_4y
85458,2006-02-28,DI,150.0,1962.0,44.0,0,0,5,MANCHESTER RD,negative_T_minus_H_minus_2y
4700,2006-03-01,CI,150.0,1957.0,49.0,0,0,5,LAKESIDE DR,negative_T_minus_H_minus_4y
59990,2006-03-01,CI,150.0,1950.0,56.0,0,0,5,EDNA ST,negative_T_minus_H_minus_4y
32320,2006-03-02,CI,150.0,1960.0,46.0,1,1,5,RIPPLEWOOD CRES,positive_T_minus_H
34650,2006-03-02,CI,150.0,1946.0,60.0,0,0,5,SHELDON AVE N,negative_T_minus_H_minus_4y
38970,2006-03-02,CI,150.0,1953.0,53.0,0,1,5,VALLEYVIEW RD,positive_T_minus_H
40410,2006-03-02,CI,150.0,1953.0,53.0,0,0,5,WANDSWORTH PL,negative_T_minus_H_minus_3y
8060,2006-03-02,CI,150.0,1958.0,48.0,1,0,5,CORNELL AVE,negative_T_minus_H_minus_2y
40740,2006-03-03,CI,150.0,1966.0,40.0,1,0,5,WAYNE DR,negative_T_minus_H_minus_4y
18660,2006-03-04,CI,150.0,1960.0,46.0,0,0,5,HICKSON DR,negative_T_minus_H_minus_5y
21130,2006-03-04,CI,150.0,1954.0,52.0,0,0,5,KENSINGTON AVE,negative_T_minus_H_minus_2y
7760,2006-03-04,CI,150.0,1966.0,40.0,3,0,5,CONFEDERATION DR,negative_T_minus_H_minus_2y
89056,2006-03-04,CI,150.0,1962.0,44.0,0,0,5,VILLAGE RD,negative_T_minus_H_minus_4y
31930,2006-03-05,DI,150.0,1966.0,40.0,1,0,5,QUEENSTON DR,negative_T_minus_H_minus_4y
32030,2006-03-05,DI,200.0,1974.0,32.0,0,0,5,RADCLIFFE DR,negative_T_minus_H_minus_3y
33540,2006-03-05,CI,150.0,1959.0,47.0,2,0,5,ROSS AVE,negative_T_minus_H_minus_4y
84436,2006-03-05,CI,150.0,1952.0,54.0,0,0,5,OTTAWA ST N,negative_T_minus_H_minus_4y
8580,2006-03-05,DI,150.0,1987.0,19.0,0,0,5,CRAIG DR,negative_T_minus_H_minus_4y
90536,2006-03-05,DI,150.0,1987.0,19.0,0,0,5,SUMMERHILL CRES,negative_T_minus_H_minus_4y
84154,2006-03-06,CI,150.0,1959.0,47.0,0,0,5,ELKINGTON DR,negative_T_minus_H_minus_2y
17720,2006-03-07,CI,150.0,1957.0,49.0,2,1,5,GUELPH ST,positive_T_minus_H
43910,2006-03-07,CI,150.0,1954.0,52.0,0,0,5,WOODHAVEN RD,negative_T_minus_H_minus_2y
9470,2006-03-08,CI,150.0,1960.0,46.0,0,0,5,DIXON ST,negative_T_minus_H_minus_5y
78074,2006-03-09,CI,150.0,1925.0,81.0,1,0,5,AHRENS ST W,negative_T_minus_H_minus_4y
9090,2006-03-09,CI,150.0,1958.0,48.0,0,0,5,DEERFIELD AVE,negative_T_minus_H_minus_3y
7290,2006-03-11,CI,100.0,1956.0,50.0,1,1,5,CLAREMONT AVE,positive_T_minus_H
25450,2006-03-15,CI,150.0,1964.0,42.0,0,0,5,MARKET ST,negative_T_minus_H_minus_4y
89504,2006-03-15,DI,150.0,1974.0,32.0,0,0,5,FOUR SEASONS CRT,negative_T_minus_H_minus_4y
89534,2006-03-15,CI,150.0,1965.0,41.0,0,0,5,BRADLEY DR,negative_T_minus_H_minus_3y
15190,2006-03-17,DI,150.0,1974.0,32.0,1,0,5,FOUR SEASONS CRT,negative_T_minus_H_minus_4y
31930,2006-03-19,DI,150.0,1966.0,40.0,1,0,5,QUEENSTON DR,negative_T_minus_H_minus_2y
11480,2006-03-21,CI,150.0,1949.0,57.0,0,0,5,EDMUND RD,negative_T_minus_H_minus_2y
32670,2006-03-21,DI,300.0,1971.0,35.0,1,0,5,RIVER RD E,negative_T_minus_H_minus_4y
33410,2006-03-21,CI,150.0,1958.0,48.0,3,0,5,ROSEMOUNT DR,negative_T_minus_H_minus_2y
33050,2006-03-22,CI,300.0,1935.0,71.0,1,0,5,ROCKWAY DR,negative_T_minus_H_minus_3y
27810,2006-03-23,CI,150.0,1960.0,46.0,2,0,5,NINE PINES RD,negative_T_minus_H_minus_2y
34800,2006-03-24,CI,150.0,1953.0,53.0,0,0,5,SHERIDAN CRT,negative_T_minus_H_minus_4y
19080,2006-03-27,CI,150.0,1952.0,54.0,1,0,5,HIGHLAND RD E,negative_T_minus_H_minus_3y
76577,2006-03-28,DI,150.0,1955.0,51.0,0,0,5,MANCHESTER RD,negative_T_minus_H_minus_4y
25190,2006-03-29,DI,300.0,1976.0,30.0,0,0,5,MAPLE AVE,negative_T_minus_H_minus_4y
40740,2006-03-29,CI,150.0,1966.0,40.0,1,0,5,WAYNE DR,negative_T_minus_H_minus_3y
11640,2006-03-30,CI,150.0,1953.0,53.0,0,0,5,EIGHTH AVE,negative_T_minus_H_minus_4y
16550,2006-03-30,CI,150.0,1969.0,37.0,1,0,5,GLEN LAKE CRES,negative_T_minus_H_minus_3y
4940,2006-03-30,CI,150.0,1953.0,53.0,0,0,5,BRUCE ST,negative_T_minus_H_minus_3y
15330,2006-03-31,CI,300.0,1963.0,43.0,1,0,5,FRANKLIN ST N,negative_T_minus_H_minus_4y
16550,2006-04-01,CI,150.0,1969.0,37.0,1,0,5,GLEN LAKE CRES,negative_T_minus_H_minus_3y
7940,2006-04-02,DI,150.0,1966.0,40.0,1,0,5,CONWAY DR,negative_T_minus_H_minus_3y
76738,2006-04-04,CI,150.0,1923.0,83.0,0,0,5,MT HOPE ST,negative_T_minus_H_minus_4y
30230,2006-04-08,DI,150.0,1966.0,40.0,0,1,5,PARKVIEW CRES,positive_T_minus_H
58280,2006-04-09,DI,300.0,1981.0,25.0,0,0,5,OTTAWA ST S,negative_T_minus_H_minus_4y
15080,2006-04-14,DI,150.0,1969.0,37.0,0,0,5,FORESTWOOD DR,negative_T_minus_H_minus_3y
40630,2006-04-17,DI,300.0,1975.0,31.0,0,0,5,WATER ST S,negative_T_minus_H_minus_3y
18100,2006-04-20,DI,150.0,1976.0,30.0,0,0,5,HARCOURT CRES,negative_T_minus_H_minus_4y
10520,2006-04-23,CI,150.0,1974.0,32.0,0,0,5,DUKE ST W,negative_T_minus_H_minus_4y
15440,2006-04-23,CI,150.0,1957.0,49.0,4,0,5,FRANKLIN ST S,negative_T_minus_H_minus_4y
16240,2006-04-23,CI,150.0,1962.0,44.0,1,0,5,GILMOUR CRES,negative_T_minus_H_minus_4y
21140,2006-04-23,CI,150.0,1954.0,52.0,2,0,5,KENSINGTON AVE,negative_T_minus_H_minus_4y
92756,2006-04-23,DI,150.0,1971.0,35.0,0,0,5,VICMOUNT DR,negative_T_minus_H_minus_4y
10560,2006-04-26,DI,300.0,1981.0,25.0,0,0,5,DUMART PL,negative_T_minus_H_minus_3y
19750,2006-04-29,DI,150.0,1967.0,39.0,0,1,5,HOLBORN DR,positive_T_minus_H
89828,2006-05-01,CI,150.0,1963.0,43.0,0,0,5,RIVER RD E,negative_T_minus_H_minus_2y
44100,2006-05-03,CI,100.0,1958.0,48.0,0,0,5,WOOLWICH ST,negative_T_minus_H_minus_1y
34770,2006-05-14,DI,100.0,1968.0,38.0,0,0,5,SHELLEY PL,negative_T_minus_H_minus_3y
89132,2006-05-17,DI,100.0,1961.0,45.0,0,0,5,CRAIG DR,negative_T_minus_H_minus_2y
89828,2006-05-21,CI,150.0,1963.0,43.0,0,0,5,RIVER RD E,negative_T_minus_H_minus_3y
43730,2006-06-01,DI,150.0,1975.0,31.0,0,1,5,WINDING WAY,positive_T_minus_H
16670,2006-06-03,CI,150.0,1965.0,41.0,1,1,5,GLENWOOD DR,positive_T_minus_H
35300,2006-06-03,DI,150.0,1974.0,32.0,0,0,5,SOUTHWOOD DR,negative_T_minus_H_minus_3y
7140,2006-06-03,DI,150.0,1965.0,41.0,1,0,5,CHICOPEE TERR,negative_T_minus_H_minus_3y
94002,2006-06-03,DI,150.0,1974.0,32.0,0,0,5,DEVONGLEN DR,negative_T_minus_H_minus_3y
35030,2006-06-06,CI,150.0,1967.0,39.0,3,0,5,SILVERSPRING CRES,negative_T_minus_H_minus_4y
15440,2006-06-09,CI,150.0,1957.0,49.0,4,0,5,FRANKLIN ST S,negative_T_minus_H_minus_5y
38780,2006-06-09,CI,200.0,1948.0,58.0,0,0,5,UNION ST,negative_T_minus_H_minus_5y
44060,2006-06-09,DI,150.0,1981.0,25.0,0,0,5,WOODVIEW CRES,negative_T_minus_H_minus_5y
44360,2006-06-09,DI,300.0,1992.0,14.0,0,0,5,YOUNG ST,negative_T_minus_H_minus_5y
83662,2006-06-09,CI,150.0,1958.0,48.0,0,0,5,LYNDHURST DR,negative_T_minus_H_minus_5y
86412,2006-06-09,DI,300.0,1967.0,39.0,0,0,5,ARDELT PL,negative_T_minus_H_minus_5y
63740,2006-06-11,DI,300.0,1991.0,15.0,0,0,5,DUKE ST E,negative_T_minus_H_minus_1y
84034,2006-06-14,DI,300.0,1974.0,32.0,0,1,5,DRIFTWOOD DR,positive_T_minus_H
90106,2006-06-17,DI,200.0,1975.0,31.0,0,0,5,QUEENS BLVD,negative_T_minus_H_minus_3y
86808,2006-06-19,DI,150.0,1980.0,26.0,0,0,5,OLD FOREST CRES,negative_T_minus_H_minus_4y
57680,2006-06-27,CI,150.0,1955.0,51.0,2,1,5,EDNA ST,positive_T_minus_H
59990,2006-07-02,CI,150.0,1950.0,56.0,0,1,5,EDNA ST,positive_T_minus_H
85458,2006-07-05,DI,150.0,1962.0,44.0,0,0,5,MANCHESTER RD,negative_T_minus_H_minus_3y
86126,2006-07-05,DI,200.0,1980.0,26.0,0,0,5,OLD MILL RD,negative_T_minus_H_minus_5y
14100,2006-07-07,DI,300.0,1974.0,32.0,0,0,5,FARRIER DR,negative_T_minus_H_minus_5y
81208,2006-07-10,CI,250.0,1889.0,117.0,0,0,5,KING ST W,negative_T_minus_H_minus_2y
62930,2006-07-11,PVC,150.0,1999.0,7.0,0,0,5,BERRY MOSS ST,negative_T_minus_H_minus_3y
28240,2006-07-12,DI,200.0,1977.0,29.0,0,0,5,OLD CARRIAGE DR,negative_T_minus_H_minus_5y
44100,2006-07-15,CI,100.0,1958.0,48.0,0,0,5,WOOLWICH ST,negative_T_minus_H_minus_2y
21450,2006-07-18,CI,250.0,1889.0,117.0,0,0,5,KING ST W,negative_T_minus_H_minus_1y
21970,2006-07-18,CPP,450.0,1988.0,18.0,2,0,5,KING ST E,negative_T_minus_H_minus_4y
142914,2006-07-21,AC,300.0,1975.0,31.0,0,0,5,BIEHN DR,negative_T_minus_H_minus_5y
38550,2006-07-21,CI,150.0,1954.0,52.0,2,0,5,UNION BLVD,negative_T_minus_H_minus_2y
15200,2006-07-26,CI,150.0,1960.0,46.0,2,1,5,FOURTH AVE,positive_T_minus_H
2310,2006-07-26,CI,150.0,1967.0,39.0,0,1,5,BELWOOD CRES,positive_T_minus_H
10730,2006-07-27,CI,150.0,1949.0,57.0,0,0,5,DUNDAS AVE,negative_T_minus_H_minus_5y
87118,2006-07-28,CI,150.0,1957.0,49.0,0,0,5,GUELPH ST,negative_T_minus_H_minus_4y
43970,2006-07-31,CI,150.0,1957.0,49.0,0,1,5,WOODHAVEN RD,positive_T_minus_H
5660,2006-07-31,DI,150.0,1968.0,38.0,0,0,5,CARTIER DR,negative_T_minus_H_minus_2y
5550,2006-08-04,DI,200.0,1968.0,38.0,0,0,5,CARSON DR,negative_T_minus_H_minus_1y
24770,2006-08-06,DI,150.0,1965.0,41.0,0,0,5,MADISON AVE S,negative_T_minus_H_minus_4y
16340,2006-08-07,DI,200.0,1983.0,23.0,0,0,5,GLASGOW ST,negative_T_minus_H_minus_5y
7160,2006-08-12,DI,150.0,1968.0,38.0,3,0,5,CHOPIN DR,negative_T_minus_H_minus_3y
35610,2006-08-13,CI,150.0,1924.0,82.0,0,0,5,SPRING VALLEY RD,negative_T_minus_H_minus_4y
15730,2006-08-14,CI,200.0,1962.0,44.0,0,0,5,FREDERICK ST,negative_T_minus_H_minus_4y
89608,2006-08-20,CI,150.0,1961.0,45.0,0,0,5,LANG CRES,negative_T_minus_H_minus_3y
76847,2006-08-30,CI,150.0,1922.0,84.0,0,1,5,SCOTT ST,positive_T_minus_H
23360,2006-09-04,CI,150.0,1927.0,79.0,0,0,5,HILL ST,negative_T_minus_H_minus_2y
18180,2006-09-09,COP,50.0,1980.0,26.0,0,1,5,HARVEST CRT,positive_T_minus_H
18620,2006-09-11,DI,150.0,1972.0,34.0,0,0,5,HICKORY HEIGHTS CRES,negative_T_minus_H_minus_4y
91970,2006-09-16,DI,150.0,1972.0,34.0,0,0,5,DALEGROVE DR,negative_T_minus_H_minus_2y
23310,2006-09-17,CI,450.0,1937.0,69.0,3,0,5,LANCASTER ST W,negative_T_minus_H_minus_2y
40400,2006-09-19,CI,200.0,1953.0,53.0,0,0,5,WALTON AVE,negative_T_minus_H_minus_3y
27820,2006-09-20,CI,200.0,1961.0,45.0,0,0,5,NINTH AVE,negative_T_minus_H_minus_3y
27320,2006-09-21,CI,150.0,1961.0,45.0,1,1,5,MORGAN AVE,positive_T_minus_H
15750,2006-09-23,CI,200.0,1958.0,48.0,1,1,5,FREDERICK ST,positive_T_minus_H
76519,2006-09-23,CI,150.0,1968.0,38.0,3,0,5,HALIFAX DR,negative_T_minus_H_minus_2y
76747,2006-09-23,CI,150.0,1940.0,66.0,5,0,5,STIRLING AVE S,negative_T_minus_H_minus_3y
20670,2006-09-26,CI,200.0,1965.0,41.0,2,0,5,JOSEPH ST,negative_T_minus_H_minus_1y
38140,2006-09-26,DI,200.0,1967.0,39.0,0,0,5,TRAYNOR AVE,negative_T_minus_H_minus_3y
11910,2006-09-27,CI,200.0,1969.0,37.0,0,0,5,ELMSDALE DR,negative_T_minus_H_minus_5y
29640,2006-09-27,CI,150.0,1923.0,83.0,0,1,5,OTTAWA ST S,positive_T_minus_H
5600,2006-09-29,DI,200.0,1966.0,40.0,0,1,5,CARSON DR,positive_T_minus_H
7970,2006-10-05,CI,150.0,1966.0,40.0,1,0,5,CONWAY DR,negative_T_minus_H_minus_5y
7480,2006-10-06,CI,150.0,1947.0,59.0,1,1,5,CLIFTON RD,positive_T_minus_H
90626,2006-10-11,DI,150.0,1987.0,19.0,0,0,5,VERONICA DR,negative_T_minus_H_minus_5y
8370,2006-10-12,CI,300.0,1963.0,43.0,1,0,5,COURTLAND AVE E,negative_T_minus_H_minus_3y
17830,2006-10-14,DI,200.0,1964.0,42.0,0,0,5,OWEN AVE,negative_T_minus_H_minus_4y
27380,2006-10-15,DI,200.0,1971.0,35.0,0,0,5,MORGAN AVE,negative_T_minus_H_minus_4y
34850,2006-10-17,CI,150.0,1954.0,52.0,0,0,5,SHERWOOD AVE,negative_T_minus_H_minus_5y
1330,2006-10-24,CI,200.0,1961.0,45.0,2,1,5,AVON RD,positive_T_minus_H
21170,2006-10-27,CI,150.0,1926.0,80.0,1,1,5,KENT AVE,positive_T_minus_H
31900,2006-10-27,CI,150.0,1966.0,40.0,1,0,5,QUEENSTON DR,negative_T_minus_H_minus_4y
27620,2006-10-29,PVC,150.0,1976.0,30.0,0,0,5,NATCHEZ RD,negative_T_minus_H_minus_3y
13890,2006-11-01,CI,450.0,1962.0,44.0,0,0,5,FAIRWAY RD N,negative_T_minus_H_minus_2y
42180,2006-11-02,DI,150.0,1973.0,33.0,0,0,5,WESTHEIGHTS DR,negative_T_minus_H_minus_2y
65890,2006-11-02,PVC,300.0,2000.0,6.0,0,0,5,MAX BECKER DR,negative_T_minus_H_minus_3y
590,2006-11-03,DI,300.0,1965.0,41.0,0,0,5,ALPINE RD,negative_T_minus_H_minus_1y
83342,2006-11-03,CI,450.0,1964.0,42.0,0,0,5,OVERLEA DR,negative_T_minus_H_minus_4y
30500,2006-11-04,DI,150.0,1966.0,40.0,0,0,5,PENROSE AVE,negative_T_minus_H_minus_3y
90768,2006-11-06,CI,300.0,1935.0,71.0,0,0,5,ROCKWAY DR,negative_T_minus_H_minus_3y
133314,2006-11-08,CI,300.0,1964.0,42.0,0,0,5,FRANKLIN ST N,negative_T_minus_H_minus_1y
30740,2006-11-09,DI,200.0,1968.0,38.0,0,1,5,PINEDALE DR,positive_T_minus_H
33630,2006-11-11,DI,200.0,1976.0,30.0,0,0,5,ROYAL ORCHARD DR,negative_T_minus_H_minus_1y
7560,2006-11-11,CI,150.0,1971.0,35.0,0,1,5,COACH HILL DR,positive_T_minus_H
39360,2006-11-12,DI,300.0,1969.0,37.0,0,0,5,ST LEGER ST,negative_T_minus_H_minus_2y
42530,2006-11-14,CI,150.0,1959.0,47.0,2,0,5,WESTMOUNT RD E,negative_T_minus_H_minus_3y
1250,2006-11-15,CI,300.0,1955.0,51.0,0,0,5,AVALON PL,negative_T_minus_H_minus_2y
28910,2006-11-17,CI,150.0,1956.0,50.0,0,0,5,OLYMPIC DR,negative_T_minus_H_minus_1y
33530,2006-11-17,CI,150.0,1959.0,47.0,1,1,5,ROSS AVE,positive_T_minus_H
37070,2006-11-19,CI,150.0,1964.0,42.0,1,0,5,SUMMIT AVE,negative_T_minus_H_minus_2y
31910,2006-11-20,CI,150.0,1966.0,40.0,2,0,5,QUEENSTON DR,negative_T_minus_H_minus_3y
86902,2006-11-20,CI,150.0,1960.0,46.0,0,0,5,HICKSON DR,negative_T_minus_H_minus_2y
21040,2006-11-23,CI,150.0,1958.0,48.0,1,0,5,KENNETH AVE,negative_T_minus_H_minus_3y
81112,2006-11-24,DI,300.0,1974.0,32.0,0,0,5,DUKE ST W,negative_T_minus_H_minus_4y
10350,2006-11-26,DI,150.0,1994.0,12.0,0,0,5,DUKE ST W,negative_T_minus_H_minus_1y
27810,2006-11-26,CI,150.0,1960.0,46.0,2,1,5,NINE PINES RD,positive_T_minus_H
38140,2006-11-26,DI,200.0,1967.0,39.0,0,0,5,TRAYNOR AVE,negative_T_minus_H_minus_3y
82724,2006-11-27,DI,300.0,1975.0,31.0,0,0,5,DUKE ST W,negative_T_minus_H_minus_3y
90092,2006-11-27,CI,150.0,1963.0,43.0,0,0,5,BIRCHCLIFF AVE,negative_T_minus_H_minus_1y
34640,2006-11-28,CI,150.0,1925.0,81.0,2,0,5,SHELDON AVE N,negative_T_minus_H_minus_2y
7940,2006-11-28,DI,150.0,1966.0,40.0,1,0,5,CONWAY DR,negative_T_minus_H_minus_3y
24090,2006-11-29,CI,150.0,1952.0,54.0,0,0,5,LORNE AVE,negative_T_minus_H_minus_4y
33800,2006-11-29,CI,150.0,1964.0,42.0,0,0,5,RUTHERFORD DR,negative_T_minus_H_minus_4y
62940,2006-11-30,PVC,300.0,2000.0,6.0,0,0,5,MAX BECKER DR,negative_T_minus_H_minus_2y
63740,2006-11-30,DI,300.0,1991.0,15.0,0,0,5,DUKE ST E,negative_T_minus_H_minus_4y
86828,2006-12-01,CI,150.0,1961.0,45.0,0,0,5,STONYBROOK DR,negative_T_minus_H_minus_2y
40140,2006-12-03,CI,150.0,1962.0,44.0,2,0,5,VILLAGE CRES,negative_T_minus_H_minus_4y
43300,2006-12-03,CI,150.0,1960.0,46.0,0,0,5,WILKINS DR,negative_T_minus_H_minus_2y
84266,2006-12-03,CI,200.0,1958.0,48.0,0,0,5,WILSON AVE,negative_T_minus_H_minus_1y
17800,2006-12-04,CI,150.0,1966.0,40.0,3,0,5,HALIFAX DR,negative_T_minus_H_minus_2y
63320,2006-12-06,CI,150.0,1956.0,50.0,0,1,5,ADMIRAL RD,positive_T_minus_H
90694,2006-12-06,CI,150.0,1956.0,50.0,0,0,5,EIGHTH AVE,negative_T_minus_H_minus_3y
1430,2006-12-07,CI,150.0,1967.0,39.0,2,0,5,BALFOUR CRES,negative_T_minus_H_minus_2y
38040,2006-12-09,CI,150.0,1958.0,48.0,0,1,5,TRAFALGAR AVE,positive_T_minus_H
34330,2006-12-10,CI,150.0,1948.0,58.0,0,0,5,SEREDA RD,negative_T_minus_H_minus_1y
84154,2006-12-10,CI,150.0,1959.0,47.0,0,0,5,ELKINGTON DR,negative_T_minus_H_minus_1y
18680,2006-12-11,CI,150.0,1960.0,46.0,1,1,5,HICKSON DR,positive_T_minus_H
5040,2006-12-11,CI,150.0,1958.0,48.0,3,0,5,BURBANK RD,negative_T_minus_H_minus_3y
31160,2006-12-12,CI,150.0,1955.0,51.0,0,1,5,PROSPECT AVE,positive_T_minus_H
32170,2006-12-12,CI,150.0,1963.0,43.0,3,1,5,RENNIE DR,positive_T_minus_H
40740,2006-12-12,CI,150.0,1966.0,40.0,1,1,5,WAYNE DR,positive_T_minus_H
24040,2006-12-13,CI,150.0,1952.0,54.0,0,0,5,LOIS ST,negative_T_minus_H_minus_5y
38510,2006-12-13,DI,150.0,1966.0,40.0,0,0,5,TUPPER CRT,negative_T_minus_H_minus_2y
86766,2006-12-13,CI,100.0,1922.0,84.0,0,0,5,CHARLES ST E,negative_T_minus_H_minus_5y
87122,2006-12-13,DI,150.0,1966.0,40.0,0,0,5,OVERLEA DR,negative_T_minus_H_minus_2y
19730,2006-12-14,CI,150.0,1967.0,39.0,1,0,5,HOLBORN DR,negative_T_minus_H_minus_1y
86622,2006-12-14,CI,300.0,1960.0,46.0,0,0,5,MANCHESTER RD,negative_T_minus_H_minus_1y
12260,2006-12-15,AC,450.0,1961.0,45.0,0,0,5,GREENBROOK DR,negative_T_minus_H_minus_1y
134092,2006-12-15,CI,300.0,1964.0,42.0,0,1,5,HIGHLAND RD E,positive_T_minus_H
138614,2006-12-15,PVC,300.0,1999.0,7.0,0,1,5,DAVID BERGEY DR,positive_T_minus_H
18230,2006-12-15,DI,300.0,1968.0,38.0,2,1,5,HAZELGLEN DR,positive_T_minus_H
19020,2006-12-15,CI,150.0,1933.0,73.0,0,1,5,HIGHLAND RD E,positive_T_minus_H
19090,2006-12-15,CI,300.0,1955.0,51.0,1,1,5,HIGHLAND RD E,positive_T_minus_H
21040,2006-12-15,CI,150.0,1958.0,48.0,1,1,5,KENNETH AVE,positive_T_minus_H
2270,2006-12-15,CI,450.0,1950.0,56.0,0,1,5,BELMONT AVE W,positive_T_minus_H
23040,2006-12-15,CI,150.0,1956.0,50.0,0,1,5,LAKESIDE DR,positive_T_minus_H
24100,2006-12-15,CI,150.0,1964.0,42.0,0,1,5,LORNE AVE,positive_T_minus_H
25520,2006-12-15,CI,150.0,1952.0,54.0,0,1,5,MARLBOROUGH AVE,positive_T_minus_H
26760,2006-12-15,CI,300.0,1930.0,76.0,0,1,5,MILL ST,positive_T_minus_H
29880,2006-12-15,CI,200.0,1946.0,60.0,0,1,5,OXFORD ST,positive_T_minus_H
31770,2006-12-15,CI,150.0,1949.0,57.0,1,1,5,QUEENS BLVD,positive_T_minus_H
31920,2006-12-15,CI,150.0,1966.0,40.0,0,1,5,QUEENSTON DR,positive_T_minus_H
33550,2006-12-15,CI,150.0,1959.0,47.0,3,1,5,ROSS AVE,positive_T_minus_H
35480,2006-12-15,CI,150.0,1927.0,79.0,0,1,5,SPADINA RD W,positive_T_minus_H
4430,2006-12-15,DI,150.0,1952.0,54.0,8,1,5,BRICK ST,positive_T_minus_H
5000,2006-12-15,DI,250.0,1968.0,38.0,0,1,5,BRYBECK CRES,positive_T_minus_H
5510,2006-12-15,CI,150.0,1967.0,39.0,3,1,5,CARNABY CRES,positive_T_minus_H
57990,2006-12-15,CI,150.0,1959.0,47.0,4,1,5,EVERGREEN CRES,positive_T_minus_H
61806,2006-12-15,DI,450.0,1968.0,38.0,0,1,5,LANCASTER ST W,positive_T_minus_H
64610,2006-12-15,PVC,150.0,1970.0,36.0,8,1,5,INGLESIDE DR,positive_T_minus_H
66040,2006-12-15,CPP,600.0,1994.0,12.0,0,1,5,FAIRWAY RD N,positive_T_minus_H
76566,2006-12-15,DI,150.0,1976.0,30.0,0,1,5,STONEGATE DR,positive_T_minus_H
76656,2006-12-15,CI,150.0,1925.0,81.0,0,1,5,STIRLING AVE S,positive_T_minus_H
78900,2006-12-15,DI,300.0,1974.0,32.0,0,1,5,BELMONT AVE W,positive_T_minus_H
80506,2006-12-15,DI,200.0,1994.0,12.0,0,1,5,WATERLOO ST,positive_T_minus_H
80852,2006-12-15,CI,200.0,1950.0,56.0,0,1,5,VICTORIA ST N,positive_T_minus_H
82202,2006-12-15,CI,150.0,2005.0,1.0,0,1,5,HIGHLAND RD E,positive_T_minus_H
86864,2006-12-15,DI,150.0,1968.0,38.0,1,1,5,MARKWOOD DR,positive_T_minus_H
87930,2006-12-15,CI,150.0,1960.0,46.0,0,1,5,ROCKWAY DR,positive_T_minus_H
8860,2006-12-15,DI,150.0,1969.0,37.0,5,1,5,DALEGROVE DR,positive_T_minus_H
95686,2006-12-15,CI,300.0,1955.0,51.0,0,1,5,HIGHLAND RD E,positive_T_minus_H
10110,2006-12-16,DI,450.0,1979.0,27.0,0,0,5,DRIFTWOOD DR,negative_T_minus_H_minus_2y
10900,2006-12-16,DI,200.0,1967.0,39.0,0,0,5,RALGREEN CRES,negative_T_minus_H_minus_5y
82566,2006-12-16,DI,450.0,1979.0,27.0,0,0,5,DRIFTWOOD DR,negative_T_minus_H_minus_2y
33540,2006-12-17,CI,150.0,1959.0,47.0,2,0,5,ROSS AVE,negative_T_minus_H_minus_1y
36530,2006-12-17,CI,150.0,1958.0,48.0,3,0,5,STONYBROOK DR,negative_T_minus_H_minus_1y
24870,2006-12-18,CI,200.0,1962.0,44.0,0,0,5,MANCHESTER RD,negative_T_minus_H_minus_1y
41490,2006-12-18,CI,150.0,1963.0,43.0,0,0,5,WEICHEL ST,negative_T_minus_H_minus_1y
22490,2006-12-19,CI,150.0,1960.0,46.0,1,0,5,KINZIE AVE,negative_T_minus_H_minus_1y
89534,2006-12-19,CI,150.0,1965.0,41.0,0,0,5,BRADLEY DR,negative_T_minus_H_minus_1y
17800,2006-12-20,CI,150.0,1966.0,40.0,3,0,5,HALIFAX DR,negative_T_minus_H_minus_4y
86126,2006-12-21,DI,200.0,1980.0,26.0,0,0,5,OLD MILL RD,negative_T_minus_H_minus_2y
31610,2006-12-22,DI,300.0,1975.0,31.0,0,0,5,QUEENS BLVD,negative_T_minus_H_minus_2y
32790,2006-12-23,CI,300.0,1960.0,46.0,0,0,5,RIVER RD E,negative_T_minus_H_minus_4y
86120,2006-12-23,CI,300.0,1967.0,39.0,0,0,5,COURTLAND AVE E,negative_T_minus_H_minus_4y
1990,2006-12-25,DI,300.0,1974.0,32.0,0,0,5,GAGE AVE,negative_T_minus_H_minus_2y
42650,2006-12-26,DI,300.0,1968.0,38.0,0,0,5,WESTMOUNT RD E,negative_T_minus_H_minus_2y
20280,2006-12-27,CI,150.0,1967.0,39.0,2,0,5,INDIAN RD,negative_T_minus_H_minus_4y
24630,2006-12-27,CI,150.0,1958.0,48.0,0,0,5,LYNDHURST DR,negative_T_minus_H_minus_5y
89922,2006-12-27,CI,150.0,1961.0,45.0,2,0,5,DUNCAIRN AVE,negative_T_minus_H_minus_5y
7780,2006-12-28,CI,150.0,1966.0,40.0,1,0,5,CONFEDERATION DR,negative_T_minus_H_minus_2y
88582,2006-12-28,CI,150.0,1953.0,53.0,0,0,5,VALLEYVIEW RD,negative_T_minus_H_minus_1y
40140,2006-12-29,CI,150.0,1962.0,44.0,2,0,5,VILLAGE CRES,negative_T_minus_H_minus_1y
39090,2006-12-31,CI,200.0,1961.0,45.0,1,0,5,VANIER DR,negative_T_minus_H_minus_1y
1430,2007-01-02,CI,150.0,1967.0,40.0,2,0,5,BALFOUR CRES,negative_T_minus_H_minus_4y
38120,2007-01-02,DI,200.0,1969.0,38.0,0,0,5,TRAYNOR AVE,negative_T_minus_H_minus_2y
16800,2007-01-03,CI,200.0,1961.0,46.0,0,0,5,GOUDIES LANE,negative_T_minus_H_minus_5y
18700,2007-01-03,CI,150.0,1960.0,47.0,1,1,5,HICKSON DR,positive_T_minus_H
33440,2007-01-03,CI,150.0,1959.0,48.0,2,1,5,ROSEMOUNT DR,positive_T_minus_H
24220,2007-01-04,DI,150.0,1965.0,42.0,1,0,5,LORRAINE AVE,negative_T_minus_H_minus_5y
40170,2007-01-04,CI,150.0,1957.0,50.0,0,0,5,VILLAGE RD,negative_T_minus_H_minus_4y
32270,2007-01-05,CI,150.0,1954.0,53.0,0,0,5,REYBURN AVE,negative_T_minus_H_minus_5y
90256,2007-01-05,DI,150.0,1969.0,38.0,0,0,5,MEADOW CRES,negative_T_minus_H_minus_1y
95888,2007-01-05,CI,150.0,1958.0,49.0,0,0,5,MASSEY AVE,negative_T_minus_H_minus_4y
9990,2007-01-05,CI,150.0,1955.0,52.0,0,0,5,DOWNEY ST,negative_T_minus_H_minus_1y
4087857,2007-01-06,XXX,0.0,,,0,1,5,DUKE ST E,positive_T_minus_H
43830,2007-01-06,CI,150.0,1960.0,47.0,0,0,5,WINSLOW DR,negative_T_minus_H_minus_3y
44190,2007-01-07,CI,150.0,1959.0,48.0,1,0,5,YAGER AVE,negative_T_minus_H_minus_1y
61814,2007-01-09,CI,150.0,1967.0,40.0,1,0,5,CARSON DR,negative_T_minus_H_minus_2y
83480,2007-01-09,CI,150.0,1951.0,56.0,0,0,5,LAWRENCE AVE,negative_T_minus_H_minus_3y
87978,2007-01-09,CI,150.0,1953.0,54.0,0,1,5,PROSPECT AVE,positive_T_minus_H
88744,2007-01-09,CI,150.0,1957.0,50.0,0,0,5,GREENFIELD AVE,negative_T_minus_H_minus_4y
29790,2007-01-10,CI,150.0,1967.0,40.0,3,0,5,OVERLEA DR,negative_T_minus_H_minus_4y
40440,2007-01-10,CI,150.0,1988.0,19.0,2,1,5,WARREN RD,positive_T_minus_H
91992,2007-01-10,DI,200.0,1977.0,30.0,0,0,5,,negative_T_minus_H_minus_2y
24610,2007-01-11,CI,150.0,1958.0,49.0,2,1,5,LYNDHURST DR,positive_T_minus_H
9960,2007-01-12,DI,450.0,1969.0,38.0,0,0,5,DOON VILLAGE RD,negative_T_minus_H_minus_2y
21760,2007-01-13,CI,150.0,1922.0,85.0,0,0,5,KING ST E,negative_T_minus_H_minus_3y
23310,2007-01-13,CI,450.0,1937.0,70.0,3,1,5,LANCASTER ST W,positive_T_minus_H
33460,2007-01-13,CI,150.0,1961.0,46.0,2,1,5,ROSEMOUNT DR,positive_T_minus_H
41450,2007-01-13,CI,150.0,1958.0,49.0,1,0,5,WEDGEWOOD DR,negative_T_minus_H_minus_2y
91366,2007-01-13,CI,150.0,1940.0,67.0,0,0,5,STIRLING AVE S,negative_T_minus_H_minus_3y
8420,2007-01-14,CI,300.0,1967.0,40.0,2,0,5,COURTLAND AVE E,negative_T_minus_H_minus_3y
23060,2007-01-15,CI,150.0,1957.0,50.0,1,0,5,LAKESIDE DR,negative_T_minus_H_minus_3y
24310,2007-01-15,CI,150.0,1968.0,39.0,0,1,5,LORRAINE AVE,positive_T_minus_H
59980,2007-01-15,CI,150.0,1933.0,74.0,3,0,5,JOSEPH ST,negative_T_minus_H_minus_4y
7280,2007-01-15,CI,150.0,1956.0,51.0,0,1,5,CLAREMONT AVE,positive_T_minus_H
18660,2007-01-16,CI,150.0,1960.0,47.0,0,0,5,HICKSON DR,negative_T_minus_H_minus_2y
36530,2007-01-16,CI,150.0,1958.0,49.0,3,0,5,STONYBROOK DR,negative_T_minus_H_minus_2y
84572,2007-01-17,CI,150.0,1957.0,50.0,0,0,5,GREENFIELD AVE,negative_T_minus_H_minus_5y
15420,2007-01-18,CI,300.0,1956.0,51.0,0,0,5,FRANKLIN ST N,negative_T_minus_H_minus_3y
19860,2007-01-18,DI,150.0,1979.0,28.0,0,1,5,HOMESTEAD PL,positive_T_minus_H
42530,2007-01-18,CI,150.0,1959.0,48.0,2,0,5,WESTMOUNT RD E,negative_T_minus_H_minus_4y
43340,2007-01-19,CI,300.0,1959.0,48.0,0,0,5,WILLIAMSBURG RD,negative_T_minus_H_minus_1y
5530,2007-01-19,DI,150.0,1967.0,40.0,0,0,5,CARNABY PL,negative_T_minus_H_minus_3y
7140,2007-01-19,DI,150.0,1965.0,42.0,1,0,5,CHICOPEE TERR,negative_T_minus_H_minus_2y
32130,2007-01-20,CI,150.0,1948.0,59.0,0,0,5,RAYMOND RD,negative_T_minus_H_minus_5y
38980,2007-01-20,CI,150.0,1953.0,54.0,0,1,5,VALLEYVIEW RD,positive_T_minus_H
85458,2007-01-20,DI,150.0,1962.0,45.0,0,1,5,MANCHESTER RD,positive_T_minus_H
87232,2007-01-20,CI,200.0,1962.0,45.0,0,0,5,UPLANDS DR,negative_T_minus_H_minus_5y
11710,2007-01-21,CI,150.0,1959.0,48.0,0,0,5,ELKINGTON DR,negative_T_minus_H_minus_2y
37610,2007-01-21,CI,150.0,1967.0,40.0,1,0,5,THALER AVE,negative_T_minus_H_minus_2y
38550,2007-01-21,CI,150.0,1954.0,53.0,2,0,5,UNION BLVD,negative_T_minus_H_minus_2y
43930,2007-01-21,CI,150.0,1954.0,53.0,0,0,5,WOODHAVEN RD,negative_T_minus_H_minus_3y
81440,2007-01-21,CI,150.0,1958.0,49.0,0,0,5,SHADYWOOD CRES,negative_T_minus_H_minus_3y
85890,2007-01-21,DI,150.0,1952.0,55.0,0,0,5,BRICK ST,negative_T_minus_H_minus_3y
11710,2007-01-22,CI,150.0,1959.0,48.0,0,1,5,ELKINGTON DR,positive_T_minus_H
7850,2007-01-22,CI,150.0,1953.0,54.0,0,0,5,CONNAUGHT ST,negative_T_minus_H_minus_2y
17800,2007-01-23,CI,150.0,1966.0,41.0,3,0,5,HALIFAX DR,negative_T_minus_H_minus_1y
63330,2007-01-23,CI,150.0,1952.0,55.0,0,0,5,ADMIRAL RD,negative_T_minus_H_minus_3y
7770,2007-01-23,CI,150.0,1966.0,41.0,1,0,5,CONFEDERATION DR,negative_T_minus_H_minus_2y
11600,2007-01-25,CI,150.0,1950.0,57.0,1,0,5,EDWIN ST,negative_T_minus_H_minus_2y
34770,2007-01-25,DI,100.0,1968.0,39.0,0,1,5,SHELLEY PL,positive_T_minus_H
35610,2007-01-25,CI,150.0,1924.0,83.0,0,0,5,SPRING VALLEY RD,negative_T_minus_H_minus_4y
32020,2007-01-26,DI,200.0,1974.0,33.0,0,0,5,RADCLIFFE DR,negative_T_minus_H_minus_2y
92854,2007-01-26,DI,200.0,1966.0,41.0,0,0,5,CARSON DR,negative_T_minus_H_minus_3y
94198,2007-01-26,CI,150.0,1920.0,87.0,0,0,5,KING ST E,negative_T_minus_H_minus_1y
14390,2007-01-27,CI,150.0,1957.0,50.0,3,0,5,FIRST AVE,negative_T_minus_H_minus_1y
19640,2007-01-27,CI,150.0,1956.0,51.0,1,0,5,HOFFMAN ST,negative_T_minus_H_minus_4y
93744,2007-01-27,CI,150.0,1967.0,40.0,0,0,5,HOLBORN DR,negative_T_minus_H_minus_5y
41470,2007-01-28,CI,150.0,1958.0,49.0,0,0,5,WEDGEWOOD DR,negative_T_minus_H_minus_4y
41850,2007-01-28,DI,200.0,1992.0,15.0,0,0,5,WEST AVE,negative_T_minus_H_minus_1y
4720,2007-01-28,CI,150.0,1953.0,54.0,0,0,5,BROADVIEW AVE,negative_T_minus_H_minus_2y
18670,2007-01-29,CI,200.0,1960.0,47.0,0,0,5,HICKSON DR,negative_T_minus_H_minus_2y
43600,2007-01-29,DI,200.0,1969.0,38.0,0,0,5,WILSON AVE,negative_T_minus_H_minus_3y
29790,2007-01-30,CI,150.0,1967.0,40.0,3,0,5,OVERLEA DR,negative_T_minus_H_minus_1y
92140,2007-01-30,CI,150.0,1954.0,53.0,0,1,5,UNION BLVD,positive_T_minus_H
1650,2007-01-31,DI,300.0,1991.0,16.0,0,0,5,BATTLER RD,negative_T_minus_H_minus_2y
40130,2007-01-31,DI,150.0,1967.0,40.0,0,1,5,VIEWMONT CLOSE,positive_T_minus_H
88430,2007-02-01,DI,300.0,1988.0,19.0,0,0,5,WESTFOREST TRAIL,negative_T_minus_H_minus_1y
20580,2007-02-03,CI,150.0,1970.0,37.0,2,0,5,JANSEN AVE,negative_T_minus_H_minus_3y
24590,2007-02-03,CI,150.0,1958.0,49.0,0,0,5,LYNDHURST DR,negative_T_minus_H_minus_2y
42160,2007-02-03,DI,300.0,1973.0,34.0,1,0,5,WESTHEIGHTS DR,negative_T_minus_H_minus_2y
82468,2007-02-03,AC,450.0,1952.0,55.0,0,0,5,WINDALE CRES,negative_T_minus_H_minus_2y
82686,2007-02-03,DI,150.0,1976.0,31.0,0,0,5,PARKLAND CRES,negative_T_minus_H_minus_2y
88076,2007-02-03,CI,150.0,1960.0,47.0,1,0,5,RIPPLEWOOD CRES,negative_T_minus_H_minus_5y
43480,2007-02-04,CI,200.0,1958.0,49.0,3,0,5,WILSON AVE,negative_T_minus_H_minus_4y
85694,2007-02-04,CI,150.0,1952.0,55.0,0,0,5,OTTAWA ST N,negative_T_minus_H_minus_1y
8940,2007-02-04,CI,150.0,1964.0,43.0,1,0,5,DANIEL AVE,negative_T_minus_H_minus_1y
11720,2007-02-05,CI,150.0,1959.0,48.0,0,0,5,ELKINGTON DR,negative_T_minus_H_minus_4y
29900,2007-02-05,CI,150.0,1947.0,60.0,0,0,5,OXFORD ST,negative_T_minus_H_minus_1y
20610,2007-02-06,CI,150.0,1962.0,45.0,0,0,5,JEAN AVE,negative_T_minus_H_minus_3y
33420,2007-02-07,CI,150.0,1959.0,48.0,0,0,5,ROSEMOUNT DR,negative_T_minus_H_minus_4y
42530,2007-02-07,CI,150.0,1959.0,48.0,2,0,5,WESTMOUNT RD E,negative_T_minus_H_minus_4y
61826,2007-02-07,DI,150.0,1967.0,40.0,0,0,5,PARKVIEW CRES,negative_T_minus_H_minus_3y
95188,2007-02-07,CI,300.0,1961.0,46.0,0,0,5,FAIRWAY RD S,negative_T_minus_H_minus_3y
20530,2007-02-08,CI,150.0,1947.0,60.0,2,0,5,JACKSON AVE,negative_T_minus_H_minus_1y
28590,2007-02-08,DI,150.0,1967.0,40.0,3,0,5,OLD YORK CRES,negative_T_minus_H_minus_3y
31880,2007-02-08,CI,150.0,1966.0,41.0,1,0,5,QUEENSTON CRES,negative_T_minus_H_minus_1y
43210,2007-02-08,CI,150.0,1953.0,54.0,3,0,5,WILFRED AVE,negative_T_minus_H_minus_2y
76747,2007-02-08,CI,150.0,1940.0,67.0,5,0,5,STIRLING AVE S,negative_T_minus_H_minus_3y
94556,2007-02-08,DI,300.0,1964.0,43.0,0,0,5,HIGHLAND RD W,negative_T_minus_H_minus_3y
17950,2007-02-09,CI,150.0,1964.0,43.0,0,0,5,HAMEL AVE,negative_T_minus_H_minus_1y
31930,2007-02-09,DI,150.0,1966.0,41.0,1,0,5,QUEENSTON DR,negative_T_minus_H_minus_3y
7730,2007-02-09,CI,150.0,1966.0,41.0,1,0,5,CONFEDERATION DR,negative_T_minus_H_minus_1y
42050,2007-02-10,CI,150.0,1959.0,48.0,3,0,5,WESTGATE WALK,negative_T_minus_H_minus_1y
8560,2007-02-10,CI,200.0,1960.0,47.0,0,0,5,CRAIG DR,negative_T_minus_H_minus_4y
20530,2007-02-12,CI,150.0,1947.0,60.0,2,0,5,JACKSON AVE,negative_T_minus_H_minus_3y
22500,2007-02-12,CI,150.0,1961.0,46.0,0,0,5,KINZIE AVE,negative_T_minus_H_minus_2y
23260,2007-02-12,DI,450.0,1968.0,39.0,1,0,5,LANCASTER ST W,negative_T_minus_H_minus_2y
83602,2007-02-12,CI,150.0,1945.0,62.0,0,0,5,DOON RD,negative_T_minus_H_minus_2y
10700,2007-02-13,CI,150.0,1961.0,46.0,0,0,5,DUNCAIRN AVE,negative_T_minus_H_minus_4y
10900,2007-02-13,DI,200.0,1967.0,40.0,0,0,5,RALGREEN CRES,negative_T_minus_H_minus_3y
16140,2007-02-13,PVC,150.0,1976.0,31.0,0,0,5,GEORGIAN ST,negative_T_minus_H_minus_2y
22600,2007-02-13,CI,150.0,1959.0,48.0,1,0,5,KIPLING AVE,negative_T_minus_H_minus_5y
36540,2007-02-13,CI,150.0,1958.0,49.0,2,0,5,STONYBROOK DR,negative_T_minus_H_minus_2y
16320,2007-02-14,DI,300.0,1975.0,32.0,0,0,5,GLASGOW ST,negative_T_minus_H_minus_2y
36160,2007-02-14,CI,300.0,1932.0,75.0,0,0,5,STIRLING AVE S,negative_T_minus_H_minus_2y
136824,2007-02-15,PVC,150.0,,,0,0,5,ABERDEEN RD,negative_T_minus_H_minus_1y
31670,2007-02-15,DI,200.0,1966.0,41.0,1,0,5,QUEENS BLVD,negative_T_minus_H_minus_5y
21140,2007-02-16,CI,150.0,1954.0,53.0,2,0,5,KENSINGTON AVE,negative_T_minus_H_minus_3y
38520,2007-02-16,CI,150.0,1957.0,50.0,0,0,5,TURNER AVE,negative_T_minus_H_minus_4y
41490,2007-02-16,CI,150.0,1963.0,44.0,0,0,5,WEICHEL ST,negative_T_minus_H_minus_2y
43830,2007-02-16,CI,150.0,1960.0,47.0,0,0,5,WINSLOW DR,negative_T_minus_H_minus_2y
2000,2007-02-17,CI,300.0,1957.0,50.0,1,0,5,BELMONT AVE W,negative_T_minus_H_minus_5y
42890,2007-02-17,CI,150.0,1966.0,41.0,2,1,5,WESTWOOD CRES,positive_T_minus_H
95640,2007-02-17,CI,150.0,1964.0,43.0,0,0,5,BARBARA CRES,negative_T_minus_H_minus_2y
24580,2007-02-18,CI,150.0,1961.0,46.0,1,0,5,LYLE PL,negative_T_minus_H_minus_4y
30440,2007-02-18,CI,150.0,1962.0,45.0,1,0,5,PEACHWOOD CRT,negative_T_minus_H_minus_5y
31730,2007-02-18,DI,200.0,1966.0,41.0,0,0,5,QUEENS BLVD,negative_T_minus_H_minus_4y
14870,2007-02-19,CI,200.0,1962.0,45.0,4,1,5,FOREST HILL DR,positive_T_minus_H
17340,2007-02-19,CI,150.0,1956.0,51.0,1,0,5,GREENFIELD AVE,negative_T_minus_H_minus_1y
39860,2007-02-19,CI,150.0,1947.0,60.0,0,0,5,VICTORIA ST S,negative_T_minus_H_minus_2y
88076,2007-02-19,CI,150.0,1960.0,47.0,1,0,5,RIPPLEWOOD CRES,negative_T_minus_H_minus_1y
16240,2007-02-20,CI,150.0,1962.0,45.0,1,0,5,GILMOUR CRES,negative_T_minus_H_minus_3y
22490,2007-02-20,CI,150.0,1960.0,47.0,1,0,5,KINZIE AVE,negative_T_minus_H_minus_1y
290,2007-02-20,CI,150.0,1958.0,49.0,3,0,5,ABERDEEN RD,negative_T_minus_H_minus_1y
88076,2007-02-20,CI,150.0,1960.0,47.0,1,0,5,RIPPLEWOOD CRES,negative_T_minus_H_minus_3y
1120,2007-02-21,DI,150.0,1973.0,34.0,0,0,5,AUTUMN HILL CRES,negative_T_minus_H_minus_2y
260,2007-02-22,CI,150.0,1955.0,52.0,1,0,5,ABERDEEN RD,negative_T_minus_H_minus_4y
41630,2007-02-22,CI,100.0,1916.0,91.0,0,0,5,WELLINGTON ST N,negative_T_minus_H_minus_3y
86562,2007-02-22,CI,150.0,1954.0,53.0,0,0,5,WOODHAVEN RD,negative_T_minus_H_minus_3y
41690,2007-02-23,CI,300.0,1929.0,78.0,1,0,5,WELLINGTON ST N,negative_T_minus_H_minus_1y
85016,2007-02-23,CI,150.0,1967.0,40.0,2,1,5,THALER AVE,positive_T_minus_H
31910,2007-02-24,CI,150.0,1966.0,41.0,2,0,5,QUEENSTON DR,negative_T_minus_H_minus_3y
34680,2007-02-24,CI,150.0,1946.0,61.0,1,0,5,SHELDON AVE N,negative_T_minus_H_minus_2y
41630,2007-02-24,CI,100.0,1916.0,91.0,0,0,5,WELLINGTON ST N,negative_T_minus_H_minus_2y
64370,2007-02-25,CI,450.0,1951.0,56.0,0,0,5,BELMONT AVE E,negative_T_minus_H_minus_2y
25160,2007-02-26,CI,150.0,1949.0,58.0,0,0,5,MAPLE AVE,negative_T_minus_H_minus_2y
8560,2007-02-26,CI,200.0,1960.0,47.0,0,0,5,CRAIG DR,negative_T_minus_H_minus_3y
27160,2007-02-27,CI,150.0,1951.0,56.0,0,0,5,MONTGOMERY RD,negative_T_minus_H_minus_1y
70980,2007-02-27,PVC,300.0,2004.0,3.0,0,0,5,JOSEPH ST,negative_T_minus_H_minus_3y
18670,2007-02-28,CI,200.0,1960.0,47.0,0,0,5,HICKSON DR,negative_T_minus_H_minus_3y
4700,2007-03-01,CI,150.0,1957.0,50.0,0,0,5,LAKESIDE DR,negative_T_minus_H_minus_3y
34650,2007-03-02,CI,150.0,1946.0,61.0,0,0,5,SHELDON AVE N,negative_T_minus_H_minus_3y
40410,2007-03-02,CI,150.0,1953.0,54.0,0,0,5,WANDSWORTH PL,negative_T_minus_H_minus_2y
8060,2007-03-02,CI,150.0,1958.0,49.0,1,0,5,CORNELL AVE,negative_T_minus_H_minus_1y
18660,2007-03-04,CI,150.0,1960.0,47.0,0,0,5,HICKSON DR,negative_T_minus_H_minus_4y
21130,2007-03-04,CI,150.0,1954.0,53.0,0,0,5,KENSINGTON AVE,negative_T_minus_H_minus_1y
7760,2007-03-04,CI,150.0,1966.0,41.0,3,0,5,CONFEDERATION DR,negative_T_minus_H_minus_1y
89056,2007-03-04,CI,150.0,1962.0,45.0,0,0,5,VILLAGE RD,negative_T_minus_H_minus_3y
31930,2007-03-05,DI,150.0,1966.0,41.0,1,0,5,QUEENSTON DR,negative_T_minus_H_minus_3y
32030,2007-03-05,DI,200.0,1974.0,33.0,0,0,5,RADCLIFFE DR,negative_T_minus_H_minus_2y
33540,2007-03-05,CI,150.0,1959.0,48.0,2,0,5,ROSS AVE,negative_T_minus_H_minus_3y
84436,2007-03-05,CI,150.0,1952.0,55.0,0,0,5,OTTAWA ST N,negative_T_minus_H_minus_3y
8580,2007-03-05,DI,150.0,1987.0,20.0,0,0,5,CRAIG DR,negative_T_minus_H_minus_3y
90536,2007-03-05,DI,150.0,1987.0,20.0,0,0,5,SUMMERHILL CRES,negative_T_minus_H_minus_3y
84154,2007-03-06,CI,150.0,1959.0,48.0,0,0,5,ELKINGTON DR,negative_T_minus_H_minus_1y
43910,2007-03-07,CI,150.0,1954.0,53.0,0,0,5,WOODHAVEN RD,negative_T_minus_H_minus_1y
8060,2007-03-07,CI,150.0,1958.0,49.0,1,0,5,CORNELL AVE,negative_T_minus_H_minus_5y
26580,2007-03-08,CI,150.0,1961.0,46.0,0,0,5,MILL PARK DR,negative_T_minus_H_minus_5y
9470,2007-03-08,CI,150.0,1960.0,47.0,0,0,5,DIXON ST,negative_T_minus_H_minus_4y
78074,2007-03-09,CI,150.0,1925.0,82.0,1,0,5,AHRENS ST W,negative_T_minus_H_minus_3y
9090,2007-03-09,CI,150.0,1958.0,49.0,0,0,5,DEERFIELD AVE,negative_T_minus_H_minus_2y
25450,2007-03-15,CI,150.0,1964.0,43.0,0,0,5,MARKET ST,negative_T_minus_H_minus_3y
89504,2007-03-15,DI,150.0,1974.0,33.0,0,0,5,FOUR SEASONS CRT,negative_T_minus_H_minus_3y
89534,2007-03-15,CI,150.0,1965.0,42.0,0,0,5,BRADLEY DR,negative_T_minus_H_minus_2y
39040,2007-03-16,CI,200.0,1953.0,54.0,3,0,5,VANIER DR,negative_T_minus_H_minus_2y
15190,2007-03-17,DI,150.0,1974.0,33.0,1,0,5,FOUR SEASONS CRT,negative_T_minus_H_minus_3y
31930,2007-03-19,DI,150.0,1966.0,41.0,1,0,5,QUEENSTON DR,negative_T_minus_H_minus_1y
11480,2007-03-21,CI,150.0,1949.0,58.0,0,0,5,EDMUND RD,negative_T_minus_H_minus_1y
32670,2007-03-21,DI,300.0,1971.0,36.0,1,0,5,RIVER RD E,negative_T_minus_H_minus_3y
33410,2007-03-21,CI,150.0,1958.0,49.0,3,0,5,ROSEMOUNT DR,negative_T_minus_H_minus_1y
33050,2007-03-22,CI,300.0,1935.0,72.0,1,0,5,ROCKWAY DR,negative_T_minus_H_minus_2y
34800,2007-03-24,CI,150.0,1953.0,54.0,0,0,5,SHERIDAN CRT,negative_T_minus_H_minus_3y
84964,2007-03-25,CI,150.0,1966.0,41.0,0,0,5,DALEWOOD DR,negative_T_minus_H_minus_5y
19080,2007-03-27,CI,150.0,1952.0,55.0,1,0,5,HIGHLAND RD E,negative_T_minus_H_minus_2y
76577,2007-03-28,DI,150.0,1955.0,52.0,0,0,5,MANCHESTER RD,negative_T_minus_H_minus_3y
25190,2007-03-29,DI,300.0,1976.0,31.0,0,0,5,MAPLE AVE,negative_T_minus_H_minus_3y
11640,2007-03-30,CI,150.0,1953.0,54.0,0,0,5,EIGHTH AVE,negative_T_minus_H_minus_3y
16550,2007-03-30,CI,150.0,1969.0,38.0,1,0,5,GLEN LAKE CRES,negative_T_minus_H_minus_2y
4940,2007-03-30,CI,150.0,1953.0,54.0,0,0,5,BRUCE ST,negative_T_minus_H_minus_2y
15330,2007-03-31,CI,300.0,1963.0,44.0,1,0,5,FRANKLIN ST N,negative_T_minus_H_minus_3y
16550,2007-04-01,CI,150.0,1969.0,38.0,1,0,5,GLEN LAKE CRES,negative_T_minus_H_minus_2y
7940,2007-04-02,DI,150.0,1966.0,41.0,1,0,5,CONWAY DR,negative_T_minus_H_minus_2y
76738,2007-04-04,CI,150.0,1923.0,84.0,0,0,5,MT HOPE ST,negative_T_minus_H_minus_3y
24640,2007-04-07,CI,150.0,1958.0,49.0,1,0,5,LYNDHURST DR,negative_T_minus_H_minus_2y
41450,2007-04-07,CI,150.0,1958.0,49.0,1,0,5,WEDGEWOOD DR,negative_T_minus_H_minus_4y
58280,2007-04-09,DI,300.0,1981.0,26.0,0,0,5,OTTAWA ST S,negative_T_minus_H_minus_3y
15080,2007-04-14,DI,150.0,1969.0,38.0,0,0,5,FORESTWOOD DR,negative_T_minus_H_minus_2y
40630,2007-04-17,DI,300.0,1975.0,32.0,0,0,5,WATER ST S,negative_T_minus_H_minus_2y
18100,2007-04-20,DI,150.0,1976.0,31.0,0,0,5,HARCOURT CRES,negative_T_minus_H_minus_3y
10520,2007-04-23,CI,150.0,1974.0,33.0,0,0,5,DUKE ST W,negative_T_minus_H_minus_3y
15440,2007-04-23,CI,150.0,1957.0,50.0,4,0,5,FRANKLIN ST S,negative_T_minus_H_minus_3y
16240,2007-04-23,CI,150.0,1962.0,45.0,1,0,5,GILMOUR CRES,negative_T_minus_H_minus_3y
21140,2007-04-23,CI,150.0,1954.0,53.0,2,0,5,KENSINGTON AVE,negative_T_minus_H_minus_3y
92756,2007-04-23,DI,150.0,1971.0,36.0,0,0,5,VICMOUNT DR,negative_T_minus_H_minus_3y
10560,2007-04-26,DI,300.0,1981.0,26.0,0,0,5,DUMART PL,negative_T_minus_H_minus_2y
89828,2007-05-01,CI,150.0,1963.0,44.0,0,0,5,RIVER RD E,negative_T_minus_H_minus_1y
44100,2007-05-03,CI,100.0,1958.0,49.0,0,1,5,WOOLWICH ST,positive_T_minus_H
84242,2007-05-06,CI,150.0,1952.0,55.0,0,0,5,EPHRAIM ST,negative_T_minus_H_minus_5y
89132,2007-05-17,DI,100.0,1961.0,46.0,0,0,5,CRAIG DR,negative_T_minus_H_minus_1y
89828,2007-05-21,CI,150.0,1963.0,44.0,0,0,5,RIVER RD E,negative_T_minus_H_minus_2y
20860,2007-05-24,DI,150.0,1968.0,39.0,0,0,5,KARN ST,negative_T_minus_H_minus_5y
20860,2007-05-26,DI,150.0,1968.0,39.0,0,0,5,KARN ST,negative_T_minus_H_minus_5y
35300,2007-06-03,DI,150.0,1974.0,33.0,0,0,5,SOUTHWOOD DR,negative_T_minus_H_minus_2y
7140,2007-06-03,DI,150.0,1965.0,42.0,1,0,5,CHICOPEE TERR,negative_T_minus_H_minus_2y
94002,2007-06-03,DI,150.0,1974.0,33.0,0,0,5,DEVONGLEN DR,negative_T_minus_H_minus_2y
35030,2007-06-06,CI,150.0,1967.0,40.0,3,0,5,SILVERSPRING CRES,negative_T_minus_H_minus_3y
15440,2007-06-09,CI,150.0,1957.0,50.0,4,0,5,FRANKLIN ST S,negative_T_minus_H_minus_4y
18650,2007-06-09,CI,200.0,1960.0,47.0,0,0,5,HICKSON DR,negative_T_minus_H_minus_5y
38780,2007-06-09,CI,200.0,1948.0,59.0,0,0,5,UNION ST,negative_T_minus_H_minus_4y
44060,2007-06-09,DI,150.0,1981.0,26.0,0,0,5,WOODVIEW CRES,negative_T_minus_H_minus_4y
44360,2007-06-09,DI,300.0,1992.0,15.0,0,0,5,YOUNG ST,negative_T_minus_H_minus_4y
83662,2007-06-09,CI,150.0,1958.0,49.0,0,0,5,LYNDHURST DR,negative_T_minus_H_minus_4y
86412,2007-06-09,DI,300.0,1967.0,40.0,0,0,5,ARDELT PL,negative_T_minus_H_minus_4y
63740,2007-06-11,DI,300.0,1991.0,16.0,0,1,5,DUKE ST E,positive_T_minus_H
90106,2007-06-17,DI,200.0,1975.0,32.0,0,0,5,QUEENS BLVD,negative_T_minus_H_minus_2y
67760,2007-06-19,PVC,300.0,2001.0,6.0,0,0,5,KING ST E,negative_T_minus_H_minus_5y
86808,2007-06-19,DI,150.0,1980.0,27.0,0,0,5,OLD FOREST CRES,negative_T_minus_H_minus_3y
17720,2007-06-26,CI,150.0,1957.0,50.0,2,1,5,GUELPH ST,positive_T_minus_H
2050,2007-06-26,CI,200.0,1952.0,55.0,0,0,5,BELMONT AVE W,negative_T_minus_H_minus_5y
26930,2007-07-01,DI,150.0,1986.0,21.0,0,0,5,MONTANA CRES,negative_T_minus_H_minus_5y
86126,2007-07-05,DI,200.0,1980.0,27.0,0,0,5,OLD MILL RD,negative_T_minus_H_minus_4y
14100,2007-07-07,DI,300.0,1974.0,33.0,0,0,5,FARRIER DR,negative_T_minus_H_minus_4y
81208,2007-07-10,CI,250.0,1889.0,118.0,0,0,5,KING ST W,negative_T_minus_H_minus_1y
62930,2007-07-11,PVC,150.0,1999.0,8.0,0,0,5,BERRY MOSS ST,negative_T_minus_H_minus_2y
28240,2007-07-12,DI,200.0,1977.0,30.0,0,0,5,OLD CARRIAGE DR,negative_T_minus_H_minus_4y
21450,2007-07-18,CI,250.0,1889.0,118.0,0,1,5,KING ST W,positive_T_minus_H
21970,2007-07-18,CPP,450.0,1988.0,19.0,2,0,5,KING ST E,negative_T_minus_H_minus_3y
142914,2007-07-21,AC,300.0,1975.0,32.0,0,0,5,BIEHN DR,negative_T_minus_H_minus_4y
38550,2007-07-21,CI,150.0,1954.0,53.0,2,0,5,UNION BLVD,negative_T_minus_H_minus_1y
69510,2007-07-22,PVC,300.0,2003.0,4.0,1,0,5,WEBER ST W,negative_T_minus_H_minus_5y
10730,2007-07-27,CI,150.0,1949.0,58.0,0,0,5,DUNDAS AVE,negative_T_minus_H_minus_4y
87118,2007-07-28,CI,150.0,1957.0,50.0,0,0,5,GUELPH ST,negative_T_minus_H_minus_3y
5660,2007-07-31,DI,150.0,1968.0,39.0,0,0,5,CARTIER DR,negative_T_minus_H_minus_1y
5550,2007-08-04,DI,200.0,1968.0,39.0,0,1,5,CARSON DR,positive_T_minus_H
19570,2007-08-06,CI,150.0,1949.0,58.0,0,0,5,HILLVIEW ST,negative_T_minus_H_minus_5y
24770,2007-08-06,DI,150.0,1965.0,42.0,0,0,5,MADISON AVE S,negative_T_minus_H_minus_3y
16340,2007-08-07,DI,200.0,1983.0,24.0,0,0,5,GLASGOW ST,negative_T_minus_H_minus_4y
8570,2007-08-09,DI,150.0,1987.0,20.0,0,0,5,CRAIG DR,negative_T_minus_H_minus_5y
7160,2007-08-12,DI,150.0,1968.0,39.0,3,0,5,CHOPIN DR,negative_T_minus_H_minus_2y
35610,2007-08-13,CI,150.0,1924.0,83.0,0,0,5,SPRING VALLEY RD,negative_T_minus_H_minus_3y
15730,2007-08-14,CI,200.0,1962.0,45.0,0,0,5,FREDERICK ST,negative_T_minus_H_minus_3y
80176,2007-08-15,CI,150.0,1958.0,49.0,0,1,5,BRIDGE ST W,positive_T_minus_H
5570,2007-08-18,DI,200.0,1974.0,33.0,0,0,5,CARSON DR,negative_T_minus_H_minus_5y
89608,2007-08-20,CI,150.0,1961.0,46.0,0,0,5,LANG CRES,negative_T_minus_H_minus_2y
21890,2007-08-29,CI,100.0,1937.0,70.0,2,0,5,KING ST E,negative_T_minus_H_minus_5y
27040,2007-08-30,DI,200.0,1966.0,41.0,0,0,5,MONTCALM DR,negative_T_minus_H_minus_5y
22530,2007-08-31,CI,150.0,1967.0,40.0,0,1,5,OBERMEYER DR,positive_T_minus_H
23360,2007-09-04,CI,150.0,1927.0,80.0,0,0,5,HILL ST,negative_T_minus_H_minus_1y
18620,2007-09-11,DI,150.0,1972.0,35.0,0,0,5,HICKORY HEIGHTS CRES,negative_T_minus_H_minus_3y
91970,2007-09-16,DI,150.0,1972.0,35.0,0,0,5,DALEGROVE DR,negative_T_minus_H_minus_1y
40400,2007-09-19,CI,200.0,1953.0,54.0,0,0,5,WALTON AVE,negative_T_minus_H_minus_2y
27820,2007-09-20,CI,200.0,1961.0,46.0,0,0,5,NINTH AVE,negative_T_minus_H_minus_2y
76519,2007-09-23,CI,150.0,1968.0,39.0,3,0,5,HALIFAX DR,negative_T_minus_H_minus_1y
76747,2007-09-23,CI,150.0,1940.0,67.0,5,0,5,STIRLING AVE S,negative_T_minus_H_minus_2y
20670,2007-09-26,CI,200.0,1965.0,42.0,2,1,5,JOSEPH ST,positive_T_minus_H
38140,2007-09-26,DI,200.0,1967.0,40.0,0,0,5,TRAYNOR AVE,negative_T_minus_H_minus_2y
11910,2007-09-27,CI,200.0,1969.0,38.0,0,0,5,ELMSDALE DR,negative_T_minus_H_minus_4y
19480,2007-09-30,DI,150.0,1972.0,35.0,1,0,5,HILLBROOK CRES,negative_T_minus_H_minus_2y
34670,2007-10-03,CI,150.0,1946.0,61.0,3,0,5,SHELDON AVE N,negative_T_minus_H_minus_4y
7970,2007-10-05,CI,150.0,1966.0,41.0,1,0,5,CONWAY DR,negative_T_minus_H_minus_4y
36970,2007-10-11,DI,150.0,1965.0,42.0,1,1,5,STRATHCONA CRES,positive_T_minus_H
90626,2007-10-11,DI,150.0,1987.0,20.0,0,0,5,VERONICA DR,negative_T_minus_H_minus_4y
1720,2007-10-12,DI,200.0,1979.0,28.0,0,0,5,BECHTEL DR,negative_T_minus_H_minus_5y
8370,2007-10-12,CI,300.0,1963.0,44.0,1,0,5,COURTLAND AVE E,negative_T_minus_H_minus_2y
1670,2007-10-13,DI,200.0,1979.0,28.0,0,0,5,PIONEER DR,negative_T_minus_H_minus_5y
17830,2007-10-14,DI,200.0,1964.0,43.0,0,0,5,OWEN AVE,negative_T_minus_H_minus_3y
27380,2007-10-15,DI,200.0,1971.0,36.0,0,0,5,MORGAN AVE,negative_T_minus_H_minus_3y
34850,2007-10-17,CI,150.0,1954.0,53.0,0,0,5,SHERWOOD AVE,negative_T_minus_H_minus_4y
31900,2007-10-27,CI,150.0,1966.0,41.0,1,0,5,QUEENSTON DR,negative_T_minus_H_minus_3y
27620,2007-10-29,PVC,150.0,1976.0,31.0,0,0,5,NATCHEZ RD,negative_T_minus_H_minus_2y
39040,2007-10-30,CI,200.0,1953.0,54.0,3,0,5,VANIER DR,negative_T_minus_H_minus_2y
13890,2007-11-01,CI,450.0,1962.0,45.0,0,0,5,FAIRWAY RD N,negative_T_minus_H_minus_1y
42180,2007-11-02,DI,150.0,1973.0,34.0,0,0,5,WESTHEIGHTS DR,negative_T_minus_H_minus_1y
65890,2007-11-02,PVC,300.0,2000.0,7.0,0,0,5,MAX BECKER DR,negative_T_minus_H_minus_2y
590,2007-11-03,DI,300.0,1965.0,42.0,0,1,5,ALPINE RD,positive_T_minus_H
83342,2007-11-03,CI,450.0,1964.0,43.0,0,0,5,OVERLEA DR,negative_T_minus_H_minus_3y
16000,2007-11-04,CI,150.0,1967.0,40.0,2,1,5,GAY CRES,positive_T_minus_H
30500,2007-11-04,DI,150.0,1966.0,41.0,0,0,5,PENROSE AVE,negative_T_minus_H_minus_2y
90768,2007-11-06,CI,300.0,1935.0,72.0,0,0,5,ROCKWAY DR,negative_T_minus_H_minus_2y
133314,2007-11-08,CI,300.0,1964.0,43.0,0,1,5,FRANKLIN ST N,positive_T_minus_H
86698,2007-11-08,CI,150.0,1953.0,54.0,0,0,5,CONNAUGHT ST,negative_T_minus_H_minus_5y
33630,2007-11-11,DI,200.0,1976.0,31.0,0,1,5,ROYAL ORCHARD DR,positive_T_minus_H
35250,2007-11-11,CI,150.0,1959.0,48.0,0,1,5,SOUTHDALE AVE,positive_T_minus_H
39360,2007-11-12,DI,300.0,1969.0,38.0,0,0,5,ST LEGER ST,negative_T_minus_H_minus_1y
38890,2007-11-14,DI,200.0,1971.0,36.0,0,0,5,UPPER CANADA DR,negative_T_minus_H_minus_5y
42530,2007-11-14,CI,150.0,1959.0,48.0,2,0,5,WESTMOUNT RD E,negative_T_minus_H_minus_2y
1250,2007-11-15,CI,300.0,1955.0,52.0,0,0,5,AVALON PL,negative_T_minus_H_minus_1y
28910,2007-11-17,CI,150.0,1956.0,51.0,0,1,5,OLYMPIC DR,positive_T_minus_H
35600,2007-11-19,CI,150.0,1924.0,83.0,2,0,5,SPRING VALLEY RD,negative_T_minus_H_minus_3y
37070,2007-11-19,CI,150.0,1964.0,43.0,1,0,5,SUMMIT AVE,negative_T_minus_H_minus_1y
31910,2007-11-20,CI,150.0,1966.0,41.0,2,0,5,QUEENSTON DR,negative_T_minus_H_minus_2y
86902,2007-11-20,CI,150.0,1960.0,47.0,0,0,5,HICKSON DR,negative_T_minus_H_minus_1y
19680,2007-11-21,DI,200.0,1987.0,20.0,0,0,5,HOLBORN CRT,negative_T_minus_H_minus_5y
81112,2007-11-24,DI,300.0,1974.0,33.0,0,0,5,DUKE ST W,negative_T_minus_H_minus_3y
29790,2007-11-25,CI,150.0,1967.0,40.0,3,0,5,OVERLEA DR,negative_T_minus_H_minus_5y
10350,2007-11-26,DI,150.0,1994.0,13.0,0,1,5,DUKE ST W,positive_T_minus_H
38140,2007-11-26,DI,200.0,1967.0,40.0,0,0,5,TRAYNOR AVE,negative_T_minus_H_minus_2y
82724,2007-11-27,DI,300.0,1975.0,32.0,0,0,5,DUKE ST W,negative_T_minus_H_minus_2y
90092,2007-11-27,CI,150.0,1963.0,44.0,0,1,5,BIRCHCLIFF AVE,positive_T_minus_H
34640,2007-11-28,CI,150.0,1925.0,82.0,2,0,5,SHELDON AVE N,negative_T_minus_H_minus_1y
7940,2007-11-28,DI,150.0,1966.0,41.0,1,0,5,CONWAY DR,negative_T_minus_H_minus_2y
24090,2007-11-29,CI,150.0,1952.0,55.0,0,0,5,LORNE AVE,negative_T_minus_H_minus_3y
33800,2007-11-29,CI,150.0,1964.0,43.0,0,0,5,RUTHERFORD DR,negative_T_minus_H_minus_3y
40140,2007-11-29,CI,150.0,1962.0,45.0,2,0,5,VILLAGE CRES,negative_T_minus_H_minus_5y
40390,2007-11-29,CI,200.0,1953.0,54.0,3,0,5,WALTON AVE,negative_T_minus_H_minus_5y
62940,2007-11-30,PVC,300.0,2000.0,7.0,0,0,5,MAX BECKER DR,negative_T_minus_H_minus_1y
134292,2007-12-01,CI,450.0,1937.0,70.0,0,0,5,LANCASTER ST W,negative_T_minus_H_minus_5y
13800,2007-12-01,CI,150.0,1964.0,43.0,0,0,5,FAIRLAWN RD,negative_T_minus_H_minus_5y
86828,2007-12-01,CI,150.0,1961.0,46.0,0,0,5,STONYBROOK DR,negative_T_minus_H_minus_1y
40140,2007-12-03,CI,150.0,1962.0,45.0,2,0,5,VILLAGE CRES,negative_T_minus_H_minus_3y
43300,2007-12-03,CI,150.0,1960.0,47.0,0,0,5,WILKINS DR,negative_T_minus_H_minus_1y
84266,2007-12-03,CI,200.0,1958.0,49.0,0,1,5,WILSON AVE,positive_T_minus_H
17800,2007-12-04,CI,150.0,1966.0,41.0,3,0,5,HALIFAX DR,negative_T_minus_H_minus_1y
8800,2007-12-06,CI,150.0,1960.0,47.0,1,0,5,CYPRUS DR,negative_T_minus_H_minus_5y
90694,2007-12-06,CI,150.0,1956.0,51.0,0,0,5,EIGHTH AVE,negative_T_minus_H_minus_2y
1430,2007-12-07,CI,150.0,1967.0,40.0,2,0,5,BALFOUR CRES,negative_T_minus_H_minus_1y
80024,2007-12-07,CI,100.0,1954.0,53.0,0,0,5,SUNSET PL,negative_T_minus_H_minus_5y
20500,2007-12-09,CI,150.0,1953.0,54.0,0,0,5,JACK AVE,negative_T_minus_H_minus_5y
85432,2007-12-09,CI,150.0,1971.0,36.0,1,0,5,BROOKSIDE CRES,negative_T_minus_H_minus_5y
34330,2007-12-10,CI,150.0,1948.0,59.0,0,1,5,SEREDA RD,positive_T_minus_H
84154,2007-12-10,CI,150.0,1959.0,48.0,0,1,5,ELKINGTON DR,positive_T_minus_H
5040,2007-12-11,CI,150.0,1958.0,49.0,3,0,5,BURBANK RD,negative_T_minus_H_minus_2y
24040,2007-12-13,CI,150.0,1952.0,55.0,0,0,5,LOIS ST,negative_T_minus_H_minus_4y
38510,2007-12-13,DI,150.0,1966.0,41.0,0,0,5,TUPPER CRT,negative_T_minus_H_minus_1y
86766,2007-12-13,CI,100.0,1922.0,85.0,0,0,5,CHARLES ST E,negative_T_minus_H_minus_4y
87122,2007-12-13,DI,150.0,1966.0,41.0,0,0,5,OVERLEA DR,negative_T_minus_H_minus_1y
87898,2007-12-13,CI,150.0,1965.0,42.0,0,0,5,GAGE AVE,negative_T_minus_H_minus_5y
19730,2007-12-14,CI,150.0,1967.0,40.0,1,1,5,HOLBORN DR,positive_T_minus_H
26990,2007-12-14,DI,200.0,1966.0,41.0,1,0,5,MONTCALM DR,negative_T_minus_H_minus_5y
86622,2007-12-14,CI,300.0,1960.0,47.0,0,1,5,MANCHESTER RD,positive_T_minus_H
12260,2007-12-15,AC,450.0,1961.0,46.0,0,1,5,GREENBROOK DR,positive_T_minus_H
38860,2007-12-15,CI,150.0,1974.0,33.0,1,0,5,UPLANDS DR,negative_T_minus_H_minus_5y
41450,2007-12-15,CI,150.0,1958.0,49.0,1,0,5,WEDGEWOOD DR,negative_T_minus_H_minus_5y
10110,2007-12-16,DI,450.0,1979.0,28.0,0,0,5,DRIFTWOOD DR,negative_T_minus_H_minus_1y
10900,2007-12-16,DI,200.0,1967.0,40.0,0,0,5,RALGREEN CRES,negative_T_minus_H_minus_4y
38860,2007-12-16,CI,150.0,1974.0,33.0,1,0,5,UPLANDS DR,negative_T_minus_H_minus_5y
82566,2007-12-16,DI,450.0,1979.0,28.0,0,0,5,DRIFTWOOD DR,negative_T_minus_H_minus_1y
87984,2007-12-16,CI,150.0,1963.0,44.0,2,0,5,RUSKVIEW RD,negative_T_minus_H_minus_1y
33540,2007-12-17,CI,150.0,1959.0,48.0,2,1,5,ROSS AVE,positive_T_minus_H
36530,2007-12-17,CI,150.0,1958.0,49.0,3,1,5,STONYBROOK DR,positive_T_minus_H
24870,2007-12-18,CI,200.0,1962.0,45.0,0,1,5,MANCHESTER RD,positive_T_minus_H
41490,2007-12-18,CI,150.0,1963.0,44.0,0,1,5,WEICHEL ST,positive_T_minus_H
22490,2007-12-19,CI,150.0,1960.0,47.0,1,1,5,KINZIE AVE,positive_T_minus_H
89534,2007-12-19,CI,150.0,1965.0,42.0,0,1,5,BRADLEY DR,positive_T_minus_H
17800,2007-12-20,CI,150.0,1966.0,41.0,3,0,5,HALIFAX DR,negative_T_minus_H_minus_3y
86126,2007-12-21,DI,200.0,1980.0,27.0,0,0,5,OLD MILL RD,negative_T_minus_H_minus_1y
22500,2007-12-22,CI,150.0,1961.0,46.0,0,0,5,KINZIE AVE,negative_T_minus_H_minus_5y
31610,2007-12-22,DI,300.0,1975.0,32.0,0,0,5,QUEENS BLVD,negative_T_minus_H_minus_1y
15370,2007-12-23,CI,300.0,1956.0,51.0,1,1,5,FRANKLIN ST N,positive_T_minus_H
32790,2007-12-23,CI,300.0,1960.0,47.0,0,0,5,RIVER RD E,negative_T_minus_H_minus_3y
86120,2007-12-23,CI,300.0,1967.0,40.0,0,0,5,COURTLAND AVE E,negative_T_minus_H_minus_3y
1990,2007-12-25,DI,300.0,1974.0,33.0,0,0,5,GAGE AVE,negative_T_minus_H_minus_1y
40400,2007-12-26,CI,200.0,1953.0,54.0,0,0,5,WALTON AVE,negative_T_minus_H_minus_5y
42650,2007-12-26,DI,300.0,1968.0,39.0,0,0,5,WESTMOUNT RD E,negative_T_minus_H_minus_1y
20280,2007-12-27,CI,150.0,1967.0,40.0,2,0,5,INDIAN RD,negative_T_minus_H_minus_3y
24630,2007-12-27,CI,150.0,1958.0,49.0,0,0,5,LYNDHURST DR,negative_T_minus_H_minus_4y
89922,2007-12-27,CI,150.0,1961.0,46.0,2,0,5,DUNCAIRN AVE,negative_T_minus_H_minus_4y
43300,2007-12-28,CI,150.0,1960.0,47.0,0,0,5,WILKINS DR,negative_T_minus_H_minus_5y
7780,2007-12-28,CI,150.0,1966.0,41.0,1,0,5,CONFEDERATION DR,negative_T_minus_H_minus_1y
88582,2007-12-28,CI,150.0,1953.0,54.0,0,1,5,VALLEYVIEW RD,positive_T_minus_H
40140,2007-12-29,CI,150.0,1962.0,45.0,2,1,5,VILLAGE CRES,positive_T_minus_H
18320,2007-12-30,CI,150.0,1958.0,49.0,1,0,5,HEARTH CRES,negative_T_minus_H_minus_5y
39090,2007-12-31,CI,200.0,1961.0,46.0,1,1,5,VANIER DR,positive_T_minus_H
19660,2008-01-01,CI,150.0,1956.0,52.0,3,1,5,HOFFMAN ST,positive_T_minus_H
1430,2008-01-02,CI,150.0,1967.0,41.0,2,0,5,BALFOUR CRES,negative_T_minus_H_minus_3y
38120,2008-01-02,DI,200.0,1969.0,39.0,0,0,5,TRAYNOR AVE,negative_T_minus_H_minus_1y
16800,2008-01-03,CI,200.0,1961.0,47.0,0,0,5,GOUDIES LANE,negative_T_minus_H_minus_4y
5700,2008-01-03,CI,150.0,1958.0,50.0,1,0,5,CARWOOD AVE,negative_T_minus_H_minus_5y
24220,2008-01-04,DI,150.0,1965.0,43.0,1,0,5,LORRAINE AVE,negative_T_minus_H_minus_4y
37210,2008-01-04,DI,150.0,1962.0,46.0,1,1,5,SWEETBRIAR DR,positive_T_minus_H
40170,2008-01-04,CI,150.0,1957.0,51.0,0,0,5,VILLAGE RD,negative_T_minus_H_minus_3y
32270,2008-01-05,CI,150.0,1954.0,54.0,0,0,5,REYBURN AVE,negative_T_minus_H_minus_4y
35960,2008-01-05,CI,300.0,1964.0,44.0,0,0,5,STANLEY AVE,negative_T_minus_H_minus_5y
90256,2008-01-05,DI,150.0,1969.0,39.0,0,1,5,MEADOW CRES,positive_T_minus_H
95888,2008-01-05,CI,150.0,1958.0,50.0,0,0,5,MASSEY AVE,negative_T_minus_H_minus_3y
9990,2008-01-05,CI,150.0,1955.0,53.0,0,1,5,DOWNEY ST,positive_T_minus_H
43830,2008-01-06,CI,150.0,1960.0,48.0,0,0,5,WINSLOW DR,negative_T_minus_H_minus_2y
43970,2008-01-06,CI,150.0,1957.0,51.0,0,1,5,WOODHAVEN RD,positive_T_minus_H
7950,2008-01-06,CI,150.0,1966.0,42.0,3,1,5,CONWAY DR,positive_T_minus_H
44190,2008-01-07,CI,150.0,1959.0,49.0,1,1,5,YAGER AVE,positive_T_minus_H
24580,2008-01-08,CI,150.0,1961.0,47.0,1,0,5,LYLE PL,negative_T_minus_H_minus_5y
5620,2008-01-08,DI,200.0,1966.0,42.0,4,1,5,CARSON DR,positive_T_minus_H
61814,2008-01-09,CI,150.0,1967.0,41.0,1,0,5,CARSON DR,negative_T_minus_H_minus_1y
83480,2008-01-09,CI,150.0,1951.0,57.0,0,0,5,LAWRENCE AVE,negative_T_minus_H_minus_2y
88744,2008-01-09,CI,150.0,1957.0,51.0,0,0,5,GREENFIELD AVE,negative_T_minus_H_minus_3y
8940,2008-01-09,CI,150.0,1964.0,44.0,1,0,5,DANIEL AVE,negative_T_minus_H_minus_5y
10940,2008-01-10,CI,200.0,1967.0,41.0,1,0,5,EAGEN DR,negative_T_minus_H_minus_3y
29790,2008-01-10,CI,150.0,1967.0,41.0,3,0,5,OVERLEA DR,negative_T_minus_H_minus_3y
91992,2008-01-10,DI,200.0,1977.0,31.0,0,0,5,,negative_T_minus_H_minus_1y
21090,2008-01-11,DI,200.0,1966.0,42.0,0,0,5,KENORA DR,negative_T_minus_H_minus_5y
21100,2008-01-11,DI,200.0,1966.0,42.0,0,0,5,KENORA DR,negative_T_minus_H_minus_5y
29670,2008-01-11,CI,150.0,1949.0,59.0,0,0,5,OTTAWA ST S,negative_T_minus_H_minus_5y
64130,2008-01-11,CI,150.0,1966.0,42.0,3,0,5,INVERNESS DR,negative_T_minus_H_minus_2y
4050,2008-01-12,CI,150.0,1955.0,53.0,1,0,5,BRANDON AVE,negative_T_minus_H_minus_5y
9960,2008-01-12,DI,450.0,1969.0,39.0,0,0,5,DOON VILLAGE RD,negative_T_minus_H_minus_1y
21760,2008-01-13,CI,150.0,1922.0,86.0,0,0,5,KING ST E,negative_T_minus_H_minus_2y
41450,2008-01-13,CI,150.0,1958.0,50.0,1,0,5,WEDGEWOOD DR,negative_T_minus_H_minus_1y
91366,2008-01-13,CI,150.0,1940.0,68.0,0,0,5,STIRLING AVE S,negative_T_minus_H_minus_2y
8420,2008-01-14,CI,300.0,1967.0,41.0,2,0,5,COURTLAND AVE E,negative_T_minus_H_minus_2y
23060,2008-01-15,CI,150.0,1957.0,51.0,1,0,5,LAKESIDE DR,negative_T_minus_H_minus_2y
59980,2008-01-15,CI,150.0,1933.0,75.0,3,0,5,JOSEPH ST,negative_T_minus_H_minus_3y
18660,2008-01-16,CI,150.0,1960.0,48.0,0,0,5,HICKSON DR,negative_T_minus_H_minus_1y
60100,2008-01-16,PVC,300.0,1997.0,11.0,0,0,5,OTTERBEIN RD,negative_T_minus_H_minus_5y
84572,2008-01-17,CI,150.0,1957.0,51.0,0,0,5,GREENFIELD AVE,negative_T_minus_H_minus_4y
15420,2008-01-18,CI,300.0,1956.0,52.0,0,0,5,FRANKLIN ST N,negative_T_minus_H_minus_2y
20430,2008-01-18,CI,150.0,1966.0,42.0,2,1,5,INWOOD DR,positive_T_minus_H
42530,2008-01-18,CI,150.0,1959.0,49.0,2,0,5,WESTMOUNT RD E,negative_T_minus_H_minus_3y
43340,2008-01-19,CI,300.0,1959.0,49.0,0,1,5,WILLIAMSBURG RD,positive_T_minus_H
5530,2008-01-19,DI,150.0,1967.0,41.0,0,0,5,CARNABY PL,negative_T_minus_H_minus_2y
7140,2008-01-19,DI,150.0,1965.0,43.0,1,0,5,CHICOPEE TERR,negative_T_minus_H_minus_1y
133812,2008-01-20,CI,300.0,1965.0,43.0,0,0,5,SASAGA DR,negative_T_minus_H_minus_5y
32130,2008-01-20,CI,150.0,1948.0,60.0,0,0,5,RAYMOND RD,negative_T_minus_H_minus_4y
87232,2008-01-20,CI,200.0,1962.0,46.0,0,0,5,UPLANDS DR,negative_T_minus_H_minus_4y
37610,2008-01-21,CI,150.0,1967.0,41.0,1,0,5,THALER AVE,negative_T_minus_H_minus_1y
38550,2008-01-21,CI,150.0,1954.0,54.0,2,0,5,UNION BLVD,negative_T_minus_H_minus_1y
43930,2008-01-21,CI,150.0,1954.0,54.0,0,0,5,WOODHAVEN RD,negative_T_minus_H_minus_2y
81440,2008-01-21,CI,150.0,1958.0,50.0,0,0,5,SHADYWOOD CRES,negative_T_minus_H_minus_2y
85890,2008-01-21,DI,150.0,1952.0,56.0,0,0,5,BRICK ST,negative_T_minus_H_minus_2y
43910,2008-01-22,CI,150.0,1954.0,54.0,0,0,5,WOODHAVEN RD,negative_T_minus_H_minus_5y
7850,2008-01-22,CI,150.0,1953.0,55.0,0,0,5,CONNAUGHT ST,negative_T_minus_H_minus_1y
17800,2008-01-23,CI,150.0,1966.0,42.0,3,1,5,HALIFAX DR,positive_T_minus_H
63330,2008-01-23,CI,150.0,1952.0,56.0,0,0,5,ADMIRAL RD,negative_T_minus_H_minus_2y
7770,2008-01-23,CI,150.0,1966.0,42.0,1,0,5,CONFEDERATION DR,negative_T_minus_H_minus_1y
1570,2008-01-24,CI,150.0,1964.0,44.0,1,0,5,BARBARA CRES,negative_T_minus_H_minus_5y
90650,2008-01-24,DI,200.0,1967.0,41.0,0,0,5,OLD CHICOPEE DR,negative_T_minus_H_minus_5y
11600,2008-01-25,CI,150.0,1950.0,58.0,1,0,5,EDWIN ST,negative_T_minus_H_minus_1y
18680,2008-01-25,CI,150.0,1960.0,48.0,1,1,5,HICKSON DR,positive_T_minus_H
35610,2008-01-25,CI,150.0,1924.0,84.0,0,0,5,SPRING VALLEY RD,negative_T_minus_H_minus_3y
94494,2008-01-25,DI,450.0,1970.0,38.0,0,0,5,COURTLAND AVE E,negative_T_minus_H_minus_5y
24640,2008-01-26,CI,150.0,1958.0,50.0,1,1,5,LYNDHURST DR,positive_T_minus_H
32020,2008-01-26,DI,200.0,1974.0,34.0,0,0,5,RADCLIFFE DR,negative_T_minus_H_minus_1y
38550,2008-01-26,CI,150.0,1954.0,54.0,2,0,5,UNION BLVD,negative_T_minus_H_minus_5y
92854,2008-01-26,DI,200.0,1966.0,42.0,0,0,5,CARSON DR,negative_T_minus_H_minus_2y
94198,2008-01-26,CI,150.0,1920.0,88.0,0,1,5,KING ST E,positive_T_minus_H
14390,2008-01-27,CI,150.0,1957.0,51.0,3,1,5,FIRST AVE,positive_T_minus_H
19640,2008-01-27,CI,150.0,1956.0,52.0,1,0,5,HOFFMAN ST,negative_T_minus_H_minus_3y
93744,2008-01-27,CI,150.0,1967.0,41.0,0,0,5,HOLBORN DR,negative_T_minus_H_minus_4y
41470,2008-01-28,CI,150.0,1958.0,50.0,0,0,5,WEDGEWOOD DR,negative_T_minus_H_minus_3y
41850,2008-01-28,DI,200.0,1992.0,16.0,0,1,5,WEST AVE,positive_T_minus_H
4720,2008-01-28,CI,150.0,1953.0,55.0,0,0,5,BROADVIEW AVE,negative_T_minus_H_minus_1y
18670,2008-01-29,CI,200.0,1960.0,48.0,0,0,5,HICKSON DR,negative_T_minus_H_minus_1y
43600,2008-01-29,DI,200.0,1969.0,39.0,0,0,5,WILSON AVE,negative_T_minus_H_minus_2y
29790,2008-01-30,CI,150.0,1967.0,41.0,3,1,5,OVERLEA DR,positive_T_minus_H
1650,2008-01-31,DI,300.0,1991.0,17.0,0,0,5,BATTLER RD,negative_T_minus_H_minus_1y
88430,2008-02-01,DI,300.0,1988.0,20.0,0,1,5,WESTFOREST TRAIL,positive_T_minus_H
84436,2008-02-02,CI,150.0,1952.0,56.0,0,0,5,OTTAWA ST N,negative_T_minus_H_minus_5y
20580,2008-02-03,CI,150.0,1970.0,38.0,2,0,5,JANSEN AVE,negative_T_minus_H_minus_2y
24590,2008-02-03,CI,150.0,1958.0,50.0,0,0,5,LYNDHURST DR,negative_T_minus_H_minus_1y
42160,2008-02-03,DI,300.0,1973.0,35.0,1,0,5,WESTHEIGHTS DR,negative_T_minus_H_minus_1y
82468,2008-02-03,AC,450.0,1952.0,56.0,0,0,5,WINDALE CRES,negative_T_minus_H_minus_1y
82686,2008-02-03,DI,150.0,1976.0,32.0,0,0,5,PARKLAND CRES,negative_T_minus_H_minus_1y
88076,2008-02-03,CI,150.0,1960.0,48.0,1,0,5,RIPPLEWOOD CRES,negative_T_minus_H_minus_4y
17380,2008-02-04,CI,150.0,1953.0,55.0,1,0,5,GREENFIELD AVE,negative_T_minus_H_minus_5y
43480,2008-02-04,CI,200.0,1958.0,50.0,3,0,5,WILSON AVE,negative_T_minus_H_minus_3y
85694,2008-02-04,CI,150.0,1952.0,56.0,0,1,5,OTTAWA ST N,positive_T_minus_H
8940,2008-02-04,CI,150.0,1964.0,44.0,1,1,5,DANIEL AVE,positive_T_minus_H
11720,2008-02-05,CI,150.0,1959.0,49.0,0,0,5,ELKINGTON DR,negative_T_minus_H_minus_3y
14350,2008-02-05,CI,200.0,1952.0,56.0,0,0,5,FIFTH AVE,negative_T_minus_H_minus_5y
29900,2008-02-05,CI,150.0,1947.0,61.0,0,1,5,OXFORD ST,positive_T_minus_H
20610,2008-02-06,CI,150.0,1962.0,46.0,0,0,5,JEAN AVE,negative_T_minus_H_minus_2y
87892,2008-02-06,CI,150.0,1953.0,55.0,0,0,5,GREENFIELD AVE,negative_T_minus_H_minus_5y
33420,2008-02-07,CI,150.0,1959.0,49.0,0,0,5,ROSEMOUNT DR,negative_T_minus_H_minus_3y
42530,2008-02-07,CI,150.0,1959.0,49.0,2,0,5,WESTMOUNT RD E,negative_T_minus_H_minus_3y
61826,2008-02-07,DI,150.0,1967.0,41.0,0,0,5,PARKVIEW CRES,negative_T_minus_H_minus_2y
7740,2008-02-07,DI,150.0,1966.0,42.0,1,0,5,CONFEDERATION DR,negative_T_minus_H_minus_5y
95188,2008-02-07,CI,300.0,1961.0,47.0,0,0,5,FAIRWAY RD S,negative_T_minus_H_minus_2y
18670,2008-02-08,CI,200.0,1960.0,48.0,0,0,5,HICKSON DR,negative_T_minus_H_minus_5y
20530,2008-02-08,CI,150.0,1947.0,61.0,2,1,5,JACKSON AVE,positive_T_minus_H
28590,2008-02-08,DI,150.0,1967.0,41.0,3,0,5,OLD YORK CRES,negative_T_minus_H_minus_2y
31880,2008-02-08,CI,150.0,1966.0,42.0,1,1,5,QUEENSTON CRES,positive_T_minus_H
43210,2008-02-08,CI,150.0,1953.0,55.0,3,0,5,WILFRED AVE,negative_T_minus_H_minus_1y
76747,2008-02-08,CI,150.0,1940.0,68.0,5,0,5,STIRLING AVE S,negative_T_minus_H_minus_2y
94556,2008-02-08,DI,300.0,1964.0,44.0,0,0,5,HIGHLAND RD W,negative_T_minus_H_minus_2y
17950,2008-02-09,CI,150.0,1964.0,44.0,0,1,5,HAMEL AVE,positive_T_minus_H
31930,2008-02-09,DI,150.0,1966.0,42.0,1,0,5,QUEENSTON DR,negative_T_minus_H_minus_2y
7730,2008-02-09,CI,150.0,1966.0,42.0,1,1,5,CONFEDERATION DR,positive_T_minus_H
42050,2008-02-10,CI,150.0,1959.0,49.0,3,1,5,WESTGATE WALK,positive_T_minus_H
8560,2008-02-10,CI,200.0,1960.0,48.0,0,0,5,CRAIG DR,negative_T_minus_H_minus_3y
22500,2008-02-12,CI,150.0,1961.0,47.0,0,0,5,KINZIE AVE,negative_T_minus_H_minus_1y
23260,2008-02-12,DI,450.0,1968.0,40.0,1,0,5,LANCASTER ST W,negative_T_minus_H_minus_1y
83602,2008-02-12,CI,150.0,1945.0,63.0,0,0,5,DOON RD,negative_T_minus_H_minus_1y
10700,2008-02-13,CI,150.0,1961.0,47.0,0,0,5,DUNCAIRN AVE,negative_T_minus_H_minus_3y
10900,2008-02-13,DI,200.0,1967.0,41.0,0,0,5,RALGREEN CRES,negative_T_minus_H_minus_2y
16140,2008-02-13,PVC,150.0,1976.0,32.0,0,0,5,GEORGIAN ST,negative_T_minus_H_minus_1y
22600,2008-02-13,CI,150.0,1959.0,49.0,1,0,5,KIPLING AVE,negative_T_minus_H_minus_4y
36540,2008-02-13,CI,150.0,1958.0,50.0,2,0,5,STONYBROOK DR,negative_T_minus_H_minus_1y
43020,2008-02-13,DI,300.0,1966.0,42.0,0,0,5,WESTWOOD DR,negative_T_minus_H_minus_5y
16320,2008-02-14,DI,300.0,1975.0,33.0,0,0,5,GLASGOW ST,negative_T_minus_H_minus_1y
36160,2008-02-14,CI,300.0,1932.0,76.0,0,0,5,STIRLING AVE S,negative_T_minus_H_minus_1y
136824,2008-02-15,PVC,150.0,,,0,1,5,ABERDEEN RD,positive_T_minus_H
31670,2008-02-15,DI,200.0,1966.0,42.0,1,0,5,QUEENS BLVD,negative_T_minus_H_minus_4y
21110,2008-02-16,DI,200.0,1966.0,42.0,0,0,5,KENORA DR,negative_T_minus_H_minus_5y
21140,2008-02-16,CI,150.0,1954.0,54.0,2,0,5,KENSINGTON AVE,negative_T_minus_H_minus_2y
33810,2008-02-16,CI,150.0,1964.0,44.0,3,0,5,RUTHERFORD DR,negative_T_minus_H_minus_4y
38520,2008-02-16,CI,150.0,1957.0,51.0,0,0,5,TURNER AVE,negative_T_minus_H_minus_3y
43830,2008-02-16,CI,150.0,1960.0,48.0,0,0,5,WINSLOW DR,negative_T_minus_H_minus_1y
2000,2008-02-17,CI,300.0,1957.0,51.0,1,0,5,BELMONT AVE W,negative_T_minus_H_minus_4y
95640,2008-02-17,CI,150.0,1964.0,44.0,0,0,5,BARBARA CRES,negative_T_minus_H_minus_1y
24580,2008-02-18,CI,150.0,1961.0,47.0,1,0,5,LYLE PL,negative_T_minus_H_minus_3y
30440,2008-02-18,CI,150.0,1962.0,46.0,1,0,5,PEACHWOOD CRT,negative_T_minus_H_minus_4y
31730,2008-02-18,DI,200.0,1966.0,42.0,0,0,5,QUEENS BLVD,negative_T_minus_H_minus_3y
17340,2008-02-19,CI,150.0,1956.0,52.0,1,1,5,GREENFIELD AVE,positive_T_minus_H
39860,2008-02-19,CI,150.0,1947.0,61.0,0,0,5,VICTORIA ST S,negative_T_minus_H_minus_1y
88076,2008-02-19,CI,150.0,1960.0,48.0,1,1,5,RIPPLEWOOD CRES,positive_T_minus_H
16240,2008-02-20,CI,150.0,1962.0,46.0,1,0,5,GILMOUR CRES,negative_T_minus_H_minus_2y
22490,2008-02-20,CI,150.0,1960.0,48.0,1,1,5,KINZIE AVE,positive_T_minus_H
290,2008-02-20,CI,150.0,1958.0,50.0,3,1,5,ABERDEEN RD,positive_T_minus_H
1120,2008-02-21,DI,150.0,1973.0,35.0,0,0,5,AUTUMN HILL CRES,negative_T_minus_H_minus_1y
260,2008-02-22,CI,150.0,1955.0,53.0,1,0,5,ABERDEEN RD,negative_T_minus_H_minus_3y
41630,2008-02-22,CI,100.0,1916.0,92.0,0,0,5,WELLINGTON ST N,negative_T_minus_H_minus_2y
59960,2008-02-22,CI,150.0,1957.0,51.0,2,1,5,GUELPH ST,positive_T_minus_H
86562,2008-02-22,CI,150.0,1954.0,54.0,0,0,5,WOODHAVEN RD,negative_T_minus_H_minus_2y
41690,2008-02-23,CI,300.0,1929.0,79.0,1,1,5,WELLINGTON ST N,positive_T_minus_H
31910,2008-02-24,CI,150.0,1966.0,42.0,2,0,5,QUEENSTON DR,negative_T_minus_H_minus_2y
34680,2008-02-24,CI,150.0,1946.0,62.0,1,0,5,SHELDON AVE N,negative_T_minus_H_minus_1y
41630,2008-02-24,CI,100.0,1916.0,92.0,0,0,5,WELLINGTON ST N,negative_T_minus_H_minus_1y
64370,2008-02-25,CI,450.0,1951.0,57.0,0,0,5,BELMONT AVE E,negative_T_minus_H_minus_1y
25160,2008-02-26,CI,150.0,1949.0,59.0,0,0,5,MAPLE AVE,negative_T_minus_H_minus_1y
7860,2008-02-26,CI,150.0,1953.0,55.0,0,0,5,CONNAUGHT ST,negative_T_minus_H_minus_5y
8560,2008-02-26,CI,200.0,1960.0,48.0,0,0,5,CRAIG DR,negative_T_minus_H_minus_2y
27160,2008-02-27,CI,150.0,1951.0,57.0,0,1,5,MONTGOMERY RD,positive_T_minus_H
37010,2008-02-27,DI,150.0,1981.0,27.0,0,0,5,SUGAR MAPLE PL,negative_T_minus_H_minus_5y
70980,2008-02-27,PVC,300.0,2004.0,4.0,0,0,5,JOSEPH ST,negative_T_minus_H_minus_2y
18670,2008-02-28,CI,200.0,1960.0,48.0,0,0,5,HICKSON DR,negative_T_minus_H_minus_2y
37010,2008-02-28,DI,150.0,1981.0,27.0,0,0,5,SUGAR MAPLE PL,negative_T_minus_H_minus_5y
85458,2008-02-28,DI,150.0,1962.0,46.0,0,1,5,MANCHESTER RD,positive_T_minus_H
44440,2008-02-29,DI,100.0,1961.0,47.0,1,0,5,YULE PL,negative_T_minus_H_minus_3y
4700,2008-03-01,CI,150.0,1957.0,51.0,0,0,5,LAKESIDE DR,negative_T_minus_H_minus_2y
34650,2008-03-02,CI,150.0,1946.0,62.0,0,0,5,SHELDON AVE N,negative_T_minus_H_minus_2y
40410,2008-03-02,CI,150.0,1953.0,55.0,0,0,5,WANDSWORTH PL,negative_T_minus_H_minus_1y
8060,2008-03-02,CI,150.0,1958.0,50.0,1,1,5,CORNELL AVE,positive_T_minus_H
18660,2008-03-04,CI,150.0,1960.0,48.0,0,0,5,HICKSON DR,negative_T_minus_H_minus_3y
20260,2008-03-04,CI,150.0,1967.0,41.0,4,1,5,INDIAN RD,positive_T_minus_H
21130,2008-03-04,CI,150.0,1954.0,54.0,0,1,5,KENSINGTON AVE,positive_T_minus_H
7760,2008-03-04,CI,150.0,1966.0,42.0,3,1,5,CONFEDERATION DR,positive_T_minus_H
89056,2008-03-04,CI,150.0,1962.0,46.0,0,0,5,VILLAGE RD,negative_T_minus_H_minus_2y
31930,2008-03-05,DI,150.0,1966.0,42.0,1,0,5,QUEENSTON DR,negative_T_minus_H_minus_2y
32030,2008-03-05,DI,200.0,1974.0,34.0,0,0,5,RADCLIFFE DR,negative_T_minus_H_minus_1y
84436,2008-03-05,CI,150.0,1952.0,56.0,0,0,5,OTTAWA ST N,negative_T_minus_H_minus_2y
8580,2008-03-05,DI,150.0,1987.0,21.0,0,0,5,CRAIG DR,negative_T_minus_H_minus_2y
90536,2008-03-05,DI,150.0,1987.0,21.0,0,0,5,SUMMERHILL CRES,negative_T_minus_H_minus_2y
34670,2008-03-06,CI,150.0,1946.0,62.0,3,0,5,SHELDON AVE N,negative_T_minus_H_minus_2y
84154,2008-03-06,CI,150.0,1959.0,49.0,0,1,5,ELKINGTON DR,positive_T_minus_H
43910,2008-03-07,CI,150.0,1954.0,54.0,0,1,5,WOODHAVEN RD,positive_T_minus_H
26580,2008-03-08,CI,150.0,1961.0,47.0,0,0,5,MILL PARK DR,negative_T_minus_H_minus_4y
9470,2008-03-08,CI,150.0,1960.0,48.0,0,0,5,DIXON ST,negative_T_minus_H_minus_3y
78074,2008-03-09,CI,150.0,1925.0,83.0,1,0,5,AHRENS ST W,negative_T_minus_H_minus_2y
9090,2008-03-09,CI,150.0,1958.0,50.0,0,0,5,DEERFIELD AVE,negative_T_minus_H_minus_1y
31180,2008-03-10,CI,150.0,1954.0,54.0,0,1,5,PROSPECT AVE,positive_T_minus_H
25450,2008-03-15,CI,150.0,1964.0,44.0,0,0,5,MARKET ST,negative_T_minus_H_minus_2y
89504,2008-03-15,DI,150.0,1974.0,34.0,0,0,5,FOUR SEASONS CRT,negative_T_minus_H_minus_2y
39040,2008-03-16,CI,200.0,1953.0,55.0,3,0,5,VANIER DR,negative_T_minus_H_minus_1y
15190,2008-03-17,DI,150.0,1974.0,34.0,1,0,5,FOUR SEASONS CRT,negative_T_minus_H_minus_2y
31930,2008-03-19,DI,150.0,1966.0,42.0,1,1,5,QUEENSTON DR,positive_T_minus_H
11480,2008-03-21,CI,150.0,1949.0,59.0,0,1,5,EDMUND RD,positive_T_minus_H
32670,2008-03-21,DI,300.0,1971.0,37.0,1,0,5,RIVER RD E,negative_T_minus_H_minus_2y
33410,2008-03-21,CI,150.0,1958.0,50.0,3,1,5,ROSEMOUNT DR,positive_T_minus_H
1720,2008-03-22,DI,200.0,1979.0,29.0,0,0,5,BECHTEL DR,negative_T_minus_H_minus_5y
33050,2008-03-22,CI,300.0,1935.0,73.0,1,0,5,ROCKWAY DR,negative_T_minus_H_minus_1y
27810,2008-03-23,CI,150.0,1960.0,48.0,2,1,5,NINE PINES RD,positive_T_minus_H
34800,2008-03-24,CI,150.0,1953.0,55.0,0,0,5,SHERIDAN CRT,negative_T_minus_H_minus_2y
84964,2008-03-25,CI,150.0,1966.0,42.0,0,0,5,DALEWOOD DR,negative_T_minus_H_minus_4y
19080,2008-03-27,CI,150.0,1952.0,56.0,1,0,5,HIGHLAND RD E,negative_T_minus_H_minus_1y
76577,2008-03-28,DI,150.0,1955.0,53.0,0,0,5,MANCHESTER RD,negative_T_minus_H_minus_2y
25190,2008-03-29,DI,300.0,1976.0,32.0,0,0,5,MAPLE AVE,negative_T_minus_H_minus_2y
11640,2008-03-30,CI,150.0,1953.0,55.0,0,0,5,EIGHTH AVE,negative_T_minus_H_minus_2y
16550,2008-03-30,CI,150.0,1969.0,39.0,1,0,5,GLEN LAKE CRES,negative_T_minus_H_minus_1y
4940,2008-03-30,CI,150.0,1953.0,55.0,0,0,5,BRUCE ST,negative_T_minus_H_minus_1y
15330,2008-03-31,CI,300.0,1963.0,45.0,1,0,5,FRANKLIN ST N,negative_T_minus_H_minus_2y
16550,2008-04-01,CI,150.0,1969.0,39.0,1,0,5,GLEN LAKE CRES,negative_T_minus_H_minus_1y
7940,2008-04-02,DI,150.0,1966.0,42.0,1,0,5,CONWAY DR,negative_T_minus_H_minus_1y
33160,2008-04-03,DI,150.0,1987.0,21.0,0,0,5,ROLLING ACRES DR,negative_T_minus_H_minus_5y
76738,2008-04-04,CI,150.0,1923.0,85.0,0,0,5,MT HOPE ST,negative_T_minus_H_minus_2y
41450,2008-04-07,CI,150.0,1958.0,50.0,1,0,5,WEDGEWOOD DR,negative_T_minus_H_minus_3y
58280,2008-04-09,DI,300.0,1981.0,27.0,0,0,5,OTTAWA ST S,negative_T_minus_H_minus_2y
260,2008-04-10,CI,150.0,1955.0,53.0,1,0,5,ABERDEEN RD,negative_T_minus_H_minus_5y
15080,2008-04-14,DI,150.0,1969.0,39.0,0,0,5,FORESTWOOD DR,negative_T_minus_H_minus_1y
40630,2008-04-17,DI,300.0,1975.0,33.0,0,0,5,WATER ST S,negative_T_minus_H_minus_1y
92756,2008-04-18,DI,150.0,1971.0,37.0,0,0,5,VICMOUNT DR,negative_T_minus_H_minus_5y
18100,2008-04-20,DI,150.0,1976.0,32.0,0,0,5,HARCOURT CRES,negative_T_minus_H_minus_2y
10520,2008-04-23,CI,150.0,1974.0,34.0,0,0,5,DUKE ST W,negative_T_minus_H_minus_2y
15440,2008-04-23,CI,150.0,1957.0,51.0,4,0,5,FRANKLIN ST S,negative_T_minus_H_minus_2y
16240,2008-04-23,CI,150.0,1962.0,46.0,1,0,5,GILMOUR CRES,negative_T_minus_H_minus_2y
21140,2008-04-23,CI,150.0,1954.0,54.0,2,0,5,KENSINGTON AVE,negative_T_minus_H_minus_2y
92756,2008-04-23,DI,150.0,1971.0,37.0,0,0,5,VICMOUNT DR,negative_T_minus_H_minus_2y
10560,2008-04-26,DI,300.0,1981.0,27.0,0,0,5,DUMART PL,negative_T_minus_H_minus_1y
89828,2008-05-01,CI,150.0,1963.0,45.0,0,1,5,RIVER RD E,positive_T_minus_H
84242,2008-05-06,CI,150.0,1952.0,56.0,0,0,5,EPHRAIM ST,negative_T_minus_H_minus_4y
89132,2008-05-17,DI,100.0,1961.0,47.0,0,1,5,CRAIG DR,positive_T_minus_H
20860,2008-05-24,DI,150.0,1968.0,40.0,0,0,5,KARN ST,negative_T_minus_H_minus_4y
20860,2008-05-26,DI,150.0,1968.0,40.0,0,0,5,KARN ST,negative_T_minus_H_minus_4y
35300,2008-06-03,DI,150.0,1974.0,34.0,0,0,5,SOUTHWOOD DR,negative_T_minus_H_minus_1y
7140,2008-06-03,DI,150.0,1965.0,43.0,1,0,5,CHICOPEE TERR,negative_T_minus_H_minus_1y
94002,2008-06-03,DI,150.0,1974.0,34.0,0,0,5,DEVONGLEN DR,negative_T_minus_H_minus_1y
35030,2008-06-06,CI,150.0,1967.0,41.0,3,0,5,SILVERSPRING CRES,negative_T_minus_H_minus_2y
15440,2008-06-09,CI,150.0,1957.0,51.0,4,0,5,FRANKLIN ST S,negative_T_minus_H_minus_3y
18650,2008-06-09,CI,200.0,1960.0,48.0,0,0,5,HICKSON DR,negative_T_minus_H_minus_4y
38780,2008-06-09,CI,200.0,1948.0,60.0,0,0,5,UNION ST,negative_T_minus_H_minus_3y
44060,2008-06-09,DI,150.0,1981.0,27.0,0,0,5,WOODVIEW CRES,negative_T_minus_H_minus_3y
44360,2008-06-09,DI,300.0,1992.0,16.0,0,0,5,YOUNG ST,negative_T_minus_H_minus_3y
83662,2008-06-09,CI,150.0,1958.0,50.0,0,0,5,LYNDHURST DR,negative_T_minus_H_minus_3y
86412,2008-06-09,DI,300.0,1967.0,41.0,0,0,5,ARDELT PL,negative_T_minus_H_minus_3y
9470,2008-06-13,CI,150.0,1960.0,48.0,0,0,5,DIXON ST,negative_T_minus_H_minus_5y
90106,2008-06-17,DI,200.0,1975.0,33.0,0,0,5,QUEENS BLVD,negative_T_minus_H_minus_1y
67760,2008-06-19,PVC,300.0,2001.0,7.0,0,0,5,KING ST E,negative_T_minus_H_minus_4y
86808,2008-06-19,DI,150.0,1980.0,28.0,0,0,5,OLD FOREST CRES,negative_T_minus_H_minus_2y
68100,2008-06-20,PVC,300.0,2002.0,6.0,0,0,5,WABANAKI DR,negative_T_minus_H_minus_5y
2050,2008-06-26,CI,200.0,1952.0,56.0,0,0,5,BELMONT AVE W,negative_T_minus_H_minus_4y
26930,2008-07-01,DI,150.0,1986.0,22.0,0,0,5,MONTANA CRES,negative_T_minus_H_minus_4y
86126,2008-07-05,DI,200.0,1980.0,28.0,0,0,5,OLD MILL RD,negative_T_minus_H_minus_3y
14100,2008-07-07,DI,300.0,1974.0,34.0,0,0,5,FARRIER DR,negative_T_minus_H_minus_3y
40570,2008-07-07,DI,300.0,1979.0,29.0,0,0,5,WATER ST S,negative_T_minus_H_minus_5y
81208,2008-07-10,CI,250.0,1889.0,119.0,0,1,5,KING ST W,positive_T_minus_H
35280,2008-07-11,CI,150.0,1958.0,50.0,0,1,5,SOUTHMOOR DR,positive_T_minus_H
62930,2008-07-11,PVC,150.0,1999.0,9.0,0,0,5,BERRY MOSS ST,negative_T_minus_H_minus_1y
28240,2008-07-12,DI,200.0,1977.0,31.0,0,0,5,OLD CARRIAGE DR,negative_T_minus_H_minus_3y
44100,2008-07-15,CI,100.0,1958.0,50.0,0,1,5,WOOLWICH ST,positive_T_minus_H
21970,2008-07-18,CPP,450.0,1988.0,20.0,2,0,5,KING ST E,negative_T_minus_H_minus_2y
33280,2008-07-18,DI,300.0,1987.0,21.0,0,0,5,ROLLING MEADOWS DR,negative_T_minus_H_minus_5y
340,2008-07-20,CI,150.0,1950.0,58.0,0,0,5,ADELAIDE ST,negative_T_minus_H_minus_5y
142914,2008-07-21,AC,300.0,1975.0,33.0,0,0,5,BIEHN DR,negative_T_minus_H_minus_3y
38550,2008-07-21,CI,150.0,1954.0,54.0,2,1,5,UNION BLVD,positive_T_minus_H
39390,2008-07-21,DI,300.0,1976.0,32.0,0,0,5,VICTORIA ST N,negative_T_minus_H_minus_5y
69510,2008-07-22,PVC,300.0,2003.0,5.0,1,0,5,WEBER ST W,negative_T_minus_H_minus_4y
16550,2008-07-24,CI,150.0,1969.0,39.0,1,0,5,GLEN LAKE CRES,negative_T_minus_H_minus_5y
61807,2008-07-24,CI,300.0,1930.0,78.0,0,0,5,VICTORIA ST N,negative_T_minus_H_minus_5y
10730,2008-07-27,CI,150.0,1949.0,59.0,0,0,5,DUNDAS AVE,negative_T_minus_H_minus_3y
87118,2008-07-28,CI,150.0,1957.0,51.0,0,0,5,GUELPH ST,negative_T_minus_H_minus_2y
5660,2008-07-31,DI,150.0,1968.0,40.0,0,1,5,CARTIER DR,positive_T_minus_H
87566,2008-08-03,PVC,300.0,2000.0,8.0,1,0,5,KING ST E,negative_T_minus_H_minus_2y
19570,2008-08-06,CI,150.0,1949.0,59.0,0,0,5,HILLVIEW ST,negative_T_minus_H_minus_4y
24770,2008-08-06,DI,150.0,1965.0,43.0,0,0,5,MADISON AVE S,negative_T_minus_H_minus_2y
16340,2008-08-07,DI,200.0,1983.0,25.0,0,0,5,GLASGOW ST,negative_T_minus_H_minus_3y
8570,2008-08-09,DI,150.0,1987.0,21.0,0,0,5,CRAIG DR,negative_T_minus_H_minus_4y
43480,2008-08-11,CI,200.0,1958.0,50.0,3,0,5,WILSON AVE,negative_T_minus_H_minus_5y
7160,2008-08-12,DI,150.0,1968.0,40.0,3,0,5,CHOPIN DR,negative_T_minus_H_minus_1y
35610,2008-08-13,CI,150.0,1924.0,84.0,0,0,5,SPRING VALLEY RD,negative_T_minus_H_minus_2y
15730,2008-08-14,CI,200.0,1962.0,46.0,0,0,5,FREDERICK ST,negative_T_minus_H_minus_2y
5570,2008-08-18,DI,200.0,1974.0,34.0,0,0,5,CARSON DR,negative_T_minus_H_minus_4y
89608,2008-08-20,CI,150.0,1961.0,47.0,0,0,5,LANG CRES,negative_T_minus_H_minus_1y
39350,2008-08-24,DI,200.0,1976.0,32.0,0,0,5,VICTORIA ST N,negative_T_minus_H_minus_5y
21890,2008-08-29,CI,100.0,1937.0,71.0,2,0,5,KING ST E,negative_T_minus_H_minus_4y
27040,2008-08-30,DI,200.0,1966.0,42.0,0,0,5,MONTCALM DR,negative_T_minus_H_minus_4y
15720,2008-09-02,CI,200.0,1952.0,56.0,0,0,5,FREDERICK ST,negative_T_minus_H_minus_5y
23360,2008-09-04,CI,150.0,1927.0,81.0,0,1,5,HILL ST,positive_T_minus_H
11510,2008-09-05,CI,200.0,1950.0,58.0,0,0,5,VICTORIA ST N,negative_T_minus_H_minus_5y
18620,2008-09-11,DI,150.0,1972.0,36.0,0,0,5,HICKORY HEIGHTS CRES,negative_T_minus_H_minus_2y
3640,2008-09-15,CI,150.0,1956.0,52.0,3,1,5,BLUERIDGE AVE,positive_T_minus_H
91970,2008-09-16,DI,150.0,1972.0,36.0,0,1,5,DALEGROVE DR,positive_T_minus_H
23310,2008-09-17,CI,450.0,1937.0,71.0,3,1,5,LANCASTER ST W,positive_T_minus_H
40400,2008-09-19,CI,200.0,1953.0,55.0,0,0,5,WALTON AVE,negative_T_minus_H_minus_1y
5840,2008-09-19,DI,150.0,1981.0,27.0,0,0,5,CEDAR CREST ST,negative_T_minus_H_minus_5y
27820,2008-09-20,CI,200.0,1961.0,47.0,0,0,5,NINTH AVE,negative_T_minus_H_minus_1y
76519,2008-09-23,CI,150.0,1968.0,40.0,3,1,5,HALIFAX DR,positive_T_minus_H
76747,2008-09-23,CI,150.0,1940.0,68.0,5,0,5,STIRLING AVE S,negative_T_minus_H_minus_1y
450,2008-09-24,CI,150.0,1959.0,49.0,0,0,5,AHRENS ST W,negative_T_minus_H_minus_5y
38140,2008-09-26,DI,200.0,1967.0,41.0,0,0,5,TRAYNOR AVE,negative_T_minus_H_minus_1y
11910,2008-09-27,CI,200.0,1969.0,39.0,0,0,5,ELMSDALE DR,negative_T_minus_H_minus_3y
19480,2008-09-30,DI,150.0,1972.0,36.0,1,0,5,HILLBROOK CRES,negative_T_minus_H_minus_1y
34670,2008-10-03,CI,150.0,1946.0,62.0,3,0,5,SHELDON AVE N,negative_T_minus_H_minus_3y
87690,2008-10-04,PVC,200.0,1994.0,14.0,0,0,5,IDLE CREEK DR,negative_T_minus_H_minus_5y
7970,2008-10-05,CI,150.0,1966.0,42.0,1,0,5,CONWAY DR,negative_T_minus_H_minus_3y
19770,2008-10-09,CI,150.0,1967.0,41.0,2,1,5,HOLBORN DR,positive_T_minus_H
37140,2008-10-09,CI,100.0,1954.0,54.0,1,0,5,SUNSET PL,negative_T_minus_H_minus_5y
90626,2008-10-11,DI,150.0,1987.0,21.0,0,0,5,VERONICA DR,negative_T_minus_H_minus_3y
1720,2008-10-12,DI,200.0,1979.0,29.0,0,0,5,BECHTEL DR,negative_T_minus_H_minus_4y
8370,2008-10-12,CI,300.0,1963.0,45.0,1,0,5,COURTLAND AVE E,negative_T_minus_H_minus_1y
1670,2008-10-13,DI,200.0,1979.0,29.0,0,0,5,PIONEER DR,negative_T_minus_H_minus_4y
17830,2008-10-14,DI,200.0,1964.0,44.0,0,0,5,OWEN AVE,negative_T_minus_H_minus_2y
27380,2008-10-15,DI,200.0,1971.0,37.0,0,0,5,MORGAN AVE,negative_T_minus_H_minus_2y
34850,2008-10-17,CI,150.0,1954.0,54.0,0,0,5,SHERWOOD AVE,negative_T_minus_H_minus_3y
28240,2008-10-19,DI,200.0,1977.0,31.0,0,0,5,OLD CARRIAGE DR,negative_T_minus_H_minus_5y
31900,2008-10-27,CI,150.0,1966.0,42.0,1,0,5,QUEENSTON DR,negative_T_minus_H_minus_2y
27620,2008-10-29,PVC,150.0,1976.0,32.0,0,0,5,NATCHEZ RD,negative_T_minus_H_minus_1y
19770,2008-10-30,CI,150.0,1967.0,41.0,2,1,5,HOLBORN DR,positive_T_minus_H
39040,2008-10-30,CI,200.0,1953.0,55.0,3,0,5,VANIER DR,negative_T_minus_H_minus_1y
41010,2008-10-30,CI,150.0,1948.0,60.0,0,0,5,WEBER ST E,negative_T_minus_H_minus_5y
13890,2008-11-01,CI,450.0,1962.0,46.0,0,1,5,FAIRWAY RD N,positive_T_minus_H
42180,2008-11-02,DI,150.0,1973.0,35.0,0,1,5,WESTHEIGHTS DR,positive_T_minus_H
65890,2008-11-02,PVC,300.0,2000.0,8.0,0,0,5,MAX BECKER DR,negative_T_minus_H_minus_1y
83342,2008-11-03,CI,450.0,1964.0,44.0,0,0,5,OVERLEA DR,negative_T_minus_H_minus_2y
30500,2008-11-04,DI,150.0,1966.0,42.0,0,0,5,PENROSE AVE,negative_T_minus_H_minus_1y
90768,2008-11-06,CI,300.0,1935.0,73.0,0,0,5,ROCKWAY DR,negative_T_minus_H_minus_1y
86698,2008-11-08,CI,150.0,1953.0,55.0,0,0,5,CONNAUGHT ST,negative_T_minus_H_minus_4y
39360,2008-11-12,DI,300.0,1969.0,39.0,0,1,5,ST LEGER ST,positive_T_minus_H
43010,2008-11-12,DI,300.0,1966.0,42.0,0,0,5,WESTWOOD DR,negative_T_minus_H_minus_5y
38890,2008-11-14,DI,200.0,1971.0,37.0,0,0,5,UPPER CANADA DR,negative_T_minus_H_minus_4y
42530,2008-11-14,CI,150.0,1959.0,49.0,2,0,5,WESTMOUNT RD E,negative_T_minus_H_minus_1y
8790,2008-11-14,CI,150.0,1960.0,48.0,1,0,5,CYPRUS DR,negative_T_minus_H_minus_5y
1250,2008-11-15,CI,300.0,1955.0,53.0,0,1,5,AVALON PL,positive_T_minus_H
18000,2008-11-15,CI,200.0,1967.0,41.0,1,1,5,HANSON AVE,positive_T_minus_H
43480,2008-11-17,CI,200.0,1958.0,50.0,3,0,5,WILSON AVE,negative_T_minus_H_minus_5y
15830,2008-11-18,CI,150.0,1967.0,41.0,2,1,5,FURNESS DR,positive_T_minus_H
26150,2008-11-19,DI,100.0,1969.0,39.0,2,0,5,MEADOW CRES,negative_T_minus_H_minus_5y
35600,2008-11-19,CI,150.0,1924.0,84.0,2,0,5,SPRING VALLEY RD,negative_T_minus_H_minus_2y
37070,2008-11-19,CI,150.0,1964.0,44.0,1,1,5,SUMMIT AVE,positive_T_minus_H
31910,2008-11-20,CI,150.0,1966.0,42.0,2,0,5,QUEENSTON DR,negative_T_minus_H_minus_1y
86902,2008-11-20,CI,150.0,1960.0,48.0,0,1,5,HICKSON DR,positive_T_minus_H
19680,2008-11-21,DI,200.0,1987.0,21.0,0,0,5,HOLBORN CRT,negative_T_minus_H_minus_4y
85816,2008-11-21,DI,150.0,1980.0,28.0,0,0,5,ALBION ST,negative_T_minus_H_minus_5y
38500,2008-11-24,CI,150.0,1966.0,42.0,0,0,5,TUPPER CRES,negative_T_minus_H_minus_5y
81112,2008-11-24,DI,300.0,1974.0,34.0,0,0,5,DUKE ST W,negative_T_minus_H_minus_2y
19090,2008-11-26,CI,300.0,1955.0,53.0,2,1,5,HIGHLAND RD E,positive_T_minus_H
20420,2008-11-26,DI,150.0,1966.0,42.0,0,0,5,INWOOD DR,negative_T_minus_H_minus_5y
38140,2008-11-26,DI,200.0,1967.0,41.0,0,0,5,TRAYNOR AVE,negative_T_minus_H_minus_1y
82724,2008-11-27,DI,300.0,1975.0,33.0,0,0,5,DUKE ST W,negative_T_minus_H_minus_1y
34640,2008-11-28,CI,150.0,1925.0,83.0,2,1,5,SHELDON AVE N,positive_T_minus_H
37620,2008-11-28,CI,150.0,1961.0,47.0,4,0,5,THALER AVE,negative_T_minus_H_minus_1y
7940,2008-11-28,DI,150.0,1966.0,42.0,1,0,5,CONWAY DR,negative_T_minus_H_minus_1y
86812,2008-11-28,CI,150.0,1958.0,50.0,0,0,5,TRAFALGAR AVE,negative_T_minus_H_minus_5y
24090,2008-11-29,CI,150.0,1952.0,56.0,0,0,5,LORNE AVE,negative_T_minus_H_minus_2y
33800,2008-11-29,CI,150.0,1964.0,44.0,0,0,5,RUTHERFORD DR,negative_T_minus_H_minus_2y
40390,2008-11-29,CI,200.0,1953.0,55.0,3,0,5,WALTON AVE,negative_T_minus_H_minus_4y
9340,2008-11-29,DI,150.0,1980.0,28.0,0,0,5,DINISON CRES,negative_T_minus_H_minus_5y
33990,2008-11-30,CI,150.0,1963.0,45.0,1,0,5,SCENIC DR,negative_T_minus_H_minus_5y
40150,2008-11-30,CI,150.0,1962.0,46.0,4,1,5,VILLAGE RD,positive_T_minus_H
62940,2008-11-30,PVC,300.0,2000.0,8.0,0,1,5,MAX BECKER DR,positive_T_minus_H
86278,2008-11-30,CI,150.0,1953.0,55.0,0,0,5,PATRICIA AVE,negative_T_minus_H_minus_5y
134292,2008-12-01,CI,450.0,1937.0,71.0,0,0,5,LANCASTER ST W,negative_T_minus_H_minus_4y
13800,2008-12-01,CI,150.0,1964.0,44.0,0,0,5,FAIRLAWN RD,negative_T_minus_H_minus_4y
86828,2008-12-01,CI,150.0,1961.0,47.0,0,1,5,STONYBROOK DR,positive_T_minus_H
29860,2008-12-02,CI,150.0,1964.0,44.0,3,1,5,OWEN AVE,positive_T_minus_H
43300,2008-12-03,CI,150.0,1960.0,48.0,0,1,5,WILKINS DR,positive_T_minus_H
17800,2008-12-04,CI,150.0,1966.0,42.0,3,1,5,HALIFAX DR,positive_T_minus_H
8800,2008-12-06,CI,150.0,1960.0,48.0,1,0,5,CYPRUS DR,negative_T_minus_H_minus_4y
90694,2008-12-06,CI,150.0,1956.0,52.0,0,0,5,EIGHTH AVE,negative_T_minus_H_minus_1y
1430,2008-12-07,CI,150.0,1967.0,41.0,2,1,5,BALFOUR CRES,positive_T_minus_H
80024,2008-12-07,CI,100.0,1954.0,54.0,0,0,5,SUNSET PL,negative_T_minus_H_minus_4y
20500,2008-12-09,CI,150.0,1953.0,55.0,0,0,5,JACK AVE,negative_T_minus_H_minus_4y
85432,2008-12-09,CI,150.0,1971.0,37.0,1,0,5,BROOKSIDE CRES,negative_T_minus_H_minus_4y
5040,2008-12-11,CI,150.0,1958.0,50.0,3,0,5,BURBANK RD,negative_T_minus_H_minus_1y
24040,2008-12-13,CI,150.0,1952.0,56.0,0,0,5,LOIS ST,negative_T_minus_H_minus_3y
38510,2008-12-13,DI,150.0,1966.0,42.0,0,1,5,TUPPER CRT,positive_T_minus_H
55480,2008-12-13,PVC,150.0,1995.0,13.0,0,0,5,FAIRWAY CRT,negative_T_minus_H_minus_5y
86766,2008-12-13,CI,100.0,1922.0,86.0,0,0,5,CHARLES ST E,negative_T_minus_H_minus_3y
87122,2008-12-13,DI,150.0,1966.0,42.0,0,1,5,OVERLEA DR,positive_T_minus_H
87898,2008-12-13,CI,150.0,1965.0,43.0,0,0,5,GAGE AVE,negative_T_minus_H_minus_4y
26990,2008-12-14,DI,200.0,1966.0,42.0,1,0,5,MONTCALM DR,negative_T_minus_H_minus_4y
85314,2008-12-14,CI,150.0,1965.0,43.0,1,0,5,CLOVERDALE CRES,negative_T_minus_H_minus_5y
10700,2008-12-15,CI,150.0,1961.0,47.0,0,0,5,DUNCAIRN AVE,negative_T_minus_H_minus_5y
38860,2008-12-15,CI,150.0,1974.0,34.0,1,0,5,UPLANDS DR,negative_T_minus_H_minus_4y
41450,2008-12-15,CI,150.0,1958.0,50.0,1,0,5,WEDGEWOOD DR,negative_T_minus_H_minus_4y
10110,2008-12-16,DI,450.0,1979.0,29.0,0,1,5,DRIFTWOOD DR,positive_T_minus_H
10900,2008-12-16,DI,200.0,1967.0,41.0,0,0,5,RALGREEN CRES,negative_T_minus_H_minus_3y
11720,2008-12-16,CI,150.0,1959.0,49.0,0,0,5,ELKINGTON DR,negative_T_minus_H_minus_5y
38860,2008-12-16,CI,150.0,1974.0,34.0,1,0,5,UPLANDS DR,negative_T_minus_H_minus_4y
82566,2008-12-16,DI,450.0,1979.0,29.0,0,1,5,DRIFTWOOD DR,positive_T_minus_H
87984,2008-12-16,CI,150.0,1963.0,45.0,2,1,5,RUSKVIEW RD,positive_T_minus_H
89818,2008-12-16,DI,150.0,1974.0,34.0,0,0,5,BRUNSWICK AVE,negative_T_minus_H_minus_5y
32880,2008-12-19,CI,200.0,1962.0,46.0,4,1,5,RIVERBEND DR,positive_T_minus_H
260,2008-12-21,CI,150.0,1955.0,53.0,1,0,5,ABERDEEN RD,negative_T_minus_H_minus_5y
81930,2008-12-21,CI,450.0,1937.0,71.0,0,0,5,LANCASTER ST W,negative_T_minus_H_minus_5y
86126,2008-12-21,DI,200.0,1980.0,28.0,0,1,5,OLD MILL RD,positive_T_minus_H
22500,2008-12-22,CI,150.0,1961.0,47.0,0,0,5,KINZIE AVE,negative_T_minus_H_minus_4y
31610,2008-12-22,DI,300.0,1975.0,33.0,0,1,5,QUEENS BLVD,positive_T_minus_H
32790,2008-12-23,CI,300.0,1960.0,48.0,0,0,5,RIVER RD E,negative_T_minus_H_minus_2y
86120,2008-12-23,CI,300.0,1967.0,41.0,0,0,5,COURTLAND AVE E,negative_T_minus_H_minus_2y
8950,2008-12-23,CI,150.0,1964.0,44.0,1,1,5,DANIEL AVE,positive_T_minus_H
25590,2008-12-24,CI,150.0,1958.0,50.0,1,1,5,MASSEY AVE,positive_T_minus_H
1990,2008-12-25,DI,300.0,1974.0,34.0,0,1,5,GAGE AVE,positive_T_minus_H
85314,2008-12-25,CI,150.0,1965.0,43.0,1,0,5,CLOVERDALE CRES,negative_T_minus_H_minus_4y
40400,2008-12-26,CI,200.0,1953.0,55.0,0,0,5,WALTON AVE,negative_T_minus_H_minus_4y
42650,2008-12-26,DI,300.0,1968.0,40.0,0,1,5,WESTMOUNT RD E,positive_T_minus_H
20280,2008-12-27,CI,150.0,1967.0,41.0,2,0,5,INDIAN RD,negative_T_minus_H_minus_2y
24630,2008-12-27,CI,150.0,1958.0,50.0,0,0,5,LYNDHURST DR,negative_T_minus_H_minus_3y
89922,2008-12-27,CI,150.0,1961.0,47.0,2,0,5,DUNCAIRN AVE,negative_T_minus_H_minus_3y
7780,2008-12-28,CI,150.0,1966.0,42.0,1,1,5,CONFEDERATION DR,positive_T_minus_H
8660,2008-12-28,CI,150.0,1960.0,48.0,0,0,5,CROSBY DR,negative_T_minus_H_minus_5y
10930,2008-12-30,CI,200.0,1967.0,41.0,0,0,5,EAGEN DR,negative_T_minus_H_minus_5y
18320,2008-12-30,CI,150.0,1958.0,50.0,1,0,5,HEARTH CRES,negative_T_minus_H_minus_4y
41030,2009-01-01,CI,150.0,1952.0,57.0,5,0,5,WEBER ST E,negative_T_minus_H_minus_4y
32090,2009-01-02,CI,150.0,1962.0,47.0,1,0,5,RANDERSON AVE,negative_T_minus_H_minus_5y
38120,2009-01-02,DI,200.0,1969.0,40.0,0,1,5,TRAYNOR AVE,positive_T_minus_H
16800,2009-01-03,CI,200.0,1961.0,48.0,0,0,5,GOUDIES LANE,negative_T_minus_H_minus_3y
5700,2009-01-03,CI,150.0,1958.0,51.0,1,0,5,CARWOOD AVE,negative_T_minus_H_minus_4y
91164,2009-01-03,CI,200.0,1960.0,49.0,0,1,5,FOREST HILL DR,positive_T_minus_H
24220,2009-01-04,DI,150.0,1965.0,44.0,1,0,5,LORRAINE AVE,negative_T_minus_H_minus_3y
40170,2009-01-04,CI,150.0,1957.0,52.0,0,0,5,VILLAGE RD,negative_T_minus_H_minus_2y
32270,2009-01-05,CI,150.0,1954.0,55.0,0,0,5,REYBURN AVE,negative_T_minus_H_minus_3y
35960,2009-01-05,CI,300.0,1964.0,45.0,0,0,5,STANLEY AVE,negative_T_minus_H_minus_4y
95888,2009-01-05,CI,150.0,1958.0,51.0,0,0,5,MASSEY AVE,negative_T_minus_H_minus_2y
43830,2009-01-06,CI,150.0,1960.0,49.0,0,0,5,WINSLOW DR,negative_T_minus_H_minus_1y
3770,2009-01-07,CI,150.0,1967.0,42.0,2,1,5,BONNYLYN DR,positive_T_minus_H
24580,2009-01-08,CI,150.0,1961.0,48.0,1,0,5,LYLE PL,negative_T_minus_H_minus_4y
61814,2009-01-09,CI,150.0,1967.0,42.0,1,1,5,CARSON DR,positive_T_minus_H
83480,2009-01-09,CI,150.0,1951.0,58.0,0,0,5,LAWRENCE AVE,negative_T_minus_H_minus_1y
88744,2009-01-09,CI,150.0,1957.0,52.0,0,0,5,GREENFIELD AVE,negative_T_minus_H_minus_2y
10940,2009-01-10,CI,200.0,1967.0,42.0,1,0,5,EAGEN DR,negative_T_minus_H_minus_2y
91992,2009-01-10,DI,200.0,1977.0,32.0,0,1,5,,positive_T_minus_H
20620,2009-01-11,CI,150.0,1951.0,58.0,3,1,5,JOHNSTON ST,positive_T_minus_H
21090,2009-01-11,DI,200.0,1966.0,43.0,0,0,5,KENORA DR,negative_T_minus_H_minus_4y
21100,2009-01-11,DI,200.0,1966.0,43.0,0,0,5,KENORA DR,negative_T_minus_H_minus_4y
29670,2009-01-11,CI,150.0,1949.0,60.0,0,0,5,OTTAWA ST S,negative_T_minus_H_minus_4y
64130,2009-01-11,CI,150.0,1966.0,43.0,3,0,5,INVERNESS DR,negative_T_minus_H_minus_1y
4050,2009-01-12,CI,150.0,1955.0,54.0,1,0,5,BRANDON AVE,negative_T_minus_H_minus_4y
9960,2009-01-12,DI,450.0,1969.0,40.0,0,1,5,DOON VILLAGE RD,positive_T_minus_H
20620,2009-01-13,CI,150.0,1951.0,58.0,3,1,5,JOHNSTON ST,positive_T_minus_H
21760,2009-01-13,CI,150.0,1922.0,87.0,0,0,5,KING ST E,negative_T_minus_H_minus_1y
41030,2009-01-13,CI,150.0,1952.0,57.0,5,0,5,WEBER ST E,negative_T_minus_H_minus_1y
41450,2009-01-13,CI,150.0,1958.0,51.0,1,1,5,WEDGEWOOD DR,positive_T_minus_H
91366,2009-01-13,CI,150.0,1940.0,69.0,0,0,5,STIRLING AVE S,negative_T_minus_H_minus_1y
8420,2009-01-14,CI,300.0,1967.0,42.0,2,0,5,COURTLAND AVE E,negative_T_minus_H_minus_1y
23060,2009-01-15,CI,150.0,1957.0,52.0,1,0,5,LAKESIDE DR,negative_T_minus_H_minus_1y
39600,2009-01-15,CI,200.0,1963.0,46.0,0,1,5,VICTORIA ST N,positive_T_minus_H
40150,2009-01-15,CI,150.0,1962.0,47.0,4,1,5,VILLAGE RD,positive_T_minus_H
40740,2009-01-15,CI,150.0,1966.0,43.0,1,1,5,WAYNE DR,positive_T_minus_H
59980,2009-01-15,CI,150.0,1933.0,76.0,3,0,5,JOSEPH ST,negative_T_minus_H_minus_2y
18660,2009-01-16,CI,150.0,1960.0,49.0,0,1,5,HICKSON DR,positive_T_minus_H
36530,2009-01-16,CI,150.0,1958.0,51.0,3,1,5,STONYBROOK DR,positive_T_minus_H
60100,2009-01-16,PVC,300.0,1997.0,12.0,0,0,5,OTTERBEIN RD,negative_T_minus_H_minus_4y
94808,2009-01-16,CI,150.0,1963.0,46.0,0,0,5,GUERIN AVE,negative_T_minus_H_minus_5y
84572,2009-01-17,CI,150.0,1957.0,52.0,0,0,5,GREENFIELD AVE,negative_T_minus_H_minus_3y
15420,2009-01-18,CI,300.0,1956.0,53.0,0,0,5,FRANKLIN ST N,negative_T_minus_H_minus_1y
42530,2009-01-18,CI,150.0,1959.0,50.0,2,0,5,WESTMOUNT RD E,negative_T_minus_H_minus_2y
5530,2009-01-19,DI,150.0,1967.0,42.0,0,0,5,CARNABY PL,negative_T_minus_H_minus_1y
7140,2009-01-19,DI,150.0,1965.0,44.0,1,1,5,CHICOPEE TERR,positive_T_minus_H
133812,2009-01-20,CI,300.0,1965.0,44.0,0,0,5,SASAGA DR,negative_T_minus_H_minus_4y
32130,2009-01-20,CI,150.0,1948.0,61.0,0,0,5,RAYMOND RD,negative_T_minus_H_minus_3y
87232,2009-01-20,CI,200.0,1962.0,47.0,0,0,5,UPLANDS DR,negative_T_minus_H_minus_3y
11710,2009-01-21,CI,150.0,1959.0,50.0,0,1,5,ELKINGTON DR,positive_T_minus_H
37610,2009-01-21,CI,150.0,1967.0,42.0,1,1,5,THALER AVE,positive_T_minus_H
38550,2009-01-21,CI,150.0,1954.0,55.0,2,1,5,UNION BLVD,positive_T_minus_H
43930,2009-01-21,CI,150.0,1954.0,55.0,0,0,5,WOODHAVEN RD,negative_T_minus_H_minus_1y
81440,2009-01-21,CI,150.0,1958.0,51.0,0,0,5,SHADYWOOD CRES,negative_T_minus_H_minus_1y
85890,2009-01-21,DI,150.0,1952.0,57.0,0,0,5,BRICK ST,negative_T_minus_H_minus_1y
7850,2009-01-22,CI,150.0,1953.0,56.0,0,1,5,CONNAUGHT ST,positive_T_minus_H
63330,2009-01-23,CI,150.0,1952.0,57.0,0,0,5,ADMIRAL RD,negative_T_minus_H_minus_1y
7770,2009-01-23,CI,150.0,1966.0,43.0,1,1,5,CONFEDERATION DR,positive_T_minus_H
1570,2009-01-24,CI,150.0,1964.0,45.0,1,0,5,BARBARA CRES,negative_T_minus_H_minus_4y
7960,2009-01-24,CI,150.0,1966.0,43.0,2,1,5,CONWAY DR,positive_T_minus_H
90650,2009-01-24,DI,200.0,1967.0,42.0,0,0,5,OLD CHICOPEE DR,negative_T_minus_H_minus_4y
10730,2009-01-25,CI,150.0,1949.0,60.0,0,0,5,DUNDAS AVE,negative_T_minus_H_minus_5y
11600,2009-01-25,CI,150.0,1950.0,59.0,1,1,5,EDWIN ST,positive_T_minus_H
33550,2009-01-25,CI,150.0,1959.0,50.0,3,1,5,ROSS AVE,positive_T_minus_H
35610,2009-01-25,CI,150.0,1924.0,85.0,0,0,5,SPRING VALLEY RD,negative_T_minus_H_minus_2y
94494,2009-01-25,DI,450.0,1970.0,39.0,0,0,5,COURTLAND AVE E,negative_T_minus_H_minus_4y
15200,2009-01-26,CI,150.0,1960.0,49.0,2,1,5,FOURTH AVE,positive_T_minus_H
32020,2009-01-26,DI,200.0,1974.0,35.0,0,1,5,RADCLIFFE DR,positive_T_minus_H
92854,2009-01-26,DI,200.0,1966.0,43.0,0,0,5,CARSON DR,negative_T_minus_H_minus_1y
19640,2009-01-27,CI,150.0,1956.0,53.0,1,0,5,HOFFMAN ST,negative_T_minus_H_minus_2y
38970,2009-01-27,CI,150.0,1953.0,56.0,0,1,5,VALLEYVIEW RD,positive_T_minus_H
43900,2009-01-27,CI,150.0,1954.0,55.0,0,1,5,WOODHAVEN RD,positive_T_minus_H
93744,2009-01-27,CI,150.0,1967.0,42.0,0,0,5,HOLBORN DR,negative_T_minus_H_minus_3y
37620,2009-01-28,CI,150.0,1961.0,48.0,4,0,5,THALER AVE,negative_T_minus_H_minus_1y
41470,2009-01-28,CI,150.0,1958.0,51.0,0,0,5,WEDGEWOOD DR,negative_T_minus_H_minus_2y
4720,2009-01-28,CI,150.0,1953.0,56.0,0,1,5,BROADVIEW AVE,positive_T_minus_H
18670,2009-01-29,CI,200.0,1960.0,49.0,0,1,5,HICKSON DR,positive_T_minus_H
33550,2009-01-29,CI,150.0,1959.0,50.0,3,1,5,ROSS AVE,positive_T_minus_H
43600,2009-01-29,DI,200.0,1969.0,40.0,0,0,5,WILSON AVE,negative_T_minus_H_minus_1y
18160,2009-01-30,CI,100.0,1954.0,55.0,2,0,5,HARTWOOD PL,negative_T_minus_H_minus_5y
1650,2009-01-31,DI,300.0,1991.0,18.0,0,1,5,BATTLER RD,positive_T_minus_H
76747,2009-01-31,CI,150.0,1940.0,69.0,5,0,5,STIRLING AVE S,negative_T_minus_H_minus_5y
15320,2009-02-01,DI,300.0,1964.0,45.0,0,0,5,FRANKLIN ST N,negative_T_minus_H_minus_5y
43730,2009-02-01,DI,150.0,1975.0,34.0,0,1,5,WINDING WAY,positive_T_minus_H
85222,2009-02-01,CI,300.0,1963.0,46.0,0,0,5,PENROSE AVE,negative_T_minus_H_minus_5y
93234,2009-02-01,CI,150.0,1966.0,43.0,0,0,5,FRANKLIN ST N,negative_T_minus_H_minus_5y
37020,2009-02-02,DI,150.0,1981.0,28.0,0,0,5,SUGAR MAPLE ST,negative_T_minus_H_minus_5y
84436,2009-02-02,CI,150.0,1952.0,57.0,0,0,5,OTTAWA ST N,negative_T_minus_H_minus_4y
18310,2009-02-03,DI,300.0,1969.0,40.0,4,1,5,HAZELGLEN DR,positive_T_minus_H
20580,2009-02-03,CI,150.0,1970.0,39.0,2,0,5,JANSEN AVE,negative_T_minus_H_minus_1y
24590,2009-02-03,CI,150.0,1958.0,51.0,0,1,5,LYNDHURST DR,positive_T_minus_H
42160,2009-02-03,DI,300.0,1973.0,36.0,1,1,5,WESTHEIGHTS DR,positive_T_minus_H
82468,2009-02-03,AC,450.0,1952.0,57.0,0,1,5,WINDALE CRES,positive_T_minus_H
82686,2009-02-03,DI,150.0,1976.0,33.0,0,1,5,PARKLAND CRES,positive_T_minus_H
15450,2009-02-04,CI,150.0,1957.0,52.0,1,0,5,FRANKLIN ST S,negative_T_minus_H_minus_5y
17380,2009-02-04,CI,150.0,1953.0,56.0,1,0,5,GREENFIELD AVE,negative_T_minus_H_minus_4y
38770,2009-02-04,CI,150.0,1950.0,59.0,0,0,5,UNION ST,negative_T_minus_H_minus_5y
43480,2009-02-04,CI,200.0,1958.0,51.0,3,0,5,WILSON AVE,negative_T_minus_H_minus_2y
8940,2009-02-04,CI,150.0,1964.0,45.0,1,1,5,DANIEL AVE,positive_T_minus_H
11720,2009-02-05,CI,150.0,1959.0,50.0,0,0,5,ELKINGTON DR,negative_T_minus_H_minus_2y
14350,2009-02-05,CI,200.0,1952.0,57.0,0,0,5,FIFTH AVE,negative_T_minus_H_minus_4y
40160,2009-02-05,CI,150.0,1957.0,52.0,1,0,5,VILLAGE RD,negative_T_minus_H_minus_5y
20610,2009-02-06,CI,150.0,1962.0,47.0,0,0,5,JEAN AVE,negative_T_minus_H_minus_1y
79346,2009-02-06,CI,150.0,1962.0,47.0,1,1,5,ARCHER PL,positive_T_minus_H
87892,2009-02-06,CI,150.0,1953.0,56.0,0,0,5,GREENFIELD AVE,negative_T_minus_H_minus_4y
15760,2009-02-07,CI,300.0,1959.0,50.0,0,0,5,AVON RD,negative_T_minus_H_minus_5y
33420,2009-02-07,CI,150.0,1959.0,50.0,0,0,5,ROSEMOUNT DR,negative_T_minus_H_minus_2y
42530,2009-02-07,CI,150.0,1959.0,50.0,2,0,5,WESTMOUNT RD E,negative_T_minus_H_minus_2y
61826,2009-02-07,DI,150.0,1967.0,42.0,0,0,5,PARKVIEW CRES,negative_T_minus_H_minus_1y
7740,2009-02-07,DI,150.0,1966.0,43.0,1,0,5,CONFEDERATION DR,negative_T_minus_H_minus_4y
85518,2009-02-07,CI,200.0,1961.0,48.0,0,0,5,AVON RD,negative_T_minus_H_minus_5y
95188,2009-02-07,CI,300.0,1961.0,48.0,0,0,5,FAIRWAY RD S,negative_T_minus_H_minus_1y
28590,2009-02-08,DI,150.0,1967.0,42.0,3,0,5,OLD YORK CRES,negative_T_minus_H_minus_1y
43210,2009-02-08,CI,150.0,1953.0,56.0,3,1,5,WILFRED AVE,positive_T_minus_H
76747,2009-02-08,CI,150.0,1940.0,69.0,5,0,5,STIRLING AVE S,negative_T_minus_H_minus_1y
94556,2009-02-08,DI,300.0,1964.0,45.0,0,0,5,HIGHLAND RD W,negative_T_minus_H_minus_1y
18350,2009-02-10,CI,150.0,1954.0,55.0,1,0,5,HEATHER AVE,negative_T_minus_H_minus_5y
59990,2009-02-10,CI,150.0,1950.0,59.0,0,1,5,EDNA ST,positive_T_minus_H
6490,2009-02-10,CI,150.0,1953.0,56.0,0,1,5,CHAPEL ST,positive_T_minus_H
8560,2009-02-10,CI,200.0,1960.0,49.0,0,0,5,CRAIG DR,negative_T_minus_H_minus_2y
22500,2009-02-12,CI,150.0,1961.0,48.0,0,1,5,KINZIE AVE,positive_T_minus_H
23260,2009-02-12,DI,450.0,1968.0,41.0,1,1,5,LANCASTER ST W,positive_T_minus_H
440,2009-02-12,DI,300.0,1978.0,31.0,3,1,5,SCHWEITZER ST,positive_T_minus_H
83602,2009-02-12,CI,150.0,1945.0,64.0,0,1,5,DOON RD,positive_T_minus_H
10700,2009-02-13,CI,150.0,1961.0,48.0,0,0,5,DUNCAIRN AVE,negative_T_minus_H_minus_2y
10900,2009-02-13,DI,200.0,1967.0,42.0,0,0,5,RALGREEN CRES,negative_T_minus_H_minus_1y
16140,2009-02-13,PVC,150.0,1976.0,33.0,0,1,5,GEORGIAN ST,positive_T_minus_H
22600,2009-02-13,CI,150.0,1959.0,50.0,1,0,5,KIPLING AVE,negative_T_minus_H_minus_3y
36540,2009-02-13,CI,150.0,1958.0,51.0,2,1,5,STONYBROOK DR,positive_T_minus_H
43020,2009-02-13,DI,300.0,1966.0,43.0,0,0,5,WESTWOOD DR,negative_T_minus_H_minus_4y
43970,2009-02-13,CI,150.0,1957.0,52.0,0,1,5,WOODHAVEN RD,positive_T_minus_H
16320,2009-02-14,DI,300.0,1975.0,34.0,0,1,5,GLASGOW ST,positive_T_minus_H
36160,2009-02-14,CI,300.0,1932.0,77.0,0,1,5,STIRLING AVE S,positive_T_minus_H
31670,2009-02-15,DI,200.0,1966.0,43.0,1,0,5,QUEENS BLVD,negative_T_minus_H_minus_3y
21110,2009-02-16,DI,200.0,1966.0,43.0,0,0,5,KENORA DR,negative_T_minus_H_minus_4y
21140,2009-02-16,CI,150.0,1954.0,55.0,2,0,5,KENSINGTON AVE,negative_T_minus_H_minus_1y
33810,2009-02-16,CI,150.0,1964.0,45.0,3,0,5,RUTHERFORD DR,negative_T_minus_H_minus_3y
38520,2009-02-16,CI,150.0,1957.0,52.0,0,0,5,TURNER AVE,negative_T_minus_H_minus_2y
40150,2009-02-16,CI,150.0,1962.0,47.0,4,1,5,VILLAGE RD,positive_T_minus_H
41490,2009-02-16,CI,150.0,1963.0,46.0,0,1,5,WEICHEL ST,positive_T_minus_H
43830,2009-02-16,CI,150.0,1960.0,49.0,0,1,5,WINSLOW DR,positive_T_minus_H
2000,2009-02-17,CI,300.0,1957.0,52.0,1,0,5,BELMONT AVE W,negative_T_minus_H_minus_3y
95640,2009-02-17,CI,150.0,1964.0,45.0,0,1,5,BARBARA CRES,positive_T_minus_H
17830,2009-02-18,DI,200.0,1964.0,45.0,0,0,5,OWEN AVE,negative_T_minus_H_minus_5y
24580,2009-02-18,CI,150.0,1961.0,48.0,1,0,5,LYLE PL,negative_T_minus_H_minus_2y
30440,2009-02-18,CI,150.0,1962.0,47.0,1,0,5,PEACHWOOD CRT,negative_T_minus_H_minus_3y
31730,2009-02-18,DI,200.0,1966.0,43.0,0,0,5,QUEENS BLVD,negative_T_minus_H_minus_2y
34030,2009-02-19,CI,150.0,1967.0,42.0,1,1,5,SCHOFIELD DR,positive_T_minus_H
38190,2009-02-19,CI,150.0,1958.0,51.0,4,0,5,TRAYNOR AVE,negative_T_minus_H_minus_4y
39860,2009-02-19,CI,150.0,1947.0,62.0,0,1,5,VICTORIA ST S,positive_T_minus_H
16240,2009-02-20,CI,150.0,1962.0,47.0,1,0,5,GILMOUR CRES,negative_T_minus_H_minus_1y
1120,2009-02-21,DI,150.0,1973.0,36.0,0,1,5,AUTUMN HILL CRES,positive_T_minus_H
23480,2009-02-22,CI,150.0,1948.0,61.0,3,1,5,LANG CRES,positive_T_minus_H
260,2009-02-22,CI,150.0,1955.0,54.0,1,0,5,ABERDEEN RD,negative_T_minus_H_minus_2y
41630,2009-02-22,CI,100.0,1916.0,93.0,0,0,5,WELLINGTON ST N,negative_T_minus_H_minus_1y
43970,2009-02-22,CI,150.0,1957.0,52.0,0,1,5,WOODHAVEN RD,positive_T_minus_H
86562,2009-02-22,CI,150.0,1954.0,55.0,0,0,5,WOODHAVEN RD,negative_T_minus_H_minus_1y
31910,2009-02-24,CI,150.0,1966.0,43.0,2,0,5,QUEENSTON DR,negative_T_minus_H_minus_1y
34680,2009-02-24,CI,150.0,1946.0,63.0,1,1,5,SHELDON AVE N,positive_T_minus_H
41630,2009-02-24,CI,100.0,1916.0,93.0,0,1,5,WELLINGTON ST N,positive_T_minus_H
3440,2009-02-25,CI,300.0,1964.0,45.0,3,0,5,BLOOMINGDALE RD,negative_T_minus_H_minus_1y
64370,2009-02-25,CI,450.0,1951.0,58.0,0,1,5,BELMONT AVE E,positive_T_minus_H
25160,2009-02-26,CI,150.0,1949.0,60.0,0,1,5,MAPLE AVE,positive_T_minus_H
7860,2009-02-26,CI,150.0,1953.0,56.0,0,0,5,CONNAUGHT ST,negative_T_minus_H_minus_4y
8560,2009-02-26,CI,200.0,1960.0,49.0,0,0,5,CRAIG DR,negative_T_minus_H_minus_1y
27810,2009-02-27,CI,150.0,1960.0,49.0,2,1,5,NINE PINES RD,positive_T_minus_H
37010,2009-02-27,DI,150.0,1981.0,28.0,0,0,5,SUGAR MAPLE PL,negative_T_minus_H_minus_4y
70980,2009-02-27,PVC,300.0,2004.0,5.0,0,0,5,JOSEPH ST,negative_T_minus_H_minus_1y
26270,2009-02-28,CI,150.0,1953.0,56.0,1,1,5,MELROSE AVE,positive_T_minus_H
37010,2009-02-28,DI,150.0,1981.0,28.0,0,0,5,SUGAR MAPLE PL,negative_T_minus_H_minus_4y
44440,2009-02-28,DI,100.0,1961.0,48.0,1,0,5,YULE PL,negative_T_minus_H_minus_2y
4700,2009-03-01,CI,150.0,1957.0,52.0,0,0,5,LAKESIDE DR,negative_T_minus_H_minus_1y
34650,2009-03-02,CI,150.0,1946.0,63.0,0,0,5,SHELDON AVE N,negative_T_minus_H_minus_1y
40410,2009-03-02,CI,150.0,1953.0,56.0,0,1,5,WANDSWORTH PL,positive_T_minus_H
89056,2009-03-04,CI,150.0,1962.0,47.0,0,0,5,VILLAGE RD,negative_T_minus_H_minus_1y
32030,2009-03-05,DI,200.0,1974.0,35.0,0,1,5,RADCLIFFE DR,positive_T_minus_H
35230,2009-03-05,CI,150.0,1950.0,59.0,1,0,5,SOUTH DR,negative_T_minus_H_minus_1y
84436,2009-03-05,CI,150.0,1952.0,57.0,0,0,5,OTTAWA ST N,negative_T_minus_H_minus_1y
8580,2009-03-05,DI,150.0,1987.0,22.0,0,0,5,CRAIG DR,negative_T_minus_H_minus_1y
90536,2009-03-05,DI,150.0,1987.0,22.0,0,0,5,SUMMERHILL CRES,negative_T_minus_H_minus_1y
34670,2009-03-06,CI,150.0,1946.0,63.0,3,0,5,SHELDON AVE N,negative_T_minus_H_minus_1y
26580,2009-03-08,CI,150.0,1961.0,48.0,0,0,5,MILL PARK DR,negative_T_minus_H_minus_3y
9470,2009-03-08,CI,150.0,1960.0,49.0,0,0,5,DIXON ST,negative_T_minus_H_minus_2y
78074,2009-03-09,CI,150.0,1925.0,84.0,1,0,5,AHRENS ST W,negative_T_minus_H_minus_1y
9090,2009-03-09,CI,150.0,1958.0,51.0,0,1,5,DEERFIELD AVE,positive_T_minus_H
11030,2009-03-10,CI,300.0,1949.0,60.0,0,1,5,GLENDALE RD,positive_T_minus_H
4430,2009-03-13,DI,150.0,1952.0,57.0,9,1,5,BRICK ST,positive_T_minus_H
25450,2009-03-15,CI,150.0,1964.0,45.0,0,0,5,MARKET ST,negative_T_minus_H_minus_1y
89504,2009-03-15,DI,150.0,1974.0,35.0,0,0,5,FOUR SEASONS CRT,negative_T_minus_H_minus_1y
89534,2009-03-15,CI,150.0,1965.0,44.0,0,1,5,BRADLEY DR,positive_T_minus_H
39040,2009-03-16,CI,200.0,1953.0,56.0,3,1,5,VANIER DR,positive_T_minus_H
15190,2009-03-17,DI,150.0,1974.0,35.0,1,0,5,FOUR SEASONS CRT,negative_T_minus_H_minus_1y
8800,2009-03-17,CI,150.0,1960.0,49.0,1,0,5,CYPRUS DR,negative_T_minus_H_minus_5y
37620,2009-03-18,CI,150.0,1961.0,48.0,4,0,5,THALER AVE,negative_T_minus_H_minus_1y
24850,2009-03-19,CI,200.0,1958.0,51.0,0,0,5,MANCHESTER RD,negative_T_minus_H_minus_5y
33470,2009-03-19,DI,150.0,1974.0,35.0,1,0,5,ROSENEATH CRES,negative_T_minus_H_minus_5y
32670,2009-03-21,DI,300.0,1971.0,38.0,1,0,5,RIVER RD E,negative_T_minus_H_minus_1y
1720,2009-03-22,DI,200.0,1979.0,30.0,0,0,5,BECHTEL DR,negative_T_minus_H_minus_4y
32730,2009-03-22,CI,150.0,1959.0,50.0,1,0,5,RIVER RD E,negative_T_minus_H_minus_5y
33050,2009-03-22,CI,300.0,1935.0,74.0,1,1,5,ROCKWAY DR,positive_T_minus_H
28420,2009-03-23,DI,150.0,1987.0,22.0,0,0,5,OLD COUNTRY PL,negative_T_minus_H_minus_5y
34800,2009-03-24,CI,150.0,1953.0,56.0,0,0,5,SHERIDAN CRT,negative_T_minus_H_minus_1y
82894,2009-03-25,CI,150.0,1974.0,35.0,2,0,5,BOSWORTH CRES,negative_T_minus_H_minus_3y
84964,2009-03-25,CI,150.0,1966.0,43.0,0,0,5,DALEWOOD DR,negative_T_minus_H_minus_3y
19080,2009-03-27,CI,150.0,1952.0,57.0,1,1,5,HIGHLAND RD E,positive_T_minus_H
76577,2009-03-28,DI,150.0,1955.0,54.0,0,0,5,MANCHESTER RD,negative_T_minus_H_minus_1y
25190,2009-03-29,DI,300.0,1976.0,33.0,0,0,5,MAPLE AVE,negative_T_minus_H_minus_1y
40740,2009-03-29,CI,150.0,1966.0,43.0,1,1,5,WAYNE DR,positive_T_minus_H
11640,2009-03-30,CI,150.0,1953.0,56.0,0,0,5,EIGHTH AVE,negative_T_minus_H_minus_1y
16550,2009-03-30,CI,150.0,1969.0,40.0,1,1,5,GLEN LAKE CRES,positive_T_minus_H
4940,2009-03-30,CI,150.0,1953.0,56.0,0,1,5,BRUCE ST,positive_T_minus_H
15330,2009-03-31,CI,300.0,1963.0,46.0,1,0,5,FRANKLIN ST N,negative_T_minus_H_minus_1y
16550,2009-04-01,CI,150.0,1969.0,40.0,1,1,5,GLEN LAKE CRES,positive_T_minus_H
7940,2009-04-02,DI,150.0,1966.0,43.0,1,1,5,CONWAY DR,positive_T_minus_H
33160,2009-04-03,DI,150.0,1987.0,22.0,0,0,5,ROLLING ACRES DR,negative_T_minus_H_minus_4y
76738,2009-04-04,CI,150.0,1923.0,86.0,0,0,5,MT HOPE ST,negative_T_minus_H_minus_1y
24640,2009-04-07,CI,150.0,1958.0,51.0,1,1,5,LYNDHURST DR,positive_T_minus_H
58280,2009-04-09,DI,300.0,1981.0,28.0,0,0,5,OTTAWA ST S,negative_T_minus_H_minus_1y
260,2009-04-10,CI,150.0,1955.0,54.0,1,0,5,ABERDEEN RD,negative_T_minus_H_minus_4y
15080,2009-04-14,DI,150.0,1969.0,40.0,0,1,5,FORESTWOOD DR,positive_T_minus_H
40630,2009-04-17,DI,300.0,1975.0,34.0,0,1,5,WATER ST S,positive_T_minus_H
92756,2009-04-18,DI,150.0,1971.0,38.0,0,0,5,VICMOUNT DR,negative_T_minus_H_minus_4y
18100,2009-04-20,DI,150.0,1976.0,33.0,0,0,5,HARCOURT CRES,negative_T_minus_H_minus_1y
10520,2009-04-23,CI,150.0,1974.0,35.0,0,0,5,DUKE ST W,negative_T_minus_H_minus_1y
15440,2009-04-23,CI,150.0,1957.0,52.0,4,0,5,FRANKLIN ST S,negative_T_minus_H_minus_1y
16240,2009-04-23,CI,150.0,1962.0,47.0,1,0,5,GILMOUR CRES,negative_T_minus_H_minus_1y
21140,2009-04-23,CI,150.0,1954.0,55.0,2,0,5,KENSINGTON AVE,negative_T_minus_H_minus_1y
92756,2009-04-23,DI,150.0,1971.0,38.0,0,0,5,VICMOUNT DR,negative_T_minus_H_minus_1y
69455,2009-04-25,PVC,150.0,2008.0,1.0,0,0,5,CHARLES ST E,negative_T_minus_H_minus_5y
10560,2009-04-26,DI,300.0,1981.0,28.0,0,1,5,DUMART PL,positive_T_minus_H
20090,2009-04-29,CI,150.0,1966.0,43.0,2,0,5,HUNTLEY CRES,negative_T_minus_H_minus_5y
19650,2009-05-03,CI,150.0,1956.0,53.0,0,0,5,HOFFMAN ST,negative_T_minus_H_minus_5y
84242,2009-05-06,CI,150.0,1952.0,57.0,0,0,5,EPHRAIM ST,negative_T_minus_H_minus_3y
18090,2009-05-07,CI,200.0,1953.0,56.0,0,0,5,HARBER AVE,negative_T_minus_H_minus_5y
29210,2009-05-07,CI,300.0,1950.0,59.0,0,0,5,OTTAWA ST N,negative_T_minus_H_minus_5y
14830,2009-05-08,CI,200.0,1962.0,47.0,2,0,5,FOREST HILL DR,negative_T_minus_H_minus_5y
87370,2009-05-08,CI,150.0,1964.0,45.0,0,0,5,FOREST HILL DR,negative_T_minus_H_minus_5y
61828,2009-05-10,DI,200.0,1967.0,42.0,0,0,5,OTTAWA ST N,negative_T_minus_H_minus_5y
34770,2009-05-14,DI,100.0,1968.0,41.0,0,1,5,SHELLEY PL,positive_T_minus_H
36450,2009-05-15,DI,150.0,1976.0,33.0,0,0,5,STONEGATE DR,negative_T_minus_H_minus_5y
6710,2009-05-18,CI,100.0,1922.0,87.0,3,1,5,CHARLES ST E,positive_T_minus_H
89828,2009-05-21,CI,150.0,1963.0,46.0,0,1,5,RIVER RD E,positive_T_minus_H
78900,2009-05-23,DI,300.0,1974.0,35.0,0,1,5,BELMONT AVE W,positive_T_minus_H
20860,2009-05-24,DI,150.0,1968.0,41.0,0,0,5,KARN ST,negative_T_minus_H_minus_3y
20860,2009-05-26,DI,150.0,1968.0,41.0,0,0,5,KARN ST,negative_T_minus_H_minus_3y
35300,2009-06-03,DI,150.0,1974.0,35.0,0,1,5,SOUTHWOOD DR,positive_T_minus_H
7140,2009-06-03,DI,150.0,1965.0,44.0,1,1,5,CHICOPEE TERR,positive_T_minus_H
94002,2009-06-03,DI,150.0,1974.0,35.0,0,1,5,DEVONGLEN DR,positive_T_minus_H
35030,2009-06-06,CI,150.0,1967.0,42.0,3,0,5,SILVERSPRING CRES,negative_T_minus_H_minus_1y
15440,2009-06-09,CI,150.0,1957.0,52.0,4,0,5,FRANKLIN ST S,negative_T_minus_H_minus_2y
18650,2009-06-09,CI,200.0,1960.0,49.0,0,0,5,HICKSON DR,negative_T_minus_H_minus_3y
38780,2009-06-09,CI,200.0,1948.0,61.0,0,0,5,UNION ST,negative_T_minus_H_minus_2y
44060,2009-06-09,DI,150.0,1981.0,28.0,0,0,5,WOODVIEW CRES,negative_T_minus_H_minus_2y
44360,2009-06-09,DI,300.0,1992.0,17.0,0,0,5,YOUNG ST,negative_T_minus_H_minus_2y
83662,2009-06-09,CI,150.0,1958.0,51.0,0,0,5,LYNDHURST DR,negative_T_minus_H_minus_2y
86412,2009-06-09,DI,300.0,1967.0,42.0,0,0,5,ARDELT PL,negative_T_minus_H_minus_2y
40520,2009-06-11,DI,300.0,1975.0,34.0,0,0,5,WATER ST N,negative_T_minus_H_minus_5y
91438,2009-06-12,DI,150.0,1974.0,35.0,0,0,5,AMHERST DR,negative_T_minus_H_minus_5y
9470,2009-06-13,CI,150.0,1960.0,49.0,0,0,5,DIXON ST,negative_T_minus_H_minus_4y
42190,2009-06-14,DI,200.0,1973.0,36.0,0,0,5,WESTHEIGHTS DR,negative_T_minus_H_minus_5y
90106,2009-06-17,DI,200.0,1975.0,34.0,0,1,5,QUEENS BLVD,positive_T_minus_H
67760,2009-06-19,PVC,300.0,2001.0,8.0,0,0,5,KING ST E,negative_T_minus_H_minus_3y
86808,2009-06-19,DI,150.0,1980.0,29.0,0,0,5,OLD FOREST CRES,negative_T_minus_H_minus_1y
68100,2009-06-20,PVC,300.0,2002.0,7.0,0,0,5,WABANAKI DR,negative_T_minus_H_minus_4y
2050,2009-06-26,CI,200.0,1952.0,57.0,0,0,5,BELMONT AVE W,negative_T_minus_H_minus_3y
26930,2009-07-01,DI,150.0,1986.0,23.0,0,0,5,MONTANA CRES,negative_T_minus_H_minus_3y
85458,2009-07-05,DI,150.0,1962.0,47.0,0,1,5,MANCHESTER RD,positive_T_minus_H
14100,2009-07-07,DI,300.0,1974.0,35.0,0,0,5,FARRIER DR,negative_T_minus_H_minus_2y
40570,2009-07-07,DI,300.0,1979.0,30.0,0,0,5,WATER ST S,negative_T_minus_H_minus_4y
62930,2009-07-11,PVC,150.0,1999.0,10.0,0,1,5,BERRY MOSS ST,positive_T_minus_H
28240,2009-07-12,DI,200.0,1977.0,32.0,0,0,5,OLD CARRIAGE DR,negative_T_minus_H_minus_2y
21970,2009-07-18,CPP,450.0,1988.0,21.0,2,0,5,KING ST E,negative_T_minus_H_minus_1y
33280,2009-07-18,DI,300.0,1987.0,22.0,0,0,5,ROLLING MEADOWS DR,negative_T_minus_H_minus_4y
340,2009-07-20,CI,150.0,1950.0,59.0,0,0,5,ADELAIDE ST,negative_T_minus_H_minus_4y
142914,2009-07-21,AC,300.0,1975.0,34.0,0,0,5,BIEHN DR,negative_T_minus_H_minus_2y
39390,2009-07-21,DI,300.0,1976.0,33.0,0,0,5,VICTORIA ST N,negative_T_minus_H_minus_4y
69510,2009-07-22,PVC,300.0,2003.0,6.0,1,0,5,WEBER ST W,negative_T_minus_H_minus_3y
61807,2009-07-24,CI,300.0,1930.0,79.0,0,0,5,VICTORIA ST N,negative_T_minus_H_minus_4y
90214,2009-07-24,CI,150.0,1958.0,51.0,0,0,5,BONIFACE AVE,negative_T_minus_H_minus_5y
25510,2009-07-26,COP,25.0,1950.0,59.0,0,0,5,MARLBOROUGH AVE,negative_T_minus_H_minus_5y
10730,2009-07-27,CI,150.0,1949.0,60.0,0,0,5,DUNDAS AVE,negative_T_minus_H_minus_2y
18280,2009-07-27,DI,300.0,1968.0,41.0,3,0,5,HAZELGLEN DR,negative_T_minus_H_minus_3y
87118,2009-07-28,CI,150.0,1957.0,52.0,0,0,5,GUELPH ST,negative_T_minus_H_minus_1y
4920,2009-08-03,CI,150.0,1952.0,57.0,0,0,5,BRUCE ST,negative_T_minus_H_minus_5y
87566,2009-08-03,PVC,300.0,2000.0,9.0,1,0,5,KING ST E,negative_T_minus_H_minus_1y
19570,2009-08-06,CI,150.0,1949.0,60.0,0,0,5,HILLVIEW ST,negative_T_minus_H_minus_3y
24770,2009-08-06,DI,150.0,1965.0,44.0,0,0,5,MADISON AVE S,negative_T_minus_H_minus_1y
16340,2009-08-07,DI,200.0,1983.0,26.0,0,0,5,GLASGOW ST,negative_T_minus_H_minus_2y
8570,2009-08-09,DI,150.0,1987.0,22.0,0,0,5,CRAIG DR,negative_T_minus_H_minus_3y
43480,2009-08-11,CI,200.0,1958.0,51.0,3,0,5,WILSON AVE,negative_T_minus_H_minus_4y
7160,2009-08-12,DI,150.0,1968.0,41.0,3,1,5,CHOPIN DR,positive_T_minus_H
35610,2009-08-13,CI,150.0,1924.0,85.0,0,0,5,SPRING VALLEY RD,negative_T_minus_H_minus_1y
15730,2009-08-14,CI,200.0,1962.0,47.0,0,0,5,FREDERICK ST,negative_T_minus_H_minus_1y
36970,2009-08-17,DI,150.0,1965.0,44.0,1,1,5,STRATHCONA CRES,positive_T_minus_H
5570,2009-08-18,DI,200.0,1974.0,35.0,0,0,5,CARSON DR,negative_T_minus_H_minus_3y
89608,2009-08-20,CI,150.0,1961.0,48.0,0,1,5,LANG CRES,positive_T_minus_H
39350,2009-08-24,DI,200.0,1976.0,33.0,0,0,5,VICTORIA ST N,negative_T_minus_H_minus_4y
4950,2009-08-24,CI,150.0,1953.0,56.0,1,0,5,BRUCE ST,negative_T_minus_H_minus_5y
87898,2009-08-25,CI,150.0,1965.0,44.0,0,0,5,GAGE AVE,negative_T_minus_H_minus_5y
65390,2009-08-28,PVC,150.0,2000.0,9.0,0,0,5,KING ST E,negative_T_minus_H_minus_5y
21890,2009-08-29,CI,100.0,1937.0,72.0,2,0,5,KING ST E,negative_T_minus_H_minus_3y
27040,2009-08-30,DI,200.0,1966.0,43.0,0,0,5,MONTCALM DR,negative_T_minus_H_minus_3y
15720,2009-09-02,CI,200.0,1952.0,57.0,0,0,5,FREDERICK ST,negative_T_minus_H_minus_4y
29630,2009-09-04,CI,150.0,1923.0,86.0,3,1,5,OTTAWA ST S,positive_T_minus_H
11510,2009-09-05,CI,200.0,1950.0,59.0,0,0,5,VICTORIA ST N,negative_T_minus_H_minus_4y
1150,2009-09-06,DI,150.0,1973.0,36.0,0,0,5,AUTUMN HILL CRES,negative_T_minus_H_minus_5y
27130,2009-09-09,CPP,600.0,1966.0,43.0,0,0,5,MONTGOMERY RD,negative_T_minus_H_minus_5y
27140,2009-09-09,CI,600.0,1966.0,43.0,0,0,5,MONTGOMERY RD,negative_T_minus_H_minus_5y
95448,2009-09-09,CI,150.0,1952.0,57.0,0,0,5,MONTGOMERY RD,negative_T_minus_H_minus_5y
18620,2009-09-11,DI,150.0,1972.0,37.0,0,0,5,HICKORY HEIGHTS CRES,negative_T_minus_H_minus_1y
38050,2009-09-12,CI,150.0,1958.0,51.0,0,0,5,TRAFALGAR AVE,negative_T_minus_H_minus_5y
36450,2009-09-16,DI,150.0,1976.0,33.0,0,0,5,STONEGATE DR,negative_T_minus_H_minus_5y
40400,2009-09-19,CI,200.0,1953.0,56.0,0,1,5,WALTON AVE,positive_T_minus_H
5840,2009-09-19,DI,150.0,1981.0,28.0,0,0,5,CEDAR CREST ST,negative_T_minus_H_minus_4y
27820,2009-09-20,CI,200.0,1961.0,48.0,0,1,5,NINTH AVE,positive_T_minus_H
76747,2009-09-23,CI,150.0,1940.0,69.0,5,1,5,STIRLING AVE S,positive_T_minus_H
450,2009-09-24,CI,150.0,1959.0,50.0,0,0,5,AHRENS ST W,negative_T_minus_H_minus_4y
38140,2009-09-26,DI,200.0,1967.0,42.0,0,1,5,TRAYNOR AVE,positive_T_minus_H
11910,2009-09-27,CI,200.0,1969.0,40.0,0,0,5,ELMSDALE DR,negative_T_minus_H_minus_2y
19480,2009-09-30,DI,150.0,1972.0,37.0,1,1,5,HILLBROOK CRES,positive_T_minus_H
4115199,2009-10-01,XXX,25.0,2001.0,8.0,0,0,5,HEARTHWOOD DR,negative_T_minus_H_minus_5y
34670,2009-10-03,CI,150.0,1946.0,63.0,3,0,5,SHELDON AVE N,negative_T_minus_H_minus_2y
87690,2009-10-04,PVC,200.0,1994.0,15.0,0,0,5,IDLE CREEK DR,negative_T_minus_H_minus_4y
7970,2009-10-05,CI,150.0,1966.0,43.0,1,0,5,CONWAY DR,negative_T_minus_H_minus_2y
37140,2009-10-09,CI,100.0,1954.0,55.0,1,0,5,SUNSET PL,negative_T_minus_H_minus_4y
90626,2009-10-11,DI,150.0,1987.0,22.0,0,0,5,VERONICA DR,negative_T_minus_H_minus_2y
1720,2009-10-12,DI,200.0,1979.0,30.0,0,0,5,BECHTEL DR,negative_T_minus_H_minus_3y
8370,2009-10-12,CI,300.0,1963.0,46.0,1,1,5,COURTLAND AVE E,positive_T_minus_H
1670,2009-10-13,DI,200.0,1979.0,30.0,0,0,5,PIONEER DR,negative_T_minus_H_minus_3y
17830,2009-10-14,DI,200.0,1964.0,45.0,0,0,5,OWEN AVE,negative_T_minus_H_minus_1y
27380,2009-10-15,DI,200.0,1971.0,38.0,0,0,5,MORGAN AVE,negative_T_minus_H_minus_1y
34850,2009-10-17,CI,150.0,1954.0,55.0,0,0,5,SHERWOOD AVE,negative_T_minus_H_minus_2y
28240,2009-10-19,DI,200.0,1977.0,32.0,0,0,5,OLD CARRIAGE DR,negative_T_minus_H_minus_4y
76729,2009-10-23,DI,150.0,1967.0,42.0,3,0,5,HAYWARD AVE,negative_T_minus_H_minus_1y
31900,2009-10-27,CI,150.0,1966.0,43.0,1,0,5,QUEENSTON DR,negative_T_minus_H_minus_1y
27620,2009-10-29,PVC,150.0,1976.0,33.0,0,1,5,NATCHEZ RD,positive_T_minus_H
39040,2009-10-30,CI,200.0,1953.0,56.0,3,1,5,VANIER DR,positive_T_minus_H
41010,2009-10-30,CI,150.0,1948.0,61.0,0,0,5,WEBER ST E,negative_T_minus_H_minus_4y
5610,2009-11-01,DI,200.0,1966.0,43.0,2,0,5,CARSON DR,negative_T_minus_H_minus_5y
65890,2009-11-02,PVC,300.0,2000.0,9.0,0,1,5,MAX BECKER DR,positive_T_minus_H
83342,2009-11-03,CI,450.0,1964.0,45.0,0,0,5,OVERLEA DR,negative_T_minus_H_minus_1y
30500,2009-11-04,DI,150.0,1966.0,43.0,0,1,5,PENROSE AVE,positive_T_minus_H
90768,2009-11-06,CI,300.0,1935.0,74.0,0,1,5,ROCKWAY DR,positive_T_minus_H
93146,2009-11-06,CI,150.0,1962.0,47.0,0,0,5,BELTON DR,negative_T_minus_H_minus_5y
37540,2009-11-07,CI,150.0,1958.0,51.0,2,0,5,TANGLEWOOD AVE,negative_T_minus_H_minus_4y
15120,2009-11-08,DI,150.0,1977.0,32.0,0,0,5,FORFAR AVE,negative_T_minus_H_minus_5y
86698,2009-11-08,CI,150.0,1953.0,56.0,0,0,5,CONNAUGHT ST,negative_T_minus_H_minus_3y
43010,2009-11-12,DI,300.0,1966.0,43.0,0,0,5,WESTWOOD DR,negative_T_minus_H_minus_4y
38890,2009-11-14,DI,200.0,1971.0,38.0,0,0,5,UPPER CANADA DR,negative_T_minus_H_minus_3y
42530,2009-11-14,CI,150.0,1959.0,50.0,2,1,5,WESTMOUNT RD E,positive_T_minus_H
8790,2009-11-14,CI,150.0,1960.0,49.0,1,0,5,CYPRUS DR,negative_T_minus_H_minus_4y
43480,2009-11-17,CI,200.0,1958.0,51.0,3,0,5,WILSON AVE,negative_T_minus_H_minus_4y
26150,2009-11-19,DI,100.0,1969.0,40.0,2,0,5,MEADOW CRES,negative_T_minus_H_minus_4y
35600,2009-11-19,CI,150.0,1924.0,85.0,2,0,5,SPRING VALLEY RD,negative_T_minus_H_minus_1y
31910,2009-11-20,CI,150.0,1966.0,43.0,2,1,5,QUEENSTON DR,positive_T_minus_H
19680,2009-11-21,DI,200.0,1987.0,22.0,0,0,5,HOLBORN CRT,negative_T_minus_H_minus_3y
85816,2009-11-21,DI,150.0,1980.0,29.0,0,0,5,ALBION ST,negative_T_minus_H_minus_4y
900,2009-11-21,CI,150.0,1953.0,56.0,2,0,5,ARLINGTON BLVD,negative_T_minus_H_minus_5y
21040,2009-11-23,CI,150.0,1958.0,51.0,1,1,5,KENNETH AVE,positive_T_minus_H
38500,2009-11-24,CI,150.0,1966.0,43.0,0,0,5,TUPPER CRES,negative_T_minus_H_minus_4y
81112,2009-11-24,DI,300.0,1974.0,35.0,0,0,5,DUKE ST W,negative_T_minus_H_minus_1y
20420,2009-11-26,DI,150.0,1966.0,43.0,0,0,5,INWOOD DR,negative_T_minus_H_minus_4y
38140,2009-11-26,DI,200.0,1967.0,42.0,0,1,5,TRAYNOR AVE,positive_T_minus_H
82724,2009-11-27,DI,300.0,1975.0,34.0,0,1,5,DUKE ST W,positive_T_minus_H
37620,2009-11-28,CI,150.0,1961.0,48.0,4,1,5,THALER AVE,positive_T_minus_H
7940,2009-11-28,DI,150.0,1966.0,43.0,1,1,5,CONWAY DR,positive_T_minus_H
86812,2009-11-28,CI,150.0,1958.0,51.0,0,0,5,TRAFALGAR AVE,negative_T_minus_H_minus_4y
24090,2009-11-29,CI,150.0,1952.0,57.0,0,0,5,LORNE AVE,negative_T_minus_H_minus_1y
33800,2009-11-29,CI,150.0,1964.0,45.0,0,0,5,RUTHERFORD DR,negative_T_minus_H_minus_1y
40390,2009-11-29,CI,200.0,1953.0,56.0,3,0,5,WALTON AVE,negative_T_minus_H_minus_3y
9340,2009-11-29,DI,150.0,1980.0,29.0,0,0,5,DINISON CRES,negative_T_minus_H_minus_4y
33990,2009-11-30,CI,150.0,1963.0,46.0,1,0,5,SCENIC DR,negative_T_minus_H_minus_4y
40570,2009-11-30,DI,300.0,1979.0,30.0,0,0,5,WATER ST S,negative_T_minus_H_minus_5y
86278,2009-11-30,CI,150.0,1953.0,56.0,0,0,5,PATRICIA AVE,negative_T_minus_H_minus_4y
134292,2009-12-01,CI,450.0,1937.0,72.0,0,0,5,LANCASTER ST W,negative_T_minus_H_minus_3y
13800,2009-12-01,CI,150.0,1964.0,45.0,0,0,5,FAIRLAWN RD,negative_T_minus_H_minus_3y
38270,2009-12-01,DI,300.0,1973.0,36.0,1,0,5,TRILLIUM DR,negative_T_minus_H_minus_5y
900,2009-12-03,CI,150.0,1953.0,56.0,2,0,5,ARLINGTON BLVD,negative_T_minus_H_minus_3y
42930,2009-12-04,DI,300.0,1971.0,38.0,4,1,5,WESTWOOD DR,positive_T_minus_H
17260,2009-12-05,CI,200.0,1957.0,52.0,0,0,5,GREENBROOK DR,negative_T_minus_H_minus_5y
8800,2009-12-06,CI,150.0,1960.0,49.0,1,0,5,CYPRUS DR,negative_T_minus_H_minus_3y
90694,2009-12-06,CI,150.0,1956.0,53.0,0,1,5,EIGHTH AVE,positive_T_minus_H
80024,2009-12-07,CI,100.0,1954.0,55.0,0,0,5,SUNSET PL,negative_T_minus_H_minus_3y
69383,2009-12-08,PVC,150.0,2008.0,1.0,4,1,5,MADISON AVE S,positive_T_minus_H
20500,2009-12-09,CI,150.0,1953.0,56.0,0,0,5,JACK AVE,negative_T_minus_H_minus_3y
40150,2009-12-09,CI,150.0,1962.0,47.0,4,1,5,VILLAGE RD,positive_T_minus_H
85432,2009-12-09,CI,150.0,1971.0,38.0,1,0,5,BROOKSIDE CRES,negative_T_minus_H_minus_3y
19310,2009-12-10,CI,150.0,1963.0,46.0,0,0,5,HIGHPARK AVE,negative_T_minus_H_minus_5y
86784,2009-12-10,DI,300.0,1976.0,33.0,0,0,5,KING ST W,negative_T_minus_H_minus_5y
19310,2009-12-11,CI,150.0,1963.0,46.0,0,0,5,HIGHPARK AVE,negative_T_minus_H_minus_5y
5040,2009-12-11,CI,150.0,1958.0,51.0,3,1,5,BURBANK RD,positive_T_minus_H
24040,2009-12-13,CI,150.0,1952.0,57.0,0,0,5,LOIS ST,negative_T_minus_H_minus_2y
55480,2009-12-13,PVC,150.0,1995.0,14.0,0,0,5,FAIRWAY CRT,negative_T_minus_H_minus_4y
86766,2009-12-13,CI,100.0,1922.0,87.0,0,0,5,CHARLES ST E,negative_T_minus_H_minus_2y
87898,2009-12-13,CI,150.0,1965.0,44.0,0,0,5,GAGE AVE,negative_T_minus_H_minus_3y
26990,2009-12-14,DI,200.0,1966.0,43.0,1,0,5,MONTCALM DR,negative_T_minus_H_minus_3y
85314,2009-12-14,CI,150.0,1965.0,44.0,1,0,5,CLOVERDALE CRES,negative_T_minus_H_minus_4y
10700,2009-12-15,CI,150.0,1961.0,48.0,0,0,5,DUNCAIRN AVE,negative_T_minus_H_minus_4y
38860,2009-12-15,CI,150.0,1974.0,35.0,1,0,5,UPLANDS DR,negative_T_minus_H_minus_3y
10900,2009-12-16,DI,200.0,1967.0,42.0,0,0,5,RALGREEN CRES,negative_T_minus_H_minus_2y
11720,2009-12-16,CI,150.0,1959.0,50.0,0,0,5,ELKINGTON DR,negative_T_minus_H_minus_4y
38860,2009-12-16,CI,150.0,1974.0,35.0,1,0,5,UPLANDS DR,negative_T_minus_H_minus_3y
89818,2009-12-16,DI,150.0,1974.0,35.0,0,0,5,BRUNSWICK AVE,negative_T_minus_H_minus_4y
41000,2009-12-19,CI,150.0,1948.0,61.0,1,0,5,WEBER ST E,negative_T_minus_H_minus_5y
15320,2009-12-21,DI,300.0,1964.0,45.0,0,0,5,FRANKLIN ST N,negative_T_minus_H_minus_5y
260,2009-12-21,CI,150.0,1955.0,54.0,1,0,5,ABERDEEN RD,negative_T_minus_H_minus_4y
34230,2009-12-21,CI,150.0,1963.0,46.0,0,0,5,SECORD AVE,negative_T_minus_H_minus_5y
81930,2009-12-21,CI,450.0,1937.0,72.0,0,0,5,LANCASTER ST W,negative_T_minus_H_minus_4y
20570,2009-12-22,CI,150.0,1961.0,48.0,4,0,5,JANSEN AVE,negative_T_minus_H_minus_3y
32320,2009-12-23,CI,150.0,1960.0,49.0,2,1,5,RIPPLEWOOD CRES,positive_T_minus_H
32790,2009-12-23,CI,300.0,1960.0,49.0,0,0,5,RIVER RD E,negative_T_minus_H_minus_1y
86120,2009-12-23,CI,300.0,1967.0,42.0,0,0,5,COURTLAND AVE E,negative_T_minus_H_minus_1y
85314,2009-12-25,CI,150.0,1965.0,44.0,1,0,5,CLOVERDALE CRES,negative_T_minus_H_minus_3y
24860,2009-12-26,CI,200.0,1961.0,48.0,1,0,5,MANCHESTER RD,negative_T_minus_H_minus_5y
20280,2009-12-27,CI,150.0,1967.0,42.0,2,0,5,INDIAN RD,negative_T_minus_H_minus_1y
24630,2009-12-27,CI,150.0,1958.0,51.0,0,0,5,LYNDHURST DR,negative_T_minus_H_minus_2y
89922,2009-12-27,CI,150.0,1961.0,48.0,2,0,5,DUNCAIRN AVE,negative_T_minus_H_minus_2y
8660,2009-12-28,CI,150.0,1960.0,49.0,0,0,5,CROSBY DR,negative_T_minus_H_minus_4y
97272,2009-12-29,PVC,150.0,2009.0,0.0,0,0,5,BRIDGE ST E,negative_T_minus_H_minus_1y
10930,2009-12-30,CI,200.0,1967.0,42.0,0,0,5,EAGEN DR,negative_T_minus_H_minus_4y
18320,2009-12-30,CI,150.0,1958.0,51.0,1,0,5,HEARTH CRES,negative_T_minus_H_minus_3y
41030,2009-12-30,CI,150.0,1952.0,57.0,5,0,5,WEBER ST E,negative_T_minus_H_minus_5y
85012,2009-12-31,CI,150.0,1967.0,42.0,0,0,5,THALER AVE,negative_T_minus_H_minus_5y
35610,2010-01-01,CI,150.0,1924.0,86.0,0,0,5,SPRING VALLEY RD,negative_T_minus_H_minus_5y
41030,2010-01-01,CI,150.0,1952.0,58.0,5,0,5,WEBER ST E,negative_T_minus_H_minus_3y
32090,2010-01-02,CI,150.0,1962.0,48.0,1,0,5,RANDERSON AVE,negative_T_minus_H_minus_4y
16800,2010-01-03,CI,200.0,1961.0,49.0,0,0,5,GOUDIES LANE,negative_T_minus_H_minus_2y
5700,2010-01-03,CI,150.0,1958.0,52.0,1,0,5,CARWOOD AVE,negative_T_minus_H_minus_3y
15840,2010-01-04,CI,300.0,1969.0,41.0,2,0,5,GAGE AVE,negative_T_minus_H_minus_4y
24220,2010-01-04,DI,150.0,1965.0,45.0,1,0,5,LORRAINE AVE,negative_T_minus_H_minus_2y
40170,2010-01-04,CI,150.0,1957.0,53.0,0,0,5,VILLAGE RD,negative_T_minus_H_minus_1y
92202,2010-01-04,CI,150.0,1967.0,43.0,1,0,5,GAY CRES,negative_T_minus_H_minus_5y
32270,2010-01-05,CI,150.0,1954.0,56.0,0,0,5,REYBURN AVE,negative_T_minus_H_minus_2y
32900,2010-01-05,CI,300.0,1960.0,50.0,3,0,5,SHIRLEY AVE,negative_T_minus_H_minus_1y
35960,2010-01-05,CI,300.0,1964.0,46.0,0,0,5,STANLEY AVE,negative_T_minus_H_minus_3y
95888,2010-01-05,CI,150.0,1958.0,52.0,0,0,5,MASSEY AVE,negative_T_minus_H_minus_1y
34230,2010-01-06,CI,150.0,1963.0,47.0,0,0,5,SECORD AVE,negative_T_minus_H_minus_5y
43830,2010-01-06,CI,150.0,1960.0,50.0,0,1,5,WINSLOW DR,positive_T_minus_H
34230,2010-01-07,CI,150.0,1963.0,47.0,0,0,5,SECORD AVE,negative_T_minus_H_minus_5y
24580,2010-01-08,CI,150.0,1961.0,49.0,1,0,5,LYLE PL,negative_T_minus_H_minus_3y
83480,2010-01-09,CI,150.0,1951.0,59.0,0,1,5,LAWRENCE AVE,positive_T_minus_H
88744,2010-01-09,CI,150.0,1957.0,53.0,0,0,5,GREENFIELD AVE,negative_T_minus_H_minus_1y
10940,2010-01-10,CI,200.0,1967.0,43.0,1,0,5,EAGEN DR,negative_T_minus_H_minus_1y
21090,2010-01-11,DI,200.0,1966.0,44.0,0,0,5,KENORA DR,negative_T_minus_H_minus_3y
21100,2010-01-11,DI,200.0,1966.0,44.0,0,0,5,KENORA DR,negative_T_minus_H_minus_3y
29670,2010-01-11,CI,150.0,1949.0,61.0,0,0,5,OTTAWA ST S,negative_T_minus_H_minus_3y
64130,2010-01-11,CI,150.0,1966.0,44.0,3,1,5,INVERNESS DR,positive_T_minus_H
4050,2010-01-12,CI,150.0,1955.0,55.0,1,0,5,BRANDON AVE,negative_T_minus_H_minus_3y
21760,2010-01-13,CI,150.0,1922.0,88.0,0,1,5,KING ST E,positive_T_minus_H
41030,2010-01-13,CI,150.0,1952.0,58.0,5,1,5,WEBER ST E,positive_T_minus_H
91366,2010-01-13,CI,150.0,1940.0,70.0,0,1,5,STIRLING AVE S,positive_T_minus_H
8420,2010-01-14,CI,300.0,1967.0,43.0,2,1,5,COURTLAND AVE E,positive_T_minus_H
85102,2010-01-14,DI,150.0,1965.0,45.0,1,1,5,STRATHCONA CRES,positive_T_minus_H
23060,2010-01-15,CI,150.0,1957.0,53.0,1,1,5,LAKESIDE DR,positive_T_minus_H
59980,2010-01-15,CI,150.0,1933.0,77.0,3,0,5,JOSEPH ST,negative_T_minus_H_minus_1y
78900,2010-01-15,DI,300.0,1974.0,36.0,1,1,5,BELMONT AVE W,positive_T_minus_H
60100,2010-01-16,PVC,300.0,1997.0,13.0,0,0,5,OTTERBEIN RD,negative_T_minus_H_minus_3y
94808,2010-01-16,CI,150.0,1963.0,47.0,0,0,5,GUERIN AVE,negative_T_minus_H_minus_4y
31730,2010-01-17,DI,200.0,1966.0,44.0,0,0,5,QUEENS BLVD,negative_T_minus_H_minus_5y
84572,2010-01-17,CI,150.0,1957.0,53.0,0,0,5,GREENFIELD AVE,negative_T_minus_H_minus_2y
15420,2010-01-18,CI,300.0,1956.0,54.0,0,1,5,FRANKLIN ST N,positive_T_minus_H
4430,2010-01-18,DI,150.0,1952.0,58.0,10,1,5,BRICK ST,positive_T_minus_H
5530,2010-01-19,DI,150.0,1967.0,43.0,0,1,5,CARNABY PL,positive_T_minus_H
133812,2010-01-20,CI,300.0,1965.0,45.0,0,0,5,SASAGA DR,negative_T_minus_H_minus_3y
32130,2010-01-20,CI,150.0,1948.0,62.0,0,0,5,RAYMOND RD,negative_T_minus_H_minus_2y
87232,2010-01-20,CI,200.0,1962.0,48.0,0,0,5,UPLANDS DR,negative_T_minus_H_minus_2y
1230,2010-01-21,CI,150.0,1958.0,52.0,3,1,5,AVALON PL,positive_T_minus_H
1360,2010-01-21,CI,200.0,1961.0,49.0,0,0,5,AVON RD,negative_T_minus_H_minus_5y
43930,2010-01-21,CI,150.0,1954.0,56.0,0,1,5,WOODHAVEN RD,positive_T_minus_H
81440,2010-01-21,CI,150.0,1958.0,52.0,0,1,5,SHADYWOOD CRES,positive_T_minus_H
85890,2010-01-21,DI,150.0,1952.0,58.0,0,1,5,BRICK ST,positive_T_minus_H
63330,2010-01-23,CI,150.0,1952.0,58.0,0,1,5,ADMIRAL RD,positive_T_minus_H
1570,2010-01-24,CI,150.0,1964.0,46.0,1,0,5,BARBARA CRES,negative_T_minus_H_minus_3y
18110,2010-01-24,CI,150.0,1961.0,49.0,0,0,5,HAROLD AVE,negative_T_minus_H_minus_5y
90650,2010-01-24,DI,200.0,1967.0,43.0,0,0,5,OLD CHICOPEE DR,negative_T_minus_H_minus_3y
10730,2010-01-25,CI,150.0,1949.0,61.0,0,0,5,DUNDAS AVE,negative_T_minus_H_minus_4y
35610,2010-01-25,CI,150.0,1924.0,86.0,0,0,5,SPRING VALLEY RD,negative_T_minus_H_minus_1y
94494,2010-01-25,DI,450.0,1970.0,40.0,0,0,5,COURTLAND AVE E,negative_T_minus_H_minus_3y
92854,2010-01-26,DI,200.0,1966.0,44.0,0,1,5,CARSON DR,positive_T_minus_H
19640,2010-01-27,CI,150.0,1956.0,54.0,1,0,5,HOFFMAN ST,negative_T_minus_H_minus_1y
93744,2010-01-27,CI,150.0,1967.0,43.0,0,0,5,HOLBORN DR,negative_T_minus_H_minus_2y
37620,2010-01-28,CI,150.0,1961.0,49.0,4,1,5,THALER AVE,positive_T_minus_H
41470,2010-01-28,CI,150.0,1958.0,52.0,0,0,5,WEDGEWOOD DR,negative_T_minus_H_minus_1y
43600,2010-01-29,DI,200.0,1969.0,41.0,0,1,5,WILSON AVE,positive_T_minus_H
18160,2010-01-30,CI,100.0,1954.0,56.0,2,0,5,HARTWOOD PL,negative_T_minus_H_minus_4y
15320,2010-02-01,DI,300.0,1964.0,46.0,0,0,5,FRANKLIN ST N,negative_T_minus_H_minus_4y
85222,2010-02-01,CI,300.0,1963.0,47.0,0,0,5,PENROSE AVE,negative_T_minus_H_minus_4y
93234,2010-02-01,CI,150.0,1966.0,44.0,0,0,5,FRANKLIN ST N,negative_T_minus_H_minus_4y
27670,2010-02-02,CI,150.0,1964.0,46.0,1,1,5,NELSON AVE,positive_T_minus_H
37020,2010-02-02,DI,150.0,1981.0,29.0,0,0,5,SUGAR MAPLE ST,negative_T_minus_H_minus_4y
84436,2010-02-02,CI,150.0,1952.0,58.0,0,0,5,OTTAWA ST N,negative_T_minus_H_minus_3y
20580,2010-02-03,CI,150.0,1970.0,40.0,2,1,5,JANSEN AVE,positive_T_minus_H
15450,2010-02-04,CI,150.0,1957.0,53.0,1,0,5,FRANKLIN ST S,negative_T_minus_H_minus_4y
17380,2010-02-04,CI,150.0,1953.0,57.0,1,0,5,GREENFIELD AVE,negative_T_minus_H_minus_3y
38770,2010-02-04,CI,150.0,1950.0,60.0,0,0,5,UNION ST,negative_T_minus_H_minus_4y
43480,2010-02-04,CI,200.0,1958.0,52.0,3,0,5,WILSON AVE,negative_T_minus_H_minus_1y
11720,2010-02-05,CI,150.0,1959.0,51.0,0,0,5,ELKINGTON DR,negative_T_minus_H_minus_1y
14350,2010-02-05,CI,200.0,1952.0,58.0,0,0,5,FIFTH AVE,negative_T_minus_H_minus_3y
40160,2010-02-05,CI,150.0,1957.0,53.0,1,0,5,VILLAGE RD,negative_T_minus_H_minus_4y
20610,2010-02-06,CI,150.0,1962.0,48.0,0,1,5,JEAN AVE,positive_T_minus_H
22600,2010-02-06,CI,150.0,1959.0,51.0,1,0,5,KIPLING AVE,negative_T_minus_H_minus_5y
87892,2010-02-06,CI,150.0,1953.0,57.0,0,0,5,GREENFIELD AVE,negative_T_minus_H_minus_3y
15760,2010-02-07,CI,300.0,1959.0,51.0,0,0,5,AVON RD,negative_T_minus_H_minus_4y
33420,2010-02-07,CI,150.0,1959.0,51.0,0,0,5,ROSEMOUNT DR,negative_T_minus_H_minus_1y
61826,2010-02-07,DI,150.0,1967.0,43.0,0,1,5,PARKVIEW CRES,positive_T_minus_H
7740,2010-02-07,DI,150.0,1966.0,44.0,1,0,5,CONFEDERATION DR,negative_T_minus_H_minus_3y
85518,2010-02-07,CI,200.0,1961.0,49.0,0,0,5,AVON RD,negative_T_minus_H_minus_4y
95188,2010-02-07,CI,300.0,1961.0,49.0,0,1,5,FAIRWAY RD S,positive_T_minus_H
28590,2010-02-08,DI,150.0,1967.0,43.0,3,1,5,OLD YORK CRES,positive_T_minus_H
76747,2010-02-08,CI,150.0,1940.0,70.0,5,1,5,STIRLING AVE S,positive_T_minus_H
94556,2010-02-08,DI,300.0,1964.0,46.0,0,1,5,HIGHLAND RD W,positive_T_minus_H
31930,2010-02-09,DI,150.0,1966.0,44.0,1,1,5,QUEENSTON DR,positive_T_minus_H
18350,2010-02-10,CI,150.0,1954.0,56.0,1,0,5,HEATHER AVE,negative_T_minus_H_minus_4y
5360,2010-02-10,DI,150.0,1982.0,28.0,0,0,5,CAMERON ST N,negative_T_minus_H_minus_5y
8560,2010-02-10,CI,200.0,1960.0,50.0,0,0,5,CRAIG DR,negative_T_minus_H_minus_1y
20530,2010-02-12,CI,150.0,1947.0,63.0,2,1,5,JACKSON AVE,positive_T_minus_H
27320,2010-02-12,CI,150.0,1961.0,49.0,2,1,5,MORGAN AVE,positive_T_minus_H
10700,2010-02-13,CI,150.0,1961.0,49.0,0,0,5,DUNCAIRN AVE,negative_T_minus_H_minus_1y
10900,2010-02-13,DI,200.0,1967.0,43.0,0,1,5,RALGREEN CRES,positive_T_minus_H
22600,2010-02-13,CI,150.0,1959.0,51.0,1,0,5,KIPLING AVE,negative_T_minus_H_minus_2y
43020,2010-02-13,DI,300.0,1966.0,44.0,0,0,5,WESTWOOD DR,negative_T_minus_H_minus_3y
31670,2010-02-15,DI,200.0,1966.0,44.0,1,0,5,QUEENS BLVD,negative_T_minus_H_minus_2y
4530,2010-02-15,CI,150.0,1958.0,52.0,3,1,5,BRIDGE ST W,positive_T_minus_H
21110,2010-02-16,DI,200.0,1966.0,44.0,0,0,5,KENORA DR,negative_T_minus_H_minus_3y
21140,2010-02-16,CI,150.0,1954.0,56.0,2,1,5,KENSINGTON AVE,positive_T_minus_H
33810,2010-02-16,CI,150.0,1964.0,46.0,3,0,5,RUTHERFORD DR,negative_T_minus_H_minus_2y
38520,2010-02-16,CI,150.0,1957.0,53.0,0,0,5,TURNER AVE,negative_T_minus_H_minus_1y
2000,2010-02-17,CI,300.0,1957.0,53.0,1,0,5,BELMONT AVE W,negative_T_minus_H_minus_2y
9100,2010-02-17,CI,150.0,1962.0,48.0,1,1,5,DEERPARK CRES,positive_T_minus_H
17830,2010-02-18,DI,200.0,1964.0,46.0,0,0,5,OWEN AVE,negative_T_minus_H_minus_4y
24580,2010-02-18,CI,150.0,1961.0,49.0,1,0,5,LYLE PL,negative_T_minus_H_minus_1y
30440,2010-02-18,CI,150.0,1962.0,48.0,1,0,5,PEACHWOOD CRT,negative_T_minus_H_minus_2y
31730,2010-02-18,DI,200.0,1966.0,44.0,0,0,5,QUEENS BLVD,negative_T_minus_H_minus_1y
38190,2010-02-19,CI,150.0,1958.0,52.0,4,0,5,TRAYNOR AVE,negative_T_minus_H_minus_3y
39050,2010-02-19,CI,200.0,1953.0,57.0,0,1,5,VANIER DR,positive_T_minus_H
16240,2010-02-20,CI,150.0,1962.0,48.0,1,1,5,GILMOUR CRES,positive_T_minus_H
88076,2010-02-20,CI,150.0,1960.0,50.0,1,1,5,RIPPLEWOOD CRES,positive_T_minus_H
14940,2010-02-21,CI,150.0,1958.0,52.0,3,0,5,FOREST HILL DR,negative_T_minus_H_minus_5y
17200,2010-02-21,CI,200.0,1959.0,51.0,0,0,5,GREENBROOK DR,negative_T_minus_H_minus_5y
88300,2010-02-21,DI,600.0,1978.0,32.0,0,0,5,VICTORIA ST N,negative_T_minus_H_minus_5y
260,2010-02-22,CI,150.0,1955.0,55.0,1,0,5,ABERDEEN RD,negative_T_minus_H_minus_1y
41630,2010-02-22,CI,100.0,1916.0,94.0,0,1,5,WELLINGTON ST N,positive_T_minus_H
86562,2010-02-22,CI,150.0,1954.0,56.0,0,1,5,WOODHAVEN RD,positive_T_minus_H
20410,2010-02-23,DI,150.0,1966.0,44.0,1,0,5,INWOOD CRES,negative_T_minus_H_minus_2y
33530,2010-02-23,CI,150.0,1959.0,51.0,1,1,5,ROSS AVE,positive_T_minus_H
31910,2010-02-24,CI,150.0,1966.0,44.0,2,1,5,QUEENSTON DR,positive_T_minus_H
3440,2010-02-25,CI,300.0,1964.0,46.0,3,1,5,BLOOMINGDALE RD,positive_T_minus_H
7860,2010-02-26,CI,150.0,1953.0,57.0,0,0,5,CONNAUGHT ST,negative_T_minus_H_minus_3y
8560,2010-02-26,CI,200.0,1960.0,50.0,0,1,5,CRAIG DR,positive_T_minus_H
37010,2010-02-27,DI,150.0,1981.0,29.0,0,0,5,SUGAR MAPLE PL,negative_T_minus_H_minus_3y
70980,2010-02-27,PVC,300.0,2004.0,6.0,0,1,5,JOSEPH ST,positive_T_minus_H
18670,2010-02-28,CI,200.0,1960.0,50.0,0,1,5,HICKSON DR,positive_T_minus_H
37010,2010-02-28,DI,150.0,1981.0,29.0,0,0,5,SUGAR MAPLE PL,negative_T_minus_H_minus_3y
44440,2010-02-28,DI,100.0,1961.0,49.0,1,0,5,YULE PL,negative_T_minus_H_minus_1y
81024,2010-02-28,CI,300.0,1966.0,44.0,0,0,5,ST LEGER ST,negative_T_minus_H_minus_5y
4700,2010-03-01,CI,150.0,1957.0,53.0,0,1,5,LAKESIDE DR,positive_T_minus_H
59990,2010-03-01,CI,150.0,1950.0,60.0,0,1,5,EDNA ST,positive_T_minus_H
26260,2010-03-02,CI,150.0,1953.0,57.0,3,1,5,MELROSE AVE,positive_T_minus_H
34650,2010-03-02,CI,150.0,1946.0,64.0,0,1,5,SHELDON AVE N,positive_T_minus_H
40740,2010-03-03,CI,150.0,1966.0,44.0,1,1,5,WAYNE DR,positive_T_minus_H
89056,2010-03-04,CI,150.0,1962.0,48.0,0,1,5,VILLAGE RD,positive_T_minus_H
31930,2010-03-05,DI,150.0,1966.0,44.0,1,1,5,QUEENSTON DR,positive_T_minus_H
33540,2010-03-05,CI,150.0,1959.0,51.0,2,1,5,ROSS AVE,positive_T_minus_H
35230,2010-03-05,CI,150.0,1950.0,60.0,1,1,5,SOUTH DR,positive_T_minus_H
58170,2010-03-05,CPP,1200.0,1989.0,21.0,0,0,5,GOODRICH DR,negative_T_minus_H_minus_5y
84436,2010-03-05,CI,150.0,1952.0,58.0,0,1,5,OTTAWA ST N,positive_T_minus_H
8580,2010-03-05,DI,150.0,1987.0,23.0,0,1,5,CRAIG DR,positive_T_minus_H
86582,2010-03-05,CI,150.0,1958.0,52.0,1,0,5,HEARTH CRES,negative_T_minus_H_minus_5y
90536,2010-03-05,DI,150.0,1987.0,23.0,0,1,5,SUMMERHILL CRES,positive_T_minus_H
27660,2010-03-06,CI,150.0,1964.0,46.0,0,0,5,NELSON AVE,negative_T_minus_H_minus_5y
34670,2010-03-06,CI,150.0,1946.0,64.0,3,1,5,SHELDON AVE N,positive_T_minus_H
26580,2010-03-08,CI,150.0,1961.0,49.0,0,0,5,MILL PARK DR,negative_T_minus_H_minus_2y
9470,2010-03-08,CI,150.0,1960.0,50.0,0,0,5,DIXON ST,negative_T_minus_H_minus_1y
42460,2010-03-09,CI,450.0,1964.0,46.0,0,0,5,WESTMOUNT RD W,negative_T_minus_H_minus_5y
78074,2010-03-09,CI,150.0,1925.0,85.0,1,1,5,AHRENS ST W,positive_T_minus_H
81024,2010-03-10,CI,300.0,1966.0,44.0,0,0,5,ST LEGER ST,negative_T_minus_H_minus_5y
25450,2010-03-15,CI,150.0,1964.0,46.0,0,1,5,MARKET ST,positive_T_minus_H
89504,2010-03-15,DI,150.0,1974.0,36.0,0,1,5,FOUR SEASONS CRT,positive_T_minus_H
15190,2010-03-17,DI,150.0,1974.0,36.0,1,1,5,FOUR SEASONS CRT,positive_T_minus_H
8800,2010-03-17,CI,150.0,1960.0,50.0,1,0,5,CYPRUS DR,negative_T_minus_H_minus_4y
10530,2010-03-18,DI,100.0,1976.0,34.0,1,1,5,DUKE ST W,positive_T_minus_H
37620,2010-03-18,CI,150.0,1961.0,49.0,4,1,5,THALER AVE,positive_T_minus_H
24850,2010-03-19,CI,200.0,1958.0,52.0,0,0,5,MANCHESTER RD,negative_T_minus_H_minus_4y
33470,2010-03-19,DI,150.0,1974.0,36.0,1,0,5,ROSENEATH CRES,negative_T_minus_H_minus_4y
32670,2010-03-21,DI,300.0,1971.0,39.0,1,1,5,RIVER RD E,positive_T_minus_H
1720,2010-03-22,DI,200.0,1979.0,31.0,0,0,5,BECHTEL DR,negative_T_minus_H_minus_3y
32730,2010-03-22,CI,150.0,1959.0,51.0,1,0,5,RIVER RD E,negative_T_minus_H_minus_4y
28420,2010-03-23,DI,150.0,1987.0,23.0,0,0,5,OLD COUNTRY PL,negative_T_minus_H_minus_4y
34800,2010-03-24,CI,150.0,1953.0,57.0,0,1,5,SHERIDAN CRT,positive_T_minus_H
25800,2010-03-25,CI,150.0,1954.0,56.0,0,1,5,MAYWOOD RD,positive_T_minus_H
82894,2010-03-25,CI,150.0,1974.0,36.0,2,0,5,BOSWORTH CRES,negative_T_minus_H_minus_2y
84964,2010-03-25,CI,150.0,1966.0,44.0,0,0,5,DALEWOOD DR,negative_T_minus_H_minus_2y
76577,2010-03-28,DI,150.0,1955.0,55.0,0,1,5,MANCHESTER RD,positive_T_minus_H
15840,2010-03-29,CI,300.0,1969.0,41.0,2,0,5,GAGE AVE,negative_T_minus_H_minus_2y
25190,2010-03-29,DI,300.0,1976.0,34.0,0,1,5,MAPLE AVE,positive_T_minus_H
11640,2010-03-30,CI,150.0,1953.0,57.0,0,1,5,EIGHTH AVE,positive_T_minus_H
15460,2010-03-30,CI,150.0,1953.0,57.0,1,1,5,FRANKLIN ST S,positive_T_minus_H
15330,2010-03-31,CI,300.0,1963.0,47.0,1,1,5,FRANKLIN ST N,positive_T_minus_H
33160,2010-04-03,DI,150.0,1987.0,23.0,0,0,5,ROLLING ACRES DR,negative_T_minus_H_minus_3y
76738,2010-04-04,CI,150.0,1923.0,87.0,0,1,5,MT HOPE ST,positive_T_minus_H
17720,2010-04-06,CI,150.0,1957.0,53.0,2,1,5,GUELPH ST,positive_T_minus_H
58280,2010-04-09,DI,300.0,1981.0,29.0,0,1,5,OTTAWA ST S,positive_T_minus_H
260,2010-04-10,CI,150.0,1955.0,55.0,1,0,5,ABERDEEN RD,negative_T_minus_H_minus_3y
92756,2010-04-18,DI,150.0,1971.0,39.0,0,0,5,VICMOUNT DR,negative_T_minus_H_minus_3y
14090,2010-04-20,DI,200.0,1974.0,36.0,2,1,5,FARRIER DR,positive_T_minus_H
18100,2010-04-20,DI,150.0,1976.0,34.0,0,1,5,HARCOURT CRES,positive_T_minus_H
10520,2010-04-23,CI,150.0,1974.0,36.0,0,1,5,DUKE ST W,positive_T_minus_H
15440,2010-04-23,CI,150.0,1957.0,53.0,4,1,5,FRANKLIN ST S,positive_T_minus_H
16240,2010-04-23,CI,150.0,1962.0,48.0,1,1,5,GILMOUR CRES,positive_T_minus_H
18000,2010-04-23,CI,200.0,1967.0,43.0,2,1,5,HANSON AVE,positive_T_minus_H
21140,2010-04-23,CI,150.0,1954.0,56.0,2,1,5,KENSINGTON AVE,positive_T_minus_H
25590,2010-04-23,CI,150.0,1958.0,52.0,3,1,5,MASSEY AVE,positive_T_minus_H
92756,2010-04-23,DI,150.0,1971.0,39.0,0,1,5,VICMOUNT DR,positive_T_minus_H
69455,2010-04-25,PVC,150.0,2008.0,2.0,0,0,5,CHARLES ST E,negative_T_minus_H_minus_4y
88718,2010-04-27,PVC,600.0,2010.0,0.0,0,0,5,VICTORIA ST S,negative_T_minus_H_minus_4y
20090,2010-04-29,CI,150.0,1966.0,44.0,2,0,5,HUNTLEY CRES,negative_T_minus_H_minus_4y
19650,2010-05-03,CI,150.0,1956.0,54.0,0,0,5,HOFFMAN ST,negative_T_minus_H_minus_4y
84242,2010-05-06,CI,150.0,1952.0,58.0,0,0,5,EPHRAIM ST,negative_T_minus_H_minus_2y
18090,2010-05-07,CI,200.0,1953.0,57.0,0,0,5,HARBER AVE,negative_T_minus_H_minus_4y
29210,2010-05-07,CI,300.0,1950.0,60.0,0,0,5,OTTAWA ST N,negative_T_minus_H_minus_4y
14830,2010-05-08,CI,200.0,1962.0,48.0,2,0,5,FOREST HILL DR,negative_T_minus_H_minus_4y
87370,2010-05-08,CI,150.0,1964.0,46.0,0,0,5,FOREST HILL DR,negative_T_minus_H_minus_4y
61828,2010-05-10,DI,200.0,1967.0,43.0,0,0,5,OTTAWA ST N,negative_T_minus_H_minus_4y
36450,2010-05-15,DI,150.0,1976.0,34.0,0,0,5,STONEGATE DR,negative_T_minus_H_minus_4y
38090,2010-05-15,DI,150.0,1978.0,32.0,0,0,5,TRAILWOOD CRES,negative_T_minus_H_minus_5y
20860,2010-05-24,DI,150.0,1968.0,42.0,0,0,5,KARN ST,negative_T_minus_H_minus_2y
20860,2010-05-26,DI,150.0,1968.0,42.0,0,0,5,KARN ST,negative_T_minus_H_minus_2y
5840,2010-05-31,DI,150.0,1981.0,29.0,0,0,5,CEDAR CREST ST,negative_T_minus_H_minus_5y
5110,2010-06-03,CI,100.0,1955.0,55.0,3,0,5,BURN PL,negative_T_minus_H_minus_5y
35030,2010-06-06,CI,150.0,1967.0,43.0,3,1,5,SILVERSPRING CRES,positive_T_minus_H
18650,2010-06-09,CI,200.0,1960.0,50.0,0,0,5,HICKSON DR,negative_T_minus_H_minus_2y
38780,2010-06-09,CI,200.0,1948.0,62.0,0,0,5,UNION ST,negative_T_minus_H_minus_1y
44060,2010-06-09,DI,150.0,1981.0,29.0,0,0,5,WOODVIEW CRES,negative_T_minus_H_minus_1y
44360,2010-06-09,DI,300.0,1992.0,18.0,0,0,5,YOUNG ST,negative_T_minus_H_minus_1y
83662,2010-06-09,CI,150.0,1958.0,52.0,0,0,5,LYNDHURST DR,negative_T_minus_H_minus_1y
86412,2010-06-09,DI,300.0,1967.0,43.0,0,0,5,ARDELT PL,negative_T_minus_H_minus_1y
40520,2010-06-11,DI,300.0,1975.0,35.0,0,0,5,WATER ST N,negative_T_minus_H_minus_4y
91438,2010-06-12,DI,150.0,1974.0,36.0,0,0,5,AMHERST DR,negative_T_minus_H_minus_4y
9470,2010-06-13,CI,150.0,1960.0,50.0,0,0,5,DIXON ST,negative_T_minus_H_minus_3y
42190,2010-06-14,DI,200.0,1973.0,37.0,0,0,5,WESTHEIGHTS DR,negative_T_minus_H_minus_4y
4111747,2010-06-17,XXX,13.0,1972.0,38.0,0,0,5,SHADELAND CRES,negative_T_minus_H_minus_5y
67760,2010-06-19,PVC,300.0,2001.0,9.0,0,0,5,KING ST E,negative_T_minus_H_minus_2y
86808,2010-06-19,DI,150.0,1980.0,30.0,0,1,5,OLD FOREST CRES,positive_T_minus_H
68100,2010-06-20,PVC,300.0,2002.0,8.0,0,0,5,WABANAKI DR,negative_T_minus_H_minus_3y
16590,2010-06-22,DI,150.0,1988.0,22.0,0,0,5,GLEN RD,negative_T_minus_H_minus_5y
137254,2010-06-25,CI,150.0,1940.0,70.0,0,0,5,STIRLING AVE S,negative_T_minus_H_minus_5y
2050,2010-06-26,CI,200.0,1952.0,58.0,0,0,5,BELMONT AVE W,negative_T_minus_H_minus_2y
26930,2010-07-01,DI,150.0,1986.0,24.0,0,0,5,MONTANA CRES,negative_T_minus_H_minus_2y
35920,2010-07-03,DI,300.0,1981.0,29.0,1,0,5,ST LEGER ST,negative_T_minus_H_minus_5y
14100,2010-07-07,DI,300.0,1974.0,36.0,0,0,5,FARRIER DR,negative_T_minus_H_minus_1y
40570,2010-07-07,DI,300.0,1979.0,31.0,0,0,5,WATER ST S,negative_T_minus_H_minus_3y
28240,2010-07-12,DI,200.0,1977.0,33.0,0,0,5,OLD CARRIAGE DR,negative_T_minus_H_minus_1y
39380,2010-07-13,DI,200.0,1976.0,34.0,0,0,5,VICTORIA ST N,negative_T_minus_H_minus_5y
32730,2010-07-14,CI,150.0,1959.0,51.0,1,0,5,RIVER RD E,negative_T_minus_H_minus_5y
39380,2010-07-14,DI,200.0,1976.0,34.0,0,0,5,VICTORIA ST N,negative_T_minus_H_minus_5y
32740,2010-07-15,CI,300.0,1958.0,52.0,0,0,5,RIVER RD E,negative_T_minus_H_minus_5y
21970,2010-07-18,CPP,450.0,1988.0,22.0,2,1,5,KING ST E,positive_T_minus_H
33280,2010-07-18,DI,300.0,1987.0,23.0,0,0,5,ROLLING MEADOWS DR,negative_T_minus_H_minus_3y
340,2010-07-20,CI,150.0,1950.0,60.0,0,0,5,ADELAIDE ST,negative_T_minus_H_minus_3y
142914,2010-07-21,AC,300.0,1975.0,35.0,0,0,5,BIEHN DR,negative_T_minus_H_minus_1y
39390,2010-07-21,DI,300.0,1976.0,34.0,0,0,5,VICTORIA ST N,negative_T_minus_H_minus_3y
57680,2010-07-22,CI,150.0,1955.0,55.0,3,1,5,EDNA ST,positive_T_minus_H
69510,2010-07-22,PVC,300.0,2003.0,7.0,1,0,5,WEBER ST W,negative_T_minus_H_minus_2y
61807,2010-07-24,CI,300.0,1930.0,80.0,0,0,5,VICTORIA ST N,negative_T_minus_H_minus_3y
90214,2010-07-24,CI,150.0,1958.0,52.0,0,0,5,BONIFACE AVE,negative_T_minus_H_minus_4y
36210,2010-07-25,CI,150.0,1948.0,62.0,0,0,5,STIRLING AVE S,negative_T_minus_H_minus_5y
25510,2010-07-26,COP,25.0,1950.0,60.0,0,0,5,MARLBOROUGH AVE,negative_T_minus_H_minus_4y
10730,2010-07-27,CI,150.0,1949.0,61.0,0,0,5,DUNDAS AVE,negative_T_minus_H_minus_1y
18280,2010-07-27,DI,300.0,1968.0,42.0,3,0,5,HAZELGLEN DR,negative_T_minus_H_minus_2y
87118,2010-07-28,CI,150.0,1957.0,53.0,0,1,5,GUELPH ST,positive_T_minus_H
57690,2010-07-30,CI,150.0,1954.0,56.0,2,0,5,CAMBRIDGE AVE,negative_T_minus_H_minus_5y
88762,2010-07-30,DI,150.0,1970.0,40.0,0,0,5,KINZIE AVE,negative_T_minus_H_minus_5y
31440,2010-08-03,DI,300.0,1983.0,27.0,0,0,5,QUEEN ST N,negative_T_minus_H_minus_5y
4920,2010-08-03,CI,150.0,1952.0,58.0,0,0,5,BRUCE ST,negative_T_minus_H_minus_4y
87566,2010-08-03,PVC,300.0,2000.0,10.0,1,1,5,KING ST E,positive_T_minus_H
19570,2010-08-06,CI,150.0,1949.0,61.0,0,0,5,HILLVIEW ST,negative_T_minus_H_minus_2y
24770,2010-08-06,DI,150.0,1965.0,45.0,0,1,5,MADISON AVE S,positive_T_minus_H
16340,2010-08-07,DI,200.0,1983.0,27.0,0,0,5,GLASGOW ST,negative_T_minus_H_minus_1y
8570,2010-08-09,DI,150.0,1987.0,23.0,0,0,5,CRAIG DR,negative_T_minus_H_minus_2y
43480,2010-08-11,CI,200.0,1958.0,52.0,3,0,5,WILSON AVE,negative_T_minus_H_minus_3y
5250,2010-08-12,CI,150.0,1954.0,56.0,3,0,5,CAMBRIDGE AVE,negative_T_minus_H_minus_5y
35610,2010-08-13,CI,150.0,1924.0,86.0,0,1,5,SPRING VALLEY RD,positive_T_minus_H
15730,2010-08-14,CI,200.0,1962.0,48.0,0,1,5,FREDERICK ST,positive_T_minus_H
5570,2010-08-18,DI,200.0,1974.0,36.0,0,0,5,CARSON DR,negative_T_minus_H_minus_2y
39350,2010-08-24,DI,200.0,1976.0,34.0,0,0,5,VICTORIA ST N,negative_T_minus_H_minus_3y
4950,2010-08-24,CI,150.0,1953.0,57.0,1,0,5,BRUCE ST,negative_T_minus_H_minus_4y
87898,2010-08-25,CI,150.0,1965.0,45.0,0,0,5,GAGE AVE,negative_T_minus_H_minus_4y
65390,2010-08-28,PVC,150.0,2000.0,10.0,0,0,5,KING ST E,negative_T_minus_H_minus_4y
21890,2010-08-29,CI,100.0,1937.0,73.0,2,0,5,KING ST E,negative_T_minus_H_minus_2y
27040,2010-08-30,DI,200.0,1966.0,44.0,0,0,5,MONTCALM DR,negative_T_minus_H_minus_2y
15720,2010-09-02,CI,200.0,1952.0,58.0,0,0,5,FREDERICK ST,negative_T_minus_H_minus_3y
11510,2010-09-05,CI,200.0,1950.0,60.0,0,0,5,VICTORIA ST N,negative_T_minus_H_minus_3y
1150,2010-09-06,DI,150.0,1973.0,37.0,0,0,5,AUTUMN HILL CRES,negative_T_minus_H_minus_4y
27130,2010-09-09,CPP,600.0,1966.0,44.0,0,0,5,MONTGOMERY RD,negative_T_minus_H_minus_4y
27140,2010-09-09,CI,600.0,1966.0,44.0,0,0,5,MONTGOMERY RD,negative_T_minus_H_minus_4y
95448,2010-09-09,CI,150.0,1952.0,58.0,0,0,5,MONTGOMERY RD,negative_T_minus_H_minus_4y
18620,2010-09-11,DI,150.0,1972.0,38.0,0,1,5,HICKORY HEIGHTS CRES,positive_T_minus_H
38050,2010-09-12,CI,150.0,1958.0,52.0,0,0,5,TRAFALGAR AVE,negative_T_minus_H_minus_4y
5610,2010-09-14,DI,200.0,1966.0,44.0,2,0,5,CARSON DR,negative_T_minus_H_minus_5y
36450,2010-09-16,DI,150.0,1976.0,34.0,0,0,5,STONEGATE DR,negative_T_minus_H_minus_4y
5840,2010-09-19,DI,150.0,1981.0,29.0,0,0,5,CEDAR CREST ST,negative_T_minus_H_minus_3y
450,2010-09-24,CI,150.0,1959.0,51.0,0,0,5,AHRENS ST W,negative_T_minus_H_minus_3y
11910,2010-09-27,CI,200.0,1969.0,41.0,0,0,5,ELMSDALE DR,negative_T_minus_H_minus_1y
4115199,2010-10-01,XXX,25.0,2001.0,9.0,0,0,5,HEARTHWOOD DR,negative_T_minus_H_minus_4y
87690,2010-10-04,PVC,200.0,1994.0,16.0,0,0,5,IDLE CREEK DR,negative_T_minus_H_minus_3y
7970,2010-10-05,CI,150.0,1966.0,44.0,1,0,5,CONWAY DR,negative_T_minus_H_minus_1y
42950,2010-10-06,DI,300.0,1969.0,41.0,0,0,5,WESTWOOD DR,negative_T_minus_H_minus_5y
42900,2010-10-07,DI,300.0,1969.0,41.0,2,0,5,WESTWOOD DR,negative_T_minus_H_minus_5y
37140,2010-10-09,CI,100.0,1954.0,56.0,1,0,5,SUNSET PL,negative_T_minus_H_minus_3y
90626,2010-10-11,DI,150.0,1987.0,23.0,0,0,5,VERONICA DR,negative_T_minus_H_minus_1y
1720,2010-10-12,DI,200.0,1979.0,31.0,0,0,5,BECHTEL DR,negative_T_minus_H_minus_2y
1670,2010-10-13,DI,200.0,1979.0,31.0,0,0,5,PIONEER DR,negative_T_minus_H_minus_2y
17830,2010-10-14,DI,200.0,1964.0,46.0,0,1,5,OWEN AVE,positive_T_minus_H
27380,2010-10-15,DI,200.0,1971.0,39.0,0,1,5,MORGAN AVE,positive_T_minus_H
5360,2010-10-16,DI,150.0,1982.0,28.0,0,0,5,CAMERON ST N,negative_T_minus_H_minus_5y
34850,2010-10-17,CI,150.0,1954.0,56.0,0,0,5,SHERWOOD AVE,negative_T_minus_H_minus_1y
28240,2010-10-19,DI,200.0,1977.0,33.0,0,0,5,OLD CARRIAGE DR,negative_T_minus_H_minus_3y
3960,2010-10-21,CI,150.0,1965.0,45.0,1,0,5,BRADLEY DR,negative_T_minus_H_minus_5y
76729,2010-10-23,DI,150.0,1967.0,43.0,3,1,5,HAYWARD AVE,positive_T_minus_H
31900,2010-10-27,CI,150.0,1966.0,44.0,1,1,5,QUEENSTON DR,positive_T_minus_H
41010,2010-10-30,CI,150.0,1948.0,62.0,0,0,5,WEBER ST E,negative_T_minus_H_minus_3y
77188,2010-10-31,DI,200.0,1959.0,51.0,1,0,5,RAITAR AVE,negative_T_minus_H_minus_5y
5610,2010-11-01,DI,200.0,1966.0,44.0,2,0,5,CARSON DR,negative_T_minus_H_minus_4y
83342,2010-11-03,CI,450.0,1964.0,46.0,0,1,5,OVERLEA DR,positive_T_minus_H
58030,2010-11-05,DI,150.0,1967.0,43.0,1,1,5,HAYWARD AVE,positive_T_minus_H
93146,2010-11-06,CI,150.0,1962.0,48.0,0,0,5,BELTON DR,negative_T_minus_H_minus_4y
37540,2010-11-07,CI,150.0,1958.0,52.0,2,0,5,TANGLEWOOD AVE,negative_T_minus_H_minus_3y
15120,2010-11-08,DI,150.0,1977.0,33.0,0,0,5,FORFAR AVE,negative_T_minus_H_minus_4y
86698,2010-11-08,CI,150.0,1953.0,57.0,0,0,5,CONNAUGHT ST,negative_T_minus_H_minus_2y
10790,2010-11-10,DI,150.0,1974.0,36.0,0,0,5,DUNSMERE CRT,negative_T_minus_H_minus_5y
10790,2010-11-11,DI,150.0,1974.0,36.0,0,0,5,DUNSMERE CRT,negative_T_minus_H_minus_5y
43010,2010-11-12,DI,300.0,1966.0,44.0,0,0,5,WESTWOOD DR,negative_T_minus_H_minus_3y
84006,2010-11-12,DI,150.0,1967.0,43.0,2,1,5,HAYWARD AVE,positive_T_minus_H
38890,2010-11-14,DI,200.0,1971.0,39.0,0,0,5,UPPER CANADA DR,negative_T_minus_H_minus_2y
8790,2010-11-14,CI,150.0,1960.0,50.0,1,0,5,CYPRUS DR,negative_T_minus_H_minus_3y
43480,2010-11-17,CI,200.0,1958.0,52.0,3,0,5,WILSON AVE,negative_T_minus_H_minus_3y
26150,2010-11-19,DI,100.0,1969.0,41.0,2,0,5,MEADOW CRES,negative_T_minus_H_minus_3y
35600,2010-11-19,CI,150.0,1924.0,86.0,2,1,5,SPRING VALLEY RD,positive_T_minus_H
18020,2010-11-20,DI,150.0,1965.0,45.0,0,0,5,HANSON AVE,negative_T_minus_H_minus_5y
19680,2010-11-21,DI,200.0,1987.0,23.0,0,0,5,HOLBORN CRT,negative_T_minus_H_minus_2y
22200,2010-11-21,CI,150.0,1966.0,44.0,2,0,5,KINGSTON CRES,negative_T_minus_H_minus_5y
32160,2010-11-21,CI,150.0,1963.0,47.0,4,0,5,RENNIE DR,negative_T_minus_H_minus_3y
85816,2010-11-21,DI,150.0,1980.0,30.0,0,0,5,ALBION ST,negative_T_minus_H_minus_3y
900,2010-11-21,CI,150.0,1953.0,57.0,2,0,5,ARLINGTON BLVD,negative_T_minus_H_minus_4y
9590,2010-11-21,CI,150.0,1958.0,52.0,3,0,5,DOON RD,negative_T_minus_H_minus_5y
38500,2010-11-24,CI,150.0,1966.0,44.0,0,0,5,TUPPER CRES,negative_T_minus_H_minus_3y
81112,2010-11-24,DI,300.0,1974.0,36.0,0,1,5,DUKE ST W,positive_T_minus_H
20420,2010-11-26,DI,150.0,1966.0,44.0,0,0,5,INWOOD DR,negative_T_minus_H_minus_3y
86812,2010-11-28,CI,150.0,1958.0,52.0,0,0,5,TRAFALGAR AVE,negative_T_minus_H_minus_3y
24090,2010-11-29,CI,150.0,1952.0,58.0,0,1,5,LORNE AVE,positive_T_minus_H
33800,2010-11-29,CI,150.0,1964.0,46.0,0,1,5,RUTHERFORD DR,positive_T_minus_H
40390,2010-11-29,CI,200.0,1953.0,57.0,3,0,5,WALTON AVE,negative_T_minus_H_minus_2y
9340,2010-11-29,DI,150.0,1980.0,30.0,0,0,5,DINISON CRES,negative_T_minus_H_minus_3y
33990,2010-11-30,CI,150.0,1963.0,47.0,1,0,5,SCENIC DR,negative_T_minus_H_minus_3y
40570,2010-11-30,DI,300.0,1979.0,31.0,0,0,5,WATER ST S,negative_T_minus_H_minus_4y
63740,2010-11-30,DI,300.0,1991.0,19.0,0,1,5,DUKE ST E,positive_T_minus_H
86278,2010-11-30,CI,150.0,1953.0,57.0,0,0,5,PATRICIA AVE,negative_T_minus_H_minus_3y
134292,2010-12-01,CI,450.0,1937.0,73.0,0,0,5,LANCASTER ST W,negative_T_minus_H_minus_2y
13800,2010-12-01,CI,150.0,1964.0,46.0,0,0,5,FAIRLAWN RD,negative_T_minus_H_minus_2y
38270,2010-12-01,DI,300.0,1973.0,37.0,1,0,5,TRILLIUM DR,negative_T_minus_H_minus_4y
40140,2010-12-03,CI,150.0,1962.0,48.0,2,1,5,VILLAGE CRES,positive_T_minus_H
900,2010-12-03,CI,150.0,1953.0,57.0,2,0,5,ARLINGTON BLVD,negative_T_minus_H_minus_2y
17260,2010-12-05,CI,200.0,1957.0,53.0,0,0,5,GREENBROOK DR,negative_T_minus_H_minus_4y
8800,2010-12-06,CI,150.0,1960.0,50.0,1,0,5,CYPRUS DR,negative_T_minus_H_minus_2y
80024,2010-12-07,CI,100.0,1954.0,56.0,0,0,5,SUNSET PL,negative_T_minus_H_minus_2y
20500,2010-12-09,CI,150.0,1953.0,57.0,0,0,5,JACK AVE,negative_T_minus_H_minus_2y
85432,2010-12-09,CI,150.0,1971.0,39.0,1,0,5,BROOKSIDE CRES,negative_T_minus_H_minus_2y
19310,2010-12-10,CI,150.0,1963.0,47.0,0,0,5,HIGHPARK AVE,negative_T_minus_H_minus_4y
86784,2010-12-10,DI,300.0,1976.0,34.0,0,0,5,KING ST W,negative_T_minus_H_minus_4y
19310,2010-12-11,CI,150.0,1963.0,47.0,0,0,5,HIGHPARK AVE,negative_T_minus_H_minus_4y
21210,2010-12-11,CI,150.0,1958.0,52.0,3,0,5,KENWOOD DR,negative_T_minus_H_minus_1y
24040,2010-12-13,CI,150.0,1952.0,58.0,0,0,5,LOIS ST,negative_T_minus_H_minus_1y
55480,2010-12-13,PVC,150.0,1995.0,15.0,0,0,5,FAIRWAY CRT,negative_T_minus_H_minus_3y
86766,2010-12-13,CI,100.0,1922.0,88.0,0,0,5,CHARLES ST E,negative_T_minus_H_minus_1y
87898,2010-12-13,CI,150.0,1965.0,45.0,0,0,5,GAGE AVE,negative_T_minus_H_minus_2y
26990,2010-12-14,DI,200.0,1966.0,44.0,1,0,5,MONTCALM DR,negative_T_minus_H_minus_2y
85314,2010-12-14,CI,150.0,1965.0,45.0,1,0,5,CLOVERDALE CRES,negative_T_minus_H_minus_3y
10700,2010-12-15,CI,150.0,1961.0,49.0,0,0,5,DUNCAIRN AVE,negative_T_minus_H_minus_3y
38860,2010-12-15,CI,150.0,1974.0,36.0,1,0,5,UPLANDS DR,negative_T_minus_H_minus_2y
11720,2010-12-16,CI,150.0,1959.0,51.0,0,0,5,ELKINGTON DR,negative_T_minus_H_minus_3y
38860,2010-12-16,CI,150.0,1974.0,36.0,1,0,5,UPLANDS DR,negative_T_minus_H_minus_2y
89818,2010-12-16,DI,150.0,1974.0,36.0,0,0,5,BRUNSWICK AVE,negative_T_minus_H_minus_3y
5610,2010-12-18,DI,200.0,1966.0,44.0,2,0,5,CARSON DR,negative_T_minus_H_minus_5y
41000,2010-12-19,CI,150.0,1948.0,62.0,1,0,5,WEBER ST E,negative_T_minus_H_minus_4y
17800,2010-12-20,CI,150.0,1966.0,44.0,3,1,5,HALIFAX DR,positive_T_minus_H
15320,2010-12-21,DI,300.0,1964.0,46.0,0,0,5,FRANKLIN ST N,negative_T_minus_H_minus_4y
260,2010-12-21,CI,150.0,1955.0,55.0,1,0,5,ABERDEEN RD,negative_T_minus_H_minus_3y
34230,2010-12-21,CI,150.0,1963.0,47.0,0,0,5,SECORD AVE,negative_T_minus_H_minus_4y
81930,2010-12-21,CI,450.0,1937.0,73.0,0,0,5,LANCASTER ST W,negative_T_minus_H_minus_3y
20570,2010-12-22,CI,150.0,1961.0,49.0,4,0,5,JANSEN AVE,negative_T_minus_H_minus_2y
32790,2010-12-23,CI,300.0,1960.0,50.0,0,1,5,RIVER RD E,positive_T_minus_H
36240,2010-12-23,CI,300.0,1957.0,53.0,1,0,5,STIRLING AVE S,negative_T_minus_H_minus_5y
86120,2010-12-23,CI,300.0,1967.0,43.0,0,1,5,COURTLAND AVE E,positive_T_minus_H
11170,2010-12-24,DI,150.0,1967.0,43.0,1,0,5,EASTWOOD DR,negative_T_minus_H_minus_5y
27320,2010-12-24,CI,150.0,1961.0,49.0,3,1,5,MORGAN AVE,positive_T_minus_H
85314,2010-12-25,CI,150.0,1965.0,45.0,1,0,5,CLOVERDALE CRES,negative_T_minus_H_minus_2y
24860,2010-12-26,CI,200.0,1961.0,49.0,1,0,5,MANCHESTER RD,negative_T_minus_H_minus_4y
20280,2010-12-27,CI,150.0,1967.0,43.0,2,1,5,INDIAN RD,positive_T_minus_H
24630,2010-12-27,CI,150.0,1958.0,52.0,0,0,5,LYNDHURST DR,negative_T_minus_H_minus_1y
89922,2010-12-27,CI,150.0,1961.0,49.0,2,0,5,DUNCAIRN AVE,negative_T_minus_H_minus_1y
8660,2010-12-28,CI,150.0,1960.0,50.0,0,0,5,CROSBY DR,negative_T_minus_H_minus_3y
97272,2010-12-29,PVC,150.0,2009.0,1.0,0,1,5,BRIDGE ST E,positive_T_minus_H
10930,2010-12-30,CI,200.0,1967.0,43.0,0,0,5,EAGEN DR,negative_T_minus_H_minus_3y
18320,2010-12-30,CI,150.0,1958.0,52.0,1,0,5,HEARTH CRES,negative_T_minus_H_minus_2y
43030,2010-12-31,CI,300.0,1971.0,39.0,2,0,5,WESTWOOD DR,negative_T_minus_H_minus_5y
85012,2010-12-31,CI,150.0,1967.0,43.0,0,0,5,THALER AVE,negative_T_minus_H_minus_4y
1430,2011-01-02,CI,150.0,1967.0,44.0,2,1,5,BALFOUR CRES,positive_T_minus_H
32090,2011-01-02,CI,150.0,1962.0,49.0,1,0,5,RANDERSON AVE,negative_T_minus_H_minus_3y
16800,2011-01-03,CI,200.0,1961.0,50.0,0,0,5,GOUDIES LANE,negative_T_minus_H_minus_1y
5700,2011-01-03,CI,150.0,1958.0,53.0,1,0,5,CARWOOD AVE,negative_T_minus_H_minus_2y
15840,2011-01-04,CI,300.0,1969.0,42.0,2,0,5,GAGE AVE,negative_T_minus_H_minus_3y
24220,2011-01-04,DI,150.0,1965.0,46.0,1,0,5,LORRAINE AVE,negative_T_minus_H_minus_1y
40170,2011-01-04,CI,150.0,1957.0,54.0,0,1,5,VILLAGE RD,positive_T_minus_H
92202,2011-01-04,CI,150.0,1967.0,44.0,1,0,5,GAY CRES,negative_T_minus_H_minus_4y
32270,2011-01-05,CI,150.0,1954.0,57.0,0,0,5,REYBURN AVE,negative_T_minus_H_minus_1y
32900,2011-01-05,CI,300.0,1960.0,51.0,3,1,5,SHIRLEY AVE,positive_T_minus_H
35960,2011-01-05,CI,300.0,1964.0,47.0,0,0,5,STANLEY AVE,negative_T_minus_H_minus_2y
89012,2011-01-05,CI,150.0,1964.0,47.0,0,0,5,OWEN AVE,negative_T_minus_H_minus_5y
95888,2011-01-05,CI,150.0,1958.0,53.0,0,1,5,MASSEY AVE,positive_T_minus_H
11910,2011-01-06,CI,200.0,1969.0,42.0,0,0,5,ELMSDALE DR,negative_T_minus_H_minus_5y
32320,2011-01-06,CI,150.0,1960.0,51.0,2,1,5,RIPPLEWOOD CRES,positive_T_minus_H
34230,2011-01-06,CI,150.0,1963.0,48.0,0,0,5,SECORD AVE,negative_T_minus_H_minus_4y
34230,2011-01-07,CI,150.0,1963.0,48.0,0,0,5,SECORD AVE,negative_T_minus_H_minus_4y
24580,2011-01-08,CI,150.0,1961.0,50.0,1,0,5,LYLE PL,negative_T_minus_H_minus_2y
29860,2011-01-08,CI,150.0,1964.0,47.0,4,1,5,OWEN AVE,positive_T_minus_H
5110,2011-01-09,CI,100.0,1955.0,56.0,3,0,5,BURN PL,negative_T_minus_H_minus_5y
62550,2011-01-09,CI,300.0,1964.0,47.0,2,0,5,BLOOMINGDALE RD,negative_T_minus_H_minus_5y
88744,2011-01-09,CI,150.0,1957.0,54.0,0,1,5,GREENFIELD AVE,positive_T_minus_H
10940,2011-01-10,CI,200.0,1967.0,44.0,1,1,5,EAGEN DR,positive_T_minus_H
29790,2011-01-10,CI,150.0,1967.0,44.0,3,1,5,OVERLEA DR,positive_T_minus_H
21090,2011-01-11,DI,200.0,1966.0,45.0,0,0,5,KENORA DR,negative_T_minus_H_minus_2y
21100,2011-01-11,DI,200.0,1966.0,45.0,0,0,5,KENORA DR,negative_T_minus_H_minus_2y
29670,2011-01-11,CI,150.0,1949.0,62.0,0,0,5,OTTAWA ST S,negative_T_minus_H_minus_2y
4050,2011-01-12,CI,150.0,1955.0,56.0,1,0,5,BRANDON AVE,negative_T_minus_H_minus_2y
38560,2011-01-13,CI,150.0,1954.0,57.0,5,0,5,UNION BLVD,negative_T_minus_H_minus_4y
59980,2011-01-15,CI,150.0,1933.0,78.0,3,1,5,JOSEPH ST,positive_T_minus_H
60100,2011-01-16,PVC,300.0,1997.0,14.0,0,0,5,OTTERBEIN RD,negative_T_minus_H_minus_2y
80206,2011-01-16,CI,150.0,1952.0,59.0,0,0,5,BOEHMER ST,negative_T_minus_H_minus_5y
94808,2011-01-16,CI,150.0,1963.0,48.0,0,0,5,GUERIN AVE,negative_T_minus_H_minus_3y
31730,2011-01-17,DI,200.0,1966.0,45.0,0,0,5,QUEENS BLVD,negative_T_minus_H_minus_4y
84572,2011-01-17,CI,150.0,1957.0,54.0,0,0,5,GREENFIELD AVE,negative_T_minus_H_minus_1y
42530,2011-01-18,CI,150.0,1959.0,52.0,2,1,5,WESTMOUNT RD E,positive_T_minus_H
21040,2011-01-19,CI,150.0,1958.0,53.0,1,1,5,KENNETH AVE,positive_T_minus_H
38970,2011-01-19,CI,150.0,1953.0,58.0,0,1,5,VALLEYVIEW RD,positive_T_minus_H
133812,2011-01-20,CI,300.0,1965.0,46.0,0,0,5,SASAGA DR,negative_T_minus_H_minus_2y
32130,2011-01-20,CI,150.0,1948.0,63.0,0,0,5,RAYMOND RD,negative_T_minus_H_minus_1y
33980,2011-01-20,CI,150.0,1963.0,48.0,1,0,5,SCENIC DR,negative_T_minus_H_minus_5y
87232,2011-01-20,CI,200.0,1962.0,49.0,0,0,5,UPLANDS DR,negative_T_minus_H_minus_1y
1360,2011-01-21,CI,200.0,1961.0,50.0,0,0,5,AVON RD,negative_T_minus_H_minus_4y
1570,2011-01-24,CI,150.0,1964.0,47.0,1,0,5,BARBARA CRES,negative_T_minus_H_minus_2y
17720,2011-01-24,CI,150.0,1957.0,54.0,4,1,5,GUELPH ST,positive_T_minus_H
18110,2011-01-24,CI,150.0,1961.0,50.0,0,0,5,HAROLD AVE,negative_T_minus_H_minus_4y
90650,2011-01-24,DI,200.0,1967.0,44.0,0,0,5,OLD CHICOPEE DR,negative_T_minus_H_minus_2y
10730,2011-01-25,CI,150.0,1949.0,62.0,0,0,5,DUNDAS AVE,negative_T_minus_H_minus_3y
35610,2011-01-25,CI,150.0,1924.0,87.0,0,1,5,SPRING VALLEY RD,positive_T_minus_H
94494,2011-01-25,DI,450.0,1970.0,41.0,0,0,5,COURTLAND AVE E,negative_T_minus_H_minus_2y
19640,2011-01-27,CI,150.0,1956.0,55.0,1,1,5,HOFFMAN ST,positive_T_minus_H
93744,2011-01-27,CI,150.0,1967.0,44.0,0,0,5,HOLBORN DR,negative_T_minus_H_minus_1y
23750,2011-01-28,CI,150.0,1952.0,59.0,0,0,5,ST LEGER ST,negative_T_minus_H_minus_5y
41470,2011-01-28,CI,150.0,1958.0,53.0,0,1,5,WEDGEWOOD DR,positive_T_minus_H
76656,2011-01-28,CI,150.0,1925.0,86.0,0,1,5,STIRLING AVE S,positive_T_minus_H
33970,2011-01-29,CI,300.0,1965.0,46.0,0,0,5,OTONABEE DR,negative_T_minus_H_minus_5y
18160,2011-01-30,CI,100.0,1954.0,57.0,2,0,5,HARTWOOD PL,negative_T_minus_H_minus_3y
37770,2011-01-31,CI,150.0,1953.0,58.0,4,0,5,THIRD AVE,negative_T_minus_H_minus_3y
15320,2011-02-01,DI,300.0,1964.0,47.0,0,0,5,FRANKLIN ST N,negative_T_minus_H_minus_3y
85222,2011-02-01,CI,300.0,1963.0,48.0,0,0,5,PENROSE AVE,negative_T_minus_H_minus_3y
93234,2011-02-01,CI,150.0,1966.0,45.0,0,0,5,FRANKLIN ST N,negative_T_minus_H_minus_3y
37020,2011-02-02,DI,150.0,1981.0,30.0,0,0,5,SUGAR MAPLE ST,negative_T_minus_H_minus_3y
33200,2011-02-03,DI,150.0,1978.0,33.0,0,0,5,ROLLING MEADOWS DR,negative_T_minus_H_minus_5y
35630,2011-02-03,CI,150.0,1960.0,51.0,3,0,5,SPRINGBANK CRES,negative_T_minus_H_minus_5y
15450,2011-02-04,CI,150.0,1957.0,54.0,1,0,5,FRANKLIN ST S,negative_T_minus_H_minus_3y
17380,2011-02-04,CI,150.0,1953.0,58.0,1,0,5,GREENFIELD AVE,negative_T_minus_H_minus_2y
38770,2011-02-04,CI,150.0,1950.0,61.0,0,0,5,UNION ST,negative_T_minus_H_minus_3y
43480,2011-02-04,CI,200.0,1958.0,53.0,3,1,5,WILSON AVE,positive_T_minus_H
11720,2011-02-05,CI,150.0,1959.0,52.0,0,1,5,ELKINGTON DR,positive_T_minus_H
14350,2011-02-05,CI,200.0,1952.0,59.0,0,0,5,FIFTH AVE,negative_T_minus_H_minus_2y
40160,2011-02-05,CI,150.0,1957.0,54.0,1,0,5,VILLAGE RD,negative_T_minus_H_minus_3y
22600,2011-02-06,CI,150.0,1959.0,52.0,1,0,5,KIPLING AVE,negative_T_minus_H_minus_4y
87892,2011-02-06,CI,150.0,1953.0,58.0,0,0,5,GREENFIELD AVE,negative_T_minus_H_minus_2y
15760,2011-02-07,CI,300.0,1959.0,52.0,0,0,5,AVON RD,negative_T_minus_H_minus_3y
33420,2011-02-07,CI,150.0,1959.0,52.0,0,1,5,ROSEMOUNT DR,positive_T_minus_H
42530,2011-02-07,CI,150.0,1959.0,52.0,2,1,5,WESTMOUNT RD E,positive_T_minus_H
7740,2011-02-07,DI,150.0,1966.0,45.0,1,0,5,CONFEDERATION DR,negative_T_minus_H_minus_2y
85518,2011-02-07,CI,200.0,1961.0,50.0,0,0,5,AVON RD,negative_T_minus_H_minus_3y
18350,2011-02-10,CI,150.0,1954.0,57.0,1,0,5,HEATHER AVE,negative_T_minus_H_minus_3y
20470,2011-02-10,CI,150.0,1955.0,56.0,4,0,5,ISLINGTON AVE,negative_T_minus_H_minus_5y
5360,2011-02-10,DI,150.0,1982.0,29.0,0,0,5,CAMERON ST N,negative_T_minus_H_minus_4y
8560,2011-02-10,CI,200.0,1960.0,51.0,0,1,5,CRAIG DR,positive_T_minus_H
10690,2011-02-13,CI,150.0,1955.0,56.0,1,0,5,DUNBAR RD,negative_T_minus_H_minus_1y
10700,2011-02-13,CI,150.0,1961.0,50.0,0,1,5,DUNCAIRN AVE,positive_T_minus_H
22600,2011-02-13,CI,150.0,1959.0,52.0,1,0,5,KIPLING AVE,negative_T_minus_H_minus_1y
4089933,2011-02-13,XXX,0.0,,,0,0,5,QUEENS BLVD,negative_T_minus_H_minus_5y
43020,2011-02-13,DI,300.0,1966.0,45.0,0,0,5,WESTWOOD DR,negative_T_minus_H_minus_2y
14010,2011-02-15,CI,150.0,1962.0,49.0,1,1,5,FALESY AVE,positive_T_minus_H
31670,2011-02-15,DI,200.0,1966.0,45.0,1,0,5,QUEENS BLVD,negative_T_minus_H_minus_1y
33980,2011-02-15,CI,150.0,1963.0,48.0,1,0,5,SCENIC DR,negative_T_minus_H_minus_5y
21110,2011-02-16,DI,200.0,1966.0,45.0,0,0,5,KENORA DR,negative_T_minus_H_minus_2y
27000,2011-02-16,DI,200.0,1965.0,46.0,1,0,5,MONTCALM DR,negative_T_minus_H_minus_5y
33810,2011-02-16,CI,150.0,1964.0,47.0,3,0,5,RUTHERFORD DR,negative_T_minus_H_minus_1y
38520,2011-02-16,CI,150.0,1957.0,54.0,0,1,5,TURNER AVE,positive_T_minus_H
14580,2011-02-17,CI,150.0,1962.0,49.0,5,1,5,FISCHER HALLMAN RD,positive_T_minus_H
2000,2011-02-17,CI,300.0,1957.0,54.0,1,0,5,BELMONT AVE W,negative_T_minus_H_minus_1y
37540,2011-02-17,CI,150.0,1958.0,53.0,2,0,5,TANGLEWOOD AVE,negative_T_minus_H_minus_5y
24580,2011-02-18,CI,150.0,1961.0,50.0,1,1,5,LYLE PL,positive_T_minus_H
25740,2011-02-18,CI,150.0,1951.0,60.0,2,0,5,MAUSSER AVE,negative_T_minus_H_minus_5y
30440,2011-02-18,CI,150.0,1962.0,49.0,1,0,5,PEACHWOOD CRT,negative_T_minus_H_minus_1y
31730,2011-02-18,DI,200.0,1966.0,45.0,0,1,5,QUEENS BLVD,positive_T_minus_H
25740,2011-02-19,CI,150.0,1951.0,60.0,2,0,5,MAUSSER AVE,negative_T_minus_H_minus_5y
38190,2011-02-19,CI,150.0,1958.0,53.0,4,0,5,TRAYNOR AVE,negative_T_minus_H_minus_2y
14940,2011-02-21,CI,150.0,1958.0,53.0,3,0,5,FOREST HILL DR,negative_T_minus_H_minus_4y
17200,2011-02-21,CI,200.0,1959.0,52.0,0,0,5,GREENBROOK DR,negative_T_minus_H_minus_4y
2840,2011-02-21,CI,150.0,1947.0,64.0,0,0,5,BIRCH AVE,negative_T_minus_H_minus_5y
88300,2011-02-21,DI,600.0,1978.0,33.0,0,0,5,VICTORIA ST N,negative_T_minus_H_minus_4y
92144,2011-02-21,DI,150.0,1969.0,42.0,0,0,5,MEADOWLANE DR,negative_T_minus_H_minus_5y
260,2011-02-22,CI,150.0,1955.0,56.0,1,1,5,ABERDEEN RD,positive_T_minus_H
20410,2011-02-23,DI,150.0,1966.0,45.0,1,0,5,INWOOD CRES,negative_T_minus_H_minus_1y
85558,2011-02-24,DI,200.0,1966.0,45.0,1,0,5,MONTCALM DR,negative_T_minus_H_minus_5y
7860,2011-02-26,CI,150.0,1953.0,58.0,0,0,5,CONNAUGHT ST,negative_T_minus_H_minus_2y
37010,2011-02-27,DI,150.0,1981.0,30.0,0,0,5,SUGAR MAPLE PL,negative_T_minus_H_minus_2y
37010,2011-02-28,DI,150.0,1981.0,30.0,0,0,5,SUGAR MAPLE PL,negative_T_minus_H_minus_2y
81024,2011-02-28,CI,300.0,1966.0,45.0,0,0,5,ST LEGER ST,negative_T_minus_H_minus_4y
6500,2011-03-01,CI,150.0,1953.0,58.0,3,0,5,CHAPEL ST,negative_T_minus_H_minus_5y
980,2011-03-02,DI,300.0,1979.0,32.0,0,0,5,ARNOLD ST,negative_T_minus_H_minus_5y
18650,2011-03-03,CI,200.0,1960.0,51.0,0,0,5,HICKSON DR,negative_T_minus_H_minus_5y
18660,2011-03-04,CI,150.0,1960.0,51.0,0,1,5,HICKSON DR,positive_T_minus_H
58170,2011-03-05,CPP,1200.0,1989.0,22.0,0,0,5,GOODRICH DR,negative_T_minus_H_minus_4y
86582,2011-03-05,CI,150.0,1958.0,53.0,1,0,5,HEARTH CRES,negative_T_minus_H_minus_4y
27660,2011-03-06,CI,150.0,1964.0,47.0,0,0,5,NELSON AVE,negative_T_minus_H_minus_4y
26580,2011-03-08,CI,150.0,1961.0,50.0,0,0,5,MILL PARK DR,negative_T_minus_H_minus_1y
9470,2011-03-08,CI,150.0,1960.0,51.0,0,1,5,DIXON ST,positive_T_minus_H
42460,2011-03-09,CI,450.0,1964.0,47.0,0,0,5,WESTMOUNT RD W,negative_T_minus_H_minus_4y
11530,2011-03-10,CI,150.0,1950.0,61.0,0,0,5,EDNA ST,negative_T_minus_H_minus_5y
81024,2011-03-10,CI,300.0,1966.0,45.0,0,0,5,ST LEGER ST,negative_T_minus_H_minus_4y
5830,2011-03-13,DI,150.0,1966.0,45.0,5,0,5,CECILE DR,negative_T_minus_H_minus_5y
8800,2011-03-17,CI,150.0,1960.0,51.0,1,0,5,CYPRUS DR,negative_T_minus_H_minus_3y
24850,2011-03-19,CI,200.0,1958.0,53.0,0,0,5,MANCHESTER RD,negative_T_minus_H_minus_3y
33470,2011-03-19,DI,150.0,1974.0,37.0,1,0,5,ROSENEATH CRES,negative_T_minus_H_minus_3y
41460,2011-03-19,CI,150.0,1958.0,53.0,2,0,5,WEDGEWOOD DR,negative_T_minus_H_minus_5y
1720,2011-03-22,DI,200.0,1979.0,32.0,0,0,5,BECHTEL DR,negative_T_minus_H_minus_2y
32730,2011-03-22,CI,150.0,1959.0,52.0,1,0,5,RIVER RD E,negative_T_minus_H_minus_3y
28420,2011-03-23,DI,150.0,1987.0,24.0,0,0,5,OLD COUNTRY PL,negative_T_minus_H_minus_3y
82894,2011-03-25,CI,150.0,1974.0,37.0,2,0,5,BOSWORTH CRES,negative_T_minus_H_minus_1y
84964,2011-03-25,CI,150.0,1966.0,45.0,0,0,5,DALEWOOD DR,negative_T_minus_H_minus_1y
15840,2011-03-29,CI,300.0,1969.0,42.0,2,0,5,GAGE AVE,negative_T_minus_H_minus_1y
33160,2011-04-03,DI,150.0,1987.0,24.0,0,0,5,ROLLING ACRES DR,negative_T_minus_H_minus_2y
35640,2011-04-05,CI,150.0,1968.0,43.0,2,0,5,SPRINGDALE DR,negative_T_minus_H_minus_1y
41450,2011-04-07,CI,150.0,1958.0,53.0,1,1,5,WEDGEWOOD DR,positive_T_minus_H
69455,2011-04-25,PVC,150.0,2008.0,3.0,0,0,5,CHARLES ST E,negative_T_minus_H_minus_3y
88718,2011-04-27,PVC,600.0,2010.0,1.0,0,0,5,VICTORIA ST S,negative_T_minus_H_minus_3y
20090,2011-04-29,CI,150.0,1966.0,45.0,2,0,5,HUNTLEY CRES,negative_T_minus_H_minus_3y
19650,2011-05-03,CI,150.0,1956.0,55.0,0,0,5,HOFFMAN ST,negative_T_minus_H_minus_3y
15460,2011-05-04,CI,150.0,1953.0,58.0,1,1,5,FRANKLIN ST S,positive_T_minus_H
84242,2011-05-06,CI,150.0,1952.0,59.0,0,0,5,EPHRAIM ST,negative_T_minus_H_minus_1y
18090,2011-05-07,CI,200.0,1953.0,58.0,0,0,5,HARBER AVE,negative_T_minus_H_minus_3y
29210,2011-05-07,CI,300.0,1950.0,61.0,0,0,5,OTTAWA ST N,negative_T_minus_H_minus_3y
14830,2011-05-08,CI,200.0,1962.0,49.0,2,0,5,FOREST HILL DR,negative_T_minus_H_minus_3y
87370,2011-05-08,CI,150.0,1964.0,47.0,0,0,5,FOREST HILL DR,negative_T_minus_H_minus_3y
61828,2011-05-10,DI,200.0,1967.0,44.0,0,0,5,OTTAWA ST N,negative_T_minus_H_minus_3y
36450,2011-05-15,DI,150.0,1976.0,35.0,0,0,5,STONEGATE DR,negative_T_minus_H_minus_3y
38090,2011-05-15,DI,150.0,1978.0,33.0,0,0,5,TRAILWOOD CRES,negative_T_minus_H_minus_4y
20860,2011-05-24,DI,150.0,1968.0,43.0,0,0,5,KARN ST,negative_T_minus_H_minus_1y
20860,2011-05-26,DI,150.0,1968.0,43.0,0,0,5,KARN ST,negative_T_minus_H_minus_1y
88872,2011-05-28,DI,300.0,1974.0,37.0,2,0,5,BELMONT AVE W,negative_T_minus_H_minus_5y
16080,2011-05-31,DI,150.0,1976.0,35.0,1,0,5,GEORGIAN CRES,negative_T_minus_H_minus_5y
5840,2011-05-31,DI,150.0,1981.0,30.0,0,0,5,CEDAR CREST ST,negative_T_minus_H_minus_4y
5110,2011-06-03,CI,100.0,1955.0,56.0,3,0,5,BURN PL,negative_T_minus_H_minus_4y
15440,2011-06-09,CI,150.0,1957.0,54.0,4,1,5,FRANKLIN ST S,positive_T_minus_H
18650,2011-06-09,CI,200.0,1960.0,51.0,0,0,5,HICKSON DR,negative_T_minus_H_minus_1y
38780,2011-06-09,CI,200.0,1948.0,63.0,0,1,5,UNION ST,positive_T_minus_H
44060,2011-06-09,DI,150.0,1981.0,30.0,0,1,5,WOODVIEW CRES,positive_T_minus_H
44360,2011-06-09,DI,300.0,1992.0,19.0,0,1,5,YOUNG ST,positive_T_minus_H
83662,2011-06-09,CI,150.0,1958.0,53.0,0,1,5,LYNDHURST DR,positive_T_minus_H
86412,2011-06-09,DI,300.0,1967.0,44.0,0,1,5,ARDELT PL,positive_T_minus_H
40520,2011-06-11,DI,300.0,1975.0,36.0,0,0,5,WATER ST N,negative_T_minus_H_minus_3y
91438,2011-06-12,DI,150.0,1974.0,37.0,0,0,5,AMHERST DR,negative_T_minus_H_minus_3y
42190,2011-06-14,DI,200.0,1973.0,38.0,0,0,5,WESTHEIGHTS DR,negative_T_minus_H_minus_3y
11530,2011-06-15,CI,150.0,1950.0,61.0,0,0,5,EDNA ST,negative_T_minus_H_minus_5y
4111747,2011-06-17,XXX,13.0,1972.0,39.0,0,0,5,SHADELAND CRES,negative_T_minus_H_minus_4y
67760,2011-06-19,PVC,300.0,2001.0,10.0,0,0,5,KING ST E,negative_T_minus_H_minus_1y
68100,2011-06-20,PVC,300.0,2002.0,9.0,0,0,5,WABANAKI DR,negative_T_minus_H_minus_2y
16590,2011-06-22,DI,150.0,1988.0,23.0,0,0,5,GLEN RD,negative_T_minus_H_minus_4y
39030,2011-06-24,CI,200.0,1953.0,58.0,1,1,5,VANIER DR,positive_T_minus_H
96118,2011-06-24,CI,150.0,1961.0,50.0,0,0,5,MORGAN AVE,negative_T_minus_H_minus_5y
137254,2011-06-25,CI,150.0,1940.0,71.0,0,0,5,STIRLING AVE S,negative_T_minus_H_minus_4y
58170,2011-06-25,CPP,1200.0,1989.0,22.0,0,0,5,GOODRICH DR,negative_T_minus_H_minus_5y
2050,2011-06-26,CI,200.0,1952.0,59.0,0,0,5,BELMONT AVE W,negative_T_minus_H_minus_1y
26930,2011-07-01,DI,150.0,1986.0,25.0,0,0,5,MONTANA CRES,negative_T_minus_H_minus_1y
35920,2011-07-03,DI,300.0,1981.0,30.0,1,0,5,ST LEGER ST,negative_T_minus_H_minus_4y
14090,2011-07-05,DI,200.0,1974.0,37.0,3,1,5,FARRIER DR,positive_T_minus_H
86126,2011-07-05,DI,200.0,1980.0,31.0,0,1,5,OLD MILL RD,positive_T_minus_H
14100,2011-07-07,DI,300.0,1974.0,37.0,0,1,5,FARRIER DR,positive_T_minus_H
40570,2011-07-07,DI,300.0,1979.0,32.0,0,0,5,WATER ST S,negative_T_minus_H_minus_2y
5840,2011-07-08,DI,150.0,1981.0,30.0,0,0,5,CEDAR CREST ST,negative_T_minus_H_minus_5y
28240,2011-07-12,DI,200.0,1977.0,34.0,0,1,5,OLD CARRIAGE DR,positive_T_minus_H
35140,2011-07-12,CI,150.0,1953.0,58.0,3,0,5,SIXTH AVE,negative_T_minus_H_minus_5y
39380,2011-07-13,DI,200.0,1976.0,35.0,0,0,5,VICTORIA ST N,negative_T_minus_H_minus_4y
32730,2011-07-14,CI,150.0,1959.0,52.0,1,0,5,RIVER RD E,negative_T_minus_H_minus_4y
39380,2011-07-14,DI,200.0,1976.0,35.0,0,0,5,VICTORIA ST N,negative_T_minus_H_minus_4y
32740,2011-07-15,CI,300.0,1958.0,53.0,0,0,5,RIVER RD E,negative_T_minus_H_minus_4y
33280,2011-07-18,DI,300.0,1987.0,24.0,0,0,5,ROLLING MEADOWS DR,negative_T_minus_H_minus_2y
340,2011-07-20,CI,150.0,1950.0,61.0,0,0,5,ADELAIDE ST,negative_T_minus_H_minus_2y
142914,2011-07-21,AC,300.0,1975.0,36.0,0,1,5,BIEHN DR,positive_T_minus_H
39390,2011-07-21,DI,300.0,1976.0,35.0,0,0,5,VICTORIA ST N,negative_T_minus_H_minus_2y
69510,2011-07-22,PVC,300.0,2003.0,8.0,1,0,5,WEBER ST W,negative_T_minus_H_minus_1y
61807,2011-07-24,CI,300.0,1930.0,81.0,0,0,5,VICTORIA ST N,negative_T_minus_H_minus_2y
90214,2011-07-24,CI,150.0,1958.0,53.0,0,0,5,BONIFACE AVE,negative_T_minus_H_minus_3y
36210,2011-07-25,CI,150.0,1948.0,63.0,0,0,5,STIRLING AVE S,negative_T_minus_H_minus_4y
25510,2011-07-26,COP,25.0,1950.0,61.0,0,0,5,MARLBOROUGH AVE,negative_T_minus_H_minus_3y
10730,2011-07-27,CI,150.0,1949.0,62.0,0,1,5,DUNDAS AVE,positive_T_minus_H
18280,2011-07-27,DI,300.0,1968.0,43.0,3,0,5,HAZELGLEN DR,negative_T_minus_H_minus_1y
30750,2011-07-28,DI,150.0,1968.0,43.0,0,0,5,PINEHURST CRES,negative_T_minus_H_minus_5y
57690,2011-07-30,CI,150.0,1954.0,57.0,2,0,5,CAMBRIDGE AVE,negative_T_minus_H_minus_4y
88762,2011-07-30,DI,150.0,1970.0,41.0,0,0,5,KINZIE AVE,negative_T_minus_H_minus_4y
31440,2011-08-03,DI,300.0,1983.0,28.0,0,0,5,QUEEN ST N,negative_T_minus_H_minus_4y
4920,2011-08-03,CI,150.0,1952.0,59.0,0,0,5,BRUCE ST,negative_T_minus_H_minus_3y
58190,2011-08-03,DI,150.0,1971.0,40.0,1,0,5,KEVCO PL,negative_T_minus_H_minus_5y
19570,2011-08-06,CI,150.0,1949.0,62.0,0,0,5,HILLVIEW ST,negative_T_minus_H_minus_1y
16340,2011-08-07,DI,200.0,1983.0,28.0,0,1,5,GLASGOW ST,positive_T_minus_H
8570,2011-08-09,DI,150.0,1987.0,24.0,0,0,5,CRAIG DR,negative_T_minus_H_minus_1y
34430,2011-08-12,CI,150.0,1958.0,53.0,1,0,5,SHADYWOOD CRES,negative_T_minus_H_minus_5y
5250,2011-08-12,CI,150.0,1954.0,57.0,3,0,5,CAMBRIDGE AVE,negative_T_minus_H_minus_4y
15770,2011-08-17,DI,300.0,1960.0,51.0,0,0,5,VICTORIA ST N,negative_T_minus_H_minus_5y
5570,2011-08-18,DI,200.0,1974.0,37.0,0,0,5,CARSON DR,negative_T_minus_H_minus_1y
39350,2011-08-24,DI,200.0,1976.0,35.0,0,0,5,VICTORIA ST N,negative_T_minus_H_minus_2y
4950,2011-08-24,CI,150.0,1953.0,58.0,1,0,5,BRUCE ST,negative_T_minus_H_minus_3y
87898,2011-08-25,CI,150.0,1965.0,46.0,0,0,5,GAGE AVE,negative_T_minus_H_minus_3y
65390,2011-08-28,PVC,150.0,2000.0,11.0,0,0,5,KING ST E,negative_T_minus_H_minus_3y
21890,2011-08-29,CI,100.0,1937.0,74.0,2,0,5,KING ST E,negative_T_minus_H_minus_1y
27040,2011-08-30,DI,200.0,1966.0,45.0,0,0,5,MONTCALM DR,negative_T_minus_H_minus_1y
15720,2011-09-02,CI,200.0,1952.0,59.0,0,0,5,FREDERICK ST,negative_T_minus_H_minus_2y
57680,2011-09-02,CI,150.0,1955.0,56.0,4,1,5,EDNA ST,positive_T_minus_H
11510,2011-09-05,CI,200.0,1950.0,61.0,0,0,5,VICTORIA ST N,negative_T_minus_H_minus_2y
1150,2011-09-06,DI,150.0,1973.0,38.0,0,0,5,AUTUMN HILL CRES,negative_T_minus_H_minus_3y
27130,2011-09-09,CPP,600.0,1966.0,45.0,0,0,5,MONTGOMERY RD,negative_T_minus_H_minus_3y
27140,2011-09-09,CI,600.0,1966.0,45.0,0,0,5,MONTGOMERY RD,negative_T_minus_H_minus_3y
95448,2011-09-09,CI,150.0,1952.0,59.0,0,0,5,MONTGOMERY RD,negative_T_minus_H_minus_3y
38050,2011-09-12,CI,150.0,1958.0,53.0,0,0,5,TRAFALGAR AVE,negative_T_minus_H_minus_3y
5610,2011-09-14,DI,200.0,1966.0,45.0,2,0,5,CARSON DR,negative_T_minus_H_minus_4y
36450,2011-09-16,DI,150.0,1976.0,35.0,0,0,5,STONEGATE DR,negative_T_minus_H_minus_3y
21950,2011-09-17,DI,300.0,1961.0,50.0,0,0,5,KING ST E,negative_T_minus_H_minus_5y
5840,2011-09-19,DI,150.0,1981.0,30.0,0,0,5,CEDAR CREST ST,negative_T_minus_H_minus_2y
29830,2011-09-23,DI,150.0,1966.0,45.0,2,0,5,OVERLEA DR,negative_T_minus_H_minus_5y
450,2011-09-24,CI,150.0,1959.0,52.0,0,0,5,AHRENS ST W,negative_T_minus_H_minus_2y
11910,2011-09-27,CI,200.0,1969.0,42.0,0,1,5,ELMSDALE DR,positive_T_minus_H
4115199,2011-10-01,XXX,25.0,2001.0,10.0,0,0,5,HEARTHWOOD DR,negative_T_minus_H_minus_3y
34670,2011-10-03,CI,150.0,1946.0,65.0,3,1,5,SHELDON AVE N,positive_T_minus_H
87690,2011-10-04,PVC,200.0,1994.0,17.0,0,0,5,IDLE CREEK DR,negative_T_minus_H_minus_2y
7970,2011-10-05,CI,150.0,1966.0,45.0,1,1,5,CONWAY DR,positive_T_minus_H
42950,2011-10-06,DI,300.0,1969.0,42.0,0,0,5,WESTWOOD DR,negative_T_minus_H_minus_4y
42900,2011-10-07,DI,300.0,1969.0,42.0,2,0,5,WESTWOOD DR,negative_T_minus_H_minus_4y
37140,2011-10-09,CI,100.0,1954.0,57.0,1,0,5,SUNSET PL,negative_T_minus_H_minus_2y
90626,2011-10-11,DI,150.0,1987.0,24.0,0,1,5,VERONICA DR,positive_T_minus_H
1720,2011-10-12,DI,200.0,1979.0,32.0,0,0,5,BECHTEL DR,negative_T_minus_H_minus_1y
1670,2011-10-13,DI,200.0,1979.0,32.0,0,0,5,PIONEER DR,negative_T_minus_H_minus_1y
37810,2011-10-14,CI,150.0,1964.0,47.0,3,1,5,THORNRIDGE CRES,positive_T_minus_H
5360,2011-10-16,DI,150.0,1982.0,29.0,0,0,5,CAMERON ST N,negative_T_minus_H_minus_4y
34850,2011-10-17,CI,150.0,1954.0,57.0,0,1,5,SHERWOOD AVE,positive_T_minus_H
3960,2011-10-21,CI,150.0,1965.0,46.0,1,0,5,BRADLEY DR,negative_T_minus_H_minus_4y
41010,2011-10-30,CI,150.0,1948.0,63.0,0,0,5,WEBER ST E,negative_T_minus_H_minus_2y
77188,2011-10-31,DI,200.0,1959.0,52.0,1,0,5,RAITAR AVE,negative_T_minus_H_minus_4y
5610,2011-11-01,DI,200.0,1966.0,45.0,2,0,5,CARSON DR,negative_T_minus_H_minus_3y
93146,2011-11-06,CI,150.0,1962.0,49.0,0,0,5,BELTON DR,negative_T_minus_H_minus_3y
37540,2011-11-07,CI,150.0,1958.0,53.0,2,0,5,TANGLEWOOD AVE,negative_T_minus_H_minus_2y
15120,2011-11-08,DI,150.0,1977.0,34.0,0,0,5,FORFAR AVE,negative_T_minus_H_minus_3y
28280,2011-11-08,DI,200.0,1967.0,44.0,1,0,5,OLD CHICOPEE DR,negative_T_minus_H_minus_5y
28300,2011-11-08,DI,300.0,1985.0,26.0,0,0,5,OLD CHICOPEE DR,negative_T_minus_H_minus_5y
86698,2011-11-08,CI,150.0,1953.0,58.0,0,0,5,CONNAUGHT ST,negative_T_minus_H_minus_1y
10790,2011-11-10,DI,150.0,1974.0,37.0,0,0,5,DUNSMERE CRT,negative_T_minus_H_minus_4y
10790,2011-11-11,DI,150.0,1974.0,37.0,0,0,5,DUNSMERE CRT,negative_T_minus_H_minus_4y
33550,2011-11-11,CI,150.0,1959.0,52.0,4,1,5,ROSS AVE,positive_T_minus_H
43010,2011-11-12,DI,300.0,1966.0,45.0,0,0,5,WESTWOOD DR,negative_T_minus_H_minus_2y
38890,2011-11-14,DI,200.0,1971.0,40.0,0,0,5,UPPER CANADA DR,negative_T_minus_H_minus_1y
8790,2011-11-14,CI,150.0,1960.0,51.0,1,0,5,CYPRUS DR,negative_T_minus_H_minus_2y
34220,2011-11-18,CI,150.0,1963.0,48.0,3,0,5,SECORD AVE,negative_T_minus_H_minus_3y
26150,2011-11-19,DI,100.0,1969.0,42.0,2,0,5,MEADOW CRES,negative_T_minus_H_minus_2y
18020,2011-11-20,DI,150.0,1965.0,46.0,0,0,5,HANSON AVE,negative_T_minus_H_minus_4y
19680,2011-11-21,DI,200.0,1987.0,24.0,0,0,5,HOLBORN CRT,negative_T_minus_H_minus_1y
22200,2011-11-21,CI,150.0,1966.0,45.0,2,0,5,KINGSTON CRES,negative_T_minus_H_minus_4y
32160,2011-11-21,CI,150.0,1963.0,48.0,4,0,5,RENNIE DR,negative_T_minus_H_minus_2y
85816,2011-11-21,DI,150.0,1980.0,31.0,0,0,5,ALBION ST,negative_T_minus_H_minus_2y
900,2011-11-21,CI,150.0,1953.0,58.0,2,0,5,ARLINGTON BLVD,negative_T_minus_H_minus_3y
9590,2011-11-21,CI,150.0,1958.0,53.0,3,0,5,DOON RD,negative_T_minus_H_minus_4y
38500,2011-11-24,CI,150.0,1966.0,45.0,0,0,5,TUPPER CRES,negative_T_minus_H_minus_2y
20420,2011-11-26,DI,150.0,1966.0,45.0,0,0,5,INWOOD DR,negative_T_minus_H_minus_2y
7900,2011-11-26,CI,150.0,1953.0,58.0,0,0,5,CONNAUGHT ST,negative_T_minus_H_minus_5y
86812,2011-11-28,CI,150.0,1958.0,53.0,0,0,5,TRAFALGAR AVE,negative_T_minus_H_minus_2y
40390,2011-11-29,CI,200.0,1953.0,58.0,3,0,5,WALTON AVE,negative_T_minus_H_minus_1y
9340,2011-11-29,DI,150.0,1980.0,31.0,0,0,5,DINISON CRES,negative_T_minus_H_minus_2y
33990,2011-11-30,CI,150.0,1963.0,48.0,1,0,5,SCENIC DR,negative_T_minus_H_minus_2y
35920,2011-11-30,DI,300.0,1981.0,30.0,1,0,5,ST LEGER ST,negative_T_minus_H_minus_5y
40570,2011-11-30,DI,300.0,1979.0,32.0,0,0,5,WATER ST S,negative_T_minus_H_minus_3y
61885,2011-11-30,AC,450.0,1952.0,59.0,0,0,5,HOWE DR,negative_T_minus_H_minus_5y
86278,2011-11-30,CI,150.0,1953.0,58.0,0,0,5,PATRICIA AVE,negative_T_minus_H_minus_2y
134292,2011-12-01,CI,450.0,1937.0,74.0,0,0,5,LANCASTER ST W,negative_T_minus_H_minus_1y
13800,2011-12-01,CI,150.0,1964.0,47.0,0,0,5,FAIRLAWN RD,negative_T_minus_H_minus_1y
38270,2011-12-01,DI,300.0,1973.0,38.0,1,0,5,TRILLIUM DR,negative_T_minus_H_minus_3y
29200,2011-12-02,CI,150.0,1952.0,59.0,11,0,5,OTTAWA ST N,negative_T_minus_H_minus_2y
24860,2011-12-03,CI,200.0,1961.0,50.0,1,0,5,MANCHESTER RD,negative_T_minus_H_minus_5y
900,2011-12-03,CI,150.0,1953.0,58.0,2,0,5,ARLINGTON BLVD,negative_T_minus_H_minus_1y
17260,2011-12-05,CI,200.0,1957.0,54.0,0,0,5,GREENBROOK DR,negative_T_minus_H_minus_3y
8800,2011-12-06,CI,150.0,1960.0,51.0,1,0,5,CYPRUS DR,negative_T_minus_H_minus_1y
80024,2011-12-07,CI,100.0,1954.0,57.0,0,0,5,SUNSET PL,negative_T_minus_H_minus_1y
20500,2011-12-09,CI,150.0,1953.0,58.0,0,0,5,JACK AVE,negative_T_minus_H_minus_1y
32070,2011-12-09,DI,150.0,1971.0,40.0,2,0,5,RAMBLEWOOD WAY,negative_T_minus_H_minus_5y
4647883,2011-12-09,PVC,25.0,1973.0,38.0,0,0,5,SPRINGDALE DR,negative_T_minus_H_minus_5y
85432,2011-12-09,CI,150.0,1971.0,40.0,1,0,5,BROOKSIDE CRES,negative_T_minus_H_minus_1y
19310,2011-12-10,CI,150.0,1963.0,48.0,0,0,5,HIGHPARK AVE,negative_T_minus_H_minus_3y
86784,2011-12-10,DI,300.0,1976.0,35.0,0,0,5,KING ST W,negative_T_minus_H_minus_3y
19310,2011-12-11,CI,150.0,1963.0,48.0,0,0,5,HIGHPARK AVE,negative_T_minus_H_minus_3y
21210,2011-12-11,CI,150.0,1958.0,53.0,3,1,5,KENWOOD DR,positive_T_minus_H
24040,2011-12-13,CI,150.0,1952.0,59.0,0,1,5,LOIS ST,positive_T_minus_H
55480,2011-12-13,PVC,150.0,1995.0,16.0,0,0,5,FAIRWAY CRT,negative_T_minus_H_minus_2y
86766,2011-12-13,CI,100.0,1922.0,89.0,0,1,5,CHARLES ST E,positive_T_minus_H
87898,2011-12-13,CI,150.0,1965.0,46.0,0,0,5,GAGE AVE,negative_T_minus_H_minus_1y
26990,2011-12-14,DI,200.0,1966.0,45.0,1,0,5,MONTCALM DR,negative_T_minus_H_minus_1y
85314,2011-12-14,CI,150.0,1965.0,46.0,1,0,5,CLOVERDALE CRES,negative_T_minus_H_minus_2y
38860,2011-12-15,CI,150.0,1974.0,37.0,1,0,5,UPLANDS DR,negative_T_minus_H_minus_1y
44160,2011-12-15,DI,150.0,1967.0,44.0,0,0,5,WREN PL,negative_T_minus_H_minus_5y
10900,2011-12-16,DI,200.0,1967.0,44.0,0,1,5,RALGREEN CRES,positive_T_minus_H
38860,2011-12-16,CI,150.0,1974.0,37.0,1,0,5,UPLANDS DR,negative_T_minus_H_minus_1y
89818,2011-12-16,DI,150.0,1974.0,37.0,0,0,5,BRUNSWICK AVE,negative_T_minus_H_minus_2y
5610,2011-12-18,DI,200.0,1966.0,45.0,2,0,5,CARSON DR,negative_T_minus_H_minus_4y
41000,2011-12-19,CI,150.0,1948.0,63.0,1,0,5,WEBER ST E,negative_T_minus_H_minus_3y
15320,2011-12-21,DI,300.0,1964.0,47.0,0,0,5,FRANKLIN ST N,negative_T_minus_H_minus_3y
34230,2011-12-21,CI,150.0,1963.0,48.0,0,0,5,SECORD AVE,negative_T_minus_H_minus_3y
81930,2011-12-21,CI,450.0,1937.0,74.0,0,0,5,LANCASTER ST W,negative_T_minus_H_minus_2y
20570,2011-12-22,CI,150.0,1961.0,50.0,4,0,5,JANSEN AVE,negative_T_minus_H_minus_1y
36240,2011-12-23,CI,300.0,1957.0,54.0,1,0,5,STIRLING AVE S,negative_T_minus_H_minus_4y
11170,2011-12-24,DI,150.0,1967.0,44.0,1,0,5,EASTWOOD DR,negative_T_minus_H_minus_4y
670,2011-12-24,CI,150.0,1963.0,48.0,2,0,5,ANTHONY PL,negative_T_minus_H_minus_4y
30740,2011-12-25,DI,200.0,1968.0,43.0,2,0,5,PINEDALE DR,negative_T_minus_H_minus_2y
85314,2011-12-25,CI,150.0,1965.0,46.0,1,0,5,CLOVERDALE CRES,negative_T_minus_H_minus_1y
11160,2011-12-26,CI,150.0,1967.0,44.0,1,0,5,EASTWOOD DR,negative_T_minus_H_minus_5y
20420,2011-12-26,DI,150.0,1966.0,45.0,0,0,5,INWOOD DR,negative_T_minus_H_minus_5y
24860,2011-12-26,CI,200.0,1961.0,50.0,1,0,5,MANCHESTER RD,negative_T_minus_H_minus_3y
36500,2011-12-26,CI,150.0,1962.0,49.0,1,0,5,STONYBROOK DR,negative_T_minus_H_minus_5y
4769517,2011-12-26,PVC,25.0,,,0,0,5,FIFTH AVE,negative_T_minus_H_minus_5y
24630,2011-12-27,CI,150.0,1958.0,53.0,0,1,5,LYNDHURST DR,positive_T_minus_H
89922,2011-12-27,CI,150.0,1961.0,50.0,2,1,5,DUNCAIRN AVE,positive_T_minus_H
8660,2011-12-28,CI,150.0,1960.0,51.0,0,0,5,CROSBY DR,negative_T_minus_H_minus_2y
8950,2011-12-29,CI,150.0,1964.0,47.0,1,1,5,DANIEL AVE,positive_T_minus_H
10930,2011-12-30,CI,200.0,1967.0,44.0,0,0,5,EAGEN DR,negative_T_minus_H_minus_2y
18320,2011-12-30,CI,150.0,1958.0,53.0,1,0,5,HEARTH CRES,negative_T_minus_H_minus_1y
22600,2011-12-30,CI,150.0,1959.0,52.0,1,0,5,KIPLING AVE,negative_T_minus_H_minus_5y
32170,2011-12-30,CI,150.0,1963.0,48.0,4,0,5,RENNIE DR,negative_T_minus_H_minus_3y
43030,2011-12-31,CI,300.0,1971.0,40.0,2,0,5,WESTWOOD DR,negative_T_minus_H_minus_4y
85012,2011-12-31,CI,150.0,1967.0,44.0,0,0,5,THALER AVE,negative_T_minus_H_minus_3y
32090,2012-01-02,CI,150.0,1962.0,50.0,1,0,5,RANDERSON AVE,negative_T_minus_H_minus_2y
11830,2012-01-03,DI,250.0,1971.0,41.0,1,0,5,ELM RIDGE DR,negative_T_minus_H_minus_5y
16800,2012-01-03,CI,200.0,1961.0,51.0,0,1,5,GOUDIES LANE,positive_T_minus_H
39560,2012-01-03,CI,200.0,1953.0,59.0,0,0,5,VICTORIA ST N,negative_T_minus_H_minus_5y
5700,2012-01-03,CI,150.0,1958.0,54.0,1,0,5,CARWOOD AVE,negative_T_minus_H_minus_1y
15840,2012-01-04,CI,300.0,1969.0,43.0,2,0,5,GAGE AVE,negative_T_minus_H_minus_2y
24220,2012-01-04,DI,150.0,1965.0,47.0,1,1,5,LORRAINE AVE,positive_T_minus_H
4530,2012-01-04,CI,150.0,1958.0,54.0,5,1,5,BRIDGE ST W,positive_T_minus_H
92202,2012-01-04,CI,150.0,1967.0,45.0,1,0,5,GAY CRES,negative_T_minus_H_minus_3y
32270,2012-01-05,CI,150.0,1954.0,58.0,0,1,5,REYBURN AVE,positive_T_minus_H
33810,2012-01-05,CI,150.0,1964.0,48.0,3,0,5,RUTHERFORD DR,negative_T_minus_H_minus_5y
35960,2012-01-05,CI,300.0,1964.0,48.0,0,0,5,STANLEY AVE,negative_T_minus_H_minus_1y
5230,2012-01-05,CI,150.0,1954.0,58.0,0,0,5,CAMBRIDGE AVE,negative_T_minus_H_minus_5y
89012,2012-01-05,CI,150.0,1964.0,48.0,0,0,5,OWEN AVE,negative_T_minus_H_minus_4y
34230,2012-01-06,CI,150.0,1963.0,49.0,0,0,5,SECORD AVE,negative_T_minus_H_minus_3y
44470,2012-01-06,DI,150.0,1991.0,21.0,0,0,5,ZELLER CRT,negative_T_minus_H_minus_5y
34230,2012-01-07,CI,150.0,1963.0,49.0,0,0,5,SECORD AVE,negative_T_minus_H_minus_3y
42310,2012-01-08,DI,150.0,1973.0,39.0,0,0,5,WESTHEIGHTS DR,negative_T_minus_H_minus_5y
57680,2012-01-08,CI,150.0,1955.0,57.0,4,1,5,EDNA ST,positive_T_minus_H
5110,2012-01-09,CI,100.0,1955.0,57.0,3,0,5,BURN PL,negative_T_minus_H_minus_4y
62550,2012-01-09,CI,300.0,1964.0,48.0,2,0,5,BLOOMINGDALE RD,negative_T_minus_H_minus_4y
21090,2012-01-11,DI,200.0,1966.0,46.0,0,0,5,KENORA DR,negative_T_minus_H_minus_1y
21100,2012-01-11,DI,200.0,1966.0,46.0,0,0,5,KENORA DR,negative_T_minus_H_minus_1y
29670,2012-01-11,CI,150.0,1949.0,63.0,0,0,5,OTTAWA ST S,negative_T_minus_H_minus_1y
4050,2012-01-12,CI,150.0,1955.0,57.0,1,0,5,BRANDON AVE,negative_T_minus_H_minus_1y
19770,2012-01-13,CI,150.0,1967.0,45.0,2,1,5,HOLBORN DR,positive_T_minus_H
38560,2012-01-13,CI,150.0,1954.0,58.0,5,0,5,UNION BLVD,negative_T_minus_H_minus_3y
3640,2012-01-15,CI,150.0,1956.0,56.0,4,1,5,BLUERIDGE AVE,positive_T_minus_H
60100,2012-01-16,PVC,300.0,1997.0,15.0,0,0,5,OTTERBEIN RD,negative_T_minus_H_minus_1y
80206,2012-01-16,CI,150.0,1952.0,60.0,0,0,5,BOEHMER ST,negative_T_minus_H_minus_4y
94808,2012-01-16,CI,150.0,1963.0,49.0,0,0,5,GUERIN AVE,negative_T_minus_H_minus_2y
35140,2012-01-17,CI,150.0,1953.0,59.0,3,0,5,SIXTH AVE,negative_T_minus_H_minus_4y
84572,2012-01-17,CI,150.0,1957.0,55.0,0,1,5,GREENFIELD AVE,positive_T_minus_H
33530,2012-01-18,CI,150.0,1959.0,53.0,2,1,5,ROSS AVE,positive_T_minus_H
91262,2012-01-18,DI,300.0,1968.0,44.0,1,0,5,HAZELGLEN DR,negative_T_minus_H_minus_5y
133812,2012-01-20,CI,300.0,1965.0,47.0,0,0,5,SASAGA DR,negative_T_minus_H_minus_1y
32130,2012-01-20,CI,150.0,1948.0,64.0,0,1,5,RAYMOND RD,positive_T_minus_H
33980,2012-01-20,CI,150.0,1963.0,49.0,1,0,5,SCENIC DR,negative_T_minus_H_minus_4y
87232,2012-01-20,CI,200.0,1962.0,50.0,0,1,5,UPLANDS DR,positive_T_minus_H
1360,2012-01-21,CI,200.0,1961.0,51.0,0,0,5,AVON RD,negative_T_minus_H_minus_3y
21000,2012-01-21,DI,150.0,1967.0,45.0,0,0,5,KELLY DR,negative_T_minus_H_minus_5y
1570,2012-01-24,CI,150.0,1964.0,48.0,1,0,5,BARBARA CRES,negative_T_minus_H_minus_1y
18110,2012-01-24,CI,150.0,1961.0,51.0,0,0,5,HAROLD AVE,negative_T_minus_H_minus_3y
85426,2012-01-24,CI,150.0,1969.0,43.0,0,0,5,FORESTWOOD DR,negative_T_minus_H_minus_5y
90650,2012-01-24,DI,200.0,1967.0,45.0,0,0,5,OLD CHICOPEE DR,negative_T_minus_H_minus_1y
94494,2012-01-25,DI,450.0,1970.0,42.0,0,0,5,COURTLAND AVE E,negative_T_minus_H_minus_1y
20400,2012-01-26,DI,150.0,1964.0,48.0,0,0,5,INVERNESS DR,negative_T_minus_H_minus_5y
23530,2012-01-26,CI,150.0,1964.0,48.0,1,0,5,LARKSPUR CRES,negative_T_minus_H_minus_5y
15830,2012-01-27,CI,150.0,1967.0,45.0,3,1,5,FURNESS DR,positive_T_minus_H
93744,2012-01-27,CI,150.0,1967.0,45.0,0,1,5,HOLBORN DR,positive_T_minus_H
23750,2012-01-28,CI,150.0,1952.0,60.0,0,0,5,ST LEGER ST,negative_T_minus_H_minus_4y
4093108,2012-01-28,XXX,100.0,1977.0,35.0,0,0,5,DUNDAS AVE,negative_T_minus_H_minus_5y
33970,2012-01-29,CI,300.0,1965.0,47.0,0,0,5,OTONABEE DR,negative_T_minus_H_minus_4y
12390,2012-01-30,DI,300.0,1979.0,33.0,0,0,5,MORRISON RD,negative_T_minus_H_minus_5y
18160,2012-01-30,CI,100.0,1954.0,58.0,2,0,5,HARTWOOD PL,negative_T_minus_H_minus_2y
28280,2012-01-30,DI,200.0,1967.0,45.0,1,0,5,OLD CHICOPEE DR,negative_T_minus_H_minus_5y
30440,2012-01-30,CI,150.0,1962.0,50.0,1,0,5,PEACHWOOD CRT,negative_T_minus_H_minus_5y
37770,2012-01-31,CI,150.0,1953.0,59.0,4,0,5,THIRD AVE,negative_T_minus_H_minus_2y
15320,2012-02-01,DI,300.0,1964.0,48.0,0,0,5,FRANKLIN ST N,negative_T_minus_H_minus_2y
85222,2012-02-01,CI,300.0,1963.0,49.0,0,0,5,PENROSE AVE,negative_T_minus_H_minus_2y
93234,2012-02-01,CI,150.0,1966.0,46.0,0,0,5,FRANKLIN ST N,negative_T_minus_H_minus_2y
37020,2012-02-02,DI,150.0,1981.0,31.0,0,0,5,SUGAR MAPLE ST,negative_T_minus_H_minus_2y
31890,2012-02-03,CI,150.0,1966.0,46.0,2,0,5,QUEENSTON DR,negative_T_minus_H_minus_5y
33200,2012-02-03,DI,150.0,1978.0,34.0,0,0,5,ROLLING MEADOWS DR,negative_T_minus_H_minus_4y
35630,2012-02-03,CI,150.0,1960.0,52.0,3,0,5,SPRINGBANK CRES,negative_T_minus_H_minus_4y
88076,2012-02-03,CI,150.0,1960.0,52.0,1,1,5,RIPPLEWOOD CRES,positive_T_minus_H
15450,2012-02-04,CI,150.0,1957.0,55.0,1,0,5,FRANKLIN ST S,negative_T_minus_H_minus_2y
17380,2012-02-04,CI,150.0,1953.0,59.0,1,0,5,GREENFIELD AVE,negative_T_minus_H_minus_1y
19750,2012-02-04,DI,150.0,1967.0,45.0,1,0,5,HOLBORN DR,negative_T_minus_H_minus_1y
38770,2012-02-04,CI,150.0,1950.0,62.0,0,0,5,UNION ST,negative_T_minus_H_minus_2y
14350,2012-02-05,CI,200.0,1952.0,60.0,0,0,5,FIFTH AVE,negative_T_minus_H_minus_1y
16540,2012-02-05,DI,150.0,1970.0,42.0,2,0,5,GLEN AVON CRES,negative_T_minus_H_minus_5y
40160,2012-02-05,CI,150.0,1957.0,55.0,1,0,5,VILLAGE RD,negative_T_minus_H_minus_2y
22600,2012-02-06,CI,150.0,1959.0,53.0,1,0,5,KIPLING AVE,negative_T_minus_H_minus_3y
87892,2012-02-06,CI,150.0,1953.0,59.0,0,0,5,GREENFIELD AVE,negative_T_minus_H_minus_1y
1330,2012-02-07,CI,200.0,1961.0,51.0,3,0,5,AVON RD,negative_T_minus_H_minus_5y
15760,2012-02-07,CI,300.0,1959.0,53.0,0,0,5,AVON RD,negative_T_minus_H_minus_2y
7740,2012-02-07,DI,150.0,1966.0,46.0,1,0,5,CONFEDERATION DR,negative_T_minus_H_minus_1y
85518,2012-02-07,CI,200.0,1961.0,51.0,0,0,5,AVON RD,negative_T_minus_H_minus_2y
32160,2012-02-09,CI,150.0,1963.0,49.0,4,0,5,RENNIE DR,negative_T_minus_H_minus_5y
18350,2012-02-10,CI,150.0,1954.0,58.0,1,0,5,HEATHER AVE,negative_T_minus_H_minus_2y
20470,2012-02-10,CI,150.0,1955.0,57.0,4,0,5,ISLINGTON AVE,negative_T_minus_H_minus_4y
5360,2012-02-10,DI,150.0,1982.0,30.0,0,0,5,CAMERON ST N,negative_T_minus_H_minus_3y
7290,2012-02-11,CI,100.0,1956.0,56.0,2,0,5,CLAREMONT AVE,negative_T_minus_H_minus_3y
10690,2012-02-13,CI,150.0,1955.0,57.0,1,1,5,DUNBAR RD,positive_T_minus_H
22600,2012-02-13,CI,150.0,1959.0,53.0,1,1,5,KIPLING AVE,positive_T_minus_H
4089933,2012-02-13,XXX,0.0,,,0,0,5,QUEENS BLVD,negative_T_minus_H_minus_4y
43020,2012-02-13,DI,300.0,1966.0,46.0,0,0,5,WESTWOOD DR,negative_T_minus_H_minus_1y
64260,2012-02-13,DI,150.0,1965.0,47.0,0,0,5,PEACHWOOD AVE,negative_T_minus_H_minus_5y
31670,2012-02-15,DI,200.0,1966.0,46.0,1,1,5,QUEENS BLVD,positive_T_minus_H
33980,2012-02-15,CI,150.0,1963.0,49.0,1,0,5,SCENIC DR,negative_T_minus_H_minus_4y
21110,2012-02-16,DI,200.0,1966.0,46.0,0,0,5,KENORA DR,negative_T_minus_H_minus_1y
27000,2012-02-16,DI,200.0,1965.0,47.0,1,0,5,MONTCALM DR,negative_T_minus_H_minus_4y
33810,2012-02-16,CI,150.0,1964.0,48.0,3,1,5,RUTHERFORD DR,positive_T_minus_H
2000,2012-02-17,CI,300.0,1957.0,55.0,1,1,5,BELMONT AVE W,positive_T_minus_H
37540,2012-02-17,CI,150.0,1958.0,54.0,2,0,5,TANGLEWOOD AVE,negative_T_minus_H_minus_4y
25740,2012-02-18,CI,150.0,1951.0,61.0,2,0,5,MAUSSER AVE,negative_T_minus_H_minus_4y
30440,2012-02-18,CI,150.0,1962.0,50.0,1,1,5,PEACHWOOD CRT,positive_T_minus_H
25740,2012-02-19,CI,150.0,1951.0,61.0,2,0,5,MAUSSER AVE,negative_T_minus_H_minus_4y
38190,2012-02-19,CI,150.0,1958.0,54.0,4,0,5,TRAYNOR AVE,negative_T_minus_H_minus_1y
14940,2012-02-21,CI,150.0,1958.0,54.0,3,0,5,FOREST HILL DR,negative_T_minus_H_minus_3y
17200,2012-02-21,CI,200.0,1959.0,53.0,0,0,5,GREENBROOK DR,negative_T_minus_H_minus_3y
26510,2012-02-21,DI,150.0,1965.0,47.0,0,0,5,MIDLAND DR,negative_T_minus_H_minus_5y
2840,2012-02-21,CI,150.0,1947.0,65.0,0,0,5,BIRCH AVE,negative_T_minus_H_minus_4y
88300,2012-02-21,DI,600.0,1978.0,34.0,0,0,5,VICTORIA ST N,negative_T_minus_H_minus_3y
92144,2012-02-21,DI,150.0,1969.0,43.0,0,0,5,MEADOWLANE DR,negative_T_minus_H_minus_4y
9100,2012-02-22,CI,150.0,1962.0,50.0,2,1,5,DEERPARK CRES,positive_T_minus_H
20410,2012-02-23,DI,150.0,1966.0,46.0,1,1,5,INWOOD CRES,positive_T_minus_H
32090,2012-02-23,CI,150.0,1962.0,50.0,1,0,5,RANDERSON AVE,negative_T_minus_H_minus_5y
85558,2012-02-24,DI,200.0,1966.0,46.0,1,0,5,MONTCALM DR,negative_T_minus_H_minus_4y
32090,2012-02-25,CI,150.0,1962.0,50.0,1,0,5,RANDERSON AVE,negative_T_minus_H_minus_5y
7860,2012-02-26,CI,150.0,1953.0,59.0,0,0,5,CONNAUGHT ST,negative_T_minus_H_minus_1y
94794,2012-02-26,CI,150.0,1955.0,57.0,0,0,5,SHERWOOD AVE,negative_T_minus_H_minus_5y
37010,2012-02-27,DI,150.0,1981.0,31.0,0,0,5,SUGAR MAPLE PL,negative_T_minus_H_minus_1y
42890,2012-02-27,CI,150.0,1966.0,46.0,5,0,5,WESTWOOD CRES,negative_T_minus_H_minus_3y
37010,2012-02-28,DI,150.0,1981.0,31.0,0,0,5,SUGAR MAPLE PL,negative_T_minus_H_minus_1y
81024,2012-02-29,CI,300.0,1966.0,46.0,0,0,5,ST LEGER ST,negative_T_minus_H_minus_3y
6500,2012-03-01,CI,150.0,1953.0,59.0,3,0,5,CHAPEL ST,negative_T_minus_H_minus_4y
980,2012-03-02,DI,300.0,1979.0,33.0,0,0,5,ARNOLD ST,negative_T_minus_H_minus_4y
18650,2012-03-03,CI,200.0,1960.0,52.0,0,0,5,HICKSON DR,negative_T_minus_H_minus_4y
36960,2012-03-03,DI,150.0,1965.0,47.0,1,0,5,STRATHCONA CRES,negative_T_minus_H_minus_5y
33390,2012-03-04,CI,150.0,1963.0,49.0,0,0,5,ROSEMOUNT DR,negative_T_minus_H_minus_5y
38040,2012-03-04,CI,150.0,1958.0,54.0,2,0,5,TRAFALGAR AVE,negative_T_minus_H_minus_5y
36490,2012-03-05,CI,150.0,1962.0,50.0,1,0,5,STONYBROOK DR,negative_T_minus_H_minus_5y
58170,2012-03-05,CPP,1200.0,1989.0,23.0,0,0,5,GOODRICH DR,negative_T_minus_H_minus_3y
86582,2012-03-05,CI,150.0,1958.0,54.0,1,0,5,HEARTH CRES,negative_T_minus_H_minus_3y
27660,2012-03-06,CI,150.0,1964.0,48.0,0,0,5,NELSON AVE,negative_T_minus_H_minus_3y
8060,2012-03-07,CI,150.0,1958.0,54.0,1,1,5,CORNELL AVE,positive_T_minus_H
80860,2012-03-07,CI,150.0,1951.0,61.0,1,0,5,VICTORIA ST N,negative_T_minus_H_minus_5y
26580,2012-03-08,CI,150.0,1961.0,51.0,0,1,5,MILL PARK DR,positive_T_minus_H
42460,2012-03-09,CI,450.0,1964.0,48.0,0,0,5,WESTMOUNT RD W,negative_T_minus_H_minus_3y
11530,2012-03-10,CI,150.0,1950.0,62.0,0,0,5,EDNA ST,negative_T_minus_H_minus_4y
19610,2012-03-10,DI,150.0,1964.0,48.0,0,0,5,HOFFMAN ST,negative_T_minus_H_minus_5y
5090,2012-03-10,CI,150.0,1961.0,51.0,0,0,5,BURLINGTON DR,negative_T_minus_H_minus_5y
81024,2012-03-10,CI,300.0,1966.0,46.0,0,0,5,ST LEGER ST,negative_T_minus_H_minus_3y
5830,2012-03-13,DI,150.0,1966.0,46.0,5,0,5,CECILE DR,negative_T_minus_H_minus_4y
8800,2012-03-17,CI,150.0,1960.0,52.0,1,0,5,CYPRUS DR,negative_T_minus_H_minus_2y
24850,2012-03-19,CI,200.0,1958.0,54.0,0,0,5,MANCHESTER RD,negative_T_minus_H_minus_2y
33470,2012-03-19,DI,150.0,1974.0,38.0,1,0,5,ROSENEATH CRES,negative_T_minus_H_minus_2y
41460,2012-03-19,CI,150.0,1958.0,54.0,2,0,5,WEDGEWOOD DR,negative_T_minus_H_minus_4y
33450,2012-03-20,CI,150.0,1959.0,53.0,2,0,5,ROSEMOUNT DR,negative_T_minus_H_minus_5y
1720,2012-03-22,DI,200.0,1979.0,33.0,0,0,5,BECHTEL DR,negative_T_minus_H_minus_1y
32730,2012-03-22,CI,150.0,1959.0,53.0,1,0,5,RIVER RD E,negative_T_minus_H_minus_2y
28420,2012-03-23,DI,150.0,1987.0,25.0,0,0,5,OLD COUNTRY PL,negative_T_minus_H_minus_2y
82894,2012-03-25,CI,150.0,1974.0,38.0,2,1,5,BOSWORTH CRES,positive_T_minus_H
84964,2012-03-25,CI,150.0,1966.0,46.0,0,1,5,DALEWOOD DR,positive_T_minus_H
34900,2012-03-27,CI,150.0,1960.0,52.0,2,0,5,SHIRLEY AVE,negative_T_minus_H_minus_5y
15840,2012-03-29,CI,300.0,1969.0,43.0,2,1,5,GAGE AVE,positive_T_minus_H
80860,2012-04-01,CI,150.0,1951.0,61.0,1,0,5,VICTORIA ST N,negative_T_minus_H_minus_5y
33160,2012-04-03,DI,150.0,1987.0,25.0,0,0,5,ROLLING ACRES DR,negative_T_minus_H_minus_1y
80860,2012-04-04,CI,150.0,1951.0,61.0,1,0,5,VICTORIA ST N,negative_T_minus_H_minus_5y
35640,2012-04-05,CI,150.0,1968.0,44.0,2,1,5,SPRINGDALE DR,positive_T_minus_H
16540,2012-04-09,DI,150.0,1970.0,42.0,2,0,5,GLEN AVON CRES,negative_T_minus_H_minus_5y
69455,2012-04-25,PVC,150.0,2008.0,4.0,0,0,5,CHARLES ST E,negative_T_minus_H_minus_2y
88718,2012-04-27,PVC,600.0,2010.0,2.0,0,0,5,VICTORIA ST S,negative_T_minus_H_minus_2y
87836,2012-04-28,DI,200.0,1985.0,27.0,0,0,5,LENNOX CRES,negative_T_minus_H_minus_5y
20090,2012-04-29,CI,150.0,1966.0,46.0,2,0,5,HUNTLEY CRES,negative_T_minus_H_minus_2y
59950,2012-04-29,DI,150.0,1995.0,17.0,0,0,5,YOUNG ST,negative_T_minus_H_minus_5y
19650,2012-05-03,CI,150.0,1956.0,56.0,0,0,5,HOFFMAN ST,negative_T_minus_H_minus_2y
84242,2012-05-06,CI,150.0,1952.0,60.0,0,1,5,EPHRAIM ST,positive_T_minus_H
18090,2012-05-07,CI,200.0,1953.0,59.0,0,0,5,HARBER AVE,negative_T_minus_H_minus_2y
29210,2012-05-07,CI,300.0,1950.0,62.0,0,0,5,OTTAWA ST N,negative_T_minus_H_minus_2y
14830,2012-05-08,CI,200.0,1962.0,50.0,2,0,5,FOREST HILL DR,negative_T_minus_H_minus_2y
87370,2012-05-08,CI,150.0,1964.0,48.0,0,0,5,FOREST HILL DR,negative_T_minus_H_minus_2y
61828,2012-05-10,DI,200.0,1967.0,45.0,0,0,5,OTTAWA ST N,negative_T_minus_H_minus_2y
96394,2012-05-11,DI,300.0,1976.0,36.0,0,0,5,VICTORIA ST N,negative_T_minus_H_minus_5y
36450,2012-05-15,DI,150.0,1976.0,36.0,0,0,5,STONEGATE DR,negative_T_minus_H_minus_2y
38090,2012-05-15,DI,150.0,1978.0,34.0,0,0,5,TRAILWOOD CRES,negative_T_minus_H_minus_3y
91262,2012-05-16,DI,300.0,1968.0,44.0,1,0,5,HAZELGLEN DR,negative_T_minus_H_minus_5y
76855,2012-05-19,DI,150.0,1986.0,26.0,0,0,5,LANARK CRT,negative_T_minus_H_minus_5y
20860,2012-05-24,DI,150.0,1968.0,44.0,0,1,5,KARN ST,positive_T_minus_H
20860,2012-05-26,DI,150.0,1968.0,44.0,0,1,5,KARN ST,positive_T_minus_H
88872,2012-05-28,DI,300.0,1974.0,38.0,2,0,5,BELMONT AVE W,negative_T_minus_H_minus_4y
16080,2012-05-31,DI,150.0,1976.0,36.0,1,0,5,GEORGIAN CRES,negative_T_minus_H_minus_4y
41640,2012-05-31,DI,200.0,1975.0,37.0,1,0,5,WELLINGTON ST N,negative_T_minus_H_minus_5y
58380,2012-05-31,AC,450.0,1952.0,60.0,0,0,5,OTTAWA ST S,negative_T_minus_H_minus_5y
5840,2012-05-31,DI,150.0,1981.0,31.0,0,0,5,CEDAR CREST ST,negative_T_minus_H_minus_3y
5110,2012-06-03,CI,100.0,1955.0,57.0,3,0,5,BURN PL,negative_T_minus_H_minus_3y
18650,2012-06-09,CI,200.0,1960.0,52.0,0,1,5,HICKSON DR,positive_T_minus_H
4115324,2012-06-09,XXX,25.0,2002.0,10.0,0,0,5,EVENSTONE AVE,negative_T_minus_H_minus_5y
40520,2012-06-11,DI,300.0,1975.0,37.0,0,0,5,WATER ST N,negative_T_minus_H_minus_2y
91438,2012-06-12,DI,150.0,1974.0,38.0,0,0,5,AMHERST DR,negative_T_minus_H_minus_2y
42190,2012-06-14,DI,200.0,1973.0,39.0,0,0,5,WESTHEIGHTS DR,negative_T_minus_H_minus_2y
11530,2012-06-15,CI,150.0,1950.0,62.0,0,0,5,EDNA ST,negative_T_minus_H_minus_4y
42930,2012-06-16,DI,300.0,1971.0,41.0,4,1,5,WESTWOOD DR,positive_T_minus_H
4111747,2012-06-17,XXX,13.0,1972.0,40.0,0,0,5,SHADELAND CRES,negative_T_minus_H_minus_3y
67760,2012-06-19,PVC,300.0,2001.0,11.0,0,1,5,KING ST E,positive_T_minus_H
68100,2012-06-20,PVC,300.0,2002.0,10.0,0,0,5,WABANAKI DR,negative_T_minus_H_minus_1y
16590,2012-06-22,DI,150.0,1988.0,24.0,0,0,5,GLEN RD,negative_T_minus_H_minus_3y
96118,2012-06-24,CI,150.0,1961.0,51.0,0,0,5,MORGAN AVE,negative_T_minus_H_minus_4y
137254,2012-06-25,CI,150.0,1940.0,72.0,0,0,5,STIRLING AVE S,negative_T_minus_H_minus_3y
58170,2012-06-25,CPP,1200.0,1989.0,23.0,0,0,5,GOODRICH DR,negative_T_minus_H_minus_4y
2050,2012-06-26,CI,200.0,1952.0,60.0,0,1,5,BELMONT AVE W,positive_T_minus_H
26930,2012-07-01,DI,150.0,1986.0,26.0,0,1,5,MONTANA CRES,positive_T_minus_H
82922,2012-07-02,DI,150.0,1989.0,23.0,0,0,5,GREENGABLE WAY,negative_T_minus_H_minus_5y
35920,2012-07-03,DI,300.0,1981.0,31.0,1,0,5,ST LEGER ST,negative_T_minus_H_minus_3y
40570,2012-07-07,DI,300.0,1979.0,33.0,0,0,5,WATER ST S,negative_T_minus_H_minus_1y
5840,2012-07-08,DI,150.0,1981.0,31.0,0,0,5,CEDAR CREST ST,negative_T_minus_H_minus_4y
35140,2012-07-12,CI,150.0,1953.0,59.0,3,0,5,SIXTH AVE,negative_T_minus_H_minus_4y
39380,2012-07-13,DI,200.0,1976.0,36.0,0,0,5,VICTORIA ST N,negative_T_minus_H_minus_3y
32730,2012-07-14,CI,150.0,1959.0,53.0,1,0,5,RIVER RD E,negative_T_minus_H_minus_3y
39380,2012-07-14,DI,200.0,1976.0,36.0,0,0,5,VICTORIA ST N,negative_T_minus_H_minus_3y
32740,2012-07-15,CI,300.0,1958.0,54.0,0,0,5,RIVER RD E,negative_T_minus_H_minus_3y
33280,2012-07-18,DI,300.0,1987.0,25.0,0,0,5,ROLLING MEADOWS DR,negative_T_minus_H_minus_1y
17010,2012-07-20,DI,200.0,1972.0,40.0,0,0,5,GRAND RIVER BLVD,negative_T_minus_H_minus_5y
340,2012-07-20,CI,150.0,1950.0,62.0,0,0,5,ADELAIDE ST,negative_T_minus_H_minus_1y
39390,2012-07-21,DI,300.0,1976.0,36.0,0,0,5,VICTORIA ST N,negative_T_minus_H_minus_1y
4100356,2012-07-22,XXX,13.0,1970.0,42.0,0,0,5,ROSS AVE,negative_T_minus_H_minus_5y
69510,2012-07-22,PVC,300.0,2003.0,9.0,1,1,5,WEBER ST W,positive_T_minus_H
61807,2012-07-24,CI,300.0,1930.0,82.0,0,0,5,VICTORIA ST N,negative_T_minus_H_minus_1y
90214,2012-07-24,CI,150.0,1958.0,54.0,0,0,5,BONIFACE AVE,negative_T_minus_H_minus_2y
36210,2012-07-25,CI,150.0,1948.0,64.0,0,0,5,STIRLING AVE S,negative_T_minus_H_minus_3y
25510,2012-07-26,COP,25.0,1950.0,62.0,0,0,5,MARLBOROUGH AVE,negative_T_minus_H_minus_2y
18280,2012-07-27,DI,300.0,1968.0,44.0,3,1,5,HAZELGLEN DR,positive_T_minus_H
30750,2012-07-28,DI,150.0,1968.0,44.0,0,0,5,PINEHURST CRES,negative_T_minus_H_minus_4y
57690,2012-07-30,CI,150.0,1954.0,58.0,2,0,5,CAMBRIDGE AVE,negative_T_minus_H_minus_3y
88762,2012-07-30,DI,150.0,1970.0,42.0,0,0,5,KINZIE AVE,negative_T_minus_H_minus_3y
31440,2012-08-03,DI,300.0,1983.0,29.0,0,0,5,QUEEN ST N,negative_T_minus_H_minus_3y
4920,2012-08-03,CI,150.0,1952.0,60.0,0,0,5,BRUCE ST,negative_T_minus_H_minus_2y
58190,2012-08-03,DI,150.0,1971.0,41.0,1,0,5,KEVCO PL,negative_T_minus_H_minus_4y
1800,2012-08-05,CI,150.0,1951.0,61.0,0,0,5,BECKER ST,negative_T_minus_H_minus_5y
19570,2012-08-06,CI,150.0,1949.0,63.0,0,1,5,HILLVIEW ST,positive_T_minus_H
8570,2012-08-09,DI,150.0,1987.0,25.0,0,1,5,CRAIG DR,positive_T_minus_H
4132331,2012-08-11,XXX,0.0,1996.0,16.0,0,0,5,DUNNIGAN DR,negative_T_minus_H_minus_5y
34430,2012-08-12,CI,150.0,1958.0,54.0,1,0,5,SHADYWOOD CRES,negative_T_minus_H_minus_4y
5250,2012-08-12,CI,150.0,1954.0,58.0,3,0,5,CAMBRIDGE AVE,negative_T_minus_H_minus_3y
4138524,2012-08-13,XXX,13.0,1972.0,40.0,0,0,5,MORGAN AVE,negative_T_minus_H_minus_5y
15770,2012-08-17,DI,300.0,1960.0,52.0,0,0,5,VICTORIA ST N,negative_T_minus_H_minus_4y
18090,2012-08-17,CI,200.0,1953.0,59.0,0,0,5,HARBER AVE,negative_T_minus_H_minus_5y
21250,2012-08-17,DI,150.0,1978.0,34.0,0,0,5,KESSELRING DR,negative_T_minus_H_minus_5y
6090,2012-08-17,DI,150.0,1973.0,39.0,0,0,5,CEDARHILL CRES,negative_T_minus_H_minus_5y
5570,2012-08-18,DI,200.0,1974.0,38.0,0,1,5,CARSON DR,positive_T_minus_H
39350,2012-08-24,DI,200.0,1976.0,36.0,0,0,5,VICTORIA ST N,negative_T_minus_H_minus_1y
4950,2012-08-24,CI,150.0,1953.0,59.0,1,0,5,BRUCE ST,negative_T_minus_H_minus_2y
5830,2012-08-25,DI,150.0,1966.0,46.0,5,0,5,CECILE DR,negative_T_minus_H_minus_5y
87898,2012-08-25,CI,150.0,1965.0,47.0,0,0,5,GAGE AVE,negative_T_minus_H_minus_2y
65390,2012-08-28,PVC,150.0,2000.0,12.0,0,0,5,KING ST E,negative_T_minus_H_minus_2y
15000,2012-08-29,DI,150.0,1969.0,43.0,1,0,5,FORESTWOOD DR,negative_T_minus_H_minus_5y
21890,2012-08-29,CI,100.0,1937.0,75.0,2,1,5,KING ST E,positive_T_minus_H
23240,2012-08-29,DI,450.0,1968.0,44.0,0,0,5,LANCASTER ST W,negative_T_minus_H_minus_5y
27040,2012-08-30,DI,200.0,1966.0,46.0,0,1,5,MONTCALM DR,positive_T_minus_H
15720,2012-09-02,CI,200.0,1952.0,60.0,0,0,5,FREDERICK ST,negative_T_minus_H_minus_1y
11510,2012-09-05,CI,200.0,1950.0,62.0,0,0,5,VICTORIA ST N,negative_T_minus_H_minus_1y
1150,2012-09-06,DI,150.0,1973.0,39.0,0,0,5,AUTUMN HILL CRES,negative_T_minus_H_minus_2y
18700,2012-09-07,CI,150.0,1960.0,52.0,2,0,5,HICKSON DR,negative_T_minus_H_minus_2y
27130,2012-09-09,CPP,600.0,1966.0,46.0,0,0,5,MONTGOMERY RD,negative_T_minus_H_minus_2y
27140,2012-09-09,CI,600.0,1966.0,46.0,0,0,5,MONTGOMERY RD,negative_T_minus_H_minus_2y
95448,2012-09-09,CI,150.0,1952.0,60.0,0,0,5,MONTGOMERY RD,negative_T_minus_H_minus_2y
38050,2012-09-12,CI,150.0,1958.0,54.0,0,0,5,TRAFALGAR AVE,negative_T_minus_H_minus_2y
37010,2012-09-14,DI,150.0,1981.0,31.0,0,0,5,SUGAR MAPLE PL,negative_T_minus_H_minus_5y
5610,2012-09-14,DI,200.0,1966.0,46.0,2,0,5,CARSON DR,negative_T_minus_H_minus_3y
5840,2012-09-14,DI,150.0,1981.0,31.0,0,0,5,CEDAR CREST ST,negative_T_minus_H_minus_5y
87420,2012-09-14,DI,150.0,1986.0,26.0,0,0,5,STONEHENGE PL,negative_T_minus_H_minus_5y
31770,2012-09-16,CI,150.0,1949.0,63.0,4,0,5,QUEENS BLVD,negative_T_minus_H_minus_4y
36450,2012-09-16,DI,150.0,1976.0,36.0,0,0,5,STONEGATE DR,negative_T_minus_H_minus_2y
21950,2012-09-17,DI,300.0,1961.0,51.0,0,0,5,KING ST E,negative_T_minus_H_minus_4y
5840,2012-09-19,DI,150.0,1981.0,31.0,0,0,5,CEDAR CREST ST,negative_T_minus_H_minus_1y
29830,2012-09-23,DI,150.0,1966.0,46.0,2,0,5,OVERLEA DR,negative_T_minus_H_minus_4y
450,2012-09-24,CI,150.0,1959.0,53.0,0,0,5,AHRENS ST W,negative_T_minus_H_minus_1y
15000,2012-09-28,DI,150.0,1969.0,43.0,1,0,5,FORESTWOOD DR,negative_T_minus_H_minus_5y
4115199,2012-10-01,XXX,25.0,2001.0,11.0,0,0,5,HEARTHWOOD DR,negative_T_minus_H_minus_2y
80840,2012-10-04,CI,200.0,1953.0,59.0,0,0,5,VICTORIA ST N,negative_T_minus_H_minus_5y
87690,2012-10-04,PVC,200.0,1994.0,18.0,0,0,5,IDLE CREEK DR,negative_T_minus_H_minus_1y
42950,2012-10-06,DI,300.0,1969.0,43.0,0,0,5,WESTWOOD DR,negative_T_minus_H_minus_3y
42900,2012-10-07,DI,300.0,1969.0,43.0,2,0,5,WESTWOOD DR,negative_T_minus_H_minus_3y
37140,2012-10-09,CI,100.0,1954.0,58.0,1,0,5,SUNSET PL,negative_T_minus_H_minus_1y
1720,2012-10-12,DI,200.0,1979.0,33.0,0,1,5,BECHTEL DR,positive_T_minus_H
1670,2012-10-13,DI,200.0,1979.0,33.0,0,1,5,PIONEER DR,positive_T_minus_H
26980,2012-10-16,DI,200.0,1966.0,46.0,0,0,5,MONTCALM DR,negative_T_minus_H_minus_5y
5360,2012-10-16,DI,150.0,1982.0,30.0,0,0,5,CAMERON ST N,negative_T_minus_H_minus_3y
26980,2012-10-17,DI,200.0,1966.0,46.0,0,0,5,MONTCALM DR,negative_T_minus_H_minus_5y
3960,2012-10-21,CI,150.0,1965.0,47.0,1,0,5,BRADLEY DR,negative_T_minus_H_minus_3y
15000,2012-10-28,DI,150.0,1969.0,43.0,1,0,5,FORESTWOOD DR,negative_T_minus_H_minus_5y
41010,2012-10-30,CI,150.0,1948.0,64.0,0,0,5,WEBER ST E,negative_T_minus_H_minus_1y
77188,2012-10-31,DI,200.0,1959.0,53.0,1,0,5,RAITAR AVE,negative_T_minus_H_minus_3y
5610,2012-11-01,DI,200.0,1966.0,46.0,2,0,5,CARSON DR,negative_T_minus_H_minus_2y
93146,2012-11-06,CI,150.0,1962.0,50.0,0,0,5,BELTON DR,negative_T_minus_H_minus_2y
37540,2012-11-07,CI,150.0,1958.0,54.0,2,0,5,TANGLEWOOD AVE,negative_T_minus_H_minus_1y
15120,2012-11-08,DI,150.0,1977.0,35.0,0,0,5,FORFAR AVE,negative_T_minus_H_minus_2y
28280,2012-11-08,DI,200.0,1967.0,45.0,1,0,5,OLD CHICOPEE DR,negative_T_minus_H_minus_4y
28300,2012-11-08,DI,300.0,1985.0,27.0,0,0,5,OLD CHICOPEE DR,negative_T_minus_H_minus_4y
86698,2012-11-08,CI,150.0,1953.0,59.0,0,1,5,CONNAUGHT ST,positive_T_minus_H
10790,2012-11-10,DI,150.0,1974.0,38.0,0,0,5,DUNSMERE CRT,negative_T_minus_H_minus_3y
85814,2012-11-10,CI,150.0,1959.0,53.0,0,0,5,HOFFMAN ST,negative_T_minus_H_minus_5y
10790,2012-11-11,DI,150.0,1974.0,38.0,0,0,5,DUNSMERE CRT,negative_T_minus_H_minus_3y
85814,2012-11-11,CI,150.0,1959.0,53.0,0,0,5,HOFFMAN ST,negative_T_minus_H_minus_5y
29860,2012-11-12,CI,150.0,1964.0,48.0,4,1,5,OWEN AVE,positive_T_minus_H
43010,2012-11-12,DI,300.0,1966.0,46.0,0,0,5,WESTWOOD DR,negative_T_minus_H_minus_1y
38890,2012-11-14,DI,200.0,1971.0,41.0,0,1,5,UPPER CANADA DR,positive_T_minus_H
8790,2012-11-14,CI,150.0,1960.0,52.0,1,0,5,CYPRUS DR,negative_T_minus_H_minus_1y
34220,2012-11-18,CI,150.0,1963.0,49.0,3,0,5,SECORD AVE,negative_T_minus_H_minus_2y
26150,2012-11-19,DI,100.0,1969.0,43.0,2,0,5,MEADOW CRES,negative_T_minus_H_minus_1y
18020,2012-11-20,DI,150.0,1965.0,47.0,0,0,5,HANSON AVE,negative_T_minus_H_minus_3y
19680,2012-11-21,DI,200.0,1987.0,25.0,0,1,5,HOLBORN CRT,positive_T_minus_H
22200,2012-11-21,CI,150.0,1966.0,46.0,2,0,5,KINGSTON CRES,negative_T_minus_H_minus_3y
32160,2012-11-21,CI,150.0,1963.0,49.0,4,0,5,RENNIE DR,negative_T_minus_H_minus_1y
85816,2012-11-21,DI,150.0,1980.0,32.0,0,0,5,ALBION ST,negative_T_minus_H_minus_1y
900,2012-11-21,CI,150.0,1953.0,59.0,2,0,5,ARLINGTON BLVD,negative_T_minus_H_minus_2y
9590,2012-11-21,CI,150.0,1958.0,54.0,3,0,5,DOON RD,negative_T_minus_H_minus_3y
38500,2012-11-24,CI,150.0,1966.0,46.0,0,0,5,TUPPER CRES,negative_T_minus_H_minus_1y
29790,2012-11-25,CI,150.0,1967.0,45.0,3,1,5,OVERLEA DR,positive_T_minus_H
20420,2012-11-26,DI,150.0,1966.0,46.0,0,0,5,INWOOD DR,negative_T_minus_H_minus_1y
7900,2012-11-26,CI,150.0,1953.0,59.0,0,0,5,CONNAUGHT ST,negative_T_minus_H_minus_4y
86812,2012-11-28,CI,150.0,1958.0,54.0,0,0,5,TRAFALGAR AVE,negative_T_minus_H_minus_1y
40140,2012-11-29,CI,150.0,1962.0,50.0,2,1,5,VILLAGE CRES,positive_T_minus_H
40390,2012-11-29,CI,200.0,1953.0,59.0,3,1,5,WALTON AVE,positive_T_minus_H
9340,2012-11-29,DI,150.0,1980.0,32.0,0,0,5,DINISON CRES,negative_T_minus_H_minus_1y
33990,2012-11-30,CI,150.0,1963.0,49.0,1,0,5,SCENIC DR,negative_T_minus_H_minus_1y
35920,2012-11-30,DI,300.0,1981.0,31.0,1,0,5,ST LEGER ST,negative_T_minus_H_minus_4y
40570,2012-11-30,DI,300.0,1979.0,33.0,0,0,5,WATER ST S,negative_T_minus_H_minus_2y
61885,2012-11-30,AC,450.0,1952.0,60.0,0,0,5,HOWE DR,negative_T_minus_H_minus_4y
86278,2012-11-30,CI,150.0,1953.0,59.0,0,0,5,PATRICIA AVE,negative_T_minus_H_minus_1y
134292,2012-12-01,CI,450.0,1937.0,75.0,0,1,5,LANCASTER ST W,positive_T_minus_H
13800,2012-12-01,CI,150.0,1964.0,48.0,0,1,5,FAIRLAWN RD,positive_T_minus_H
38270,2012-12-01,DI,300.0,1973.0,39.0,1,0,5,TRILLIUM DR,negative_T_minus_H_minus_2y
29200,2012-12-02,CI,150.0,1952.0,60.0,11,0,5,OTTAWA ST N,negative_T_minus_H_minus_1y
24860,2012-12-03,CI,200.0,1961.0,51.0,1,0,5,MANCHESTER RD,negative_T_minus_H_minus_4y
900,2012-12-03,CI,150.0,1953.0,59.0,2,1,5,ARLINGTON BLVD,positive_T_minus_H
26950,2012-12-04,DI,200.0,1965.0,47.0,1,0,5,MONTCALM DR,negative_T_minus_H_minus_5y
17260,2012-12-05,CI,200.0,1957.0,55.0,0,0,5,GREENBROOK DR,negative_T_minus_H_minus_2y
25500,2012-12-05,DI,150.0,1968.0,44.0,0,0,5,MARKWOOD DR,negative_T_minus_H_minus_5y
85318,2012-12-06,CI,150.0,1958.0,54.0,0,0,5,SOUTHMOOR DR,negative_T_minus_H_minus_5y
8800,2012-12-06,CI,150.0,1960.0,52.0,1,1,5,CYPRUS DR,positive_T_minus_H
80024,2012-12-07,CI,100.0,1954.0,58.0,0,1,5,SUNSET PL,positive_T_minus_H
20500,2012-12-09,CI,150.0,1953.0,59.0,0,1,5,JACK AVE,positive_T_minus_H
32070,2012-12-09,DI,150.0,1971.0,41.0,2,0,5,RAMBLEWOOD WAY,negative_T_minus_H_minus_4y
4647883,2012-12-09,PVC,25.0,1973.0,39.0,0,0,5,SPRINGDALE DR,negative_T_minus_H_minus_4y
85432,2012-12-09,CI,150.0,1971.0,41.0,1,1,5,BROOKSIDE CRES,positive_T_minus_H
19310,2012-12-10,CI,150.0,1963.0,49.0,0,0,5,HIGHPARK AVE,negative_T_minus_H_minus_2y
86784,2012-12-10,DI,300.0,1976.0,36.0,0,0,5,KING ST W,negative_T_minus_H_minus_2y
19310,2012-12-11,CI,150.0,1963.0,49.0,0,0,5,HIGHPARK AVE,negative_T_minus_H_minus_2y
9100,2012-12-12,CI,150.0,1962.0,50.0,2,1,5,DEERPARK CRES,positive_T_minus_H
55480,2012-12-13,PVC,150.0,1995.0,17.0,0,0,5,FAIRWAY CRT,negative_T_minus_H_minus_1y
87898,2012-12-13,CI,150.0,1965.0,47.0,0,1,5,GAGE AVE,positive_T_minus_H
26990,2012-12-14,DI,200.0,1966.0,46.0,1,1,5,MONTCALM DR,positive_T_minus_H
85314,2012-12-14,CI,150.0,1965.0,47.0,1,0,5,CLOVERDALE CRES,negative_T_minus_H_minus_1y
38860,2012-12-15,CI,150.0,1974.0,38.0,1,1,5,UPLANDS DR,positive_T_minus_H
41450,2012-12-15,CI,150.0,1958.0,54.0,1,1,5,WEDGEWOOD DR,positive_T_minus_H
44160,2012-12-15,DI,150.0,1967.0,45.0,0,0,5,WREN PL,negative_T_minus_H_minus_4y
38860,2012-12-16,CI,150.0,1974.0,38.0,1,1,5,UPLANDS DR,positive_T_minus_H
89818,2012-12-16,DI,150.0,1974.0,38.0,0,0,5,BRUNSWICK AVE,negative_T_minus_H_minus_1y
90210,2012-12-16,CI,150.0,1967.0,45.0,2,0,5,CARNABY CRES,negative_T_minus_H_minus_5y
5610,2012-12-18,DI,200.0,1966.0,46.0,2,0,5,CARSON DR,negative_T_minus_H_minus_3y
41000,2012-12-19,CI,150.0,1948.0,64.0,1,0,5,WEBER ST E,negative_T_minus_H_minus_2y
15320,2012-12-21,DI,300.0,1964.0,48.0,0,0,5,FRANKLIN ST N,negative_T_minus_H_minus_2y
34230,2012-12-21,CI,150.0,1963.0,49.0,0,0,5,SECORD AVE,negative_T_minus_H_minus_2y
81930,2012-12-21,CI,450.0,1937.0,75.0,0,0,5,LANCASTER ST W,negative_T_minus_H_minus_1y
20570,2012-12-22,CI,150.0,1961.0,51.0,4,1,5,JANSEN AVE,positive_T_minus_H
22500,2012-12-22,CI,150.0,1961.0,51.0,0,1,5,KINZIE AVE,positive_T_minus_H
87978,2012-12-22,CI,150.0,1953.0,59.0,1,0,5,PROSPECT AVE,negative_T_minus_H_minus_1y
36240,2012-12-23,CI,300.0,1957.0,55.0,1,0,5,STIRLING AVE S,negative_T_minus_H_minus_3y
11170,2012-12-24,DI,150.0,1967.0,45.0,1,0,5,EASTWOOD DR,negative_T_minus_H_minus_3y
4086485,2012-12-24,XXX,0.0,1975.0,37.0,0,0,5,WATER ST N,negative_T_minus_H_minus_5y
670,2012-12-24,CI,150.0,1963.0,49.0,2,0,5,ANTHONY PL,negative_T_minus_H_minus_3y
30740,2012-12-25,DI,200.0,1968.0,44.0,2,0,5,PINEDALE DR,negative_T_minus_H_minus_1y
85314,2012-12-25,CI,150.0,1965.0,47.0,1,1,5,CLOVERDALE CRES,positive_T_minus_H
11160,2012-12-26,CI,150.0,1967.0,45.0,1,0,5,EASTWOOD DR,negative_T_minus_H_minus_4y
20420,2012-12-26,DI,150.0,1966.0,46.0,0,0,5,INWOOD DR,negative_T_minus_H_minus_4y
24860,2012-12-26,CI,200.0,1961.0,51.0,1,0,5,MANCHESTER RD,negative_T_minus_H_minus_2y
36500,2012-12-26,CI,150.0,1962.0,50.0,1,0,5,STONYBROOK DR,negative_T_minus_H_minus_4y
40400,2012-12-26,CI,200.0,1953.0,59.0,0,1,5,WALTON AVE,positive_T_minus_H
4769517,2012-12-26,PVC,25.0,,,0,0,5,FIFTH AVE,negative_T_minus_H_minus_4y
17720,2012-12-28,CI,150.0,1957.0,55.0,6,1,5,GUELPH ST,positive_T_minus_H
33460,2012-12-28,CI,150.0,1961.0,51.0,3,0,5,ROSEMOUNT DR,negative_T_minus_H_minus_5y
43300,2012-12-28,CI,150.0,1960.0,52.0,0,1,5,WILKINS DR,positive_T_minus_H
8660,2012-12-28,CI,150.0,1960.0,52.0,0,0,5,CROSBY DR,negative_T_minus_H_minus_1y
33460,2012-12-29,CI,150.0,1961.0,51.0,3,0,5,ROSEMOUNT DR,negative_T_minus_H_minus_5y
10930,2012-12-30,CI,200.0,1967.0,45.0,0,0,5,EAGEN DR,negative_T_minus_H_minus_1y
18320,2012-12-30,CI,150.0,1958.0,54.0,1,1,5,HEARTH CRES,positive_T_minus_H
32170,2012-12-30,CI,150.0,1963.0,49.0,4,0,5,RENNIE DR,negative_T_minus_H_minus_2y
43030,2012-12-31,CI,300.0,1971.0,41.0,2,0,5,WESTWOOD DR,negative_T_minus_H_minus_3y
85012,2012-12-31,CI,150.0,1967.0,45.0,0,0,5,THALER AVE,negative_T_minus_H_minus_2y
41030,2013-01-01,CI,150.0,1952.0,61.0,5,1,5,WEBER ST E,positive_T_minus_H
32090,2013-01-02,CI,150.0,1962.0,51.0,1,0,5,RANDERSON AVE,negative_T_minus_H_minus_1y
11830,2013-01-03,DI,250.0,1971.0,42.0,1,0,5,ELM RIDGE DR,negative_T_minus_H_minus_4y
33460,2013-01-03,CI,150.0,1961.0,52.0,3,0,5,ROSEMOUNT DR,negative_T_minus_H_minus_3y
39560,2013-01-03,CI,200.0,1953.0,60.0,0,0,5,VICTORIA ST N,negative_T_minus_H_minus_4y
5700,2013-01-03,CI,150.0,1958.0,55.0,1,1,5,CARWOOD AVE,positive_T_minus_H
22200,2013-01-04,CI,150.0,1966.0,47.0,2,0,5,KINGSTON CRES,negative_T_minus_H_minus_5y
92202,2013-01-04,CI,150.0,1967.0,46.0,1,0,5,GAY CRES,negative_T_minus_H_minus_2y
35960,2013-01-05,CI,300.0,1964.0,49.0,0,1,5,STANLEY AVE,positive_T_minus_H
5230,2013-01-05,CI,150.0,1954.0,59.0,0,0,5,CAMBRIDGE AVE,negative_T_minus_H_minus_4y
89012,2013-01-05,CI,150.0,1964.0,49.0,0,0,5,OWEN AVE,negative_T_minus_H_minus_3y
34230,2013-01-06,CI,150.0,1963.0,50.0,0,0,5,SECORD AVE,negative_T_minus_H_minus_2y
44470,2013-01-06,DI,150.0,1991.0,22.0,0,0,5,ZELLER CRT,negative_T_minus_H_minus_4y
34230,2013-01-07,CI,150.0,1963.0,50.0,0,0,5,SECORD AVE,negative_T_minus_H_minus_2y
44190,2013-01-07,CI,150.0,1959.0,54.0,1,1,5,YAGER AVE,positive_T_minus_H
24580,2013-01-08,CI,150.0,1961.0,52.0,1,1,5,LYLE PL,positive_T_minus_H
42310,2013-01-08,DI,150.0,1973.0,40.0,0,0,5,WESTHEIGHTS DR,negative_T_minus_H_minus_4y
33990,2013-01-09,CI,150.0,1963.0,50.0,1,0,5,SCENIC DR,negative_T_minus_H_minus_5y
5110,2013-01-09,CI,100.0,1955.0,58.0,3,0,5,BURN PL,negative_T_minus_H_minus_3y
62550,2013-01-09,CI,300.0,1964.0,49.0,2,0,5,BLOOMINGDALE RD,negative_T_minus_H_minus_3y
8940,2013-01-09,CI,150.0,1964.0,49.0,1,1,5,DANIEL AVE,positive_T_minus_H
21090,2013-01-11,DI,200.0,1966.0,47.0,0,1,5,KENORA DR,positive_T_minus_H
21100,2013-01-11,DI,200.0,1966.0,47.0,0,1,5,KENORA DR,positive_T_minus_H
29670,2013-01-11,CI,150.0,1949.0,64.0,0,1,5,OTTAWA ST S,positive_T_minus_H
36530,2013-01-11,CI,150.0,1958.0,55.0,4,1,5,STONYBROOK DR,positive_T_minus_H
4050,2013-01-12,CI,150.0,1955.0,58.0,1,1,5,BRANDON AVE,positive_T_minus_H
27810,2013-01-13,CI,150.0,1960.0,53.0,3,1,5,NINE PINES RD,positive_T_minus_H
38560,2013-01-13,CI,150.0,1954.0,59.0,5,0,5,UNION BLVD,negative_T_minus_H_minus_2y
37210,2013-01-15,DI,150.0,1962.0,51.0,3,0,5,SWEETBRIAR DR,negative_T_minus_H_minus_4y
60100,2013-01-16,PVC,300.0,1997.0,16.0,0,1,5,OTTERBEIN RD,positive_T_minus_H
80206,2013-01-16,CI,150.0,1952.0,61.0,0,0,5,BOEHMER ST,negative_T_minus_H_minus_3y
94808,2013-01-16,CI,150.0,1963.0,50.0,0,0,5,GUERIN AVE,negative_T_minus_H_minus_1y
14870,2013-01-17,CI,200.0,1962.0,51.0,5,1,5,FOREST HILL DR,positive_T_minus_H
32880,2013-01-17,CI,200.0,1962.0,51.0,5,1,5,RIVERBEND DR,positive_T_minus_H
35140,2013-01-17,CI,150.0,1953.0,60.0,3,0,5,SIXTH AVE,negative_T_minus_H_minus_3y
40130,2013-01-17,DI,150.0,1967.0,46.0,1,0,5,VIEWMONT CLOSE,negative_T_minus_H_minus_2y
91262,2013-01-18,DI,300.0,1968.0,45.0,1,0,5,HAZELGLEN DR,negative_T_minus_H_minus_4y
133812,2013-01-20,CI,300.0,1965.0,48.0,0,1,5,SASAGA DR,positive_T_minus_H
33980,2013-01-20,CI,150.0,1963.0,50.0,1,0,5,SCENIC DR,negative_T_minus_H_minus_3y
39050,2013-01-20,CI,200.0,1953.0,60.0,1,1,5,VANIER DR,positive_T_minus_H
1360,2013-01-21,CI,200.0,1961.0,52.0,0,0,5,AVON RD,negative_T_minus_H_minus_2y
21000,2013-01-21,DI,150.0,1967.0,46.0,0,0,5,KELLY DR,negative_T_minus_H_minus_4y
77534,2013-01-21,PVC,300.0,2013.0,0.0,3,0,5,CHARLES ST W,negative_T_minus_H_minus_4y
43910,2013-01-22,CI,150.0,1954.0,59.0,0,1,5,WOODHAVEN RD,positive_T_minus_H
1570,2013-01-24,CI,150.0,1964.0,49.0,1,1,5,BARBARA CRES,positive_T_minus_H
18110,2013-01-24,CI,150.0,1961.0,52.0,0,0,5,HAROLD AVE,negative_T_minus_H_minus_2y
85426,2013-01-24,CI,150.0,1969.0,44.0,0,0,5,FORESTWOOD DR,negative_T_minus_H_minus_4y
90650,2013-01-24,DI,200.0,1967.0,46.0,0,1,5,OLD CHICOPEE DR,positive_T_minus_H
94494,2013-01-25,DI,450.0,1970.0,43.0,0,1,5,COURTLAND AVE E,positive_T_minus_H
20400,2013-01-26,DI,150.0,1964.0,49.0,0,0,5,INVERNESS DR,negative_T_minus_H_minus_4y
23530,2013-01-26,CI,150.0,1964.0,49.0,1,0,5,LARKSPUR CRES,negative_T_minus_H_minus_4y
38550,2013-01-26,CI,150.0,1954.0,59.0,2,1,5,UNION BLVD,positive_T_minus_H
23750,2013-01-28,CI,150.0,1952.0,61.0,0,0,5,ST LEGER ST,negative_T_minus_H_minus_3y
4093108,2013-01-28,XXX,100.0,1977.0,36.0,0,0,5,DUNDAS AVE,negative_T_minus_H_minus_4y
33970,2013-01-29,CI,300.0,1965.0,48.0,0,0,5,OTONABEE DR,negative_T_minus_H_minus_3y
12390,2013-01-30,DI,300.0,1979.0,34.0,0,0,5,MORRISON RD,negative_T_minus_H_minus_4y
18160,2013-01-30,CI,100.0,1954.0,59.0,2,0,5,HARTWOOD PL,negative_T_minus_H_minus_1y
28280,2013-01-30,DI,200.0,1967.0,46.0,1,0,5,OLD CHICOPEE DR,negative_T_minus_H_minus_4y
37770,2013-01-31,CI,150.0,1953.0,60.0,4,0,5,THIRD AVE,negative_T_minus_H_minus_1y
15320,2013-02-01,DI,300.0,1964.0,49.0,0,0,5,FRANKLIN ST N,negative_T_minus_H_minus_1y
85222,2013-02-01,CI,300.0,1963.0,50.0,0,0,5,PENROSE AVE,negative_T_minus_H_minus_1y
93234,2013-02-01,CI,150.0,1966.0,47.0,0,0,5,FRANKLIN ST N,negative_T_minus_H_minus_1y
37020,2013-02-02,DI,150.0,1981.0,32.0,0,0,5,SUGAR MAPLE ST,negative_T_minus_H_minus_1y
84436,2013-02-02,CI,150.0,1952.0,61.0,0,1,5,OTTAWA ST N,positive_T_minus_H
31890,2013-02-03,CI,150.0,1966.0,47.0,2,0,5,QUEENSTON DR,negative_T_minus_H_minus_4y
33200,2013-02-03,DI,150.0,1978.0,35.0,0,0,5,ROLLING MEADOWS DR,negative_T_minus_H_minus_3y
35630,2013-02-03,CI,150.0,1960.0,53.0,3,0,5,SPRINGBANK CRES,negative_T_minus_H_minus_3y
15450,2013-02-04,CI,150.0,1957.0,56.0,1,0,5,FRANKLIN ST S,negative_T_minus_H_minus_1y
17380,2013-02-04,CI,150.0,1953.0,60.0,1,1,5,GREENFIELD AVE,positive_T_minus_H
19750,2013-02-04,DI,150.0,1967.0,46.0,1,1,5,HOLBORN DR,positive_T_minus_H
38770,2013-02-04,CI,150.0,1950.0,63.0,0,0,5,UNION ST,negative_T_minus_H_minus_1y
14350,2013-02-05,CI,200.0,1952.0,61.0,0,1,5,FIFTH AVE,positive_T_minus_H
16540,2013-02-05,DI,150.0,1970.0,43.0,2,0,5,GLEN AVON CRES,negative_T_minus_H_minus_4y
40160,2013-02-05,CI,150.0,1957.0,56.0,1,0,5,VILLAGE RD,negative_T_minus_H_minus_1y
87892,2013-02-06,CI,150.0,1953.0,60.0,0,1,5,GREENFIELD AVE,positive_T_minus_H
1330,2013-02-07,CI,200.0,1961.0,52.0,3,0,5,AVON RD,negative_T_minus_H_minus_4y
15760,2013-02-07,CI,300.0,1959.0,54.0,0,0,5,AVON RD,negative_T_minus_H_minus_1y
7740,2013-02-07,DI,150.0,1966.0,47.0,1,1,5,CONFEDERATION DR,positive_T_minus_H
85518,2013-02-07,CI,200.0,1961.0,52.0,0,0,5,AVON RD,negative_T_minus_H_minus_1y
18670,2013-02-08,CI,200.0,1960.0,53.0,0,1,5,HICKSON DR,positive_T_minus_H
32160,2013-02-09,CI,150.0,1963.0,50.0,4,0,5,RENNIE DR,negative_T_minus_H_minus_4y
18350,2013-02-10,CI,150.0,1954.0,59.0,1,0,5,HEATHER AVE,negative_T_minus_H_minus_1y
20470,2013-02-10,CI,150.0,1955.0,58.0,4,0,5,ISLINGTON AVE,negative_T_minus_H_minus_3y
42050,2013-02-10,CI,150.0,1959.0,54.0,3,0,5,WESTGATE WALK,negative_T_minus_H_minus_4y
5360,2013-02-10,DI,150.0,1982.0,31.0,0,0,5,CAMERON ST N,negative_T_minus_H_minus_2y
7290,2013-02-11,CI,100.0,1956.0,57.0,2,0,5,CLAREMONT AVE,negative_T_minus_H_minus_2y
40740,2013-02-13,CI,150.0,1966.0,47.0,2,1,5,WAYNE DR,positive_T_minus_H
4089933,2013-02-13,XXX,0.0,,,0,0,5,QUEENS BLVD,negative_T_minus_H_minus_3y
43020,2013-02-13,DI,300.0,1966.0,47.0,0,1,5,WESTWOOD DR,positive_T_minus_H
64260,2013-02-13,DI,150.0,1965.0,48.0,0,0,5,PEACHWOOD AVE,negative_T_minus_H_minus_4y
42050,2013-02-14,CI,150.0,1959.0,54.0,4,0,5,WESTGATE WALK,negative_T_minus_H_minus_4y
33980,2013-02-15,CI,150.0,1963.0,50.0,1,0,5,SCENIC DR,negative_T_minus_H_minus_3y
21110,2013-02-16,DI,200.0,1966.0,47.0,0,1,5,KENORA DR,positive_T_minus_H
27000,2013-02-16,DI,200.0,1965.0,48.0,1,0,5,MONTCALM DR,negative_T_minus_H_minus_3y
37540,2013-02-17,CI,150.0,1958.0,55.0,2,0,5,TANGLEWOOD AVE,negative_T_minus_H_minus_3y
1230,2013-02-18,CI,150.0,1958.0,55.0,3,1,5,AVALON PL,positive_T_minus_H
25740,2013-02-18,CI,150.0,1951.0,62.0,2,0,5,MAUSSER AVE,negative_T_minus_H_minus_3y
25740,2013-02-19,CI,150.0,1951.0,62.0,2,0,5,MAUSSER AVE,negative_T_minus_H_minus_3y
38190,2013-02-19,CI,150.0,1958.0,55.0,4,1,5,TRAYNOR AVE,positive_T_minus_H
14940,2013-02-21,CI,150.0,1958.0,55.0,3,0,5,FOREST HILL DR,negative_T_minus_H_minus_2y
17200,2013-02-21,CI,200.0,1959.0,54.0,0,0,5,GREENBROOK DR,negative_T_minus_H_minus_2y
26510,2013-02-21,DI,150.0,1965.0,48.0,0,0,5,MIDLAND DR,negative_T_minus_H_minus_4y
2840,2013-02-21,CI,150.0,1947.0,66.0,0,0,5,BIRCH AVE,negative_T_minus_H_minus_3y
88300,2013-02-21,DI,600.0,1978.0,35.0,0,0,5,VICTORIA ST N,negative_T_minus_H_minus_2y
92144,2013-02-21,DI,150.0,1969.0,44.0,0,0,5,MEADOWLANE DR,negative_T_minus_H_minus_3y
32090,2013-02-23,CI,150.0,1962.0,51.0,1,0,5,RANDERSON AVE,negative_T_minus_H_minus_4y
85558,2013-02-24,DI,200.0,1966.0,47.0,1,0,5,MONTCALM DR,negative_T_minus_H_minus_3y
32090,2013-02-25,CI,150.0,1962.0,51.0,1,0,5,RANDERSON AVE,negative_T_minus_H_minus_4y
7860,2013-02-26,CI,150.0,1953.0,60.0,0,1,5,CONNAUGHT ST,positive_T_minus_H
94794,2013-02-26,CI,150.0,1955.0,58.0,0,0,5,SHERWOOD AVE,negative_T_minus_H_minus_4y
20430,2013-02-27,CI,150.0,1966.0,47.0,5,0,5,INWOOD DR,negative_T_minus_H_minus_1y
37010,2013-02-27,DI,150.0,1981.0,32.0,0,1,5,SUGAR MAPLE PL,positive_T_minus_H
42890,2013-02-27,CI,150.0,1966.0,47.0,5,0,5,WESTWOOD CRES,negative_T_minus_H_minus_2y
37010,2013-02-28,DI,150.0,1981.0,32.0,0,1,5,SUGAR MAPLE PL,positive_T_minus_H
81024,2013-02-28,CI,300.0,1966.0,47.0,0,0,5,ST LEGER ST,negative_T_minus_H_minus_2y
6500,2013-03-01,CI,150.0,1953.0,60.0,3,0,5,CHAPEL ST,negative_T_minus_H_minus_3y
980,2013-03-02,DI,300.0,1979.0,34.0,0,0,5,ARNOLD ST,negative_T_minus_H_minus_3y
36960,2013-03-03,DI,150.0,1965.0,48.0,1,0,5,STRATHCONA CRES,negative_T_minus_H_minus_4y
33390,2013-03-04,CI,150.0,1963.0,50.0,0,0,5,ROSEMOUNT DR,negative_T_minus_H_minus_4y
38040,2013-03-04,CI,150.0,1958.0,55.0,2,0,5,TRAFALGAR AVE,negative_T_minus_H_minus_4y
36490,2013-03-05,CI,150.0,1962.0,51.0,1,0,5,STONYBROOK DR,negative_T_minus_H_minus_4y
58170,2013-03-05,CPP,1200.0,1989.0,24.0,0,0,5,GOODRICH DR,negative_T_minus_H_minus_2y
86582,2013-03-05,CI,150.0,1958.0,55.0,1,0,5,HEARTH CRES,negative_T_minus_H_minus_2y
27660,2013-03-06,CI,150.0,1964.0,49.0,0,0,5,NELSON AVE,negative_T_minus_H_minus_2y
80860,2013-03-07,CI,150.0,1951.0,62.0,1,0,5,VICTORIA ST N,negative_T_minus_H_minus_4y
42460,2013-03-09,CI,450.0,1964.0,49.0,0,0,5,WESTMOUNT RD W,negative_T_minus_H_minus_2y
11530,2013-03-10,CI,150.0,1950.0,63.0,0,0,5,EDNA ST,negative_T_minus_H_minus_3y
19610,2013-03-10,DI,150.0,1964.0,49.0,0,0,5,HOFFMAN ST,negative_T_minus_H_minus_4y
5090,2013-03-10,CI,150.0,1961.0,52.0,0,0,5,BURLINGTON DR,negative_T_minus_H_minus_4y
81024,2013-03-10,CI,300.0,1966.0,47.0,0,0,5,ST LEGER ST,negative_T_minus_H_minus_2y
5830,2013-03-13,DI,150.0,1966.0,47.0,5,0,5,CECILE DR,negative_T_minus_H_minus_3y
16000,2013-03-19,CI,150.0,1967.0,46.0,4,1,5,GAY CRES,positive_T_minus_H
24850,2013-03-19,CI,200.0,1958.0,55.0,0,0,5,MANCHESTER RD,negative_T_minus_H_minus_1y
33470,2013-03-19,DI,150.0,1974.0,39.0,1,0,5,ROSENEATH CRES,negative_T_minus_H_minus_1y
41460,2013-03-19,CI,150.0,1958.0,55.0,2,0,5,WEDGEWOOD DR,negative_T_minus_H_minus_3y
33450,2013-03-20,CI,150.0,1959.0,54.0,2,0,5,ROSEMOUNT DR,negative_T_minus_H_minus_4y
1720,2013-03-22,DI,200.0,1979.0,34.0,0,1,5,BECHTEL DR,positive_T_minus_H
32730,2013-03-22,CI,150.0,1959.0,54.0,1,0,5,RIVER RD E,negative_T_minus_H_minus_1y
28420,2013-03-23,DI,150.0,1987.0,26.0,0,0,5,OLD COUNTRY PL,negative_T_minus_H_minus_1y
34900,2013-03-27,CI,150.0,1960.0,53.0,2,0,5,SHIRLEY AVE,negative_T_minus_H_minus_4y
17340,2013-03-28,CI,150.0,1956.0,57.0,2,0,5,GREENFIELD AVE,negative_T_minus_H_minus_3y
80860,2013-04-01,CI,150.0,1951.0,62.0,1,0,5,VICTORIA ST N,negative_T_minus_H_minus_4y
33160,2013-04-03,DI,150.0,1987.0,26.0,0,1,5,ROLLING ACRES DR,positive_T_minus_H
80860,2013-04-04,CI,150.0,1951.0,62.0,1,0,5,VICTORIA ST N,negative_T_minus_H_minus_4y
16540,2013-04-09,DI,150.0,1970.0,43.0,2,0,5,GLEN AVON CRES,negative_T_minus_H_minus_4y
260,2013-04-10,CI,150.0,1955.0,58.0,1,1,5,ABERDEEN RD,positive_T_minus_H
92756,2013-04-18,DI,150.0,1971.0,42.0,0,1,5,VICMOUNT DR,positive_T_minus_H
43900,2013-04-22,CI,150.0,1954.0,59.0,1,1,5,WOODHAVEN RD,positive_T_minus_H
69455,2013-04-25,PVC,150.0,2008.0,5.0,0,0,5,CHARLES ST E,negative_T_minus_H_minus_1y
88718,2013-04-27,PVC,600.0,2010.0,3.0,0,0,5,VICTORIA ST S,negative_T_minus_H_minus_1y
87836,2013-04-28,DI,200.0,1985.0,28.0,0,0,5,LENNOX CRES,negative_T_minus_H_minus_4y
20090,2013-04-29,CI,150.0,1966.0,47.0,2,0,5,HUNTLEY CRES,negative_T_minus_H_minus_1y
59950,2013-04-29,DI,150.0,1995.0,18.0,0,0,5,YOUNG ST,negative_T_minus_H_minus_4y
19650,2013-05-03,CI,150.0,1956.0,57.0,0,0,5,HOFFMAN ST,negative_T_minus_H_minus_1y
18090,2013-05-07,CI,200.0,1953.0,60.0,0,0,5,HARBER AVE,negative_T_minus_H_minus_1y
29210,2013-05-07,CI,300.0,1950.0,63.0,0,0,5,OTTAWA ST N,negative_T_minus_H_minus_1y
14830,2013-05-08,CI,200.0,1962.0,51.0,2,0,5,FOREST HILL DR,negative_T_minus_H_minus_1y
87370,2013-05-08,CI,150.0,1964.0,49.0,0,0,5,FOREST HILL DR,negative_T_minus_H_minus_1y
61828,2013-05-10,DI,200.0,1967.0,46.0,0,0,5,OTTAWA ST N,negative_T_minus_H_minus_1y
96394,2013-05-11,DI,300.0,1976.0,37.0,0,0,5,VICTORIA ST N,negative_T_minus_H_minus_4y
15200,2013-05-14,CI,150.0,1960.0,53.0,4,1,5,FOURTH AVE,positive_T_minus_H
36450,2013-05-15,DI,150.0,1976.0,37.0,0,0,5,STONEGATE DR,negative_T_minus_H_minus_1y
38090,2013-05-15,DI,150.0,1978.0,35.0,0,0,5,TRAILWOOD CRES,negative_T_minus_H_minus_2y
91262,2013-05-16,DI,300.0,1968.0,45.0,1,0,5,HAZELGLEN DR,negative_T_minus_H_minus_4y
76855,2013-05-19,DI,150.0,1986.0,27.0,0,0,5,LANARK CRT,negative_T_minus_H_minus_4y
88872,2013-05-28,DI,300.0,1974.0,39.0,2,0,5,BELMONT AVE W,negative_T_minus_H_minus_3y
16080,2013-05-31,DI,150.0,1976.0,37.0,1,0,5,GEORGIAN CRES,negative_T_minus_H_minus_3y
41640,2013-05-31,DI,200.0,1975.0,38.0,1,0,5,WELLINGTON ST N,negative_T_minus_H_minus_4y
58380,2013-05-31,AC,450.0,1952.0,61.0,0,0,5,OTTAWA ST S,negative_T_minus_H_minus_4y
5840,2013-05-31,DI,150.0,1981.0,32.0,0,0,5,CEDAR CREST ST,negative_T_minus_H_minus_2y
5110,2013-06-03,CI,100.0,1955.0,58.0,3,0,5,BURN PL,negative_T_minus_H_minus_2y
4115324,2013-06-09,XXX,25.0,2002.0,11.0,0,0,5,EVENSTONE AVE,negative_T_minus_H_minus_4y
40520,2013-06-11,DI,300.0,1975.0,38.0,0,0,5,WATER ST N,negative_T_minus_H_minus_1y
91438,2013-06-12,DI,150.0,1974.0,39.0,0,0,5,AMHERST DR,negative_T_minus_H_minus_1y
9470,2013-06-13,CI,150.0,1960.0,53.0,0,1,5,DIXON ST,positive_T_minus_H
42190,2013-06-14,DI,200.0,1973.0,40.0,0,0,5,WESTHEIGHTS DR,negative_T_minus_H_minus_1y
11530,2013-06-15,CI,150.0,1950.0,63.0,0,0,5,EDNA ST,negative_T_minus_H_minus_3y
4111747,2013-06-17,XXX,13.0,1972.0,41.0,0,0,5,SHADELAND CRES,negative_T_minus_H_minus_2y
68100,2013-06-20,PVC,300.0,2002.0,11.0,0,1,5,WABANAKI DR,positive_T_minus_H
16590,2013-06-22,DI,150.0,1988.0,25.0,0,0,5,GLEN RD,negative_T_minus_H_minus_2y
96118,2013-06-24,CI,150.0,1961.0,52.0,0,0,5,MORGAN AVE,negative_T_minus_H_minus_3y
137254,2013-06-25,CI,150.0,1940.0,73.0,0,0,5,STIRLING AVE S,negative_T_minus_H_minus_2y
58170,2013-06-25,CPP,1200.0,1989.0,24.0,0,0,5,GOODRICH DR,negative_T_minus_H_minus_3y
82922,2013-07-02,DI,150.0,1989.0,24.0,0,0,5,GREENGABLE WAY,negative_T_minus_H_minus_4y
35920,2013-07-03,DI,300.0,1981.0,32.0,1,0,5,ST LEGER ST,negative_T_minus_H_minus_2y
40570,2013-07-07,DI,300.0,1979.0,34.0,0,1,5,WATER ST S,positive_T_minus_H
5840,2013-07-08,DI,150.0,1981.0,32.0,0,0,5,CEDAR CREST ST,negative_T_minus_H_minus_3y
35140,2013-07-12,CI,150.0,1953.0,60.0,3,0,5,SIXTH AVE,negative_T_minus_H_minus_3y
42930,2013-07-12,DI,300.0,1971.0,42.0,4,1,5,WESTWOOD DR,positive_T_minus_H
39380,2013-07-13,DI,200.0,1976.0,37.0,0,0,5,VICTORIA ST N,negative_T_minus_H_minus_2y
32730,2013-07-14,CI,150.0,1959.0,54.0,1,0,5,RIVER RD E,negative_T_minus_H_minus_2y
39380,2013-07-14,DI,200.0,1976.0,37.0,0,0,5,VICTORIA ST N,negative_T_minus_H_minus_2y
32740,2013-07-15,CI,300.0,1958.0,55.0,0,0,5,RIVER RD E,negative_T_minus_H_minus_2y
33280,2013-07-18,DI,300.0,1987.0,26.0,0,1,5,ROLLING MEADOWS DR,positive_T_minus_H
17010,2013-07-20,DI,200.0,1972.0,41.0,0,0,5,GRAND RIVER BLVD,negative_T_minus_H_minus_4y
340,2013-07-20,CI,150.0,1950.0,63.0,0,1,5,ADELAIDE ST,positive_T_minus_H
39390,2013-07-21,DI,300.0,1976.0,37.0,0,1,5,VICTORIA ST N,positive_T_minus_H
4100356,2013-07-22,XXX,13.0,1970.0,43.0,0,0,5,ROSS AVE,negative_T_minus_H_minus_4y
16550,2013-07-24,CI,150.0,1969.0,44.0,1,1,5,GLEN LAKE CRES,positive_T_minus_H
61807,2013-07-24,CI,300.0,1930.0,83.0,0,1,5,VICTORIA ST N,positive_T_minus_H
90214,2013-07-24,CI,150.0,1958.0,55.0,0,0,5,BONIFACE AVE,negative_T_minus_H_minus_1y
36210,2013-07-25,CI,150.0,1948.0,65.0,0,0,5,STIRLING AVE S,negative_T_minus_H_minus_2y
14390,2013-07-26,CI,150.0,1957.0,56.0,4,0,5,FIRST AVE,negative_T_minus_H_minus_4y
25510,2013-07-26,COP,25.0,1950.0,63.0,0,0,5,MARLBOROUGH AVE,negative_T_minus_H_minus_1y
30750,2013-07-28,DI,150.0,1968.0,45.0,0,0,5,PINEHURST CRES,negative_T_minus_H_minus_3y
57690,2013-07-30,CI,150.0,1954.0,59.0,2,0,5,CAMBRIDGE AVE,negative_T_minus_H_minus_2y
88762,2013-07-30,DI,150.0,1970.0,43.0,0,0,5,KINZIE AVE,negative_T_minus_H_minus_2y
31440,2013-08-03,DI,300.0,1983.0,30.0,0,0,5,QUEEN ST N,negative_T_minus_H_minus_2y
4920,2013-08-03,CI,150.0,1952.0,61.0,0,0,5,BRUCE ST,negative_T_minus_H_minus_1y
58190,2013-08-03,DI,150.0,1971.0,42.0,1,0,5,KEVCO PL,negative_T_minus_H_minus_3y
1800,2013-08-05,CI,150.0,1951.0,62.0,0,0,5,BECKER ST,negative_T_minus_H_minus_4y
4132331,2013-08-11,XXX,0.0,1996.0,17.0,0,0,5,DUNNIGAN DR,negative_T_minus_H_minus_4y
43480,2013-08-11,CI,200.0,1958.0,55.0,3,1,5,WILSON AVE,positive_T_minus_H
34430,2013-08-12,CI,150.0,1958.0,55.0,1,0,5,SHADYWOOD CRES,negative_T_minus_H_minus_3y
5250,2013-08-12,CI,150.0,1954.0,59.0,3,0,5,CAMBRIDGE AVE,negative_T_minus_H_minus_2y
4138524,2013-08-13,XXX,13.0,1972.0,41.0,0,0,5,MORGAN AVE,negative_T_minus_H_minus_4y
15770,2013-08-17,DI,300.0,1960.0,53.0,0,0,5,VICTORIA ST N,negative_T_minus_H_minus_3y
18090,2013-08-17,CI,200.0,1953.0,60.0,0,0,5,HARBER AVE,negative_T_minus_H_minus_4y
21250,2013-08-17,DI,150.0,1978.0,35.0,0,0,5,KESSELRING DR,negative_T_minus_H_minus_4y
6090,2013-08-17,DI,150.0,1973.0,40.0,0,0,5,CEDARHILL CRES,negative_T_minus_H_minus_4y
39350,2013-08-24,DI,200.0,1976.0,37.0,0,1,5,VICTORIA ST N,positive_T_minus_H
4950,2013-08-24,CI,150.0,1953.0,60.0,1,0,5,BRUCE ST,negative_T_minus_H_minus_1y
5830,2013-08-25,DI,150.0,1966.0,47.0,5,0,5,CECILE DR,negative_T_minus_H_minus_4y
65390,2013-08-28,PVC,150.0,2000.0,13.0,0,0,5,KING ST E,negative_T_minus_H_minus_1y
15000,2013-08-29,DI,150.0,1969.0,44.0,1,0,5,FORESTWOOD DR,negative_T_minus_H_minus_4y
23240,2013-08-29,DI,450.0,1968.0,45.0,0,0,5,LANCASTER ST W,negative_T_minus_H_minus_4y
15720,2013-09-02,CI,200.0,1952.0,61.0,0,1,5,FREDERICK ST,positive_T_minus_H
11510,2013-09-05,CI,200.0,1950.0,63.0,0,1,5,VICTORIA ST N,positive_T_minus_H
1150,2013-09-06,DI,150.0,1973.0,40.0,0,0,5,AUTUMN HILL CRES,negative_T_minus_H_minus_1y
18700,2013-09-07,CI,150.0,1960.0,53.0,2,0,5,HICKSON DR,negative_T_minus_H_minus_1y
27130,2013-09-09,CPP,600.0,1966.0,47.0,0,0,5,MONTGOMERY RD,negative_T_minus_H_minus_1y
27140,2013-09-09,CI,600.0,1966.0,47.0,0,0,5,MONTGOMERY RD,negative_T_minus_H_minus_1y
95448,2013-09-09,CI,150.0,1952.0,61.0,0,0,5,MONTGOMERY RD,negative_T_minus_H_minus_1y
38050,2013-09-12,CI,150.0,1958.0,55.0,0,0,5,TRAFALGAR AVE,negative_T_minus_H_minus_1y
5610,2013-09-14,DI,200.0,1966.0,47.0,2,0,5,CARSON DR,negative_T_minus_H_minus_2y
5840,2013-09-14,DI,150.0,1981.0,32.0,0,0,5,CEDAR CREST ST,negative_T_minus_H_minus_4y
87420,2013-09-14,DI,150.0,1986.0,27.0,0,0,5,STONEHENGE PL,negative_T_minus_H_minus_4y
31770,2013-09-16,CI,150.0,1949.0,64.0,4,0,5,QUEENS BLVD,negative_T_minus_H_minus_3y
36450,2013-09-16,DI,150.0,1976.0,37.0,0,0,5,STONEGATE DR,negative_T_minus_H_minus_1y
21950,2013-09-17,DI,300.0,1961.0,52.0,0,0,5,KING ST E,negative_T_minus_H_minus_3y
5840,2013-09-19,DI,150.0,1981.0,32.0,0,1,5,CEDAR CREST ST,positive_T_minus_H
29830,2013-09-23,DI,150.0,1966.0,47.0,2,0,5,OVERLEA DR,negative_T_minus_H_minus_3y
450,2013-09-24,CI,150.0,1959.0,54.0,0,1,5,AHRENS ST W,positive_T_minus_H
15000,2013-09-28,DI,150.0,1969.0,44.0,1,0,5,FORESTWOOD DR,negative_T_minus_H_minus_4y
4115199,2013-10-01,XXX,25.0,2001.0,12.0,0,0,5,HEARTHWOOD DR,negative_T_minus_H_minus_1y
80840,2013-10-04,CI,200.0,1953.0,60.0,0,0,5,VICTORIA ST N,negative_T_minus_H_minus_4y
87690,2013-10-04,PVC,200.0,1994.0,19.0,0,1,5,IDLE CREEK DR,positive_T_minus_H
42950,2013-10-06,DI,300.0,1969.0,44.0,0,0,5,WESTWOOD DR,negative_T_minus_H_minus_2y
42900,2013-10-07,DI,300.0,1969.0,44.0,2,0,5,WESTWOOD DR,negative_T_minus_H_minus_2y
37140,2013-10-09,CI,100.0,1954.0,59.0,1,1,5,SUNSET PL,positive_T_minus_H
26980,2013-10-16,DI,200.0,1966.0,47.0,0,0,5,MONTCALM DR,negative_T_minus_H_minus_4y
5360,2013-10-16,DI,150.0,1982.0,31.0,0,0,5,CAMERON ST N,negative_T_minus_H_minus_2y
26980,2013-10-17,DI,200.0,1966.0,47.0,0,0,5,MONTCALM DR,negative_T_minus_H_minus_4y
28240,2013-10-19,DI,200.0,1977.0,36.0,0,1,5,OLD CARRIAGE DR,positive_T_minus_H
3960,2013-10-21,CI,150.0,1965.0,48.0,1,0,5,BRADLEY DR,negative_T_minus_H_minus_2y
15000,2013-10-28,DI,150.0,1969.0,44.0,1,0,5,FORESTWOOD DR,negative_T_minus_H_minus_4y
41010,2013-10-30,CI,150.0,1948.0,65.0,0,1,5,WEBER ST E,positive_T_minus_H
77188,2013-10-31,DI,200.0,1959.0,54.0,1,0,5,RAITAR AVE,negative_T_minus_H_minus_2y
5610,2013-11-01,DI,200.0,1966.0,47.0,2,0,5,CARSON DR,negative_T_minus_H_minus_1y
35280,2013-11-04,CI,150.0,1958.0,55.0,2,0,5,SOUTHMOOR DR,negative_T_minus_H_minus_2y
93146,2013-11-06,CI,150.0,1962.0,51.0,0,0,5,BELTON DR,negative_T_minus_H_minus_1y
37540,2013-11-07,CI,150.0,1958.0,55.0,2,1,5,TANGLEWOOD AVE,positive_T_minus_H
15120,2013-11-08,DI,150.0,1977.0,36.0,0,0,5,FORFAR AVE,negative_T_minus_H_minus_1y
28280,2013-11-08,DI,200.0,1967.0,46.0,1,0,5,OLD CHICOPEE DR,negative_T_minus_H_minus_3y
28300,2013-11-08,DI,300.0,1985.0,28.0,0,0,5,OLD CHICOPEE DR,negative_T_minus_H_minus_3y
10790,2013-11-10,DI,150.0,1974.0,39.0,0,0,5,DUNSMERE CRT,negative_T_minus_H_minus_2y
85814,2013-11-10,CI,150.0,1959.0,54.0,0,0,5,HOFFMAN ST,negative_T_minus_H_minus_4y
10790,2013-11-11,DI,150.0,1974.0,39.0,0,0,5,DUNSMERE CRT,negative_T_minus_H_minus_2y
85814,2013-11-11,CI,150.0,1959.0,54.0,0,0,5,HOFFMAN ST,negative_T_minus_H_minus_4y
43010,2013-11-12,DI,300.0,1966.0,47.0,0,1,5,WESTWOOD DR,positive_T_minus_H
8790,2013-11-14,CI,150.0,1960.0,53.0,1,1,5,CYPRUS DR,positive_T_minus_H
43480,2013-11-17,CI,200.0,1958.0,55.0,3,1,5,WILSON AVE,positive_T_minus_H
34220,2013-11-18,CI,150.0,1963.0,50.0,3,0,5,SECORD AVE,negative_T_minus_H_minus_1y
26150,2013-11-19,DI,100.0,1969.0,44.0,2,1,5,MEADOW CRES,positive_T_minus_H
31180,2013-11-19,CI,150.0,1954.0,59.0,2,0,5,PROSPECT AVE,negative_T_minus_H_minus_1y
14390,2013-11-20,CI,150.0,1957.0,56.0,4,0,5,FIRST AVE,negative_T_minus_H_minus_4y
18020,2013-11-20,DI,150.0,1965.0,48.0,0,0,5,HANSON AVE,negative_T_minus_H_minus_2y
22490,2013-11-20,CI,150.0,1960.0,53.0,3,0,5,KINZIE AVE,negative_T_minus_H_minus_2y
22200,2013-11-21,CI,150.0,1966.0,47.0,2,0,5,KINGSTON CRES,negative_T_minus_H_minus_2y
32160,2013-11-21,CI,150.0,1963.0,50.0,4,1,5,RENNIE DR,positive_T_minus_H
85816,2013-11-21,DI,150.0,1980.0,33.0,0,1,5,ALBION ST,positive_T_minus_H
9590,2013-11-21,CI,150.0,1958.0,55.0,3,0,5,DOON RD,negative_T_minus_H_minus_2y
38500,2013-11-24,CI,150.0,1966.0,47.0,0,1,5,TUPPER CRES,positive_T_minus_H
20420,2013-11-26,DI,150.0,1966.0,47.0,0,1,5,INWOOD DR,positive_T_minus_H
7900,2013-11-26,CI,150.0,1953.0,60.0,0,0,5,CONNAUGHT ST,negative_T_minus_H_minus_3y
86812,2013-11-28,CI,150.0,1958.0,55.0,0,1,5,TRAFALGAR AVE,positive_T_minus_H
9340,2013-11-29,DI,150.0,1980.0,33.0,0,1,5,DINISON CRES,positive_T_minus_H
33990,2013-11-30,CI,150.0,1963.0,50.0,1,1,5,SCENIC DR,positive_T_minus_H
35920,2013-11-30,DI,300.0,1981.0,32.0,1,0,5,ST LEGER ST,negative_T_minus_H_minus_3y
61885,2013-11-30,AC,450.0,1952.0,61.0,0,0,5,HOWE DR,negative_T_minus_H_minus_3y
86278,2013-11-30,CI,150.0,1953.0,60.0,0,1,5,PATRICIA AVE,positive_T_minus_H
38270,2013-12-01,DI,300.0,1973.0,40.0,1,0,5,TRILLIUM DR,negative_T_minus_H_minus_1y
29200,2013-12-02,CI,150.0,1952.0,61.0,11,1,5,OTTAWA ST N,positive_T_minus_H
24860,2013-12-03,CI,200.0,1961.0,52.0,1,0,5,MANCHESTER RD,negative_T_minus_H_minus_3y
26950,2013-12-04,DI,200.0,1965.0,48.0,1,0,5,MONTCALM DR,negative_T_minus_H_minus_4y
17260,2013-12-05,CI,200.0,1957.0,56.0,0,0,5,GREENBROOK DR,negative_T_minus_H_minus_1y
25500,2013-12-05,DI,150.0,1968.0,45.0,0,0,5,MARKWOOD DR,negative_T_minus_H_minus_4y
85318,2013-12-06,CI,150.0,1958.0,55.0,0,0,5,SOUTHMOOR DR,negative_T_minus_H_minus_4y
32070,2013-12-09,DI,150.0,1971.0,42.0,2,0,5,RAMBLEWOOD WAY,negative_T_minus_H_minus_3y
4647883,2013-12-09,PVC,25.0,1973.0,40.0,0,0,5,SPRINGDALE DR,negative_T_minus_H_minus_3y
19310,2013-12-10,CI,150.0,1963.0,50.0,0,0,5,HIGHPARK AVE,negative_T_minus_H_minus_1y
86784,2013-12-10,DI,300.0,1976.0,37.0,0,0,5,KING ST W,negative_T_minus_H_minus_1y
19310,2013-12-11,CI,150.0,1963.0,50.0,0,0,5,HIGHPARK AVE,negative_T_minus_H_minus_1y
55480,2013-12-13,PVC,150.0,1995.0,18.0,0,1,5,FAIRWAY CRT,positive_T_minus_H
85314,2013-12-14,CI,150.0,1965.0,48.0,1,1,5,CLOVERDALE CRES,positive_T_minus_H
10700,2013-12-15,CI,150.0,1961.0,52.0,0,1,5,DUNCAIRN AVE,positive_T_minus_H
44160,2013-12-15,DI,150.0,1967.0,46.0,0,0,5,WREN PL,negative_T_minus_H_minus_3y
11720,2013-12-16,CI,150.0,1959.0,54.0,0,1,5,ELKINGTON DR,positive_T_minus_H
89818,2013-12-16,DI,150.0,1974.0,39.0,0,1,5,BRUNSWICK AVE,positive_T_minus_H
90210,2013-12-16,CI,150.0,1967.0,46.0,2,0,5,CARNABY CRES,negative_T_minus_H_minus_4y
5610,2013-12-18,DI,200.0,1966.0,47.0,2,0,5,CARSON DR,negative_T_minus_H_minus_2y
41000,2013-12-19,CI,150.0,1948.0,65.0,1,0,5,WEBER ST E,negative_T_minus_H_minus_1y
15320,2013-12-21,DI,300.0,1964.0,49.0,0,0,5,FRANKLIN ST N,negative_T_minus_H_minus_1y
260,2013-12-21,CI,150.0,1955.0,58.0,1,1,5,ABERDEEN RD,positive_T_minus_H
34230,2013-12-21,CI,150.0,1963.0,50.0,0,0,5,SECORD AVE,negative_T_minus_H_minus_1y
81930,2013-12-21,CI,450.0,1937.0,76.0,0,1,5,LANCASTER ST W,positive_T_minus_H
20260,2013-12-22,CI,150.0,1967.0,46.0,5,0,5,INDIAN RD,negative_T_minus_H_minus_1y
87978,2013-12-22,CI,150.0,1953.0,60.0,1,1,5,PROSPECT AVE,positive_T_minus_H
36240,2013-12-23,CI,300.0,1957.0,56.0,1,0,5,STIRLING AVE S,negative_T_minus_H_minus_2y
11170,2013-12-24,DI,150.0,1967.0,46.0,1,0,5,EASTWOOD DR,negative_T_minus_H_minus_2y
4086485,2013-12-24,XXX,0.0,1975.0,38.0,0,0,5,WATER ST N,negative_T_minus_H_minus_4y
670,2013-12-24,CI,150.0,1963.0,50.0,2,0,5,ANTHONY PL,negative_T_minus_H_minus_2y
30740,2013-12-25,DI,200.0,1968.0,45.0,2,1,5,PINEDALE DR,positive_T_minus_H
11160,2013-12-26,CI,150.0,1967.0,46.0,1,0,5,EASTWOOD DR,negative_T_minus_H_minus_3y
24860,2013-12-26,CI,200.0,1961.0,52.0,1,0,5,MANCHESTER RD,negative_T_minus_H_minus_1y
36500,2013-12-26,CI,150.0,1962.0,51.0,1,0,5,STONYBROOK DR,negative_T_minus_H_minus_3y
4769517,2013-12-26,PVC,25.0,,,0,0,5,FIFTH AVE,negative_T_minus_H_minus_3y
33460,2013-12-28,CI,150.0,1961.0,52.0,3,0,5,ROSEMOUNT DR,negative_T_minus_H_minus_4y
8660,2013-12-28,CI,150.0,1960.0,53.0,0,1,5,CROSBY DR,positive_T_minus_H
33460,2013-12-29,CI,150.0,1961.0,52.0,3,0,5,ROSEMOUNT DR,negative_T_minus_H_minus_4y
10930,2013-12-30,CI,200.0,1967.0,46.0,0,1,5,EAGEN DR,positive_T_minus_H
32170,2013-12-30,CI,150.0,1963.0,50.0,4,0,5,RENNIE DR,negative_T_minus_H_minus_1y
43030,2013-12-31,CI,300.0,1971.0,42.0,2,0,5,WESTWOOD DR,negative_T_minus_H_minus_2y
85012,2013-12-31,CI,150.0,1967.0,46.0,0,0,5,THALER AVE,negative_T_minus_H_minus_1y
32090,2014-01-02,CI,150.0,1962.0,52.0,1,1,5,RANDERSON AVE,positive_T_minus_H
11830,2014-01-03,DI,250.0,1971.0,43.0,1,0,5,ELM RIDGE DR,negative_T_minus_H_minus_3y
33460,2014-01-03,CI,150.0,1961.0,53.0,3,0,5,ROSEMOUNT DR,negative_T_minus_H_minus_2y
39560,2014-01-03,CI,200.0,1953.0,61.0,0,0,5,VICTORIA ST N,negative_T_minus_H_minus_3y
15840,2014-01-04,CI,300.0,1969.0,45.0,2,1,5,GAGE AVE,positive_T_minus_H
22200,2014-01-04,CI,150.0,1966.0,48.0,2,0,5,KINGSTON CRES,negative_T_minus_H_minus_4y
92202,2014-01-04,CI,150.0,1967.0,47.0,1,0,5,GAY CRES,negative_T_minus_H_minus_1y
5230,2014-01-05,CI,150.0,1954.0,60.0,0,0,5,CAMBRIDGE AVE,negative_T_minus_H_minus_3y
89012,2014-01-05,CI,150.0,1964.0,50.0,0,0,5,OWEN AVE,negative_T_minus_H_minus_2y
34230,2014-01-06,CI,150.0,1963.0,51.0,0,0,5,SECORD AVE,negative_T_minus_H_minus_1y
44470,2014-01-06,DI,150.0,1991.0,23.0,0,0,5,ZELLER CRT,negative_T_minus_H_minus_3y
34230,2014-01-07,CI,150.0,1963.0,51.0,0,0,5,SECORD AVE,negative_T_minus_H_minus_1y
42310,2014-01-08,DI,150.0,1973.0,41.0,0,0,5,WESTHEIGHTS DR,negative_T_minus_H_minus_3y
5110,2014-01-09,CI,100.0,1955.0,59.0,3,0,5,BURN PL,negative_T_minus_H_minus_2y
62550,2014-01-09,CI,300.0,1964.0,50.0,2,0,5,BLOOMINGDALE RD,negative_T_minus_H_minus_2y
20260,2014-01-12,CI,150.0,1967.0,47.0,5,1,5,INDIAN RD,positive_T_minus_H
38560,2014-01-13,CI,150.0,1954.0,60.0,5,0,5,UNION BLVD,negative_T_minus_H_minus_1y
23310,2014-01-15,CI,450.0,1937.0,77.0,5,1,5,LANCASTER ST W,positive_T_minus_H
37210,2014-01-15,DI,150.0,1962.0,52.0,3,0,5,SWEETBRIAR DR,negative_T_minus_H_minus_3y
62940,2014-01-16,PVC,300.0,2000.0,14.0,1,0,5,MAX BECKER DR,negative_T_minus_H_minus_3y
80206,2014-01-16,CI,150.0,1952.0,62.0,0,0,5,BOEHMER ST,negative_T_minus_H_minus_2y
94808,2014-01-16,CI,150.0,1963.0,51.0,0,1,5,GUERIN AVE,positive_T_minus_H
35140,2014-01-17,CI,150.0,1953.0,61.0,3,0,5,SIXTH AVE,negative_T_minus_H_minus_2y
40130,2014-01-17,DI,150.0,1967.0,47.0,1,0,5,VIEWMONT CLOSE,negative_T_minus_H_minus_1y
91262,2014-01-18,DI,300.0,1968.0,46.0,1,0,5,HAZELGLEN DR,negative_T_minus_H_minus_3y
33980,2014-01-20,CI,150.0,1963.0,51.0,1,0,5,SCENIC DR,negative_T_minus_H_minus_2y
1360,2014-01-21,CI,200.0,1961.0,53.0,0,0,5,AVON RD,negative_T_minus_H_minus_1y
21000,2014-01-21,DI,150.0,1967.0,47.0,0,0,5,KELLY DR,negative_T_minus_H_minus_3y
77534,2014-01-21,PVC,300.0,2013.0,1.0,3,0,5,CHARLES ST W,negative_T_minus_H_minus_3y
18110,2014-01-24,CI,150.0,1961.0,53.0,0,0,5,HAROLD AVE,negative_T_minus_H_minus_1y
85426,2014-01-24,CI,150.0,1969.0,45.0,0,0,5,FORESTWOOD DR,negative_T_minus_H_minus_3y
10730,2014-01-25,CI,150.0,1949.0,65.0,0,1,5,DUNDAS AVE,positive_T_minus_H
20400,2014-01-26,DI,150.0,1964.0,50.0,0,0,5,INVERNESS DR,negative_T_minus_H_minus_3y
23530,2014-01-26,CI,150.0,1964.0,50.0,1,0,5,LARKSPUR CRES,negative_T_minus_H_minus_3y
23750,2014-01-28,CI,150.0,1952.0,62.0,0,0,5,ST LEGER ST,negative_T_minus_H_minus_2y
4093108,2014-01-28,XXX,100.0,1977.0,37.0,0,0,5,DUNDAS AVE,negative_T_minus_H_minus_3y
33970,2014-01-29,CI,300.0,1965.0,49.0,0,0,5,OTONABEE DR,negative_T_minus_H_minus_2y
12390,2014-01-30,DI,300.0,1979.0,35.0,0,0,5,MORRISON RD,negative_T_minus_H_minus_3y
18160,2014-01-30,CI,100.0,1954.0,60.0,2,1,5,HARTWOOD PL,positive_T_minus_H
28280,2014-01-30,DI,200.0,1967.0,47.0,1,0,5,OLD CHICOPEE DR,negative_T_minus_H_minus_3y
37770,2014-01-31,CI,150.0,1953.0,61.0,4,1,5,THIRD AVE,positive_T_minus_H
76747,2014-01-31,CI,150.0,1940.0,74.0,5,1,5,STIRLING AVE S,positive_T_minus_H
15320,2014-02-01,DI,300.0,1964.0,50.0,0,1,5,FRANKLIN ST N,positive_T_minus_H
85222,2014-02-01,CI,300.0,1963.0,51.0,0,1,5,PENROSE AVE,positive_T_minus_H
93234,2014-02-01,CI,150.0,1966.0,48.0,0,1,5,FRANKLIN ST N,positive_T_minus_H
37020,2014-02-02,DI,150.0,1981.0,33.0,0,1,5,SUGAR MAPLE ST,positive_T_minus_H
31890,2014-02-03,CI,150.0,1966.0,48.0,2,0,5,QUEENSTON DR,negative_T_minus_H_minus_3y
33200,2014-02-03,DI,150.0,1978.0,36.0,0,0,5,ROLLING MEADOWS DR,negative_T_minus_H_minus_2y
35630,2014-02-03,CI,150.0,1960.0,54.0,3,0,5,SPRINGBANK CRES,negative_T_minus_H_minus_2y
15450,2014-02-04,CI,150.0,1957.0,57.0,1,1,5,FRANKLIN ST S,positive_T_minus_H
38770,2014-02-04,CI,150.0,1950.0,64.0,0,1,5,UNION ST,positive_T_minus_H
16540,2014-02-05,DI,150.0,1970.0,44.0,2,0,5,GLEN AVON CRES,negative_T_minus_H_minus_3y
40160,2014-02-05,CI,150.0,1957.0,57.0,1,1,5,VILLAGE RD,positive_T_minus_H
1330,2014-02-07,CI,200.0,1961.0,53.0,3,0,5,AVON RD,negative_T_minus_H_minus_3y
15760,2014-02-07,CI,300.0,1959.0,55.0,0,1,5,AVON RD,positive_T_minus_H
85518,2014-02-07,CI,200.0,1961.0,53.0,0,1,5,AVON RD,positive_T_minus_H
18350,2014-02-10,CI,150.0,1954.0,60.0,1,1,5,HEATHER AVE,positive_T_minus_H
20470,2014-02-10,CI,150.0,1955.0,59.0,4,0,5,ISLINGTON AVE,negative_T_minus_H_minus_2y
42050,2014-02-10,CI,150.0,1959.0,55.0,4,0,5,WESTGATE WALK,negative_T_minus_H_minus_3y
5360,2014-02-10,DI,150.0,1982.0,32.0,0,0,5,CAMERON ST N,negative_T_minus_H_minus_1y
7290,2014-02-11,CI,100.0,1956.0,58.0,2,0,5,CLAREMONT AVE,negative_T_minus_H_minus_1y
4089933,2014-02-13,XXX,0.0,,,0,0,5,QUEENS BLVD,negative_T_minus_H_minus_2y
64260,2014-02-13,DI,150.0,1965.0,49.0,0,0,5,PEACHWOOD AVE,negative_T_minus_H_minus_3y
42050,2014-02-14,CI,150.0,1959.0,55.0,4,0,5,WESTGATE WALK,negative_T_minus_H_minus_3y
33980,2014-02-15,CI,150.0,1963.0,51.0,1,0,5,SCENIC DR,negative_T_minus_H_minus_2y
27000,2014-02-16,DI,200.0,1965.0,49.0,1,0,5,MONTCALM DR,negative_T_minus_H_minus_2y
17830,2014-02-18,DI,200.0,1964.0,50.0,0,1,5,OWEN AVE,positive_T_minus_H
25740,2014-02-18,CI,150.0,1951.0,63.0,2,0,5,MAUSSER AVE,negative_T_minus_H_minus_2y
25740,2014-02-19,CI,150.0,1951.0,63.0,2,0,5,MAUSSER AVE,negative_T_minus_H_minus_2y
40150,2014-02-19,CI,150.0,1962.0,52.0,8,1,5,VILLAGE RD,positive_T_minus_H
14940,2014-02-21,CI,150.0,1958.0,56.0,3,0,5,FOREST HILL DR,negative_T_minus_H_minus_1y
17200,2014-02-21,CI,200.0,1959.0,55.0,0,0,5,GREENBROOK DR,negative_T_minus_H_minus_1y
26510,2014-02-21,DI,150.0,1965.0,49.0,0,0,5,MIDLAND DR,negative_T_minus_H_minus_3y
2840,2014-02-21,CI,150.0,1947.0,67.0,0,0,5,BIRCH AVE,negative_T_minus_H_minus_2y
88300,2014-02-21,DI,600.0,1978.0,36.0,0,0,5,VICTORIA ST N,negative_T_minus_H_minus_1y
92144,2014-02-21,DI,150.0,1969.0,45.0,0,0,5,MEADOWLANE DR,negative_T_minus_H_minus_2y
85558,2014-02-24,DI,200.0,1966.0,48.0,1,0,5,MONTCALM DR,negative_T_minus_H_minus_2y
94794,2014-02-26,CI,150.0,1955.0,59.0,0,0,5,SHERWOOD AVE,negative_T_minus_H_minus_3y
20430,2014-02-27,CI,150.0,1966.0,48.0,5,1,5,INWOOD DR,positive_T_minus_H
42890,2014-02-27,CI,150.0,1966.0,48.0,5,0,5,WESTWOOD CRES,negative_T_minus_H_minus_1y
7760,2014-02-27,CI,150.0,1966.0,48.0,4,0,5,CONFEDERATION DR,negative_T_minus_H_minus_2y
7770,2014-02-27,CI,150.0,1966.0,48.0,2,1,5,CONFEDERATION DR,positive_T_minus_H
81024,2014-02-28,CI,300.0,1966.0,48.0,0,0,5,ST LEGER ST,negative_T_minus_H_minus_1y
6500,2014-03-01,CI,150.0,1953.0,61.0,3,0,5,CHAPEL ST,negative_T_minus_H_minus_2y
38550,2014-03-02,CI,150.0,1954.0,60.0,4,1,5,UNION BLVD,positive_T_minus_H
980,2014-03-02,DI,300.0,1979.0,35.0,0,0,5,ARNOLD ST,negative_T_minus_H_minus_2y
36960,2014-03-03,DI,150.0,1965.0,49.0,1,0,5,STRATHCONA CRES,negative_T_minus_H_minus_3y
42650,2014-03-03,DI,300.0,1968.0,46.0,1,0,5,WESTMOUNT RD E,negative_T_minus_H_minus_3y
33390,2014-03-04,CI,150.0,1963.0,51.0,0,0,5,ROSEMOUNT DR,negative_T_minus_H_minus_3y
38040,2014-03-04,CI,150.0,1958.0,56.0,2,0,5,TRAFALGAR AVE,negative_T_minus_H_minus_3y
36490,2014-03-05,CI,150.0,1962.0,52.0,1,0,5,STONYBROOK DR,negative_T_minus_H_minus_3y
58170,2014-03-05,CPP,1200.0,1989.0,25.0,0,0,5,GOODRICH DR,negative_T_minus_H_minus_1y
86582,2014-03-05,CI,150.0,1958.0,56.0,1,0,5,HEARTH CRES,negative_T_minus_H_minus_1y
27660,2014-03-06,CI,150.0,1964.0,50.0,0,0,5,NELSON AVE,negative_T_minus_H_minus_1y
80860,2014-03-07,CI,150.0,1951.0,63.0,1,0,5,VICTORIA ST N,negative_T_minus_H_minus_3y
42460,2014-03-09,CI,450.0,1964.0,50.0,0,0,5,WESTMOUNT RD W,negative_T_minus_H_minus_1y
11530,2014-03-10,CI,150.0,1950.0,64.0,0,0,5,EDNA ST,negative_T_minus_H_minus_2y
19610,2014-03-10,DI,150.0,1964.0,50.0,0,0,5,HOFFMAN ST,negative_T_minus_H_minus_3y
5090,2014-03-10,CI,150.0,1961.0,53.0,0,0,5,BURLINGTON DR,negative_T_minus_H_minus_3y
81024,2014-03-10,CI,300.0,1966.0,48.0,0,0,5,ST LEGER ST,negative_T_minus_H_minus_1y
5830,2014-03-13,DI,150.0,1966.0,48.0,5,0,5,CECILE DR,negative_T_minus_H_minus_2y
8800,2014-03-17,CI,150.0,1960.0,54.0,1,1,5,CYPRUS DR,positive_T_minus_H
24850,2014-03-19,CI,200.0,1958.0,56.0,0,1,5,MANCHESTER RD,positive_T_minus_H
33470,2014-03-19,DI,150.0,1974.0,40.0,1,1,5,ROSENEATH CRES,positive_T_minus_H
41460,2014-03-19,CI,150.0,1958.0,56.0,2,0,5,WEDGEWOOD DR,negative_T_minus_H_minus_2y
33450,2014-03-20,CI,150.0,1959.0,55.0,2,0,5,ROSEMOUNT DR,negative_T_minus_H_minus_3y
20620,2014-03-22,CI,150.0,1951.0,63.0,6,1,5,JOHNSTON ST,positive_T_minus_H
32730,2014-03-22,CI,150.0,1959.0,55.0,1,1,5,RIVER RD E,positive_T_minus_H
28420,2014-03-23,DI,150.0,1987.0,27.0,0,1,5,OLD COUNTRY PL,positive_T_minus_H
38550,2014-03-24,CI,150.0,1954.0,60.0,4,1,5,UNION BLVD,positive_T_minus_H
34900,2014-03-27,CI,150.0,1960.0,54.0,2,0,5,SHIRLEY AVE,negative_T_minus_H_minus_3y
17340,2014-03-28,CI,150.0,1956.0,58.0,2,0,5,GREENFIELD AVE,negative_T_minus_H_minus_2y
80860,2014-04-01,CI,150.0,1951.0,63.0,1,0,5,VICTORIA ST N,negative_T_minus_H_minus_3y
80860,2014-04-04,CI,150.0,1951.0,63.0,1,0,5,VICTORIA ST N,negative_T_minus_H_minus_3y
16540,2014-04-09,DI,150.0,1970.0,44.0,2,0,5,GLEN AVON CRES,negative_T_minus_H_minus_3y
17800,2014-04-09,CI,150.0,1966.0,48.0,5,1,5,HALIFAX DR,positive_T_minus_H
8940,2014-04-13,CI,150.0,1964.0,50.0,3,1,5,DANIEL AVE,positive_T_minus_H
42650,2014-04-20,DI,300.0,1968.0,46.0,1,0,5,WESTMOUNT RD E,negative_T_minus_H_minus_3y
69455,2014-04-25,PVC,150.0,2008.0,6.0,0,1,5,CHARLES ST E,positive_T_minus_H
88718,2014-04-27,PVC,600.0,2010.0,4.0,0,1,5,VICTORIA ST S,positive_T_minus_H
87836,2014-04-28,DI,200.0,1985.0,29.0,0,0,5,LENNOX CRES,negative_T_minus_H_minus_3y
20090,2014-04-29,CI,150.0,1966.0,48.0,2,1,5,HUNTLEY CRES,positive_T_minus_H
59950,2014-04-29,DI,150.0,1995.0,19.0,0,0,5,YOUNG ST,negative_T_minus_H_minus_3y
19650,2014-05-03,CI,150.0,1956.0,58.0,0,1,5,HOFFMAN ST,positive_T_minus_H
18090,2014-05-07,CI,200.0,1953.0,61.0,0,1,5,HARBER AVE,positive_T_minus_H
29210,2014-05-07,CI,300.0,1950.0,64.0,0,1,5,OTTAWA ST N,positive_T_minus_H
14830,2014-05-08,CI,200.0,1962.0,52.0,2,1,5,FOREST HILL DR,positive_T_minus_H
87370,2014-05-08,CI,150.0,1964.0,50.0,0,1,5,FOREST HILL DR,positive_T_minus_H
61828,2014-05-10,DI,200.0,1967.0,47.0,0,1,5,OTTAWA ST N,positive_T_minus_H
96394,2014-05-11,DI,300.0,1976.0,38.0,0,0,5,VICTORIA ST N,negative_T_minus_H_minus_3y
36450,2014-05-15,DI,150.0,1976.0,38.0,0,1,5,STONEGATE DR,positive_T_minus_H
38090,2014-05-15,DI,150.0,1978.0,36.0,0,0,5,TRAILWOOD CRES,negative_T_minus_H_minus_1y
91262,2014-05-16,DI,300.0,1968.0,46.0,1,0,5,HAZELGLEN DR,negative_T_minus_H_minus_3y
76855,2014-05-19,DI,150.0,1986.0,28.0,0,0,5,LANARK CRT,negative_T_minus_H_minus_3y
88872,2014-05-28,DI,300.0,1974.0,40.0,2,0,5,BELMONT AVE W,negative_T_minus_H_minus_2y
16080,2014-05-31,DI,150.0,1976.0,38.0,1,0,5,GEORGIAN CRES,negative_T_minus_H_minus_2y
41640,2014-05-31,DI,200.0,1975.0,39.0,1,0,5,WELLINGTON ST N,negative_T_minus_H_minus_3y
58380,2014-05-31,AC,450.0,1952.0,62.0,0,0,5,OTTAWA ST S,negative_T_minus_H_minus_3y
5110,2014-06-03,CI,100.0,1955.0,59.0,3,0,5,BURN PL,negative_T_minus_H_minus_1y
4115324,2014-06-09,XXX,25.0,2002.0,12.0,0,0,5,EVENSTONE AVE,negative_T_minus_H_minus_3y
40520,2014-06-11,DI,300.0,1975.0,39.0,0,1,5,WATER ST N,positive_T_minus_H
91438,2014-06-12,DI,150.0,1974.0,40.0,0,1,5,AMHERST DR,positive_T_minus_H
42190,2014-06-14,DI,200.0,1973.0,41.0,0,1,5,WESTHEIGHTS DR,positive_T_minus_H
11530,2014-06-15,CI,150.0,1950.0,64.0,0,0,5,EDNA ST,negative_T_minus_H_minus_2y
4111747,2014-06-17,XXX,13.0,1972.0,42.0,0,0,5,SHADELAND CRES,negative_T_minus_H_minus_1y
16590,2014-06-22,DI,150.0,1988.0,26.0,0,0,5,GLEN RD,negative_T_minus_H_minus_1y
96118,2014-06-24,CI,150.0,1961.0,53.0,0,0,5,MORGAN AVE,negative_T_minus_H_minus_2y
137254,2014-06-25,CI,150.0,1940.0,74.0,0,0,5,STIRLING AVE S,negative_T_minus_H_minus_1y
58170,2014-06-25,CPP,1200.0,1989.0,25.0,0,0,5,GOODRICH DR,negative_T_minus_H_minus_2y
82922,2014-07-02,DI,150.0,1989.0,25.0,0,0,5,GREENGABLE WAY,negative_T_minus_H_minus_3y
35920,2014-07-03,DI,300.0,1981.0,33.0,1,0,5,ST LEGER ST,negative_T_minus_H_minus_1y
35140,2014-07-12,CI,150.0,1953.0,61.0,3,0,5,SIXTH AVE,negative_T_minus_H_minus_2y
39380,2014-07-13,DI,200.0,1976.0,38.0,0,0,5,VICTORIA ST N,negative_T_minus_H_minus_1y
39380,2014-07-14,DI,200.0,1976.0,38.0,0,0,5,VICTORIA ST N,negative_T_minus_H_minus_1y
32740,2014-07-15,CI,300.0,1958.0,56.0,0,0,5,RIVER RD E,negative_T_minus_H_minus_1y
17010,2014-07-20,DI,200.0,1972.0,42.0,0,0,5,GRAND RIVER BLVD,negative_T_minus_H_minus_3y
4100356,2014-07-22,XXX,13.0,1970.0,44.0,0,0,5,ROSS AVE,negative_T_minus_H_minus_3y
90214,2014-07-24,CI,150.0,1958.0,56.0,0,1,5,BONIFACE AVE,positive_T_minus_H
36210,2014-07-25,CI,150.0,1948.0,66.0,0,0,5,STIRLING AVE S,negative_T_minus_H_minus_1y
14390,2014-07-26,CI,150.0,1957.0,57.0,4,0,5,FIRST AVE,negative_T_minus_H_minus_3y
25510,2014-07-26,COP,25.0,1950.0,64.0,0,1,5,MARLBOROUGH AVE,positive_T_minus_H
30750,2014-07-28,DI,150.0,1968.0,46.0,0,0,5,PINEHURST CRES,negative_T_minus_H_minus_2y
57690,2014-07-30,CI,150.0,1954.0,60.0,2,0,5,CAMBRIDGE AVE,negative_T_minus_H_minus_1y
59990,2014-07-30,CI,150.0,1950.0,64.0,2,1,5,EDNA ST,positive_T_minus_H
88762,2014-07-30,DI,150.0,1970.0,44.0,0,0,5,KINZIE AVE,negative_T_minus_H_minus_1y
23260,2014-08-03,DI,450.0,1968.0,46.0,2,0,5,LANCASTER ST W,negative_T_minus_H_minus_2y
31440,2014-08-03,DI,300.0,1983.0,31.0,0,0,5,QUEEN ST N,negative_T_minus_H_minus_1y
4920,2014-08-03,CI,150.0,1952.0,62.0,0,1,5,BRUCE ST,positive_T_minus_H
58190,2014-08-03,DI,150.0,1971.0,43.0,1,0,5,KEVCO PL,negative_T_minus_H_minus_2y
1800,2014-08-05,CI,150.0,1951.0,63.0,0,0,5,BECKER ST,negative_T_minus_H_minus_3y
4132331,2014-08-11,XXX,0.0,1996.0,18.0,0,0,5,DUNNIGAN DR,negative_T_minus_H_minus_3y
34430,2014-08-12,CI,150.0,1958.0,56.0,1,0,5,SHADYWOOD CRES,negative_T_minus_H_minus_2y
5250,2014-08-12,CI,150.0,1954.0,60.0,3,0,5,CAMBRIDGE AVE,negative_T_minus_H_minus_1y
4138524,2014-08-13,XXX,13.0,1972.0,42.0,0,0,5,MORGAN AVE,negative_T_minus_H_minus_3y
15770,2014-08-17,DI,300.0,1960.0,54.0,0,0,5,VICTORIA ST N,negative_T_minus_H_minus_2y
21250,2014-08-17,DI,150.0,1978.0,36.0,0,0,5,KESSELRING DR,negative_T_minus_H_minus_3y
6090,2014-08-17,DI,150.0,1973.0,41.0,0,0,5,CEDARHILL CRES,negative_T_minus_H_minus_3y
4950,2014-08-24,CI,150.0,1953.0,61.0,1,1,5,BRUCE ST,positive_T_minus_H
5830,2014-08-25,DI,150.0,1966.0,48.0,5,0,5,CECILE DR,negative_T_minus_H_minus_3y
87898,2014-08-25,CI,150.0,1965.0,49.0,0,1,5,GAGE AVE,positive_T_minus_H
65390,2014-08-28,PVC,150.0,2000.0,14.0,0,1,5,KING ST E,positive_T_minus_H
15000,2014-08-29,DI,150.0,1969.0,45.0,1,0,5,FORESTWOOD DR,negative_T_minus_H_minus_3y
23240,2014-08-29,DI,450.0,1968.0,46.0,0,0,5,LANCASTER ST W,negative_T_minus_H_minus_3y
1150,2014-09-06,DI,150.0,1973.0,41.0,0,1,5,AUTUMN HILL CRES,positive_T_minus_H
18700,2014-09-07,CI,150.0,1960.0,54.0,2,1,5,HICKSON DR,positive_T_minus_H
27130,2014-09-09,CPP,600.0,1966.0,48.0,0,1,5,MONTGOMERY RD,positive_T_minus_H
27140,2014-09-09,CI,600.0,1966.0,48.0,0,1,5,MONTGOMERY RD,positive_T_minus_H
95448,2014-09-09,CI,150.0,1952.0,62.0,0,1,5,MONTGOMERY RD,positive_T_minus_H
38050,2014-09-12,CI,150.0,1958.0,56.0,0,1,5,TRAFALGAR AVE,positive_T_minus_H
5610,2014-09-14,DI,200.0,1966.0,48.0,2,0,5,CARSON DR,negative_T_minus_H_minus_1y
87420,2014-09-14,DI,150.0,1986.0,28.0,0,0,5,STONEHENGE PL,negative_T_minus_H_minus_3y
31770,2014-09-16,CI,150.0,1949.0,65.0,4,0,5,QUEENS BLVD,negative_T_minus_H_minus_2y
36450,2014-09-16,DI,150.0,1976.0,38.0,0,1,5,STONEGATE DR,positive_T_minus_H
21950,2014-09-17,DI,300.0,1961.0,53.0,0,0,5,KING ST E,negative_T_minus_H_minus_2y
29830,2014-09-23,DI,150.0,1966.0,48.0,2,0,5,OVERLEA DR,negative_T_minus_H_minus_2y
15000,2014-09-28,DI,150.0,1969.0,45.0,1,0,5,FORESTWOOD DR,negative_T_minus_H_minus_3y
4115199,2014-10-01,XXX,25.0,2001.0,13.0,0,1,5,HEARTHWOOD DR,positive_T_minus_H
80840,2014-10-04,CI,200.0,1953.0,61.0,0,0,5,VICTORIA ST N,negative_T_minus_H_minus_3y
42950,2014-10-06,DI,300.0,1969.0,45.0,0,0,5,WESTWOOD DR,negative_T_minus_H_minus_1y
42900,2014-10-07,DI,300.0,1969.0,45.0,2,0,5,WESTWOOD DR,negative_T_minus_H_minus_1y
26980,2014-10-16,DI,200.0,1966.0,48.0,0,0,5,MONTCALM DR,negative_T_minus_H_minus_3y
5360,2014-10-16,DI,150.0,1982.0,32.0,0,0,5,CAMERON ST N,negative_T_minus_H_minus_1y
26980,2014-10-17,DI,200.0,1966.0,48.0,0,0,5,MONTCALM DR,negative_T_minus_H_minus_3y
3960,2014-10-21,CI,150.0,1965.0,49.0,1,0,5,BRADLEY DR,negative_T_minus_H_minus_1y
15000,2014-10-28,DI,150.0,1969.0,45.0,1,0,5,FORESTWOOD DR,negative_T_minus_H_minus_3y
77188,2014-10-31,DI,200.0,1959.0,55.0,1,0,5,RAITAR AVE,negative_T_minus_H_minus_1y
5610,2014-11-01,DI,200.0,1966.0,48.0,2,1,5,CARSON DR,positive_T_minus_H
35280,2014-11-04,CI,150.0,1958.0,56.0,2,0,5,SOUTHMOOR DR,negative_T_minus_H_minus_1y
93146,2014-11-06,CI,150.0,1962.0,52.0,0,1,5,BELTON DR,positive_T_minus_H
15120,2014-11-08,DI,150.0,1977.0,37.0,0,1,5,FORFAR AVE,positive_T_minus_H
28280,2014-11-08,DI,200.0,1967.0,47.0,1,0,5,OLD CHICOPEE DR,negative_T_minus_H_minus_2y
28300,2014-11-08,DI,300.0,1985.0,29.0,0,0,5,OLD CHICOPEE DR,negative_T_minus_H_minus_2y
10790,2014-11-10,DI,150.0,1974.0,40.0,0,0,5,DUNSMERE CRT,negative_T_minus_H_minus_1y
85814,2014-11-10,CI,150.0,1959.0,55.0,0,0,5,HOFFMAN ST,negative_T_minus_H_minus_3y
10790,2014-11-11,DI,150.0,1974.0,40.0,0,0,5,DUNSMERE CRT,negative_T_minus_H_minus_1y
85814,2014-11-11,CI,150.0,1959.0,55.0,0,0,5,HOFFMAN ST,negative_T_minus_H_minus_3y
34220,2014-11-18,CI,150.0,1963.0,51.0,3,1,5,SECORD AVE,positive_T_minus_H
31180,2014-11-19,CI,150.0,1954.0,60.0,2,1,5,PROSPECT AVE,positive_T_minus_H
14390,2014-11-20,CI,150.0,1957.0,57.0,4,0,5,FIRST AVE,negative_T_minus_H_minus_3y
18020,2014-11-20,DI,150.0,1965.0,49.0,0,0,5,HANSON AVE,negative_T_minus_H_minus_1y
22490,2014-11-20,CI,150.0,1960.0,54.0,3,0,5,KINZIE AVE,negative_T_minus_H_minus_1y
22200,2014-11-21,CI,150.0,1966.0,48.0,2,0,5,KINGSTON CRES,negative_T_minus_H_minus_1y
900,2014-11-21,CI,150.0,1953.0,61.0,2,1,5,ARLINGTON BLVD,positive_T_minus_H
9590,2014-11-21,CI,150.0,1958.0,56.0,3,0,5,DOON RD,negative_T_minus_H_minus_1y
7900,2014-11-26,CI,150.0,1953.0,61.0,0,0,5,CONNAUGHT ST,negative_T_minus_H_minus_2y
35920,2014-11-30,DI,300.0,1981.0,33.0,1,0,5,ST LEGER ST,negative_T_minus_H_minus_2y
40570,2014-11-30,DI,300.0,1979.0,35.0,0,1,5,WATER ST S,positive_T_minus_H
61885,2014-11-30,AC,450.0,1952.0,62.0,0,0,5,HOWE DR,negative_T_minus_H_minus_2y
38270,2014-12-01,DI,300.0,1973.0,41.0,1,1,5,TRILLIUM DR,positive_T_minus_H
24860,2014-12-03,CI,200.0,1961.0,53.0,1,0,5,MANCHESTER RD,negative_T_minus_H_minus_2y
26950,2014-12-04,DI,200.0,1965.0,49.0,1,0,5,MONTCALM DR,negative_T_minus_H_minus_3y
17260,2014-12-05,CI,200.0,1957.0,57.0,0,1,5,GREENBROOK DR,positive_T_minus_H
25500,2014-12-05,DI,150.0,1968.0,46.0,0,0,5,MARKWOOD DR,negative_T_minus_H_minus_3y
85318,2014-12-06,CI,150.0,1958.0,56.0,0,0,5,SOUTHMOOR DR,negative_T_minus_H_minus_3y
37620,2014-12-07,CI,150.0,1961.0,53.0,5,1,5,THALER AVE,positive_T_minus_H
32070,2014-12-09,DI,150.0,1971.0,43.0,2,0,5,RAMBLEWOOD WAY,negative_T_minus_H_minus_2y
4647883,2014-12-09,PVC,25.0,1973.0,41.0,0,0,5,SPRINGDALE DR,negative_T_minus_H_minus_2y
19310,2014-12-10,CI,150.0,1963.0,51.0,0,1,5,HIGHPARK AVE,positive_T_minus_H
86784,2014-12-10,DI,300.0,1976.0,38.0,0,1,5,KING ST W,positive_T_minus_H
19310,2014-12-11,CI,150.0,1963.0,51.0,0,1,5,HIGHPARK AVE,positive_T_minus_H
4530,2014-12-12,CI,150.0,1958.0,56.0,5,1,5,BRIDGE ST W,positive_T_minus_H
44160,2014-12-15,DI,150.0,1967.0,47.0,0,0,5,WREN PL,negative_T_minus_H_minus_2y
15200,2014-12-16,CI,150.0,1960.0,54.0,5,1,5,FOURTH AVE,positive_T_minus_H
90210,2014-12-16,CI,150.0,1967.0,47.0,2,0,5,CARNABY CRES,negative_T_minus_H_minus_3y
41000,2014-12-19,CI,150.0,1948.0,66.0,1,1,5,WEBER ST E,positive_T_minus_H
15320,2014-12-21,DI,300.0,1964.0,50.0,0,1,5,FRANKLIN ST N,positive_T_minus_H
34230,2014-12-21,CI,150.0,1963.0,51.0,0,1,5,SECORD AVE,positive_T_minus_H
20260,2014-12-22,CI,150.0,1967.0,47.0,5,1,5,INDIAN RD,positive_T_minus_H
36240,2014-12-23,CI,300.0,1957.0,57.0,1,0,5,STIRLING AVE S,negative_T_minus_H_minus_1y
11170,2014-12-24,DI,150.0,1967.0,47.0,1,0,5,EASTWOOD DR,negative_T_minus_H_minus_1y
4086485,2014-12-24,XXX,0.0,1975.0,39.0,0,0,5,WATER ST N,negative_T_minus_H_minus_3y
670,2014-12-24,CI,150.0,1963.0,51.0,2,0,5,ANTHONY PL,negative_T_minus_H_minus_1y
11160,2014-12-26,CI,150.0,1967.0,47.0,1,0,5,EASTWOOD DR,negative_T_minus_H_minus_2y
24860,2014-12-26,CI,200.0,1961.0,53.0,1,1,5,MANCHESTER RD,positive_T_minus_H
36500,2014-12-26,CI,150.0,1962.0,52.0,1,0,5,STONYBROOK DR,negative_T_minus_H_minus_2y
4769517,2014-12-26,PVC,25.0,,,0,0,5,FIFTH AVE,negative_T_minus_H_minus_2y
33460,2014-12-28,CI,150.0,1961.0,53.0,3,0,5,ROSEMOUNT DR,negative_T_minus_H_minus_3y
33460,2014-12-29,CI,150.0,1961.0,53.0,3,0,5,ROSEMOUNT DR,negative_T_minus_H_minus_3y
32170,2014-12-30,CI,150.0,1963.0,51.0,4,1,5,RENNIE DR,positive_T_minus_H
41030,2014-12-30,CI,150.0,1952.0,62.0,5,1,5,WEBER ST E,positive_T_minus_H
43030,2014-12-31,CI,300.0,1971.0,43.0,2,0,5,WESTWOOD DR,negative_T_minus_H_minus_1y
85012,2014-12-31,CI,150.0,1967.0,47.0,0,1,5,THALER AVE,positive_T_minus_H
35610,2015-01-01,CI,150.0,1924.0,91.0,0,1,5,SPRING VALLEY RD,positive_T_minus_H
11830,2015-01-03,DI,250.0,1971.0,44.0,1,0,5,ELM RIDGE DR,negative_T_minus_H_minus_2y
33460,2015-01-03,CI,150.0,1961.0,54.0,3,0,5,ROSEMOUNT DR,negative_T_minus_H_minus_1y
39560,2015-01-03,CI,200.0,1953.0,62.0,0,0,5,VICTORIA ST N,negative_T_minus_H_minus_2y
22200,2015-01-04,CI,150.0,1966.0,49.0,2,0,5,KINGSTON CRES,negative_T_minus_H_minus_3y
92202,2015-01-04,CI,150.0,1967.0,48.0,1,1,5,GAY CRES,positive_T_minus_H
37620,2015-01-05,CI,150.0,1961.0,54.0,5,1,5,THALER AVE,positive_T_minus_H
5230,2015-01-05,CI,150.0,1954.0,61.0,0,0,5,CAMBRIDGE AVE,negative_T_minus_H_minus_2y
89012,2015-01-05,CI,150.0,1964.0,51.0,0,0,5,OWEN AVE,negative_T_minus_H_minus_1y
34230,2015-01-06,CI,150.0,1963.0,52.0,0,1,5,SECORD AVE,positive_T_minus_H
44470,2015-01-06,DI,150.0,1991.0,24.0,0,0,5,ZELLER CRT,negative_T_minus_H_minus_2y
34230,2015-01-07,CI,150.0,1963.0,52.0,0,1,5,SECORD AVE,positive_T_minus_H
42310,2015-01-08,DI,150.0,1973.0,42.0,0,0,5,WESTHEIGHTS DR,negative_T_minus_H_minus_2y
5110,2015-01-09,CI,100.0,1955.0,60.0,3,0,5,BURN PL,negative_T_minus_H_minus_1y
62550,2015-01-09,CI,300.0,1964.0,51.0,2,0,5,BLOOMINGDALE RD,negative_T_minus_H_minus_1y
38560,2015-01-13,CI,150.0,1954.0,61.0,5,1,5,UNION BLVD,positive_T_minus_H
37210,2015-01-15,DI,150.0,1962.0,53.0,3,0,5,SWEETBRIAR DR,negative_T_minus_H_minus_2y
62940,2015-01-16,PVC,300.0,2000.0,15.0,1,0,5,MAX BECKER DR,negative_T_minus_H_minus_2y
80206,2015-01-16,CI,150.0,1952.0,63.0,0,0,5,BOEHMER ST,negative_T_minus_H_minus_1y
31730,2015-01-17,DI,200.0,1966.0,49.0,0,1,5,QUEENS BLVD,positive_T_minus_H
35140,2015-01-17,CI,150.0,1953.0,62.0,3,0,5,SIXTH AVE,negative_T_minus_H_minus_1y
40130,2015-01-17,DI,150.0,1967.0,48.0,1,1,5,VIEWMONT CLOSE,positive_T_minus_H
91262,2015-01-18,DI,300.0,1968.0,47.0,1,0,5,HAZELGLEN DR,negative_T_minus_H_minus_2y
33980,2015-01-20,CI,150.0,1963.0,52.0,1,0,5,SCENIC DR,negative_T_minus_H_minus_1y
1360,2015-01-21,CI,200.0,1961.0,54.0,0,1,5,AVON RD,positive_T_minus_H
21000,2015-01-21,DI,150.0,1967.0,48.0,0,0,5,KELLY DR,negative_T_minus_H_minus_2y
77534,2015-01-21,PVC,300.0,2013.0,2.0,3,0,5,CHARLES ST W,negative_T_minus_H_minus_2y
27810,2015-01-23,CI,150.0,1960.0,55.0,5,1,5,NINE PINES RD,positive_T_minus_H
18110,2015-01-24,CI,150.0,1961.0,54.0,0,1,5,HAROLD AVE,positive_T_minus_H
85426,2015-01-24,CI,150.0,1969.0,46.0,0,0,5,FORESTWOOD DR,negative_T_minus_H_minus_2y
20400,2015-01-26,DI,150.0,1964.0,51.0,0,0,5,INVERNESS DR,negative_T_minus_H_minus_2y
23530,2015-01-26,CI,150.0,1964.0,51.0,1,0,5,LARKSPUR CRES,negative_T_minus_H_minus_2y
23750,2015-01-28,CI,150.0,1952.0,63.0,0,0,5,ST LEGER ST,negative_T_minus_H_minus_1y
4093108,2015-01-28,XXX,100.0,1977.0,38.0,0,0,5,DUNDAS AVE,negative_T_minus_H_minus_2y
33970,2015-01-29,CI,300.0,1965.0,50.0,0,0,5,OTONABEE DR,negative_T_minus_H_minus_1y
12390,2015-01-30,DI,300.0,1979.0,36.0,0,0,5,MORRISON RD,negative_T_minus_H_minus_2y
28280,2015-01-30,DI,200.0,1967.0,48.0,1,0,5,OLD CHICOPEE DR,negative_T_minus_H_minus_2y
27810,2015-01-31,CI,150.0,1960.0,55.0,5,1,5,NINE PINES RD,positive_T_minus_H
31890,2015-02-03,CI,150.0,1966.0,49.0,2,0,5,QUEENSTON DR,negative_T_minus_H_minus_2y
33200,2015-02-03,DI,150.0,1978.0,37.0,0,0,5,ROLLING MEADOWS DR,negative_T_minus_H_minus_1y
35630,2015-02-03,CI,150.0,1960.0,55.0,3,0,5,SPRINGBANK CRES,negative_T_minus_H_minus_1y
15200,2015-02-04,CI,150.0,1960.0,55.0,5,1,5,FOURTH AVE,positive_T_minus_H
16540,2015-02-05,DI,150.0,1970.0,45.0,2,0,5,GLEN AVON CRES,negative_T_minus_H_minus_2y
22600,2015-02-06,CI,150.0,1959.0,56.0,1,1,5,KIPLING AVE,positive_T_minus_H
5040,2015-02-06,CI,150.0,1958.0,57.0,4,0,5,BURBANK RD,negative_T_minus_H_minus_2y
1330,2015-02-07,CI,200.0,1961.0,54.0,3,0,5,AVON RD,negative_T_minus_H_minus_2y
20470,2015-02-10,CI,150.0,1955.0,60.0,4,0,5,ISLINGTON AVE,negative_T_minus_H_minus_1y
33050,2015-02-10,CI,300.0,1935.0,80.0,2,0,5,ROCKWAY DR,negative_T_minus_H_minus_1y
42050,2015-02-10,CI,150.0,1959.0,56.0,4,0,5,WESTGATE WALK,negative_T_minus_H_minus_2y
5360,2015-02-10,DI,150.0,1982.0,33.0,0,1,5,CAMERON ST N,positive_T_minus_H
7290,2015-02-11,CI,100.0,1956.0,59.0,2,1,5,CLAREMONT AVE,positive_T_minus_H
33050,2015-02-12,CI,300.0,1935.0,80.0,2,0,5,ROCKWAY DR,negative_T_minus_H_minus_1y
4089933,2015-02-13,XXX,0.0,,,0,0,5,QUEENS BLVD,negative_T_minus_H_minus_1y
64260,2015-02-13,DI,150.0,1965.0,50.0,0,0,5,PEACHWOOD AVE,negative_T_minus_H_minus_2y
42050,2015-02-14,CI,150.0,1959.0,56.0,4,0,5,WESTGATE WALK,negative_T_minus_H_minus_2y
33980,2015-02-15,CI,150.0,1963.0,52.0,1,0,5,SCENIC DR,negative_T_minus_H_minus_1y
27000,2015-02-16,DI,200.0,1965.0,50.0,1,0,5,MONTCALM DR,negative_T_minus_H_minus_1y
25740,2015-02-18,CI,150.0,1951.0,64.0,2,0,5,MAUSSER AVE,negative_T_minus_H_minus_1y
25740,2015-02-19,CI,150.0,1951.0,64.0,2,0,5,MAUSSER AVE,negative_T_minus_H_minus_1y
14940,2015-02-21,CI,150.0,1958.0,57.0,3,1,5,FOREST HILL DR,positive_T_minus_H
17200,2015-02-21,CI,200.0,1959.0,56.0,0,1,5,GREENBROOK DR,positive_T_minus_H
20610,2015-02-21,CI,150.0,1962.0,53.0,1,0,5,JEAN AVE,negative_T_minus_H_minus_1y
26510,2015-02-21,DI,150.0,1965.0,50.0,0,0,5,MIDLAND DR,negative_T_minus_H_minus_2y
2840,2015-02-21,CI,150.0,1947.0,68.0,0,0,5,BIRCH AVE,negative_T_minus_H_minus_1y
88300,2015-02-21,DI,600.0,1978.0,37.0,0,1,5,VICTORIA ST N,positive_T_minus_H
92144,2015-02-21,DI,150.0,1969.0,46.0,0,0,5,MEADOWLANE DR,negative_T_minus_H_minus_1y
24640,2015-02-22,CI,150.0,1958.0,57.0,3,0,5,LYNDHURST DR,negative_T_minus_H_minus_1y
85558,2015-02-24,DI,200.0,1966.0,49.0,1,0,5,MONTCALM DR,negative_T_minus_H_minus_1y
40400,2015-02-26,CI,200.0,1953.0,62.0,1,1,5,WALTON AVE,positive_T_minus_H
94794,2015-02-26,CI,150.0,1955.0,60.0,0,0,5,SHERWOOD AVE,negative_T_minus_H_minus_2y
42890,2015-02-27,CI,150.0,1966.0,49.0,5,1,5,WESTWOOD CRES,positive_T_minus_H
7760,2015-02-27,CI,150.0,1966.0,49.0,4,0,5,CONFEDERATION DR,negative_T_minus_H_minus_1y
6500,2015-03-01,CI,150.0,1953.0,62.0,3,0,5,CHAPEL ST,negative_T_minus_H_minus_1y
980,2015-03-02,DI,300.0,1979.0,36.0,0,0,5,ARNOLD ST,negative_T_minus_H_minus_1y
36960,2015-03-03,DI,150.0,1965.0,50.0,1,0,5,STRATHCONA CRES,negative_T_minus_H_minus_2y
42650,2015-03-03,DI,300.0,1968.0,47.0,1,0,5,WESTMOUNT RD E,negative_T_minus_H_minus_2y
33390,2015-03-04,CI,150.0,1963.0,52.0,0,0,5,ROSEMOUNT DR,negative_T_minus_H_minus_2y
38040,2015-03-04,CI,150.0,1958.0,57.0,2,0,5,TRAFALGAR AVE,negative_T_minus_H_minus_2y
36490,2015-03-05,CI,150.0,1962.0,53.0,1,0,5,STONYBROOK DR,negative_T_minus_H_minus_2y
58170,2015-03-05,CPP,1200.0,1989.0,26.0,0,1,5,GOODRICH DR,positive_T_minus_H
86582,2015-03-05,CI,150.0,1958.0,57.0,1,1,5,HEARTH CRES,positive_T_minus_H
27660,2015-03-06,CI,150.0,1964.0,51.0,0,1,5,NELSON AVE,positive_T_minus_H
80860,2015-03-07,CI,150.0,1951.0,64.0,1,0,5,VICTORIA ST N,negative_T_minus_H_minus_2y
42460,2015-03-09,CI,450.0,1964.0,51.0,0,1,5,WESTMOUNT RD W,positive_T_minus_H
11530,2015-03-10,CI,150.0,1950.0,65.0,0,0,5,EDNA ST,negative_T_minus_H_minus_1y
19610,2015-03-10,DI,150.0,1964.0,51.0,0,0,5,HOFFMAN ST,negative_T_minus_H_minus_2y
5090,2015-03-10,CI,150.0,1961.0,54.0,0,0,5,BURLINGTON DR,negative_T_minus_H_minus_2y
81024,2015-03-10,CI,300.0,1966.0,49.0,0,1,5,ST LEGER ST,positive_T_minus_H
5830,2015-03-13,DI,150.0,1966.0,49.0,5,0,5,CECILE DR,negative_T_minus_H_minus_1y
41460,2015-03-19,CI,150.0,1958.0,57.0,2,0,5,WEDGEWOOD DR,negative_T_minus_H_minus_1y
33450,2015-03-20,CI,150.0,1959.0,56.0,2,0,5,ROSEMOUNT DR,negative_T_minus_H_minus_2y
34900,2015-03-27,CI,150.0,1960.0,55.0,2,0,5,SHIRLEY AVE,negative_T_minus_H_minus_2y
17340,2015-03-28,CI,150.0,1956.0,59.0,2,0,5,GREENFIELD AVE,negative_T_minus_H_minus_1y
80860,2015-04-01,CI,150.0,1951.0,64.0,1,0,5,VICTORIA ST N,negative_T_minus_H_minus_2y
80860,2015-04-04,CI,150.0,1951.0,64.0,1,0,5,VICTORIA ST N,negative_T_minus_H_minus_2y
16540,2015-04-09,DI,150.0,1970.0,45.0,2,0,5,GLEN AVON CRES,negative_T_minus_H_minus_2y
42650,2015-04-20,DI,300.0,1968.0,47.0,1,0,5,WESTMOUNT RD E,negative_T_minus_H_minus_2y
87836,2015-04-28,DI,200.0,1985.0,30.0,0,0,5,LENNOX CRES,negative_T_minus_H_minus_2y
59950,2015-04-29,DI,150.0,1995.0,20.0,0,0,5,YOUNG ST,negative_T_minus_H_minus_2y
96394,2015-05-11,DI,300.0,1976.0,39.0,0,0,5,VICTORIA ST N,negative_T_minus_H_minus_2y
38090,2015-05-15,DI,150.0,1978.0,37.0,0,1,5,TRAILWOOD CRES,positive_T_minus_H
91262,2015-05-16,DI,300.0,1968.0,47.0,1,0,5,HAZELGLEN DR,negative_T_minus_H_minus_2y
76855,2015-05-19,DI,150.0,1986.0,29.0,0,0,5,LANARK CRT,negative_T_minus_H_minus_2y
88872,2015-05-28,DI,300.0,1974.0,41.0,2,0,5,BELMONT AVE W,negative_T_minus_H_minus_1y
16080,2015-05-31,DI,150.0,1976.0,39.0,1,0,5,GEORGIAN CRES,negative_T_minus_H_minus_1y
41640,2015-05-31,DI,200.0,1975.0,40.0,1,0,5,WELLINGTON ST N,negative_T_minus_H_minus_2y
58380,2015-05-31,AC,450.0,1952.0,63.0,0,0,5,OTTAWA ST S,negative_T_minus_H_minus_2y
5840,2015-05-31,DI,150.0,1981.0,34.0,0,1,5,CEDAR CREST ST,positive_T_minus_H
5110,2015-06-03,CI,100.0,1955.0,60.0,3,1,5,BURN PL,positive_T_minus_H
4115324,2015-06-09,XXX,25.0,2002.0,13.0,0,0,5,EVENSTONE AVE,negative_T_minus_H_minus_2y
11530,2015-06-15,CI,150.0,1950.0,65.0,0,0,5,EDNA ST,negative_T_minus_H_minus_1y
4111747,2015-06-17,XXX,13.0,1972.0,43.0,0,1,5,SHADELAND CRES,positive_T_minus_H
16590,2015-06-22,DI,150.0,1988.0,27.0,0,1,5,GLEN RD,positive_T_minus_H
96118,2015-06-24,CI,150.0,1961.0,54.0,0,0,5,MORGAN AVE,negative_T_minus_H_minus_1y
137254,2015-06-25,CI,150.0,1940.0,75.0,0,1,5,STIRLING AVE S,positive_T_minus_H
82922,2015-07-02,DI,150.0,1989.0,26.0,0,0,5,GREENGABLE WAY,negative_T_minus_H_minus_2y
35920,2015-07-03,DI,300.0,1981.0,34.0,1,1,5,ST LEGER ST,positive_T_minus_H
35140,2015-07-12,CI,150.0,1953.0,62.0,3,0,5,SIXTH AVE,negative_T_minus_H_minus_1y
39380,2015-07-13,DI,200.0,1976.0,39.0,0,1,5,VICTORIA ST N,positive_T_minus_H
32730,2015-07-14,CI,150.0,1959.0,56.0,1,1,5,RIVER RD E,positive_T_minus_H
39380,2015-07-14,DI,200.0,1976.0,39.0,0,1,5,VICTORIA ST N,positive_T_minus_H
32740,2015-07-15,CI,300.0,1958.0,57.0,0,1,5,RIVER RD E,positive_T_minus_H
17010,2015-07-20,DI,200.0,1972.0,43.0,0,0,5,GRAND RIVER BLVD,negative_T_minus_H_minus_2y
4100356,2015-07-22,XXX,13.0,1970.0,45.0,0,0,5,ROSS AVE,negative_T_minus_H_minus_2y
36210,2015-07-25,CI,150.0,1948.0,67.0,0,1,5,STIRLING AVE S,positive_T_minus_H
14390,2015-07-26,CI,150.0,1957.0,58.0,4,0,5,FIRST AVE,negative_T_minus_H_minus_2y
30750,2015-07-28,DI,150.0,1968.0,47.0,0,0,5,PINEHURST CRES,negative_T_minus_H_minus_1y
57690,2015-07-30,CI,150.0,1954.0,61.0,2,1,5,CAMBRIDGE AVE,positive_T_minus_H
88762,2015-07-30,DI,150.0,1970.0,45.0,0,1,5,KINZIE AVE,positive_T_minus_H
23260,2015-08-03,DI,450.0,1968.0,47.0,2,0,5,LANCASTER ST W,negative_T_minus_H_minus_1y
31440,2015-08-03,DI,300.0,1983.0,32.0,0,1,5,QUEEN ST N,positive_T_minus_H
58190,2015-08-03,DI,150.0,1971.0,44.0,1,0,5,KEVCO PL,negative_T_minus_H_minus_1y
1800,2015-08-05,CI,150.0,1951.0,64.0,0,0,5,BECKER ST,negative_T_minus_H_minus_2y
4132331,2015-08-11,XXX,0.0,1996.0,19.0,0,0,5,DUNNIGAN DR,negative_T_minus_H_minus_2y
34430,2015-08-12,CI,150.0,1958.0,57.0,1,0,5,SHADYWOOD CRES,negative_T_minus_H_minus_1y
5250,2015-08-12,CI,150.0,1954.0,61.0,3,1,5,CAMBRIDGE AVE,positive_T_minus_H
4138524,2015-08-13,XXX,13.0,1972.0,43.0,0,0,5,MORGAN AVE,negative_T_minus_H_minus_2y
15770,2015-08-17,DI,300.0,1960.0,55.0,0,0,5,VICTORIA ST N,negative_T_minus_H_minus_1y
21250,2015-08-17,DI,150.0,1978.0,37.0,0,0,5,KESSELRING DR,negative_T_minus_H_minus_2y
6090,2015-08-17,DI,150.0,1973.0,42.0,0,0,5,CEDARHILL CRES,negative_T_minus_H_minus_2y
5830,2015-08-25,DI,150.0,1966.0,49.0,5,0,5,CECILE DR,negative_T_minus_H_minus_2y
91366,2015-08-27,CI,150.0,1940.0,75.0,1,0,5,STIRLING AVE S,negative_T_minus_H_minus_1y
15000,2015-08-29,DI,150.0,1969.0,46.0,1,0,5,FORESTWOOD DR,negative_T_minus_H_minus_2y
23240,2015-08-29,DI,450.0,1968.0,47.0,0,0,5,LANCASTER ST W,negative_T_minus_H_minus_2y
5610,2015-09-14,DI,200.0,1966.0,49.0,2,1,5,CARSON DR,positive_T_minus_H
87420,2015-09-14,DI,150.0,1986.0,29.0,0,0,5,STONEHENGE PL,negative_T_minus_H_minus_2y
31770,2015-09-16,CI,150.0,1949.0,66.0,4,0,5,QUEENS BLVD,negative_T_minus_H_minus_1y
21950,2015-09-17,DI,300.0,1961.0,54.0,0,0,5,KING ST E,negative_T_minus_H_minus_1y
29830,2015-09-23,DI,150.0,1966.0,49.0,2,0,5,OVERLEA DR,negative_T_minus_H_minus_1y
15000,2015-09-28,DI,150.0,1969.0,46.0,1,0,5,FORESTWOOD DR,negative_T_minus_H_minus_2y
80840,2015-10-04,CI,200.0,1953.0,62.0,0,0,5,VICTORIA ST N,negative_T_minus_H_minus_2y
42950,2015-10-06,DI,300.0,1969.0,46.0,0,1,5,WESTWOOD DR,positive_T_minus_H
42900,2015-10-07,DI,300.0,1969.0,46.0,2,1,5,WESTWOOD DR,positive_T_minus_H
26980,2015-10-16,DI,200.0,1966.0,49.0,0,0,5,MONTCALM DR,negative_T_minus_H_minus_2y
5360,2015-10-16,DI,150.0,1982.0,33.0,0,1,5,CAMERON ST N,positive_T_minus_H
26980,2015-10-17,DI,200.0,1966.0,49.0,0,0,5,MONTCALM DR,negative_T_minus_H_minus_2y
44190,2015-10-20,CI,150.0,1959.0,56.0,2,1,5,YAGER AVE,positive_T_minus_H
3960,2015-10-21,CI,150.0,1965.0,50.0,1,1,5,BRADLEY DR,positive_T_minus_H
15000,2015-10-28,DI,150.0,1969.0,46.0,1,0,5,FORESTWOOD DR,negative_T_minus_H_minus_2y
77188,2015-10-31,DI,200.0,1959.0,56.0,1,1,5,RAITAR AVE,positive_T_minus_H
35280,2015-11-04,CI,150.0,1958.0,57.0,2,1,5,SOUTHMOOR DR,positive_T_minus_H
28280,2015-11-08,DI,200.0,1967.0,48.0,1,0,5,OLD CHICOPEE DR,negative_T_minus_H_minus_1y
28300,2015-11-08,DI,300.0,1985.0,30.0,0,0,5,OLD CHICOPEE DR,negative_T_minus_H_minus_1y
10790,2015-11-10,DI,150.0,1974.0,41.0,0,1,5,DUNSMERE CRT,positive_T_minus_H
85814,2015-11-10,CI,150.0,1959.0,56.0,0,0,5,HOFFMAN ST,negative_T_minus_H_minus_2y
10790,2015-11-11,DI,150.0,1974.0,41.0,0,1,5,DUNSMERE CRT,positive_T_minus_H
85814,2015-11-11,CI,150.0,1959.0,56.0,0,0,5,HOFFMAN ST,negative_T_minus_H_minus_2y
14390,2015-11-20,CI,150.0,1957.0,58.0,4,0,5,FIRST AVE,negative_T_minus_H_minus_2y
18020,2015-11-20,DI,150.0,1965.0,50.0,0,1,5,HANSON AVE,positive_T_minus_H
22490,2015-11-20,CI,150.0,1960.0,55.0,3,1,5,KINZIE AVE,positive_T_minus_H
22200,2015-11-21,CI,150.0,1966.0,49.0,2,1,5,KINGSTON CRES,positive_T_minus_H
9590,2015-11-21,CI,150.0,1958.0,57.0,3,1,5,DOON RD,positive_T_minus_H
7900,2015-11-26,CI,150.0,1953.0,62.0,0,0,5,CONNAUGHT ST,negative_T_minus_H_minus_1y
61885,2015-11-30,AC,450.0,1952.0,63.0,0,0,5,HOWE DR,negative_T_minus_H_minus_1y
8420,2015-11-30,CI,300.0,1967.0,48.0,3,0,5,COURTLAND AVE E,negative_T_minus_H_minus_1y
26950,2015-12-04,DI,200.0,1965.0,50.0,1,0,5,MONTCALM DR,negative_T_minus_H_minus_2y
25500,2015-12-05,DI,150.0,1968.0,47.0,0,0,5,MARKWOOD DR,negative_T_minus_H_minus_2y
85318,2015-12-06,CI,150.0,1958.0,57.0,0,0,5,SOUTHMOOR DR,negative_T_minus_H_minus_2y
32070,2015-12-09,DI,150.0,1971.0,44.0,2,0,5,RAMBLEWOOD WAY,negative_T_minus_H_minus_1y
4647883,2015-12-09,PVC,25.0,1973.0,42.0,0,0,5,SPRINGDALE DR,negative_T_minus_H_minus_1y
44160,2015-12-15,DI,150.0,1967.0,48.0,0,0,5,WREN PL,negative_T_minus_H_minus_1y
18620,2015-12-16,DI,150.0,1972.0,43.0,1,0,5,HICKORY HEIGHTS CRES,negative_T_minus_H_minus_1y
90210,2015-12-16,CI,150.0,1967.0,48.0,2,0,5,CARNABY CRES,negative_T_minus_H_minus_2y
5610,2015-12-18,DI,200.0,1966.0,49.0,2,1,5,CARSON DR,positive_T_minus_H
20580,2015-12-19,CI,150.0,1970.0,45.0,3,1,5,JANSEN AVE,positive_T_minus_H
18620,2015-12-21,DI,150.0,1972.0,43.0,1,0,5,HICKORY HEIGHTS CRES,negative_T_minus_H_minus_1y
40140,2015-12-21,CI,150.0,1962.0,53.0,4,1,5,VILLAGE CRES,positive_T_minus_H
17830,2015-12-23,DI,200.0,1964.0,51.0,1,1,5,OWEN AVE,positive_T_minus_H
36240,2015-12-23,CI,300.0,1957.0,58.0,1,1,5,STIRLING AVE S,positive_T_minus_H
8560,2015-12-23,CI,200.0,1960.0,55.0,1,1,5,CRAIG DR,positive_T_minus_H
11170,2015-12-24,DI,150.0,1967.0,48.0,1,1,5,EASTWOOD DR,positive_T_minus_H
4086485,2015-12-24,XXX,0.0,1975.0,40.0,0,0,5,WATER ST N,negative_T_minus_H_minus_2y
670,2015-12-24,CI,150.0,1963.0,52.0,2,1,5,ANTHONY PL,positive_T_minus_H
11160,2015-12-26,CI,150.0,1967.0,48.0,1,0,5,EASTWOOD DR,negative_T_minus_H_minus_1y
36500,2015-12-26,CI,150.0,1962.0,53.0,1,0,5,STONYBROOK DR,negative_T_minus_H_minus_1y
43830,2015-12-26,CI,150.0,1960.0,55.0,2,0,5,WINSLOW DR,negative_T_minus_H_minus_1y
4769517,2015-12-26,PVC,25.0,,,0,0,5,FIFTH AVE,negative_T_minus_H_minus_1y
33460,2015-12-28,CI,150.0,1961.0,54.0,3,0,5,ROSEMOUNT DR,negative_T_minus_H_minus_2y
42930,2015-12-28,DI,300.0,1971.0,44.0,5,1,5,WESTWOOD DR,positive_T_minus_H
33460,2015-12-29,CI,150.0,1961.0,54.0,3,0,5,ROSEMOUNT DR,negative_T_minus_H_minus_2y
43030,2015-12-31,CI,300.0,1971.0,44.0,2,1,5,WESTWOOD DR,positive_T_minus_H
59990,2015-12-31,CI,150.0,1950.0,65.0,3,1,5,EDNA ST,positive_T_minus_H
11830,2016-01-03,DI,250.0,1971.0,45.0,1,0,5,ELM RIDGE DR,negative_T_minus_H_minus_1y
33460,2016-01-03,CI,150.0,1961.0,55.0,3,1,5,ROSEMOUNT DR,positive_T_minus_H
39560,2016-01-03,CI,200.0,1953.0,63.0,0,0,5,VICTORIA ST N,negative_T_minus_H_minus_1y
5230,2016-01-05,CI,150.0,1954.0,62.0,0,0,5,CAMBRIDGE AVE,negative_T_minus_H_minus_1y
89012,2016-01-05,CI,150.0,1964.0,52.0,0,1,5,OWEN AVE,positive_T_minus_H
11910,2016-01-06,CI,200.0,1969.0,47.0,0,1,5,ELMSDALE DR,positive_T_minus_H
44470,2016-01-06,DI,150.0,1991.0,25.0,0,0,5,ZELLER CRT,negative_T_minus_H_minus_1y
59990,2016-01-06,CI,150.0,1950.0,66.0,3,1,5,EDNA ST,positive_T_minus_H
32320,2016-01-08,CI,150.0,1960.0,56.0,5,0,5,RIPPLEWOOD CRES,negative_T_minus_H_minus_1y
42310,2016-01-08,DI,150.0,1973.0,43.0,0,0,5,WESTHEIGHTS DR,negative_T_minus_H_minus_1y
5110,2016-01-09,CI,100.0,1955.0,61.0,3,1,5,BURN PL,positive_T_minus_H
62550,2016-01-09,CI,300.0,1964.0,52.0,2,1,5,BLOOMINGDALE RD,positive_T_minus_H
37210,2016-01-15,DI,150.0,1962.0,54.0,3,0,5,SWEETBRIAR DR,negative_T_minus_H_minus_1y
62940,2016-01-16,PVC,300.0,2000.0,16.0,1,0,5,MAX BECKER DR,negative_T_minus_H_minus_1y
80206,2016-01-16,CI,150.0,1952.0,64.0,0,1,5,BOEHMER ST,positive_T_minus_H
35140,2016-01-17,CI,150.0,1953.0,63.0,3,1,5,SIXTH AVE,positive_T_minus_H
91262,2016-01-18,DI,300.0,1968.0,48.0,1,0,5,HAZELGLEN DR,negative_T_minus_H_minus_1y
33980,2016-01-20,CI,150.0,1963.0,53.0,1,1,5,SCENIC DR,positive_T_minus_H
21000,2016-01-21,DI,150.0,1967.0,49.0,0,0,5,KELLY DR,negative_T_minus_H_minus_1y
77534,2016-01-21,PVC,300.0,2013.0,3.0,3,0,5,CHARLES ST W,negative_T_minus_H_minus_1y
85426,2016-01-24,CI,150.0,1969.0,47.0,0,0,5,FORESTWOOD DR,negative_T_minus_H_minus_1y
20400,2016-01-26,DI,150.0,1964.0,52.0,0,0,5,INVERNESS DR,negative_T_minus_H_minus_1y
23530,2016-01-26,CI,150.0,1964.0,52.0,1,0,5,LARKSPUR CRES,negative_T_minus_H_minus_1y
23750,2016-01-28,CI,150.0,1952.0,64.0,0,1,5,ST LEGER ST,positive_T_minus_H
4093108,2016-01-28,XXX,100.0,1977.0,39.0,0,0,5,DUNDAS AVE,negative_T_minus_H_minus_1y
33970,2016-01-29,CI,300.0,1965.0,51.0,0,1,5,OTONABEE DR,positive_T_minus_H
12390,2016-01-30,DI,300.0,1979.0,37.0,0,0,5,MORRISON RD,negative_T_minus_H_minus_1y
28280,2016-01-30,DI,200.0,1967.0,49.0,1,0,5,OLD CHICOPEE DR,negative_T_minus_H_minus_1y
37810,2016-01-30,CI,150.0,1964.0,52.0,3,1,5,THORNRIDGE CRES,positive_T_minus_H
31890,2016-02-03,CI,150.0,1966.0,50.0,2,0,5,QUEENSTON DR,negative_T_minus_H_minus_1y
33200,2016-02-03,DI,150.0,1978.0,38.0,0,1,5,ROLLING MEADOWS DR,positive_T_minus_H
35630,2016-02-03,CI,150.0,1960.0,56.0,3,1,5,SPRINGBANK CRES,positive_T_minus_H
16540,2016-02-05,DI,150.0,1970.0,46.0,2,0,5,GLEN AVON CRES,negative_T_minus_H_minus_1y
5040,2016-02-06,CI,150.0,1958.0,58.0,4,0,5,BURBANK RD,negative_T_minus_H_minus_1y
1330,2016-02-07,CI,200.0,1961.0,55.0,3,0,5,AVON RD,negative_T_minus_H_minus_1y
20470,2016-02-10,CI,150.0,1955.0,61.0,4,1,5,ISLINGTON AVE,positive_T_minus_H
33050,2016-02-10,CI,300.0,1935.0,81.0,2,1,5,ROCKWAY DR,positive_T_minus_H
42050,2016-02-10,CI,150.0,1959.0,57.0,4,0,5,WESTGATE WALK,negative_T_minus_H_minus_1y
8940,2016-02-10,CI,150.0,1964.0,52.0,3,1,5,DANIEL AVE,positive_T_minus_H
33050,2016-02-12,CI,300.0,1935.0,81.0,2,1,5,ROCKWAY DR,positive_T_minus_H
4089933,2016-02-13,XXX,0.0,,,0,1,5,QUEENS BLVD,positive_T_minus_H
41030,2016-02-13,CI,150.0,1952.0,64.0,6,1,5,WEBER ST E,positive_T_minus_H
64260,2016-02-13,DI,150.0,1965.0,51.0,0,0,5,PEACHWOOD AVE,negative_T_minus_H_minus_1y
42050,2016-02-14,CI,150.0,1959.0,57.0,4,0,5,WESTGATE WALK,negative_T_minus_H_minus_1y
33980,2016-02-15,CI,150.0,1963.0,53.0,1,1,5,SCENIC DR,positive_T_minus_H
27000,2016-02-16,DI,200.0,1965.0,51.0,1,1,5,MONTCALM DR,positive_T_minus_H
37540,2016-02-17,CI,150.0,1958.0,58.0,2,1,5,TANGLEWOOD AVE,positive_T_minus_H
25740,2016-02-18,CI,150.0,1951.0,65.0,2,1,5,MAUSSER AVE,positive_T_minus_H
36530,2016-02-18,CI,150.0,1958.0,58.0,5,1,5,STONYBROOK DR,positive_T_minus_H
25740,2016-02-19,CI,150.0,1951.0,65.0,2,1,5,MAUSSER AVE,positive_T_minus_H
20610,2016-02-21,CI,150.0,1962.0,54.0,1,1,5,JEAN AVE,positive_T_minus_H
26510,2016-02-21,DI,150.0,1965.0,51.0,0,0,5,MIDLAND DR,negative_T_minus_H_minus_1y
2840,2016-02-21,CI,150.0,1947.0,69.0,0,1,5,BIRCH AVE,positive_T_minus_H
57680,2016-02-21,CI,150.0,1955.0,61.0,5,1,5,EDNA ST,positive_T_minus_H
92144,2016-02-21,DI,150.0,1969.0,47.0,0,1,5,MEADOWLANE DR,positive_T_minus_H
24640,2016-02-22,CI,150.0,1958.0,58.0,3,1,5,LYNDHURST DR,positive_T_minus_H
85558,2016-02-24,DI,200.0,1966.0,50.0,1,1,5,MONTCALM DR,positive_T_minus_H
94794,2016-02-26,CI,150.0,1955.0,61.0,0,0,5,SHERWOOD AVE,negative_T_minus_H_minus_1y
7760,2016-02-27,CI,150.0,1966.0,50.0,4,1,5,CONFEDERATION DR,positive_T_minus_H
6500,2016-03-01,CI,150.0,1953.0,63.0,3,1,5,CHAPEL ST,positive_T_minus_H
980,2016-03-02,DI,300.0,1979.0,37.0,0,1,5,ARNOLD ST,positive_T_minus_H
18650,2016-03-03,CI,200.0,1960.0,56.0,0,1,5,HICKSON DR,positive_T_minus_H
36960,2016-03-03,DI,150.0,1965.0,51.0,1,0,5,STRATHCONA CRES,negative_T_minus_H_minus_1y
42650,2016-03-03,DI,300.0,1968.0,48.0,1,0,5,WESTMOUNT RD E,negative_T_minus_H_minus_1y
33390,2016-03-04,CI,150.0,1963.0,53.0,0,0,5,ROSEMOUNT DR,negative_T_minus_H_minus_1y
38040,2016-03-04,CI,150.0,1958.0,58.0,2,0,5,TRAFALGAR AVE,negative_T_minus_H_minus_1y
36490,2016-03-05,CI,150.0,1962.0,54.0,1,0,5,STONYBROOK DR,negative_T_minus_H_minus_1y
34800,2016-03-06,CI,150.0,1953.0,63.0,1,1,5,SHERIDAN CRT,positive_T_minus_H
27380,2016-03-07,DI,200.0,1971.0,45.0,1,1,5,MORGAN AVE,positive_T_minus_H
80860,2016-03-07,CI,150.0,1951.0,65.0,1,0,5,VICTORIA ST N,negative_T_minus_H_minus_1y
11530,2016-03-10,CI,150.0,1950.0,66.0,0,1,5,EDNA ST,positive_T_minus_H
19610,2016-03-10,DI,150.0,1964.0,52.0,0,0,5,HOFFMAN ST,negative_T_minus_H_minus_1y
5090,2016-03-10,CI,150.0,1961.0,55.0,0,0,5,BURLINGTON DR,negative_T_minus_H_minus_1y
5830,2016-03-13,DI,150.0,1966.0,50.0,5,1,5,CECILE DR,positive_T_minus_H
14090,2016-03-16,DI,200.0,1974.0,42.0,4,1,5,FARRIER DR,positive_T_minus_H
41460,2016-03-19,CI,150.0,1958.0,58.0,2,1,5,WEDGEWOOD DR,positive_T_minus_H
33450,2016-03-20,CI,150.0,1959.0,57.0,2,0,5,ROSEMOUNT DR,negative_T_minus_H_minus_1y
34900,2016-03-27,CI,150.0,1960.0,56.0,2,0,5,SHIRLEY AVE,negative_T_minus_H_minus_1y
17340,2016-03-28,CI,150.0,1956.0,60.0,2,1,5,GREENFIELD AVE,positive_T_minus_H
80860,2016-04-01,CI,150.0,1951.0,65.0,1,0,5,VICTORIA ST N,negative_T_minus_H_minus_1y
80860,2016-04-04,CI,150.0,1951.0,65.0,1,0,5,VICTORIA ST N,negative_T_minus_H_minus_1y
16540,2016-04-09,DI,150.0,1970.0,46.0,2,0,5,GLEN AVON CRES,negative_T_minus_H_minus_1y
42650,2016-04-20,DI,300.0,1968.0,48.0,1,0,5,WESTMOUNT RD E,negative_T_minus_H_minus_1y
87836,2016-04-28,DI,200.0,1985.0,31.0,0,0,5,LENNOX CRES,negative_T_minus_H_minus_1y
59950,2016-04-29,DI,150.0,1995.0,21.0,0,0,5,YOUNG ST,negative_T_minus_H_minus_1y
96394,2016-05-11,DI,300.0,1976.0,40.0,0,0,5,VICTORIA ST N,negative_T_minus_H_minus_1y
91262,2016-05-16,DI,300.0,1968.0,48.0,1,0,5,HAZELGLEN DR,negative_T_minus_H_minus_1y
14580,2016-05-18,CI,150.0,1962.0,54.0,6,0,5,FISCHER HALLMAN RD,negative_T_minus_H_minus_1y
76855,2016-05-19,DI,150.0,1986.0,30.0,0,0,5,LANARK CRT,negative_T_minus_H_minus_1y
88872,2016-05-28,DI,300.0,1974.0,42.0,2,1,5,BELMONT AVE W,positive_T_minus_H
16080,2016-05-31,DI,150.0,1976.0,40.0,1,1,5,GEORGIAN CRES,positive_T_minus_H
41640,2016-05-31,DI,200.0,1975.0,41.0,1,0,5,WELLINGTON ST N,negative_T_minus_H_minus_1y
58380,2016-05-31,AC,450.0,1952.0,64.0,0,0,5,OTTAWA ST S,negative_T_minus_H_minus_1y
4115324,2016-06-09,XXX,25.0,2002.0,14.0,0,0,5,EVENSTONE AVE,negative_T_minus_H_minus_1y
11530,2016-06-15,CI,150.0,1950.0,66.0,0,1,5,EDNA ST,positive_T_minus_H
96118,2016-06-24,CI,150.0,1961.0,55.0,0,1,5,MORGAN AVE,positive_T_minus_H
58170,2016-06-25,CPP,1200.0,1989.0,27.0,0,1,5,GOODRICH DR,positive_T_minus_H
82922,2016-07-02,DI,150.0,1989.0,27.0,0,0,5,GREENGABLE WAY,negative_T_minus_H_minus_1y
5840,2016-07-08,DI,150.0,1981.0,35.0,0,1,5,CEDAR CREST ST,positive_T_minus_H
35140,2016-07-12,CI,150.0,1953.0,63.0,3,1,5,SIXTH AVE,positive_T_minus_H
17010,2016-07-20,DI,200.0,1972.0,44.0,0,0,5,GRAND RIVER BLVD,negative_T_minus_H_minus_1y
4100356,2016-07-22,XXX,13.0,1970.0,46.0,0,0,5,ROSS AVE,negative_T_minus_H_minus_1y
14390,2016-07-26,CI,150.0,1957.0,59.0,4,0,5,FIRST AVE,negative_T_minus_H_minus_1y
30750,2016-07-28,DI,150.0,1968.0,48.0,0,1,5,PINEHURST CRES,positive_T_minus_H
15730,2016-08-03,CI,200.0,1962.0,54.0,1,1,5,FREDERICK ST,positive_T_minus_H
23260,2016-08-03,DI,450.0,1968.0,48.0,2,1,5,LANCASTER ST W,positive_T_minus_H
58190,2016-08-03,DI,150.0,1971.0,45.0,1,1,5,KEVCO PL,positive_T_minus_H
1800,2016-08-05,CI,150.0,1951.0,65.0,0,0,5,BECKER ST,negative_T_minus_H_minus_1y
57680,2016-08-09,CI,150.0,1955.0,61.0,5,1,5,EDNA ST,positive_T_minus_H
4132331,2016-08-11,XXX,0.0,1996.0,20.0,0,0,5,DUNNIGAN DR,negative_T_minus_H_minus_1y
34430,2016-08-12,CI,150.0,1958.0,58.0,1,1,5,SHADYWOOD CRES,positive_T_minus_H
4138524,2016-08-13,XXX,13.0,1972.0,44.0,0,0,5,MORGAN AVE,negative_T_minus_H_minus_1y
15770,2016-08-17,DI,300.0,1960.0,56.0,0,1,5,VICTORIA ST N,positive_T_minus_H
21250,2016-08-17,DI,150.0,1978.0,38.0,0,0,5,KESSELRING DR,negative_T_minus_H_minus_1y
6090,2016-08-17,DI,150.0,1973.0,43.0,0,0,5,CEDARHILL CRES,negative_T_minus_H_minus_1y
91366,2016-08-27,CI,150.0,1940.0,76.0,1,1,5,STIRLING AVE S,positive_T_minus_H
15000,2016-08-29,DI,150.0,1969.0,47.0,1,0,5,FORESTWOOD DR,negative_T_minus_H_minus_1y
23240,2016-08-29,DI,450.0,1968.0,48.0,0,0,5,LANCASTER ST W,negative_T_minus_H_minus_1y
87420,2016-09-14,DI,150.0,1986.0,30.0,0,0,5,STONEHENGE PL,negative_T_minus_H_minus_1y
31770,2016-09-16,CI,150.0,1949.0,67.0,4,1,5,QUEENS BLVD,positive_T_minus_H
21950,2016-09-17,DI,300.0,1961.0,55.0,0,1,5,KING ST E,positive_T_minus_H
29830,2016-09-23,DI,150.0,1966.0,50.0,2,1,5,OVERLEA DR,positive_T_minus_H
15000,2016-09-28,DI,150.0,1969.0,47.0,1,0,5,FORESTWOOD DR,negative_T_minus_H_minus_1y
80840,2016-10-04,CI,200.0,1953.0,63.0,0,0,5,VICTORIA ST N,negative_T_minus_H_minus_1y
26980,2016-10-16,DI,200.0,1966.0,50.0,0,0,5,MONTCALM DR,negative_T_minus_H_minus_1y
26980,2016-10-17,DI,200.0,1966.0,50.0,0,0,5,MONTCALM DR,negative_T_minus_H_minus_1y
15000,2016-10-28,DI,150.0,1969.0,47.0,1,0,5,FORESTWOOD DR,negative_T_minus_H_minus_1y
28280,2016-11-08,DI,200.0,1967.0,49.0,1,1,5,OLD CHICOPEE DR,positive_T_minus_H
28300,2016-11-08,DI,300.0,1985.0,31.0,0,1,5,OLD CHICOPEE DR,positive_T_minus_H
85814,2016-11-10,CI,150.0,1959.0,57.0,0,0,5,HOFFMAN ST,negative_T_minus_H_minus_1y
85814,2016-11-11,CI,150.0,1959.0,57.0,0,0,5,HOFFMAN ST,negative_T_minus_H_minus_1y
14390,2016-11-20,CI,150.0,1957.0,59.0,4,0,5,FIRST AVE,negative_T_minus_H_minus_1y
7900,2016-11-26,CI,150.0,1953.0,63.0,0,1,5,CONNAUGHT ST,positive_T_minus_H
35920,2016-11-30,DI,300.0,1981.0,35.0,1,1,5,ST LEGER ST,positive_T_minus_H
61885,2016-11-30,AC,450.0,1952.0,64.0,0,1,5,HOWE DR,positive_T_minus_H
8420,2016-11-30,CI,300.0,1967.0,49.0,3,1,5,COURTLAND AVE E,positive_T_minus_H
24860,2016-12-03,CI,200.0,1961.0,55.0,1,1,5,MANCHESTER RD,positive_T_minus_H
26950,2016-12-04,DI,200.0,1965.0,51.0,1,0,5,MONTCALM DR,negative_T_minus_H_minus_1y
25500,2016-12-05,DI,150.0,1968.0,48.0,0,0,5,MARKWOOD DR,negative_T_minus_H_minus_1y
85318,2016-12-06,CI,150.0,1958.0,58.0,0,0,5,SOUTHMOOR DR,negative_T_minus_H_minus_1y
32070,2016-12-09,DI,150.0,1971.0,45.0,2,1,5,RAMBLEWOOD WAY,positive_T_minus_H
4647883,2016-12-09,PVC,25.0,1973.0,43.0,0,1,5,SPRINGDALE DR,positive_T_minus_H
44160,2016-12-15,DI,150.0,1967.0,49.0,0,1,5,WREN PL,positive_T_minus_H
18620,2016-12-16,DI,150.0,1972.0,44.0,1,1,5,HICKORY HEIGHTS CRES,positive_T_minus_H
90210,2016-12-16,CI,150.0,1967.0,49.0,2,0,5,CARNABY CRES,negative_T_minus_H_minus_1y
18620,2016-12-21,DI,150.0,1972.0,44.0,1,1,5,HICKORY HEIGHTS CRES,positive_T_minus_H
4086485,2016-12-24,XXX,0.0,1975.0,41.0,0,0,5,WATER ST N,negative_T_minus_H_minus_1y
11160,2016-12-26,CI,150.0,1967.0,49.0,1,1,5,EASTWOOD DR,positive_T_minus_H
18660,2016-12-26,CI,150.0,1960.0,56.0,2,0,5,HICKSON DR,negative_T_minus_H_minus_1y
20420,2016-12-26,DI,150.0,1966.0,50.0,0,1,5,INWOOD DR,positive_T_minus_H
36500,2016-12-26,CI,150.0,1962.0,54.0,1,1,5,STONYBROOK DR,positive_T_minus_H
43830,2016-12-26,CI,150.0,1960.0,56.0,2,1,5,WINSLOW DR,positive_T_minus_H
4769517,2016-12-26,PVC,25.0,,,0,1,5,FIFTH AVE,positive_T_minus_H
22600,2016-12-30,CI,150.0,1959.0,57.0,1,1,5,KIPLING AVE,positive_T_minus_H
33550,2017-01-02,CI,150.0,1959.0,58.0,8,1,5,ROSS AVE,positive_T_minus_H
11830,2017-01-03,DI,250.0,1971.0,46.0,1,1,5,ELM RIDGE DR,positive_T_minus_H
39560,2017-01-03,CI,200.0,1953.0,64.0,0,1,5,VICTORIA ST N,positive_T_minus_H
33810,2017-01-05,CI,150.0,1964.0,53.0,3,1,5,RUTHERFORD DR,positive_T_minus_H
5230,2017-01-05,CI,150.0,1954.0,63.0,0,1,5,CAMBRIDGE AVE,positive_T_minus_H
44470,2017-01-06,DI,150.0,1991.0,26.0,0,1,5,ZELLER CRT,positive_T_minus_H
32320,2017-01-08,CI,150.0,1960.0,57.0,5,1,5,RIPPLEWOOD CRES,positive_T_minus_H
42310,2017-01-08,DI,150.0,1973.0,44.0,0,1,5,WESTHEIGHTS DR,positive_T_minus_H
37210,2017-01-15,DI,150.0,1962.0,55.0,3,1,5,SWEETBRIAR DR,positive_T_minus_H
62940,2017-01-16,PVC,300.0,2000.0,17.0,1,1,5,MAX BECKER DR,positive_T_minus_H
20580,2017-01-17,CI,150.0,1970.0,47.0,3,1,5,JANSEN AVE,positive_T_minus_H
91262,2017-01-18,DI,300.0,1968.0,49.0,1,1,5,HAZELGLEN DR,positive_T_minus_H
21000,2017-01-21,DI,150.0,1967.0,50.0,0,1,5,KELLY DR,positive_T_minus_H
41030,2017-01-21,CI,150.0,1952.0,65.0,6,1,5,WEBER ST E,positive_T_minus_H
77534,2017-01-21,PVC,300.0,2013.0,4.0,3,1,5,CHARLES ST W,positive_T_minus_H
43300,2017-01-23,CI,150.0,1960.0,57.0,1,1,5,WILKINS DR,positive_T_minus_H
85426,2017-01-24,CI,150.0,1969.0,48.0,0,1,5,FORESTWOOD DR,positive_T_minus_H
20400,2017-01-26,DI,150.0,1964.0,53.0,0,1,5,INVERNESS DR,positive_T_minus_H
23530,2017-01-26,CI,150.0,1964.0,53.0,1,1,5,LARKSPUR CRES,positive_T_minus_H
92756,2017-01-27,DI,150.0,1971.0,46.0,1,1,5,VICMOUNT DR,positive_T_minus_H
4093108,2017-01-28,XXX,100.0,1977.0,40.0,0,1,5,DUNDAS AVE,positive_T_minus_H
12390,2017-01-30,DI,300.0,1979.0,38.0,0,1,5,MORRISON RD,positive_T_minus_H
28280,2017-01-30,DI,200.0,1967.0,50.0,1,1,5,OLD CHICOPEE DR,positive_T_minus_H
30440,2017-01-30,CI,150.0,1962.0,55.0,1,1,5,PEACHWOOD CRT,positive_T_minus_H
31890,2017-02-03,CI,150.0,1966.0,51.0,2,1,5,QUEENSTON DR,positive_T_minus_H
16540,2017-02-05,DI,150.0,1970.0,47.0,2,1,5,GLEN AVON CRES,positive_T_minus_H
5040,2017-02-06,CI,150.0,1958.0,59.0,4,1,5,BURBANK RD,positive_T_minus_H
1330,2017-02-07,CI,200.0,1961.0,56.0,3,1,5,AVON RD,positive_T_minus_H
29790,2017-02-07,CI,150.0,1967.0,50.0,5,1,5,OVERLEA DR,positive_T_minus_H
32160,2017-02-09,CI,150.0,1963.0,54.0,4,1,5,RENNIE DR,positive_T_minus_H
42050,2017-02-10,CI,150.0,1959.0,58.0,4,1,5,WESTGATE WALK,positive_T_minus_H
64260,2017-02-13,DI,150.0,1965.0,52.0,0,1,5,PEACHWOOD AVE,positive_T_minus_H
42050,2017-02-14,CI,150.0,1959.0,58.0,4,1,5,WESTGATE WALK,positive_T_minus_H
41450,2017-02-16,CI,150.0,1958.0,59.0,3,1,5,WEDGEWOOD DR,positive_T_minus_H
33550,2017-02-18,CI,150.0,1959.0,58.0,8,1,5,ROSS AVE,positive_T_minus_H
26510,2017-02-21,DI,150.0,1965.0,52.0,0,1,5,MIDLAND DR,positive_T_minus_H
32090,2017-02-23,CI,150.0,1962.0,55.0,1,1,5,RANDERSON AVE,positive_T_minus_H
32090,2017-02-25,CI,150.0,1962.0,55.0,1,1,5,RANDERSON AVE,positive_T_minus_H
94794,2017-02-26,CI,150.0,1955.0,62.0,0,1,5,SHERWOOD AVE,positive_T_minus_H
36960,2017-03-03,DI,150.0,1965.0,52.0,1,1,5,STRATHCONA CRES,positive_T_minus_H
42650,2017-03-03,DI,300.0,1968.0,49.0,1,1,5,WESTMOUNT RD E,positive_T_minus_H
33390,2017-03-04,CI,150.0,1963.0,54.0,0,1,5,ROSEMOUNT DR,positive_T_minus_H
38040,2017-03-04,CI,150.0,1958.0,59.0,2,1,5,TRAFALGAR AVE,positive_T_minus_H
36490,2017-03-05,CI,150.0,1962.0,55.0,1,1,5,STONYBROOK DR,positive_T_minus_H
80860,2017-03-07,CI,150.0,1951.0,66.0,1,1,5,VICTORIA ST N,positive_T_minus_H
19610,2017-03-10,DI,150.0,1964.0,53.0,0,1,5,HOFFMAN ST,positive_T_minus_H
5090,2017-03-10,CI,150.0,1961.0,56.0,0,1,5,BURLINGTON DR,positive_T_minus_H
10730,2017-03-11,CI,150.0,1949.0,68.0,1,1,5,DUNDAS AVE,positive_T_minus_H
33450,2017-03-20,CI,150.0,1959.0,58.0,2,1,5,ROSEMOUNT DR,positive_T_minus_H
34900,2017-03-27,CI,150.0,1960.0,57.0,2,1,5,SHIRLEY AVE,positive_T_minus_H
80860,2017-04-01,CI,150.0,1951.0,66.0,1,1,5,VICTORIA ST N,positive_T_minus_H
80860,2017-04-04,CI,150.0,1951.0,66.0,1,1,5,VICTORIA ST N,positive_T_minus_H
16540,2017-04-09,DI,150.0,1970.0,47.0,2,1,5,GLEN AVON CRES,positive_T_minus_H
42650,2017-04-20,DI,300.0,1968.0,49.0,1,1,5,WESTMOUNT RD E,positive_T_minus_H
87836,2017-04-28,DI,200.0,1985.0,32.0,0,1,5,LENNOX CRES,positive_T_minus_H
59950,2017-04-29,DI,150.0,1995.0,22.0,0,1,5,YOUNG ST,positive_T_minus_H
96394,2017-05-11,DI,300.0,1976.0,41.0,0,1,5,VICTORIA ST N,positive_T_minus_H
91262,2017-05-16,DI,300.0,1968.0,49.0,1,1,5,HAZELGLEN DR,positive_T_minus_H
14580,2017-05-18,CI,150.0,1962.0,55.0,6,1,5,FISCHER HALLMAN RD,positive_T_minus_H
76855,2017-05-19,DI,150.0,1986.0,31.0,0,1,5,LANARK CRT,positive_T_minus_H
42930,2017-05-25,DI,300.0,1971.0,46.0,5,1,5,WESTWOOD DR,positive_T_minus_H
19770,2017-05-30,CI,150.0,1967.0,50.0,5,1,5,HOLBORN DR,positive_T_minus_H
41640,2017-05-31,DI,200.0,1975.0,42.0,1,1,5,WELLINGTON ST N,positive_T_minus_H
58380,2017-05-31,AC,450.0,1952.0,65.0,0,1,5,OTTAWA ST S,positive_T_minus_H
17720,2017-06-01,CI,150.0,1957.0,60.0,8,1,5,GUELPH ST,positive_T_minus_H
19770,2017-06-08,CI,150.0,1967.0,50.0,5,1,5,HOLBORN DR,positive_T_minus_H
4115324,2017-06-09,XXX,25.0,2002.0,15.0,0,1,5,EVENSTONE AVE,positive_T_minus_H
82922,2017-07-02,DI,150.0,1989.0,28.0,0,1,5,GREENGABLE WAY,positive_T_minus_H
76747,2017-07-13,CI,150.0,1940.0,77.0,7,1,5,STIRLING AVE S,positive_T_minus_H
17010,2017-07-20,DI,200.0,1972.0,45.0,0,1,5,GRAND RIVER BLVD,positive_T_minus_H
4100356,2017-07-22,XXX,13.0,1970.0,47.0,0,1,5,ROSS AVE,positive_T_minus_H
14390,2017-07-26,CI,150.0,1957.0,60.0,4,1,5,FIRST AVE,positive_T_minus_H
15200,2017-07-26,CI,150.0,1960.0,57.0,5,1,5,FOURTH AVE,positive_T_minus_H
1800,2017-08-05,CI,150.0,1951.0,66.0,0,1,5,BECKER ST,positive_T_minus_H
4132331,2017-08-11,XXX,0.0,1996.0,21.0,0,1,5,DUNNIGAN DR,positive_T_minus_H
4138524,2017-08-13,XXX,13.0,1972.0,45.0,0,1,5,MORGAN AVE,positive_T_minus_H
18090,2017-08-17,CI,200.0,1953.0,64.0,0,1,5,HARBER AVE,positive_T_minus_H
21250,2017-08-17,DI,150.0,1978.0,39.0,0,1,5,KESSELRING DR,positive_T_minus_H
6090,2017-08-17,DI,150.0,1973.0,44.0,0,1,5,CEDARHILL CRES,positive_T_minus_H
18280,2017-08-20,DI,300.0,1968.0,49.0,4,1,5,HAZELGLEN DR,positive_T_minus_H
5830,2017-08-25,DI,150.0,1966.0,51.0,5,1,5,CECILE DR,positive_T_minus_H
15000,2017-08-29,DI,150.0,1969.0,48.0,1,1,5,FORESTWOOD DR,positive_T_minus_H
23240,2017-08-29,DI,450.0,1968.0,49.0,0,1,5,LANCASTER ST W,positive_T_minus_H
37010,2017-09-14,DI,150.0,1981.0,36.0,0,1,5,SUGAR MAPLE PL,positive_T_minus_H
5840,2017-09-14,DI,150.0,1981.0,36.0,0,1,5,CEDAR CREST ST,positive_T_minus_H
87420,2017-09-14,DI,150.0,1986.0,31.0,0,1,5,STONEHENGE PL,positive_T_minus_H
15000,2017-09-28,DI,150.0,1969.0,48.0,1,1,5,FORESTWOOD DR,positive_T_minus_H
33550,2017-10-04,CI,150.0,1959.0,58.0,8,1,5,ROSS AVE,positive_T_minus_H
80840,2017-10-04,CI,200.0,1953.0,64.0,0,1,5,VICTORIA ST N,positive_T_minus_H
26980,2017-10-16,DI,200.0,1966.0,51.0,0,1,5,MONTCALM DR,positive_T_minus_H
26980,2017-10-17,DI,200.0,1966.0,51.0,0,1,5,MONTCALM DR,positive_T_minus_H
15000,2017-10-28,DI,150.0,1969.0,48.0,1,1,5,FORESTWOOD DR,positive_T_minus_H
85814,2017-11-10,CI,150.0,1959.0,58.0,0,1,5,HOFFMAN ST,positive_T_minus_H
85814,2017-11-11,CI,150.0,1959.0,58.0,0,1,5,HOFFMAN ST,positive_T_minus_H
14390,2017-11-20,CI,150.0,1957.0,60.0,4,1,5,FIRST AVE,positive_T_minus_H
26950,2017-12-04,DI,200.0,1965.0,52.0,1,1,5,MONTCALM DR,positive_T_minus_H
25500,2017-12-05,DI,150.0,1968.0,49.0,0,1,5,MARKWOOD DR,positive_T_minus_H
85318,2017-12-06,CI,150.0,1958.0,59.0,0,1,5,SOUTHMOOR DR,positive_T_minus_H
29790,2017-12-07,CI,150.0,1967.0,50.0,6,1,5,OVERLEA DR,positive_T_minus_H
16800,2017-12-16,CI,200.0,1961.0,56.0,1,1,5,GOUDIES LANE,positive_T_minus_H
90210,2017-12-16,CI,150.0,1967.0,50.0,2,1,5,CARNABY CRES,positive_T_minus_H
4086485,2017-12-24,XXX,0.0,1975.0,42.0,0,1,5,WATER ST N,positive_T_minus_H
18660,2017-12-26,CI,150.0,1960.0,57.0,2,1,5,HICKSON DR,positive_T_minus_H
33460,2017-12-28,CI,150.0,1961.0,56.0,3,1,5,ROSEMOUNT DR,positive_T_minus_H
33460,2017-12-29,CI,150.0,1961.0,56.0,3,1,5,ROSEMOUNT DR,positive_T_minus_H
8060,2018-01-01,CI,150.0,1958.0,60.0,3,1,5,CORNELL AVE,positive_T_minus_H
22200,2018-01-04,CI,150.0,1966.0,52.0,2,1,5,KINGSTON CRES,positive_T_minus_H
33990,2018-01-09,CI,150.0,1963.0,55.0,1,1,5,SCENIC DR,positive_T_minus_H
